tree
version=v4
num_class=1
num_tree_per_iteration=1
label_index=0
max_feature_idx=21
objective=lambdarank
feature_names=cos rank_dense z_cos gap_top1 q_margin cos_prf rank_prf bm25 rank_lex bm25_norm rrf_prior out_literal_recall numeric_literal_overlap const_jaccard io_shape_compat tc_loop_expected log_doc_tokens log_q_tokens len_ratio is_truncated parse_ok dup_cluster_size
monotone_constraints=1 0 0 0 0 0 0 1 0 0 0 0 0 0 0 0 0 0 0 0 0 0
feature_infos=[0.44328910112380981:0.9246833324432373] [1:100] [-1.883088231086731:8.251765251159668] [0:0.38936668634414673] [0:0.31374979019165039] none none [3.1243960857391357:983.8350830078125] [1:30] [0.016042748466134071:1] [0.011111111380159855:0.032786883413791656] [0:1] [0:1] [0:1] [0:1] [0:1] [0.69314718246459961:9.2121391296386719] [2.0794415473937988:7.6680936813354492] [0.0017421602969989181:417.375] none [0:1] [1:2]
tree_sizes=1766 1768 1773 1774 1758 1775 1761 1774 1767 1787 1761 1781 1763 1782 1761 1774 1758 1755 1754 1797 1784 1743 1778 1767 1791 1782 1751 1772 1781 1773 1792 1787 1794 1787 1771 1791 1792 1779 1799 1784 1781 1799 1785 1789 1780 1796 1801 1787 1771 1783 1788 1776 1791 1796 1787 1780 1801 1782 1789 1801 1795 1805 1796 1804 1793 1796 1796 1793 1795 1800 1800 1798 1790 1804 1811 1800 1810 1790 1785 1802 1783 1777 1779 1802 1797 1775 1799 1782 1775 1813 1768 1817 1788 1802 1774 1792 1793 1759 1798 1792 1776 1785 1807 1774 1796 1797 1768 1812 1799 1777 1790 1811 1800 1799 1783 1761 1807 1824 1824 1787 1808 1809 1743 1823 1793 1818 1783 1769 1784 1760 1806 1779 1767 1805 1804 1791 1783 1780 1805 1794 1767 1757 1776 1779 1824 1781 1782 1785 1773 1772 1780 1785 1821 1771 1758 1779 1786 1798 1787 1764 1796 1777 1791 1789 1773 1759 1780 1762 1772 1805 1753 1772 1811 1800 1783 1792 1757 1793 1786 1777 1800 1738 1792 1755 1774 1784 1774 1784 1814 1804 1763 1795 1766 1786 1776 1770 1795 1767 1787 1811 1776 1786 1810 1786 1768 1796 1795 1779 1781 1767 1744 1783 1801 1784 1792 1769 1785 1783 1782 1758 1758 1776 1782 1769 1771 1800 1779 1757 1777 1762 1751 1783 1788 1791 1782 1781 1788 1770 1786 1780 1777 1797 1810 1778 1776 1813 1789 1766 1771 1790 1774 1785 1781 1770 1790 1760 1778 1785 1797 1797 1764 1780 1794 1761 1790 1780 1792 1769 1780 1812 1784 1801 1808 1789 1791 1781 1769 1797 1774 1775 1807 1772 1801 1786 1771 1757 1768 1777 1789 1748 1794 1765 1788 1811 1777 1743 1762 1779 1765 1779 1782 1769 1764 1782 1775 1778 1797 1805 1727 1777 1753 1784 1767 1755 1791 1759 1819 1741 1771 1817 1795 1789 1752 1807 1786 1784 1782 1771 1778 1796 1785 1770 1767 1750 1723 1787 1768 1777 1789 1785 1768 1793 1780 1794 1774 1775 1790 1770 1771 1742 1799 1805 1778 1797 1786 1743 1772 1780 1739 1781 1770 1778 1771 1785 1771 1771 1791 1805 1786 1795 1773 1771 1770 1761 1743 1764 1781 1763 1758 1784 1783 1761 1765 1802 1772 1775 1763 1762 1794 1776 1789 1798 1766 1771 1766 1798 1799 1802 1780 1782

Tree=0
num_leaves=15
num_cat=0
split_feature=3 10 2 3 4 3 2 2 0 3 10 8 2 0
split_gain=30757.9 2543.13 902.339 442.241 225.141 174.238 147.089 127.433 114.474 74.0328 71.8139 46.4025 44.4917 41.7601
threshold=0.052512705326080329 0.028270967304706577 1.9278427958488467 0.075589925050735488 inf 0.095606595277786269 3.0663039684295659 0.4544628262519837 0.68866166472435009 0.10580185055732728 0.027214052155613903 7.5000000000000009 1.3992249965667727 0.71349188685417186
decision_type=8 10 10 8 8 10 10 10 10 8 8 8 10 8
left_child=2 3 7 8 9 13 -4 -1 -2 -5 -6 -9 -13 -3
right_child=1 5 6 4 10 -7 -8 11 -10 -11 -12 12 -14 -15
leaf_value=-0.041190967801519214 -0.058646916704132183 0.044720983910541301 0.073314175943704873 -0.081342800342620383 -0.097546290745477396 -0.085725823112531851 0.097839400954333605 0.073460173266410633 -0.006375818677391995 -0.098167269982601973 -0.039144113586958879 0.0024841288798793763 0.040768375980529917 0.094664100666293799
leaf_weight=73.404129361035302 362.2464098862838 53.867687333142385 720.39246713652392 789.6464620148181 66.835903082566801 16.227426934987307 4039.2351717516431 54.775799999944866 147.34825206027017 3802.2614200995013 247.76619158504764 138.26702792785363 168.21535356831737 187.69253834104165
leaf_count=8197 32583 910 7076 65552 5919 1381 4840 233 11561 280443 14809 10662 5569 465
internal_value=-8.22021e-05 -0.0805631 0.0878297 -0.0878661 -0.0924706 0.0728726 0.0941274 0.0188689 -0.0435328 -0.0952741 -0.0515514 0.0310725 0.0234967 0.0835268
internal_weight=10868.2 5673.89 5194.29 5416.1 4906.51 257.788 4759.63 434.662 509.595 4591.91 314.602 361.258 306.482 241.56
internal_count=450200 413623 36577 410867 366723 2756 11916 24661 44144 345995 20728 16464 16231 1375
is_linear=0
shrinkage=0.05


Tree=1
num_leaves=15
num_cat=0
split_feature=3 10 2 3 4 10 8 3 2 3 16 15 3 7
split_gain=33206.9 2748.37 1843.01 1660.78 621.295 306.863 294.437 280.83 227.865 136.159 132.484 137.074 131.81 99.0475
threshold=0.040469348430633552 0.027214052155613903 3.478630900382996 0.071626543998718276 inf 0.03201024420559407 29.500000000000004 0.10580185055732728 2.6247798204422002 0.10333120822906496 2.7403194904327397 1.0000000180025095e-35 0.012984067201614382 106.91441345214845
decision_type=8 10 10 8 8 10 8 8 10 10 8 10 10 8
left_child=2 3 6 10 7 9 -1 -5 -8 -3 -2 -12 -4 -6
right_child=1 5 12 4 13 -7 8 -9 -10 -11 11 -13 -14 -15
leaf_value=0.067231125646381618 0.020343383505547361 0.020314681610051299 0.087504006434439036 -0.064203528628075809 -0.092453105520574425 0.084113654501476717 0.013646334340187007 -0.089207069726792154 0.04681067914512798 -0.091506231411555533 -0.037781898863430315 -0.0017526976716043593 0.037279739146907492 -0.026280949601659706
leaf_weight=613.31979953870177 172.68553457327653 312.47702571976697 5810.0247693532147 1402.5879437252297 62.6919902311638 242.22934796335176 1206.6255491163465 5633.6745231533423 907.44781244173646 29.821360944537446 838.55459573905682 385.28154513606569 133.64071198354941 577.21468923869543
leaf_count=1196 3909 2203 3351 73998 5735 234 14286 279403 2497 1837 34130 11861 239 14831
internal_value=-0.000265719 -0.0640382 0.0707596 -0.0708086 -0.0799332 0.0410482 0.0367305 -0.0842229 0.0278818 0.0105727 -0.0206545 -0.0264394 0.0863747 -0.0327639
internal_weight=18328.3 9657.22 8671.06 9072.69 7676.17 584.528 2727.39 7036.26 2114.07 342.298 1396.52 1223.84 5943.67 639.907
internal_count=449710 428141 21569 423867 373967 4274 17979 353401 16783 4040 49900 45991 3590 20566
is_linear=0
shrinkage=0.05


Tree=2
num_leaves=15
num_cat=0
split_feature=2 10 2 0 15 2 2 10 2 10 1 0 2 16
split_gain=28179.2 2472.54 1296.77 797.157 229.858 182.507 169.052 120.417 113.907 90.1188 68.221 58.6175 57.8037 54.9417
threshold=1.59589558839798 0.028198256157338623 3.478630900382996 0.68952423334121715 1.0000000180025095e-35 0.6726386845111848 2.0991011857986455 0.030787452124059204 0.072564069181680693 0.03150583058595658 1.5000000000000002 0.62693458795547496 2.8114801645278935 3.1984648704528813
decision_type=10 10 10 10 10 10 10 10 10 10 10 10 10 8
left_child=1 3 6 4 5 -1 11 -3 -5 12 -4 -2 13 -8
right_child=2 7 10 8 -6 -7 9 -9 -10 -11 -12 -13 -14 -15
leaf_value=-0.076815965880423664 -0.063515308902432316 0.023124124628853139 0.081942948022432516 -0.046875409714837488 -0.046875409714837488 -0.048226745563919197 0.050726489368373977 0.082622990005192354 -0.012428505888385937 0.070745500421468099 0.058905092739723622 0.018490875082764754 0.05024436199528496 0.022952367999750339
leaf_weight=6373.7974440570688 22.577047938015312 126.49738914635964 5296.7784547300544 214.25616798223928 777.97245620947797 611.81481027184054 256.3145045498386 259.4538272790378 709.84430682519451 291.84460252849385 342.10173466266133 625.76939930929802 795.04980881325901 583.19480955123436
leaf_count=331385 725 1617 3148 13812 39386 22472 1268 377 19490 505 575 8152 2342 4676
internal_value=2.49545e-05 -0.0607113 0.0671205 -0.0662126 -0.0714379 -0.0743121 0.0377194 0.0631219 -0.0223129 0.0451521 0.0805453 0.0156352 0.0405824 0.0314322
internal_weight=17287.3 9073.64 8213.63 8687.69 7763.58 6985.61 2574.75 385.951 924.1 1926.4 5638.88 648.346 1634.56 839.509
internal_count=449930 428539 21391 426545 393243 353857 17668 1994 33302 8791 3723 8877 8286 5944
is_linear=0
shrinkage=0.05


Tree=3
num_leaves=15
num_cat=0
split_feature=3 10 2 3 4 2 10 3 3 2 2 15 3 10
split_gain=24697.1 1957.97 1533.13 784.589 506.792 201.45 187.206 148.955 129.833 121.84 120.433 65.9552 64.6688 63.7582
threshold=0.048194736242294318 0.029892162419855598 2.8114801645278935 0.075589925050735488 inf 3.478630900382996 0.027241272851824764 0.072774559259414687 0.10580185055732728 1.7182999253273012 1.3590692877769472 1.0000000180025095e-35 0.06253755092620851 0.027214052155613903
decision_type=8 10 10 8 8 10 10 10 8 10 10 10 10 8
left_child=2 3 6 10 8 -4 9 -3 11 -1 12 -5 -2 -6
right_child=1 7 5 4 13 -7 -8 -9 -10 -11 -12 -13 -14 -15
leaf_value=-0.0038081131088556399 -0.020590363706710385 0.069629874452889748 0.051793713037654669 -0.066211641092506088 -0.077209911169819373 0.077243499130325688 0.05784195138531071 -0.037258155482189671 -0.078421925071772425 0.025467474830920031 0.0054467912348607813 -0.037331895828029461 -0.047610133413686549 -0.022664691228813327
leaf_weight=583.0441377540119 432.58022724615876 302.03030850924551 906.54682023148052 918.57236244238447 59.188926176866516 5465.2744896239601 291.51648125005886 36.536835555452853 5217.7616283055395 910.25457248627208 240.89681671943981 251.91628587816376 453.71501358703244 564.86423747922527
leaf_count=16529 20622 529 2170 51876 5909 3667 866 983 280915 7040 4473 14133 25332 14864
internal_value=3.7422e-05 -0.0597202 0.0621499 -0.0646208 -0.0708446 0.0736226 0.0211918 0.0580949 -0.0750458 0.0140371 -0.0259018 -0.0599961 -0.0344224 -0.0278381
internal_weight=16634.7 8478.06 8156.64 8139.5 7012.3 6371.82 1784.82 338.567 6388.25 1493.3 1127.19 1170.49 886.295 624.053
internal_count=449908 419636 30272 418124 367697 5837 24435 1512 346924 23569 50427 66009 45954 20773
is_linear=0
shrinkage=0.05


Tree=4
num_leaves=15
num_cat=0
split_feature=3 10 2 3 4 2 3 3 4 10 10 18 18 1
split_gain=21439.7 1668.18 1410.09 572.571 429.05 201.508 185.247 149.976 118.319 104.906 94.4662 76.0188 71.6765 61.489
threshold=0.049054056406021125 0.028316782787442211 3.0663039684295659 0.067535698413848891 inf 1.59589558839798 0.061192810535430915 0.10580185055732728 0.013444721698760988 0.025236372835934166 0.03150583058595658 0.2435007840394974 0.26671525835990911 1.5000000000000002
decision_type=8 10 10 8 8 10 10 8 10 10 10 8 10 10
left_child=2 3 5 11 7 9 -3 -5 -4 -1 -7 -2 -6 -10
right_child=1 6 8 4 12 10 -8 -9 13 -11 -12 -13 -14 -15
leaf_value=-0.010704774872996736 -0.0045470924593928761 0.066049671604960988 0.053474612151891393 -0.055894029165692305 -0.011542797734932702 0.028130796176325319 -0.016815121354771308 -0.07436488042654732 0.074657150462127286 0.053267140858218633 0.067508772152483965 -0.037489121481512198 -0.045965304380077669 0.045193978468983716
leaf_weight=492.42015831591561 389.36687566537876 282.51527733867988 857.663091073744 1405.060986914672 345.40836752508767 1401.6836482952349 88.59605519589968 5044.757018096745 4819.451322701294 73.673884199699387 170.8696557553485 318.29113999474794 269.00435242953245 183.83856047620066
leaf_count=16236 14882 590 1338 82835 9686 9720 2185 280421 2926 401 208 17068 10930 554
internal_value=-0.000184285 -0.0572973 0.0579525 -0.0622425 -0.0665379 0.023201 0.0462672 -0.0703411 0.0706332 -0.0023792 0.0324095 -0.0193638 -0.0266138 0.0735746
internal_weight=16142.6 8143 7999.6 7771.89 7064.23 2138.65 371.111 6449.82 5860.95 566.094 1572.55 707.658 614.413 5003.29
internal_count=449980 418597 31383 415822 383872 26565 2775 363256 4818 16637 9928 31950 20616 3480
is_linear=0
shrinkage=0.05


Tree=5
num_leaves=15
num_cat=0
split_feature=3 10 3 3 4 3 4 0 9 3 0 10 0 16
split_gain=19162.7 1614.3 1086.71 514.956 331.307 208.499 204.733 156.876 91.2135 80.8321 80.6953 80.2839 76.469 55.0573
threshold=0.049054056406021125 0.027886155992746357 1.0000000180025095e-35 0.075589925050735488 inf 0.026645988225936893 0.013229221105575563 0.69137862324714672 0.29782792925834661 0.10580185055732728 0.69043466448783886 0.029794783331453804 0.68774256110191356 3.0677825212478642
decision_type=8 10 10 8 8 10 10 8 10 8 10 10 10 8
left_child=2 3 6 12 9 11 -1 -3 10 -5 13 -4 -2 -7
right_child=1 7 5 4 -6 8 -8 -9 -10 -11 -12 -13 -14 -15
leaf_value=0.042910365100859965 -0.036992066126141171 -0.012763540365963664 0.033165184070440681 -0.056227382409328452 -0.02812985334062805 -0.00025198800171868929 0.071251915241375738 0.060611917485833014 0.040257002245007667 -0.071372286286209008 0.015760680165887119 0.061295723128774265 -0.0078765186320494413 -0.030722467720577462
leaf_weight=735.78520841617137 596.51945436268579 95.859516997588798 1101.1272424203344 1074.3411358785816 551.1000545223942 94.345829965663143 4756.1876084026881 303.39545041212114 199.64382083900273 4896.4135384379188 476.13843213103246 329.54503613617271 362.5941957650939 240.80864299298264
leaf_count=1319 35513 2380 7032 65458 20625 1767 3002 857 1002 280306 7619 459 13459 9295
internal_value=0.000261459 -0.0549648 0.0551162 -0.0601928 -0.0652235 0.0273627 0.0674549 0.0429948 0.009981 -0.0686472 0.00253064 0.0396449 -0.0259849 -0.0162647
internal_weight=15813.8 7880.22 7933.58 7480.97 6521.85 2441.61 5491.97 399.255 1010.94 5970.75 811.293 1430.67 959.114 335.154
internal_count=450093 418598 31495 415361 366389 27174 4321 3237 19683 345764 18681 7491 48972 11062
is_linear=0
shrinkage=0.05


Tree=6
num_leaves=15
num_cat=0
split_feature=3 10 3 2 4 3 10 3 2 4 16 2 11 11
split_gain=17431.9 1566.3 833.546 687.683 204.93 152.898 135.554 124.811 107.408 78.7755 74.3941 64.2538 51.3814 42.1112
threshold=0.037637472152709968 0.02762116584926844 0.064447343349456801 3.478630900382996 inf 0.075589925050735488 0.027214052155613903 0.10580185055732728 2.3373203277587895 0.012717723846435549 2.7403194904327397 0.71455958485603344 0.75000000000000011 0.75000000000000011
decision_type=8 10 8 10 8 10 10 8 10 10 8 10 8 8
left_child=3 2 10 6 7 11 8 -4 -1 -5 -2 -3 -6 -12
right_child=1 5 4 9 12 -7 -8 -9 -10 -11 13 -13 -14 -15
leaf_value=0.010590302222237183 0.02277823325628052 0.065081582263630408 -0.05164326049637874 0.047254436104045131 -0.047075673734326084 -0.031094488541384621 0.055593625635895018 -0.068512791407677479 0.036412430184067195 0.068293757313580103 -0.031291821207585335 0.02313907834122951 -0.01580557943040262 -0.008091561749981057
leaf_weight=687.71180183347315 133.1056845348794 257.88119182735682 1425.0977633544244 492.53628161270171 274.77758010535035 67.578623302746564 492.0327810132876 4754.3056687697535 971.73312195925973 4600.6316422410309 330.39087637537159 141.3695337807294 251.70325287914602 479.39599141525105
leaf_count=10777 2897 475 88668 580 11573 2366 929 280062 3803 3013 15388 1012 9105 19258
internal_value=-0.000129201 -0.0504551 -0.0558817 0.0562469 -0.062071 0.0384576 0.0325451 -0.0646223 0.0257112 0.0662591 -0.0118632 0.0502303 -0.0321259 -0.0175572
internal_weight=15360.3 8115.61 7648.78 7244.65 6705.88 466.829 2151.48 6179.4 1659.44 5093.17 942.893 399.251 526.481 809.787
internal_count=449906 430804 426951 19102 389408 3853 15509 368730 14580 3593 37543 1487 20678 34646
is_linear=0
shrinkage=0.05


Tree=7
num_leaves=15
num_cat=0
split_feature=2 10 2 4 2 4 4 4 10 4 2 2 18 7
split_gain=15482.1 1334.01 790.88 411.333 280.7 188.333 174.48 125.967 92.6369 78.1113 61.7304 57.9593 48.3699 48.1659
threshold=1.59589558839798 0.027214052155613903 3.478630900382996 0.020633727312088016 0.072564069181680693 0.047778099775314338 0.020633727312088016 0.01957112550735474 0.03150583058595658 0.012717723846435549 2.6247798204422002 1.2789837718009951 0.26926530897617346 106.91441345214845
decision_type=10 10 10 10 10 10 8 10 10 10 10 10 10 8
left_child=1 3 5 4 6 8 -1 -3 10 -4 12 -5 -2 -8
right_child=2 7 9 11 -6 -7 13 -9 -10 -11 -12 -13 -14 -15
leaf_value=-0.05864678328517068 0.026723958160538276 0.05440794854052361 0.044814365302812298 -0.064145854200936936 -0.015838198454658826 -0.034009347420639817 -0.071556199033699516 -0.02672961350969727 0.057986519259876815 0.065638182074659365 0.036829129851497465 -0.027828839816445877 0.0034013312970799106 -0.020428075408207281
leaf_weight=1438.245840300573 626.19010619050823 322.73232629642007 500.28429797152057 4395.598601946258 897.2253313458059 116.92711037141271 50.8767486611614 56.15971756412182 279.61897181952372 4510.222437360324 861.8717214257922 112.67705621791538 344.67932754853973 486.9305981581565
leaf_count=128972 5559 1099 574 236752 34989 4273 5776 1930 370 3145 2967 4245 4458 14891
internal_value=-5.56442e-05 -0.0491188 0.0525359 -0.0538154 -0.0390309 0.0277605 -0.0495615 0.0423817 0.0311797 0.063559 0.0270898 -0.0632382 0.0184439 -0.0252648
internal_weight=15000.2 7760.45 7239.79 7381.55 2873.28 2229.29 1976.05 378.892 2112.36 5010.51 1832.74 4508.28 970.869 537.807
internal_count=450000 428654 21346 425625 184628 17627 149639 3029 13354 3719 12984 240997 10017 20667
is_linear=0
shrinkage=0.05


Tree=8
num_leaves=15
num_cat=0
split_feature=3 10 2 3 4 2 3 3 4 10 18 7 15 10
split_gain=14284.7 1248.2 713.888 577.006 246.045 139.372 103.917 95.9461 74.3195 56.607 52.0557 48.5659 48.2701 47.3255
threshold=0.040469348430633552 0.028971920721232895 3.478630900382996 0.064447343349456801 inf 2.0991011857986455 0.10580185055732728 0.093271404504776015 0.012717723846435549 0.032262260094285018 0.29524835944175726 41.358373641967781 1.0000000180025095e-35 0.027364549227058891
decision_type=8 10 10 8 8 10 8 10 10 10 10 10 10 10
left_child=2 3 5 10 6 11 12 9 -4 -3 -2 -1 -5 -7
right_child=1 7 8 4 -6 13 -8 -9 -10 -11 -12 -13 -14 -15
leaf_value=0.0039028679473901563 -0.0044346964022319666 0.027622112866008647 0.043126117551489783 -0.053396507287981877 -0.025194064191221607 0.030136435276179374 -0.064154786074662559 -0.06027808741427975 0.06373296720577791 0.067492131494040306 -0.031452957823761042 0.055801606967902088 -0.030677430573856291 0.05021599399286647
leaf_weight=602.00057637062855 561.1314363903366 183.29774712675135 485.82599275093526 1050.4882998674875 539.06351839384297 1098.607883975259 4491.9648847542703 22.142736906418577 4402.467415481573 173.09833392500877 261.29071579501033 48.725846673827618 300.72471926407889 400.39228484313935
leaf_count=11964 21653 1180 560 69398 20715 5215 280703 1088 3043 137 13746 147 19712 716
internal_value=-0.000175018 -0.0477866 0.0511247 -0.0524364 -0.0575159 0.0271117 -0.0604977 0.0407121 0.0616849 0.0469866 -0.0130186 0.007789 -0.0483402 0.0354998
internal_weight=14621.2 7583.2 7038.02 7204.66 6382.24 2149.73 5843.18 378.539 4888.29 356.396 822.422 650.726 1351.21 1499
internal_count=449977 428332 21645 425927 390528 18042 369813 2405 3603 1317 35399 12111 89110 5931
is_linear=0
shrinkage=0.05


Tree=9
num_leaves=15
num_cat=0
split_feature=1 10 1 4 1 4 4 4 10 16 0 0 9 18
split_gain=12594.1 1211.81 644.902 425.574 254.388 189.672 187.187 150.165 82.8746 69.9841 62.7092 62.5175 49.9672 45.7847
threshold=5.5000000000000009 0.028198256157338623 1.5000000000000002 0.020633727312088016 25.500000000000004 0.054132074117660529 0.013444721698760988 0.020633727312088016 0.030787452124059204 2.8029010295867924 0.70719042420387279 0.70460382103919994 0.93430429697036754 0.3523381799459458
decision_type=8 10 10 10 8 10 10 8 10 8 10 10 10 10
left_child=2 3 6 4 11 9 -1 -6 -3 -4 -5 13 -11 -2
right_child=1 8 5 10 7 -7 -8 -9 -10 12 -12 -13 -14 -15
leaf_value=0.034561353061201464 -0.013920561630629267 0.011759497406051866 0.048970153064470778 -0.060343369034471572 -0.053942897709874829 -0.034465435549253409 0.062364059866574562 -0.022718184046864352 0.061966999829628201 0.020142918529052884 -0.025449034147504292 0.004088938890882546 0.051192819612151143 -0.043398678815366243
leaf_weight=704.62596916500479 443.73131189122796 126.07029193578637 330.52697702904698 4131.9764780568657 1343.106781069655 129.46162940119393 4298.9410232498776 539.79282030434115 236.14455596386688 1245.4377321236534 132.89534657052718 333.64785301382653 144.61532803438604 187.33312877232675
leaf_count=1329 16400 1715 1255 235463 131064 5697 2979 20676 329 9970 4962 8357 224 9741
internal_value=0.000167891 -0.0447189 0.0491225 -0.0492622 -0.0342943 0.0238989 0.0584488 -0.0449913 0.0444921 0.0282904 -0.059256 -0.0134162 0.0233732 -0.0226712
internal_weight=14328.3 7474.7 6853.61 7112.48 2847.61 1850.04 5003.57 1882.9 362.215 1720.58 4264.87 964.712 1390.05 631.064
internal_count=450161 428707 21454 426663 186238 17146 4308 151740 2044 11449 240425 34498 10194 26141
is_linear=0
shrinkage=0.05


Tree=10
num_leaves=15
num_cat=0
split_feature=3 10 3 1 4 3 4 1 0 3 8 16 9 16
split_gain=12045.2 1097.56 574.356 529.955 190.954 151.972 135.815 78.2414 76.7734 67.4558 59.4233 56.102 46.0875 43.4092
threshold=0.037637472152709968 0.027214052155613903 0.071626543998718276 1.5000000000000002 inf 0.060571700334548957 0.01366052031517029 6.5000000000000009 0.70460382103919994 0.10580185055732728 7.5000000000000009 2.9174053668975835 0.55028799176216137 3.1984648704528813
decision_type=8 10 8 10 8 10 10 10 10 8 8 8 10 8
left_child=3 2 8 6 9 -3 12 13 11 -4 -9 -2 -1 -5
right_child=1 5 4 7 -6 -7 -8 10 -10 -11 -12 -13 -14 -15
leaf_value=0.027542020183914336 -0.01094449843947537 0.046600666658668591 -0.046961967983775679 0.042791983841191567 -0.026416948364032484 -0.022520474435686531 0.060920255724875583 0.058967425699916379 0.0031906136350633926 -0.061089177330211103 -0.0076361038072593548 -0.033006885341873141 0.055336488395347209 0.024372175170202095
leaf_weight=451.27024558093399 148.49471074668691 353.06970473282854 1057.8347942356486 466.33436245238408 517.59491762099788 102.63772931101266 4164.8158793533221 38.803200289607048 355.38494492159225 4199.3308629392413 244.53000775142573 592.17970635270467 222.76944007305428 1018.2812240977073
leaf_count=1132 4946 1170 73832 1647 20640 3214 2967 89 9800 279751 6700 37588 204 6397
internal_value=3.49338e-05 -0.0441116 -0.0490956 0.0489907 -0.0553936 0.0310327 0.0575503 0.0255629 -0.0159133 -0.0582465 0.00148542 -0.0250796 0.0367281 0.030158
internal_weight=13933.3 7326.53 6870.82 6606.8 5774.76 455.707 4838.86 1767.95 1096.06 5257.17 283.333 740.674 674.04 1484.62
internal_count=450077 430941 426557 19136 374223 4384 4303 14833 52334 353583 6789 42534 1336 8044
is_linear=0
shrinkage=0.05


Tree=11
num_leaves=15
num_cat=0
split_feature=2 10 2 4 2 4 4 4 10 4 2 15 1 7
split_gain=11080.8 1091.79 644.361 265.458 215.217 123.689 122.37 104.592 79.61 62.9987 49.4475 33.8554 33.8287 32.1373
threshold=1.59589558839798 0.027214052155613903 3.478630900382996 0.028237640857696537 0.22421649843454364 0.047778099775314338 0.027777701616287235 0.01957112550735474 0.03150583058595658 0.013894289731979372 2.8114801645278935 1.0000000180025095e-35 1.5000000000000002 106.91441345214845
decision_type=10 10 10 10 10 10 8 10 10 10 10 10 10 8
left_child=1 3 5 4 6 8 11 -3 10 -4 -2 -1 -11 -8
right_child=2 7 9 -5 -6 -7 13 -9 -10 12 -12 -13 -14 -15
leaf_value=-0.056461621499295012 0.016344786381587224 0.050138880901487909 0.040342219107797783 -0.057926164412211878 -0.016698078904402867 -0.027368183960565912 -0.063193828838559105 -0.026402041521661285 0.052617595446505842 0.059866080350743013 0.033544652513230099 -0.036773909789187112 0.029909457467329082 -0.021517587282672831
leaf_weight=1330.9805636997335 1108.5868784042541 319.05296677714796 501.39267911971547 3577.6916251180228 864.03778408141807 112.08406879706308 51.18279133294709 51.891820149612613 256.62042559217662 3905.1995745175518 670.65534473932348 261.21832682669628 96.57131170318462 480.58344005735125
leaf_count=129983 10994 1098 636 212466 33922 4253 6193 1886 369 2777 2092 27472 337 15742
internal_value=0.000190084 -0.0440233 0.0463015 -0.0487383 -0.0377371 0.0237677 -0.0462959 0.0394315 0.026583 0.0570498 0.022828 -0.0532316 0.0591432 -0.0255289
internal_weight=13587.7 6936.64 6651.11 6565.69 2988 2147.95 2123.97 370.945 2035.86 4503.16 1779.24 1592.2 4001.77 531.766
internal_count=450220 428762 21458 425778 213312 17708 179390 2984 13455 3750 13086 157455 3114 21935
is_linear=0
shrinkage=0.05


Tree=12
num_leaves=15
num_cat=0
split_feature=3 10 3 2 4 10 10 3 2 4 0 3 16 16
split_gain=10276.1 935.819 558.648 460.986 201.619 126.616 100.853 78.7696 69.4039 63.6562 63.5131 54.3927 46.8718 38.7848
threshold=0.034436732530593879 0.027214052155613903 0.067535698413848891 3.478630900382996 inf 0.03201024420559407 0.02791679743677378 0.10580185055732728 2.8114801645278935 0.012487083673477175 0.69338318705558788 0.10333120822906496 3.3842465877532963 3.1984648704528813
decision_type=8 10 8 10 8 10 10 8 10 10 10 10 8 8
left_child=3 2 10 6 7 11 8 -4 13 -5 12 -3 -2 -1
right_child=1 5 4 9 -6 -7 -8 -9 -10 -11 -12 -13 -14 -15
leaf_value=0.02835826742424313 -0.010924332055029221 0.013329870485146812 -0.043714176208229712 0.038575339481381303 -0.022639103710923578 0.057620577078313487 0.047648735865632841 -0.058816886150358662 0.033446735181608976 0.05822905820932768 0.0015528014339320927 -0.055165815713005675 -0.034750563800885523 0.0042280107461126351
leaf_weight=227.99695697124116 209.85028669331223 235.51046838887851 1110.2339372809511 460.83999367337674 516.35675929218996 197.74052018066868 421.78997495118529 3882.5559438576456 558.48402944125701 3887.0272365403362 459.07605437928578 33.051300017628819 363.70147295214701 617.622808201937
leaf_count=1963 8483 2384 82349 574 20532 262 776 279623 1661 3020 13076 1812 24570 8671
internal_value=0.000256968 -0.0411785 -0.0460566 0.0472919 -0.0523825 0.0272569 0.0262086 -0.0554585 0.019768 0.0561459 -0.0123075 0.00490026 -0.0234015 0.010734
internal_weight=13181.8 7008.08 6541.77 6173.76 5509.15 466.302 1825.89 4992.79 1404.1 4347.87 1032.63 268.562 573.552 845.62
internal_count=449756 433091 428633 16665 382504 4458 13071 361972 12295 3594 46129 4196 33053 10634
is_linear=0
shrinkage=0.05


Tree=13
num_leaves=15
num_cat=0
split_feature=2 10 2 4 2 4 4 4 4 8 2 0 7 10
split_gain=9304.67 869.787 622.83 247.578 138.249 130.546 89.5911 88.8118 62.9821 56.3963 49.1693 40.2733 32.6086 32.0578
threshold=1.59589558839798 0.027214052155613903 3.478630900382996 0.020633727312088016 0.041197286918759353 0.020633727312088016 0.047778099775314338 0.01957112550735474 0.009162485599517824 2.5000000000000004 2.8114801645278935 0.70460382103919994 106.91441345214845 0.031766043975949294
decision_type=10 10 10 10 10 8 10 10 10 8 10 10 8 10
left_child=1 3 6 4 5 -1 9 13 -4 -2 -11 -6 -7 -3
right_child=2 7 8 -5 11 12 -8 -9 -10 10 -12 -13 -14 -15
leaf_value=-0.052355776436318793 0.049375556243251885 0.027151637857242145 0.033843822090543943 -0.054720295221486054 -0.025324640171768237 -0.06341774923867749 -0.022070778321403625 -0.026076058265261999 0.056521744177791503 0.014277983270199785 0.031406798981441254 -0.0018300831491246993 -0.018001320350502666 0.060499987508302072
leaf_weight=1102.3438412221149 191.84386580460705 128.6852529420139 333.03635827824473 3697.7886955861468 542.23122959467582 43.152921084198169 113.46539344917983 50.336299017770216 3794.0004382084589 1094.1077227843343 678.96072682063095 274.85706146655139 469.80298009229591 163.78866702871164
leaf_count=127169 286 968 425 241557 27792 5765 4247 1932 3263 11040 2099 8452 14816 109
internal_value=-0.000297163 -0.0422365 0.0434505 -0.0465707 -0.0341815 -0.0426595 0.0211289 0.0352692 0.0546917 0.0236235 0.0208371 -0.0174214 -0.021822 0.0458271
internal_weight=12678.4 6472.99 6205.41 6130.18 2432.39 1615.3 2078.38 342.81 4127.04 1964.91 1773.07 817.088 512.956 292.474
internal_count=449920 428560 21360 425551 183994 147750 17672 3009 3688 13425 13139 36244 20581 1077
is_linear=0
shrinkage=0.05


Tree=14
num_leaves=15
num_cat=0
split_feature=3 10 3 2 4 1 10 4 2 2 3 3 11 9
split_gain=8641.56 888.531 457.723 429.614 203.946 112.904 81.3936 72.9781 63.7512 60.4984 48.3209 41.1164 36.1086 31.6594
threshold=0.034436732530593879 0.027214052155613903 0.075589925050735488 3.478630900382996 inf 31.500000000000004 0.02791679743677378 0.013894289731979372 1.2789837718009951 2.3373203277587895 0.10333120822906496 0.10580185055732728 0.75000000000000011 0.99991354346275341
decision_type=8 10 8 10 8 8 10 10 10 10 10 8 8 10
left_child=3 2 8 6 11 10 9 13 12 -1 -3 -4 -2 -5
right_child=1 5 4 7 -6 -7 -8 -9 -10 -11 -12 -13 -14 -15
leaf_value=0.0049694037362211941 -0.037880555125269395 0.012383582551591926 -0.044553594821239738 0.029306296277133704 -0.021228544418040025 0.05291812203644293 0.044315427578099024 0.056305483779694798 -0.0010196693316161464 0.026550445856174415 -0.053101836585495978 -0.056953328710119294 -0.016143968060059511 0.061516913244615827
leaf_weight=511.33393231593072 326.08192069840152 216.14509666082449 823.39979584596585 390.04604649124667 510.56896389188478 221.8854766873701 397.27277416130528 3495.4578737688717 419.83086298411945 889.92049866099842 32.391435668570921 3554.7848846680718 461.41011956939474 94.833555314689875
leaf_count=8594 23869 2224 65291 568 20504 391 761 2927 8475 3740 1863 279295 30899 74
internal_value=2.75796e-05 -0.039216 -0.0443253 0.0446199 -0.0511339 0.0269936 0.0243389 0.0537839 -0.0167555 0.0186753 0.00384895 -0.0546213 -0.0251446 0.0356061
internal_weight=12345.4 6566.5 6096.08 5778.86 4888.75 470.422 1798.53 3980.34 1207.32 1401.25 248.537 4378.18 787.492 484.88
internal_count=449475 432811 428333 16664 365090 4478 13095 3569 63243 12334 4087 344586 54768 642
is_linear=0
shrinkage=0.05


Tree=15
num_leaves=15
num_cat=0
split_feature=3 10 3 2 4 1 10 3 4 0 2 3 18 15
split_gain=7956.97 766.045 478.747 463.016 179.796 101.148 97.8755 86.8683 66.1023 51.9694 49.3124 43.1661 35.0251 31.3261
threshold=0.034436732530593879 0.027214052155613903 0.064447343349456801 3.478630900382996 inf 31.500000000000004 0.027364549227058891 0.092726051807403578 0.013894289731979372 0.70460382103919994 1.9278427958488467 0.10333120822906496 0.26671525835990911 1.0000000180025095e-35
decision_type=8 10 8 10 8 8 10 8 10 10 10 10 10 10
left_child=3 2 9 6 7 11 10 13 -5 -2 -1 12 -3 -4
right_child=1 5 4 8 -6 -7 -8 -9 -10 -11 -12 -13 -14 -15
leaf_value=-0.003960197017963402 -0.019072176625462428 0.027192081564576216 -0.042530757937914124 0.035251729166751414 -0.020763768302407729 0.050901640090753368 0.043011301544104139 -0.055345980370241354 0.055568586873106521 0.0055467509103997092 0.020220094823746881 -0.051729177798688346 -0.014662265935582813 -0.018752518416109254
leaf_weight=263.53513370326255 554.66941108461469 130.88497558236122 558.48355814476963 453.86350443959236 503.79205291083781 203.36237620687461 423.67806701967493 3760.8888320433907 3395.7270103925839 349.39246333413757 1054.6836054583546 31.266594809480011 80.868338961387053 184.19483487727121
leaf_count=6361 31406 1033 47055 629 20649 388 839 307256 2953 8576 5812 1873 1202 14199
internal_value=-1.26016e-05 -0.0382759 -0.0430452 0.0434947 -0.0490913 0.0248832 0.0221053 -0.0522601 0.0531732 -0.00955771 0.015386 0.00311055 0.011208 -0.0366334
internal_weight=11949.3 6357.8 5911.42 5591.49 5007.36 446.382 1741.9 4503.57 3849.59 904.062 1318.22 243.02 211.753 742.678
internal_count=450231 433637 429141 16594 389159 4496 13012 368510 3582 39982 12173 4108 2235 61254
is_linear=0
shrinkage=0.05


Tree=16
num_leaves=15
num_cat=0
split_feature=3 10 2 3 4 7 3 4 2 0 3 3 16 0
split_gain=7292.68 787.421 534.398 325.916 188.204 85.0067 84.6961 67.6291 58.1695 48.1674 45.3269 45.2904 36.7316 71.5327
threshold=0.040469348430633552 0.027711594477295879 3.478630900382996 0.075589925050735488 inf 22.89106369018555 0.060571700334548957 0.013894289731979372 2.8114801645278935 0.64053869247436535 0.10580185055732728 0.012984067201614382 3.0677825212478642 0.69440013170242321
decision_type=8 10 10 8 8 10 10 10 10 10 8 10 8 10
left_child=2 3 5 9 10 8 -3 -4 12 -2 -5 -9 -1 -14
right_child=1 6 7 4 -6 -7 -8 11 -10 -11 -12 -13 13 -15
leaf_value=0.025133282394683844 -0.037999116533817906 0.041790494864477043 0.034058315298895921 -0.041915219242239669 -0.020276495516842102 0.041275973927836135 -0.01224256363936083 0.055433668992891032 0.0274487822858 -0.011874211734207859 -0.055393799219230683 0.015454863330982111 -0.020911656354644217 0.01209807862252721
leaf_weight=226.83398786839098 227.89493838977069 306.95299879580853 460.21514777676202 772.19382961338852 500.11002889927477 367.52778436569497 94.961145717534237 3170.4274748212192 563.59160891640931 781.34799440851202 3244.5952727828408 72.460445525124669 233.46329271560535 552.54998021246865
leaf_count=2308 18365 958 637 65493 20575 871 2725 2759 1828 40173 280159 228 6561 6394
internal_value=0.000187992 -0.0385472 0.0408506 -0.0434617 -0.0492014 0.0196216 0.029024 0.0519949 0.0145731 -0.0177734 -0.0528027 0.0545404 0.00740859 0.00229346
internal_weight=11575.1 5928.06 5647.07 5526.14 4516.9 1943.97 401.914 3703.1 1576.44 1009.24 4016.79 3242.89 1012.85 786.013
internal_count=450034 428448 21586 424765 366227 17962 3683 3624 17091 58538 345652 2987 15263 12955
is_linear=0
shrinkage=0.05


Tree=17
num_leaves=15
num_cat=0
split_feature=3 2 3 9 3 4 1 4 9 4 9 18 0 18
split_gain=6754.4 428.472 426.766 314.258 229.466 190.015 101.772 71.9068 68.4081 58.5314 58.1779 54.4504 49.8252 35.1446
threshold=0.034436732530593879 3.478630900382996 0.092177301645278945 0.94734570384025585 0.063809365034103407 inf 53.500000000000007 0.013894289731979372 0.42097659409046179 inf 0.67945772409439098 0.28365816175937658 0.58674424886703502 0.40518361330032354
decision_type=8 10 10 10 8 8 8 10 10 8 10 8 10 10
left_child=1 8 3 4 11 6 -6 -3 13 12 -7 -2 -5 -1
right_child=2 7 -4 9 5 10 -8 -9 -10 -11 -12 -13 -14 -15
leaf_value=0.019490305288490113 0.00084100652118844943 0.032592832375230141 -0.052828563620990587 -0.04997083991870694 -0.030113171734738556 -0.018160811257503014 -0.055203696088554965 0.054092659016102877 0.039395365569696618 0.057025884983022607 0.034442599400423199 -0.023714675885016624 0.032347310727229052 -0.00096119290513260551
leaf_weight=1067.8399668962229 586.73725167836528 445.6688053898979 2434.9426818682114 29.302761476952583 638.89455393655226 514.55143822720856 1099.9930662133265 3053.2073542084545 385.25954323750921 121.60150257052737 58.541927331389161 366.93966568354517 49.324399739969522 261.50454121478833
leaf_count=9040 20910 630 199832 3372 46641 19441 122632 2924 863 283 1230 18646 311 3077
internal_value=-0.000148287 0.0413199 -0.0367861 -0.0255155 -0.0292436 -0.037756 -0.045985 0.0513541 0.0208437 0.035288 -0.0127873 -0.00860711 0.00166899 0.0154671
internal_weight=11114.3 5213.48 5900.83 3465.89 3265.66 2311.98 1738.89 3498.88 1714.6 200.229 573.093 953.677 78.6272 1329.34
internal_count=449832 16534 433298 233466 229500 189944 169273 3554 12980 3966 20671 39556 3683 12117
is_linear=0
shrinkage=0.05


Tree=18
num_leaves=15
num_cat=0
split_feature=3 2 4 3 7 4 7 7 0 2 3 1 18 16
split_gain=6148.84 446.448 436.552 605.739 152.198 70.7276 70.0944 62.9642 51.549 46.4279 45.452 40.925 28.5087 28.0648
threshold=0.034436732530593879 3.478630900382996 inf 0.075589925050735488 17.086790084838871 0.013894289731979372 6.361748695373536 20.765001296997074 0.70089271664619457 2.6247798204422002 0.10580185055732728 1.5000000000000002 0.69702500104904186 2.7403194904327397
decision_type=8 10 8 8 10 10 10 10 10 10 8 10 10 8
left_child=1 6 3 7 -4 -3 9 8 13 12 -5 -7 -1 -2
right_child=2 5 4 10 -6 11 -8 -9 -10 -11 -12 -13 -14 -15
leaf_value=0.0065425800595538923 -0.012624608171416477 0.032276940777499548 -0.014491885727899384 -0.040249370816292561 0.035892733772207114 0.054285616783654747 0.0370379376376627 0.018709024967810583 -0.0016249894681820264 0.022917552103327271 -0.054085719972644046 0.011251720058492282 -0.037090040439852659 -0.028644835583972392
leaf_weight=605.82471877825446 113.03609326737933 456.39618348074146 478.26351279095979 743.22274647082668 218.2937191035162 2847.1641451501928 409.83085084962659 151.21352713718079 418.84628897748189 630.94907209929079 2947.125586939801 56.340054896427318 39.90223055286333 618.02149625576567
leaf_count=8668 4230 642 15787 66355 5146 2738 961 1919 12963 2358 281527 185 1066 45236
internal_value=-0.000138045 0.040038 -0.0357821 -0.0409567 0.00129812 0.0505744 0.0190469 -0.0116225 -0.0156111 0.0132716 -0.0512991 0.0534506 0.00384633 -0.0236242
internal_weight=10734.4 5046.41 5688.02 4991.47 696.557 3359.9 1686.51 1301.12 1149.9 1276.68 3690.35 2903.5 645.727 731.058
internal_count=449781 16618 433163 412230 20933 3565 13053 64348 62429 12092 347882 2923 9734 49466
is_linear=0
shrinkage=0.05


Tree=19
num_leaves=15
num_cat=0
split_feature=3 10 2 3 15 10 1 1 1 18 3 10 2 3
split_gain=5676.77 650.896 467.042 339.512 98.1127 62.9202 50.1315 46.5581 40.3602 35.0792 34.8255 73.5873 64.2181 33.0324
threshold=0.037637472152709968 0.030390257947146896 3.478630900382996 0.06637099385261537 1.0000000180025095e-35 0.027364549227058891 9.5000000000000018 1.5000000000000002 6.5000000000000009 0.27782019972801214 0.11002695560455324 0.022745283320546154 1.0388943552970888 0.10580185055732728
decision_type=8 10 10 8 10 10 8 10 10 8 10 8 8 10
left_child=2 3 5 9 10 8 -3 -4 -1 -2 11 -5 -13 -6
right_child=1 6 7 4 13 -7 -8 -9 -10 -11 -12 12 -14 -15
leaf_value=0.01614699052388445 -0.0031089631676154122 0.0067587575355983424 0.051216585001321514 -0.055156777398730573 -0.018470196954098631 0.034743457530659549 0.053758195041272661 0.027462789694601038 -0.0078285479771993908 -0.023713058255462854 -0.054120719895551284 -0.046603449155010884 -0.023189656530398818 -0.046064798631260999
leaf_weight=1165.6234375548083 521.51900139090139 80.92403823119821 2992.3055242832052 893.94370210287161 400.2826666648034 415.56565636466257 189.82647217658814 221.56000628764741 206.65221568383276 342.07549816888059 1610.4035508817178 656.33090431033634 528.81273373952718 148.75318251317367
leaf_count=7945 21687 1068 3147 103206 29866 929 215 443 6594 20110 148830 66343 25155 14365
internal_value=-0.000150217 -0.0358357 0.0381834 -0.0398446 -0.0456666 0.0176983 0.0397106 0.049579 0.0125365 -0.0112704 -0.0486012 -0.0443259 -0.0361562 -0.0259465
internal_weight=10374.6 5372.87 5001.71 5102.12 4238.53 1787.84 270.751 3213.87 1372.28 863.594 3689.49 2079.09 1185.14 549.036
internal_count=449903 430845 19058 429562 387765 15468 1283 3590 14539 41797 343534 194704 91498 44231
is_linear=0
shrinkage=0.05


Tree=20
num_leaves=15
num_cat=0
split_feature=3 10 2 3 8 15 2 18 1 2 18 12 18 3
split_gain=5279.7 608.849 472.646 280.673 75.3418 60.1146 54.6671 45.4289 39.0691 33.9 32.5816 34.669 32.0348 30.8608
threshold=0.040469348430633552 0.029892162419855598 3.478630900382996 0.073887944221496596 29.500000000000004 1.0000000180025095e-35 2.6247798204422002 0.12100050225853921 9.5000000000000018 4.1596052646636972 0.29826705157756811 0.064866758882999434 0.34536664187908178 0.11248677968978883
decision_type=8 10 10 8 8 10 10 8 8 10 10 8 10 10
left_child=2 3 4 10 12 13 -6 -8 -3 -4 11 -2 -1 -5
right_child=1 8 9 5 6 -7 7 -9 -10 -11 -12 -13 -14 -15
leaf_value=0.042865878628557827 -0.040789454430410994 0.0093142543455545807 0.038629915707229227 -0.044006707703820369 0.002697506122252401 -0.029365880438523586 0.044192679880139307 0.014215389139475032 0.050054589291268096 0.051812276353884773 -0.028854688154415171 -0.0048613157127502631 0.011769168249625598 -0.053638084809250933
leaf_weight=333.42912804381922 76.200980633497238 86.288971862813924 610.6138943847036 1890.3728877507383 783.57955857983325 481.89039768802468 174.14604932023212 460.79458256193902 185.03869385662256 2422.8060829321621 310.92786733084358 564.96185464633163 110.18898997618817 1485.108813294326
leaf_count=706 5477 1259 1157 186573 14277 40355 512 1999 343 2427 21687 28195 506 144324
internal_value=-6.92188e-05 -0.0357738 0.0369863 -0.0398849 0.0171575 -0.0458858 0.0115332 0.0224373 0.0370981 0.0491587 -0.0155724 -0.00913131 0.0351419 -0.0482442
internal_weight=9976.35 5080.79 4895.56 4809.46 1862.14 3857.37 1418.52 634.941 271.328 3033.42 952.091 641.163 443.618 3375.48
internal_count=449797 428213 21584 426611 18000 371252 16788 2511 1602 3584 55359 33672 1212 330897
is_linear=0
shrinkage=0.05


Tree=21
num_leaves=15
num_cat=0
split_feature=3 2 9 3 4 4 16 4 2 3 3 9 9 3
split_gain=4860.12 421.301 361.696 363.652 244.579 82.8736 64.195 54.1721 52.2073 44.7332 43.248 40.658 39.3023 38.8201
threshold=0.034436732530593879 3.478630900382996 0.94734570384025585 0.075589925050735488 inf 0.014717459678649904 3.2384861707687382 inf 1.2789837718009951 0.11613461375236513 0.095606595277786269 0.69162255525589 0.61692914366722118 0.017360478639602665
decision_type=8 10 10 8 8 10 8 8 10 8 8 10 10 10
left_child=1 6 3 8 9 11 -1 10 -2 -5 -4 -3 -6 -8
right_child=2 5 7 4 12 -7 13 -9 -10 -11 -12 -13 -14 -15
leaf_value=0.031941133738518028 -0.021298808288577442 0.015737216831274461 0.030321540130454211 -0.040078401560891402 -0.018281137586839982 0.052134401770450436 0.017305799716545636 0.055390300253550601 2.8801940999650079e-05 -0.053520913666308234 -0.048273420356559578 0.047534440491040324 0.024143399017414233 -0.0018748667723839673
leaf_weight=494.93408252298832 724.58557360013947 257.25013278215192 46.24922898854129 847.68775474966969 477.01473599730525 2467.5038526051212 731.39835382776801 114.34160336002242 475.06368975550868 2292.8756869147765 28.160620318143629 165.02334620151669 61.646379419747973 412.61643597611692
leaf_count=2657 55032 493 357 87163 18955 2886 3691 275 9309 256945 3753 180 1754 6708
internal_value=-0.000493776 0.0371467 -0.0341315 -0.0367589 -0.0445536 0.0486316 0.0168966 0.0337817 -0.012853 -0.0498926 0.000577053 0.0281635 -0.0134259 0.0103878
internal_weight=9596.35 4528.73 5067.63 4878.87 3679.22 2889.78 1638.95 188.751 1199.65 3140.56 74.4098 422.273 538.661 1144.01
internal_count=450158 16615 433543 429158 364817 3559 13056 4385 64341 344108 4110 673 20709 10399
is_linear=0
shrinkage=0.05


Tree=22
num_leaves=15
num_cat=0
split_feature=3 10 2 3 2 3 10 8 0 16 2 0 3 3
split_gain=4569.41 557.682 371.671 298.734 79.8223 69.567 113.299 69.1379 52.9375 47.9728 41.3562 39.55 36.7419 29.9886
threshold=0.034436732530593879 0.027214052155613903 3.478630900382996 0.064447343349456801 0.26196622848510748 0.10580185055732728 0.022745283320546154 2.5000000000000004 0.70719042420387279 2.7403194904327397 2.8114801645278935 0.71519094705581676 0.012984067201614382 0.10333120822906496
decision_type=8 10 10 8 10 10 8 8 8 8 10 10 10 10
left_child=2 3 7 9 -3 6 -5 -1 -8 -2 -9 -11 -4 -6
right_child=1 4 12 5 13 -7 8 10 -10 11 -12 -13 -14 -15
leaf_value=0.047821355977330254 0.01853111657085477 0.047655653391753983 0.049037228235456816 -0.053550916860242097 0.0087553234444041044 -0.052269714616820818 -0.038403063546012889 0.0076282957507988443 -0.018455748008521365 -0.024044626600821892 0.024743605755848545 0.0014711225764893186 0.0097769678921707515 -0.0556460276934609
leaf_weight=175.14811857300811 119.4493175605312 189.69205326093652 2710.157158013084 777.6089612605283 174.70766505808569 1553.7731891344883 752.53732053074054 868.9346573613584 596.05617481307127 468.67775238037575 594.37507292523514 224.67138165171491 60.932922416599467 20.162244841689244
leaf_count=229 3074 628 3368 111213 2157 168829 80445 10952 28263 31305 1888 5550 213 1715
internal_value=0.000126061 -0.033222 0.0370119 -0.0381685 0.0245671 -0.0442278 -0.038351 0.0181337 -0.0295867 -0.0107347 0.0145803 -0.0157766 0.0481739 0.00209203
internal_weight=9286.88 4877.34 4409.55 4492.77 384.562 3679.98 2126.2 1638.46 1348.59 812.798 1463.31 693.349 2771.09 194.87
internal_count=449829 433179 16650 428679 4500 388750 219921 13069 108708 39929 12840 36855 3581 3872
is_linear=0
shrinkage=0.05


Tree=23
num_leaves=15
num_cat=0
split_feature=2 10 2 3 4 3 4 3 10 1 10 15 18 0
split_gain=4038.94 524.059 380.352 353.82 141.651 82.619 65.1385 47.212 46.3767 44.959 38.208 32.7726 31.5336 37.2912
threshold=1.9278427958488467 0.028198256157338623 3.478630900382996 0.06253755092620851 inf 0.10580185055732728 0.013894289731979372 0.026645988225936893 0.02791679743677378 1.5000000000000002 0.030390257947146896 1.0000000180025095e-35 0.28365816175937658 0.68866166472435009
decision_type=10 10 10 8 8 8 10 10 10 10 10 10 10 10
left_child=1 3 7 12 5 11 -4 8 -2 -8 -3 -5 -1 -14
right_child=2 10 6 4 -6 -7 9 -9 -10 -11 -12 -13 13 -15
leaf_value=-0.0016054641221985495 0.015297597359787052 0.0060711624152118265 0.028743083672064823 -0.039573076532703769 -0.017485494305953971 -0.052078628437387808 0.052092129736079067 0.0001265028957407689 0.038245859936887144 0.011673791719086654 0.045327288795151931 -0.01738257663345074 -0.039228064345018583 -0.0020841503076491135
leaf_weight=622.28394103236496 896.26267795893364 89.420058290925226 394.23256431357004 656.8537259575678 471.77222631758195 2202.5729551020195 2148.9787118785898 353.766830381006 291.85252747056074 71.077470786403865 202.01838128130476 222.83079654129688 145.86098187672906 125.89609718602151
leaf_count=24536 4956 1698 636 70598 20722 279855 2734 5909 542 336 718 20579 11609 4597
internal_value=-0.00012175 -0.0316714 0.035856 -0.0359272 -0.043 -0.0469053 0.0474722 0.0161605 0.0209347 0.0507981 0.0332826 -0.0339521 -0.00781092 -0.0220205
internal_weight=8895.68 4739.51 4156.17 4448.07 3554.03 3082.26 2614.29 1541.88 1188.12 2220.06 291.438 879.685 894.041 271.757
internal_count=450025 434912 15113 432496 391754 371032 3706 11407 5498 3070 2416 91177 40742 16206
is_linear=0
shrinkage=0.05


Tree=24
num_leaves=15
num_cat=0
split_feature=2 2 10 4 0 4 4 18 10 0 4 18 10 2
split_gain=3710.63 468.963 468.274 190.573 76.9227 75.0853 56.207 51.124 47.6247 36.447 36.1203 36.7905 31.9078 34.9553
threshold=1.59589558839798 3.478630900382996 0.026550198905169967 0.02178868651390076 0.68952423334121715 0.013894289731979372 0.01957112550735474 0.3523381799459458 0.03150583058595658 0.71026176214218151 0.037928998470306403 0.17692915350198749 0.014815627597272398 0.041197286918759353
decision_type=10 10 10 10 10 10 10 10 10 10 10 8 8 8
left_child=2 8 3 4 7 -3 -4 12 10 -5 11 -2 -1 -14
right_child=1 5 6 9 -6 -7 -8 -9 -10 -11 -12 -13 13 -15
leaf_value=-0.054509802336508789 0.022091563063928531 0.026416777959517076 0.038591670582795057 -0.049410959106789124 -0.0060680253682919268 0.050379901804139759 -0.02371263395261048 -0.044204171420223273 0.0354740850060822 -0.014667309666610007 -0.014747746770874882 0.0059497267571070253 -0.036421715694435745 -0.018637702526631435
leaf_weight=82.787718400591984 595.75752836838365 386.81543611991219 238.66093352937605 1995.0545701100491 380.17174386011902 2110.2666515001329 42.670904331142083 505.66854678600794 212.25564092514105 78.451454633031972 132.37430121039506 866.28359146567527 312.30451789370272 623.72817370080156
leaf_count=19373 4000 624 1375 232097 22660 3100 2418 70757 618 3945 5039 8037 45468 30460
internal_value=-0.000115118 0.0326288 -0.0331992 -0.0376079 -0.0261895 0.0466678 0.0291417 -0.0312074 0.0132247 -0.0480964 0.0102628 0.0125273 -0.0247567 -0.0221252
internal_weight=8563.25 4303.75 4259.5 3978.17 1904.66 2497.08 281.332 1524.49 1806.67 2073.51 1594.42 1462.04 1018.82 936.033
internal_count=449971 21418 428553 424760 188718 3724 3793 166058 17694 236042 17076 12037 95301 75928
is_linear=0
shrinkage=0.05


Tree=25
num_leaves=15
num_cat=0
split_feature=3 2 3 8 8 3 4 8 18 3 2 2 12 0
split_gain=3422.69 355.766 331.705 189.15 139.334 78.349 69.9879 62.6313 56.1802 40.1646 34.4606 31.1907 28.7718 28.0619
threshold=0.034436732530593879 3.478630900382996 0.092177301645278945 1.5000000000000002 7.5000000000000009 0.06253755092620851 0.013894289731979372 1.5000000000000002 0.34879581630229956 0.012984067201614382 2.8114801645278935 0.072564069181680693 0.049390243366360671 0.68866166472435009
decision_type=8 10 10 8 10 8 10 8 8 10 10 8 8 10
left_child=1 7 3 -2 8 -6 -3 -1 11 -8 -9 -5 -13 -10
right_child=2 6 -4 4 5 -7 9 10 13 -11 -12 12 -14 -15
leaf_value=0.052561667812275649 0.037633230942812401 0.026931671583882717 -0.048866301718473615 -0.028035176450989102 0.012851495456274018 -0.04952506227812218 0.05142768118740329 0.0064528086700986744 -0.035025353279782893 0.0048219347503425311 0.022214929789553587 -0.030615330900808504 -0.0048510040512531162 -0.011699563227219004
leaf_weight=106.41980364196934 135.03453317837557 383.46262800809927 1567.5896806488745 222.86133254982997 55.329001790843904 558.5261830008676 1904.7605236039381 859.44479628116824 478.44983127701562 47.377836856176145 581.30473505379632 121.22887585905119 1020.7844596765499 176.50651328387903
leaf_count=129 2764 629 199951 32010 972 89474 2754 10987 52814 188 1918 6470 40274 8708
internal_value=4.39901e-05 0.0341422 -0.0304878 -0.0200823 -0.0230415 -0.0439028 0.0464605 0.0155465 -0.0167015 0.0502966 0.0128124 -0.010925 -0.00758598 -0.0287392
internal_weight=8219.08 3882.77 4336.31 2768.72 2633.69 613.855 2335.6 1547.17 2019.83 1952.14 1440.75 1364.87 1142.01 654.956
internal_count=450042 16605 433437 233486 230722 90446 3571 13034 140276 2942 12905 78754 46744 61522
is_linear=0
shrinkage=0.05


Tree=26
num_leaves=15
num_cat=0
split_feature=3 10 3 4 4 7 0 18 0 3 2 16 16 7
split_gain=3151.9 434.552 395.854 296.852 131.836 75.8149 69.4746 46.5828 43.4451 34.547 30.6537 30.3239 25.423 25.8915
threshold=0.024083048105239872 0.027214052155613903 0.080143064260482802 0.021026849746704105 inf 21.608373641967777 0.76154097914695751 0.26671525835990911 0.69043466448783886 0.11613461375236513 2.8114801645278935 2.8029010295867924 2.4414010047912602 inf
decision_type=8 10 8 10 8 10 8 10 10 8 10 10 10 8
left_child=3 2 8 5 9 10 7 -3 11 -4 -1 -2 -6 -14
right_child=1 6 4 -5 12 -7 -8 -9 -10 -11 -12 -13 13 -15
leaf_value=0.0050621052281036869 -0.010193831100092636 0.020099661700794268 -0.037869390751501884 0.050967084340919559 -0.068121049310789134 0.039395860098905805 0.044259766442469622 -0.024422189426810702 -0.0013294252013793984 -0.051920180754157608 0.021306676212126011 -0.025742113709432066 -0.059639861990399501 -0.011701741142815142
leaf_weight=475.95637701684609 174.71235472650733 157.70961089339107 591.03455663105706 1731.1968721566955 24.082851737679448 429.60336276097223 179.20857967983466 93.632369660539553 661.55005809402792 1683.7262244874146 744.92746698611882 548.73672925354913 30.425444344058633 379.3905014982447
leaf_count=5003 9476 2048 76034 2675 1080 733 420 2355 22552 259313 2167 46985 5606 13928
internal_value=-1.3715e-05 -0.0273083 -0.0323337 0.0365025 -0.0434518 0.0213306 0.0204736 0.00351395 -0.01059 -0.0482695 0.0149738 -0.0190582 -0.0181947 -0.0152608
internal_weight=7905.89 4524.21 4093.66 3381.68 2708.66 1650.49 430.551 251.342 1385 2274.76 1220.88 723.449 433.899 409.816
internal_count=450375 439797 434974 10578 355961 7903 4823 4403 79013 335347 7170 56461 20614 19534
is_linear=0
shrinkage=0.05


Tree=27
num_leaves=15
num_cat=0
split_feature=3 2 4 3 9 4 8 3 2 1 9 18 18 9
split_gain=2847.6 367.93 278.006 328.911 139.106 84.3018 69.6507 47.1489 38.6809 37.898 35.1233 34.0938 33.5033 25.5986
threshold=0.041707724332809455 3.478630900382996 0.00057461857795715343 0.092726051807403578 0.73956727981567394 0.014469802379608156 29.500000000000004 0.063179612159729018 2.6247798204422002 1.5000000000000002 0.94734570384025585 0.3560424149036408 0.12100050225853921 0.76133424043655407
decision_type=8 10 10 8 10 10 8 10 10 10 10 10 8 10
left_child=1 6 4 7 -2 10 11 -4 -8 -7 -3 -1 -10 -9
right_child=2 5 3 -5 -6 9 8 13 12 -11 -12 -13 -14 -15
leaf_value=0.040573734997587145 -0.012494791109663278 0.015884350861763204 -0.0064517713197563319 -0.049298110086504608 0.04442213388434936 0.050833388799114837 0.00098063177819638996 -0.028633301642966437 0.037344746511581747 0.0062519126263194426 0.05220689767624357 0.0057058288037838932 0.010702480256119607 0.020138997871842267
leaf_weight=298.15151173737831 513.69880169538374 305.23003649362363 622.56707699515391 1936.1367720263079 135.71044137052377 1662.1419923930662 766.60850191384088 552.47279378311941 162.2931002973346 49.07778340310324 85.114395375363529 91.660287706879899 432.37414722563699 28.280728463549167
leaf_count=752 27131 574 30499 306078 1442 2718 15422 61721 516 223 94 510 2028 626
internal_value=0.000398756 0.0306675 -0.0303796 -0.0365395 -0.000600564 0.0447719 0.0137401 -0.0160109 0.0084039 0.0495548 0.0238045 0.0323749 0.0179735 -0.0262583
internal_weight=7641.52 3852.65 3788.87 3139.46 649.409 2101.56 1751.09 1203.32 1361.28 1711.22 390.344 389.812 594.667 580.754
internal_count=450334 22837 427497 398924 28573 3609 19228 92846 17966 2941 668 1262 2544 62347
is_linear=0
shrinkage=0.05


Tree=28
num_leaves=15
num_cat=0
split_feature=2 10 2 4 2 4 4 10 16 2 1 0 9 18
split_gain=2582.47 429.269 246.786 228.285 122.313 74.074 63.1113 44.577 43.6719 42.557 37.5927 36.9562 33.7164 30.3679
threshold=2.0991011857986455 0.029892162419855598 3.478630900382996 0.03108581900596619 0.63125932216644298 0.014469802379608156 0.00095802545547485362 0.022343332879245285 2.6020033359527592 1.3590692877769472 1.5000000000000002 0.60627064108848583 0.69162255525589 0.164396807551384
decision_type=10 10 10 10 10 10 10 10 8 10 10 10 10 10
left_child=1 3 8 4 6 12 -1 11 -2 -5 -7 -8 -4 -13
right_child=2 -3 5 9 -6 10 7 -9 -10 -11 -12 13 -14 -15
leaf_value=-0.014787747056120416 0.039009768732324937 0.039701250615647589 0.011877455053625393 -0.048591206630467829 -0.0052751805368141764 0.050523098010653023 -0.050391798590892892 0.020872275353382826 0.012526285708367561 -0.015854983555008199 0.009944880633154126 -0.017807527167791073 0.043005726409564321 -0.039945033554226426
leaf_weight=515.1419181552701 181.33785056159832 231.59446633845801 221.69889662787318 1329.4767403777223 820.06438754367991 1556.3102654296672 378.70799787779106 33.17624553112546 1099.5455805870006 107.29010038799606 59.249398273415864 266.7402919807937 143.16565420012921 369.53079963743221
leaf_count=32531 697 1184 474 198171 26043 2734 81924 2293 8106 5705 337 33442 180 56463
internal_value=0.000260194 -0.026397 0.0333781 -0.0304042 -0.0209142 0.0444395 -0.0291179 -0.0361609 0.0162756 -0.0461466 0.0490349 -0.0380251 0.0240916 -0.0306645
internal_weight=7313.03 4051.72 3261.31 3820.13 2383.36 1980.42 1563.3 1048.16 1280.88 1436.77 1615.56 1014.98 364.865 636.271
internal_count=450284 437756 12528 436572 232696 3725 206653 174122 8803 203876 3071 171829 654 89905
is_linear=0
shrinkage=0.05


Tree=29
num_leaves=15
num_cat=0
split_feature=3 10 4 3 4 10 10 3 0 16 2 16 3 16
split_gain=2419.02 395.322 286.717 285.166 140.063 74.368 56.3996 35.7048 31.0704 30.8939 27.7885 23.4182 22.6203 18.9692
threshold=0.026645988225936893 0.027214052155613903 0.023971259593963627 0.075589925050735488 inf 0.030138242058455948 0.032262260094285018 0.11613461375236513 0.69043466448783886 3.5972183942794804 2.8114801645278935 2.1383330821990971 0.10333120822906496 2.7403194904327397
decision_type=8 10 10 8 8 10 10 8 10 8 10 8 10 8
left_child=2 3 5 8 7 9 11 -5 13 -1 -11 -3 -13 -2
right_child=1 6 -4 4 -6 -7 -8 -9 -10 10 -12 12 -14 -15
leaf_value=0.023117113016964678 -0.010897748352690265 0.055530034028508951 0.050562031806626544 -0.036552484751793624 -0.015328995243024252 0.038253471403358441 0.051018187443296892 -0.051346104250147621 -0.0027675595259428927 -0.0034558700717704778 0.01569779663606841 0.008661213729479705 -0.053785677419691369 -0.024076916260160511
leaf_weight=535.82314931694418 101.61640839255415 24.987639047758421 1340.1873716455302 581.58798528910847 427.74777285131859 411.69089067191817 116.65285014361143 1365.4573099015688 571.2687178706401 331.16601116838865 442.25300168758258 229.72489689879876 15.478727871086447 503.20247718738392
leaf_count=2785 4169 158 2481 85978 20587 713 163 258615 20123 4274 1534 2577 1786 43539
internal_value=-0.000117713 -0.0260353 0.0332218 -0.0312643 -0.0412357 0.0197179 0.0219627 -0.0469272 -0.0111297 0.0138894 0.00749649 0.00941824 0.00471919 -0.0190279
internal_weight=6998.85 3937.72 3061.12 3550.88 2374.79 1720.93 386.844 1947.05 1176.09 1309.24 773.419 270.191 245.204 604.819
internal_count=449482 437695 11787 433011 365180 9306 4684 344593 67831 8593 5808 4521 4363 47708
is_linear=0
shrinkage=0.05


Tree=30
num_leaves=15
num_cat=0
split_feature=3 10 3 3 3 3 10 9 8 0 16 0 0 18
split_gain=2139.76 330.213 300.584 172.228 63.2415 54.9266 86.2869 52.0189 51.6497 42.8882 25.8154 28.6759 24.458 19.6069
threshold=0.040469348430633552 0.027039373293519024 1.0000000180025095e-35 0.080143064260482802 0.042945027351379401 0.11613461375236513 0.022745283320546154 0.55750462412834179 1.5000000000000002 0.70864582061767589 2.8029010295867924 0.74292179942131054 0.64053869247436535 0.14121587574481967
decision_type=8 10 10 8 10 10 8 10 8 8 8 10 10 8
left_child=2 3 7 12 -3 6 -5 -1 -4 -8 -10 -12 -2 -6
right_child=1 4 8 5 13 -7 9 -9 10 -11 11 -13 -14 -15
leaf_value=0.032920945014000107 -0.029534123958700365 0.041954998490535945 0.044174410134609897 -0.051431270459433812 0.023880184404700945 -0.050714821736609073 -0.036316536889602964 0.049316164117860911 0.024670423824827713 -0.014665131101886608 0.00050997659256259186 0.017891091432833541 -0.0095381425255606101 -0.017962428114057894
leaf_weight=944.14584439137252 197.16443432343658 172.49675355017825 110.40543862094637 479.5062136722845 41.372671966440976 795.25989650050178 447.42218791984487 992.25227580295177 211.07808697316796 467.91977591498289 804.63527272467036 336.55977013823576 681.52667693851981 86.59877095092088
leaf_count=2541 22254 512 180 111253 758 148139 70857 1756 1600 25132 13212 2362 46008 3227
internal_value=0.00040992 -0.0278274 0.0283996 -0.0327254 0.0221972 -0.0402282 -0.0342493 0.0413222 0.0112918 -0.0252484 0.0086071 0.00563599 -0.0140249 -0.00443487
internal_weight=6768.34 3369.27 3399.08 3068.8 300.468 2190.11 1394.85 1936.4 1462.68 915.342 1352.27 1141.2 878.691 127.971
internal_count=449791 428140 21651 423643 4497 355381 207242 4297 17354 95989 17174 15574 68262 3985
is_linear=0
shrinkage=0.05


Tree=31
num_leaves=15
num_cat=0
split_feature=2 10 2 3 3 10 3 8 0 3 0 18 0 10
split_gain=1965.15 347.829 259.503 221.962 60.649 58.0008 48.0005 71.3537 46.8055 40.4722 25.0304 23.6474 24.5068 23.559
threshold=1.9278427958488467 0.023972609080374244 4.1596052646636972 0.080143064260482802 0.059197127819061286 0.031408416107296951 0.11613461375236513 2.5000000000000004 0.70864582061767589 0.0076004564762115487 0.64053869247436535 0.42277917265892034 0.67590063810348522 0.03201024420559407
decision_type=10 10 10 8 10 10 10 10 8 10 10 8 10 10
left_child=1 3 5 10 13 9 7 8 -5 11 -1 -2 -13 -3
right_child=2 4 -4 6 -6 -7 -8 -9 -10 -11 -12 12 -14 -15
leaf_value=-0.027473869510313265 0.026147445993331811 0.021793286387274135 0.047483765603159422 -0.039237854658154464 -0.01683506395842737 0.037345840433663895 -0.050850986867507587 -0.051682725846380499 -0.016314127506698532 0.0048221881448095747 -0.0087587327806660075 -0.061177922362016551 0.010712903149627103 0.052584976577229298
leaf_weight=225.08520281361416 598.45811970194336 146.48933097952977 1202.5483609517105 412.02599515602924 73.060734598722775 306.07309887325391 727.2292885176139 427.0206672764034 484.52654349373188 712.10815326450393 866.15061737905489 12.701680135913191 177.71565017348621 107.85733208223246
leaf_count=23789 2012 1525 2440 69123 6078 894 146000 106104 30351 8890 51996 150 748 103
internal_value=-7.9763e-05 -0.0257268 0.0294859 -0.0308373 0.0233171 0.0175088 -0.0405312 -0.0348611 -0.0268491 0.0134637 -0.012619 0.0212644 0.00591747 0.0348507
internal_weight=6479.05 3469.45 3009.61 3142.04 327.407 1807.06 2050.8 1323.57 896.553 1500.98 1091.24 788.875 190.417 254.347
internal_count=450203 435069 15134 427363 7706 12694 351578 205578 99474 11800 75785 2910 898 1628
is_linear=0
shrinkage=0.05


Tree=32
num_leaves=15
num_cat=0
split_feature=3 3 10 4 9 9 3 3 9 11 2 2 12 3
split_gain=1812.47 294.397 265.987 232.029 150.775 69.2996 51.9062 25.2176 23.2113 27.942 25.7302 20.5997 19.4301 17.2456
threshold=0.024083048105239872 0.092726051807403578 0.021331550553441051 0.020633727312088016 0.81092095375061046 0.57287287712097179 0.06253755092620851 0.021053433418273929 0.76516231894493114 0.75000000000000011 1.5450744628906252 0.26196622848510748 0.18065268546342853 0.10580185055732728
decision_type=8 10 8 10 10 10 10 10 8 8 10 10 10 10
left_child=3 2 -2 5 6 -1 8 -5 -4 10 -10 -6 -11 -3
right_child=1 13 4 7 11 -7 -8 -9 9 12 -12 -13 -14 -15
leaf_value=0.012470441453061722 -0.05059672741015038 -0.032309053471381077 0.01282338576198034 0.049899002203815164 0.048790866892797616 0.037523870338679682 -0.02482871141187018 -0.0046892025863154718 -0.023678182885526991 -0.0031948878824045786 -0.00083181860591931159 0.016911108925110996 0.068037194913002974 -0.049158151844616908
leaf_weight=1090.0153664378449 416.68948793096934 187.59775163128506 140.88596916788811 1124.7189887671266 108.74937710235827 369.61192359169945 519.38232017192058 21.562175942235626 407.36930055485573 772.2139183023537 176.69371330330614 94.883610098971985 9.693541015731169 797.35374063358176
leaf_count=7104 110785 27803 1904 2553 422 725 64968 155 27191 31806 3132 686 132 170543
internal_value=0.000218691 -0.022613 -0.0139282 0.0320362 -0.00707608 0.0188146 -0.0111978 0.0488722 -0.00649944 -0.00849239 -0.0167666 0.0339364 -0.0023118 -0.045949
internal_weight=6237.42 3631.51 2646.56 2605.91 2229.87 1459.63 2026.24 1146.28 1506.86 1365.97 584.063 203.633 781.907 984.951
internal_count=449909 439372 241026 10537 130241 7829 129133 2708 64165 62261 30323 1108 31938 198346
is_linear=0
shrinkage=0.05


Tree=33
num_leaves=15
num_cat=0
split_feature=2 10 2 2 4 4 4 10 0 18 10 16 16 11
split_gain=1665.09 296.878 196.959 162.675 113.857 54.2977 42.813 41.7048 33.2727 31.6246 29.2819 23.953 26.1794 21.17
threshold=2.0991011857986455 0.027214052155613903 3.478630900382996 0.22421649843454364 0.00049230456352233898 0.021026849746704105 0.066103249788284316 0.03201024420559407 0.68774256110191356 0.27232629060745245 0.03150583058595658 2.6735538244247441 2.4414010047912602 0.34313726425170904
decision_type=10 10 10 10 10 10 10 10 10 10 10 8 10 8
left_child=1 3 10 4 11 -4 -5 9 -6 -3 -2 12 -1 -13
right_child=2 7 5 6 8 -7 -8 -9 -10 -11 -12 13 -14 -15
leaf_value=-0.042447687941582019 0.011645537449620859 0.027294526982261258 0.027301625756658156 -0.010305105286364026 -0.045378582346766838 0.048288593142343149 -0.046895258663122122 0.051728577309042581 -0.015219064659945304 -0.015146943821134993 0.034522118577408244 -0.031195112173965485 0.037135359554275889 -0.0075775020705321234
leaf_weight=13.870782564044928 1025.0109402844682 119.75535242236947 437.09103521332145 1096.5156900287548 1354.742010219954 1045.0718168685562 86.231240591499954 99.522510868962854 98.068884548963979 69.286161001218716 161.98634897195734 178.29322767496342 40.524883499543648 202.81826353317592
leaf_count=1315 8304 1660 1010 57470 313885 2734 19406 131 16790 2006 512 12813 771 11206
internal_value=0.000464383 -0.0229572 0.0299447 -0.0275132 -0.0366206 0.0420995 -0.0129728 0.0255311 -0.0433427 0.0117392 0.0147674 -0.0141963 0.0168418 -0.0186264
internal_weight=6028.79 3359.63 2669.16 3071.06 1888.32 1482.16 1182.75 288.564 1452.81 189.042 1187 435.507 54.3957 381.111
internal_count=450013 437453 12560 433656 356780 3744 76876 3797 330675 3666 8816 26105 2086 24019
is_linear=0
shrinkage=0.05


Tree=34
num_leaves=15
num_cat=0
split_feature=3 10 4 3 4 7 3 1 18 18 18 0 2 1
split_gain=1486.61 267.01 233.686 229.914 104.802 67.5565 44.4612 43.8346 41.4238 31.2012 22.5158 26.7269 21.9394 20.6285
threshold=0.024083048105239872 0.027214052155613903 0.020633727312088016 0.073887944221496596 inf 21.793208122253422 0.11613461375236513 31.500000000000004 0.26671525835990911 0.30138915777206426 0.42277917265892034 0.68866166472435009 0.6726386845111848 1.5000000000000002
decision_type=8 10 10 8 8 10 8 8 10 10 8 10 10 10
left_child=2 3 5 9 6 10 -5 8 -3 -2 -1 -12 -11 -4
right_child=1 7 13 4 -6 -7 -8 -9 -10 12 11 -13 -14 -15
leaf_value=0.014943033036004624 -0.0035436420642512251 0.021035300206176347 0.049566829841784739 -0.031736334757167035 -0.014347501342690082 0.035918807014155223 -0.050067829782628893 0.041045994385215605 -0.024057600794494698 -0.041759878866908316 -0.035886812364037297 0.005315033509842834 -0.013646439491452439 0.0041505015583619765
leaf_weight=780.21475385560188 796.06187325989595 144.98985893209465 968.03898665262386 507.53507588169305 384.84978905349271 347.26436340506189 949.71539580516401 137.85931697566411 78.506675803568214 96.771310584968887 47.044966264627874 240.95038004347589 245.31765889097005 25.665345473214984
leaf_count=4961 40301 2033 2542 89642 20625 724 259032 383 2361 15767 832 1363 9187 178
internal_value=-0.000131382 -0.0217168 0.0298083 -0.0266383 -0.0375545 0.0167608 -0.0436833 0.0188728 0.00519571 -0.00897054 0.0105327 -0.00141542 -0.0215993 0.0483938
internal_weight=5750.79 3341.61 2409.18 2980.25 1842.1 1415.47 1457.25 361.356 223.497 1138.15 1068.21 287.995 342.089 993.704
internal_count=449931 439331 10600 434554 369299 7880 348674 4777 4394 65255 7156 2195 24954 2720
is_linear=0
shrinkage=0.05


Tree=35
num_leaves=15
num_cat=0
split_feature=3 3 10 2 9 7 1 3 18 2 11 16 18 15
split_gain=1335.84 254.759 216.239 180.798 136.17 62.305 36.5342 32.9602 28.2186 27.8312 17.7707 36.7678 15.1902 14.7711
threshold=0.026645988225936893 0.092726051807403578 0.021331550553441051 4.1596052646636972 0.28591373562812811 22.89106369018555 30.500000000000004 0.063809365034103407 0.45654594898223883 2.8114801645278935 0.75000000000000011 3.0201274156570439 0.25883655250072485 1.0000000180025095e-35
decision_type=8 10 8 10 10 10 8 10 10 10 8 8 10 10
left_child=3 2 -2 5 7 9 8 10 -6 -1 11 12 -4 -9
right_child=1 -3 4 -5 6 -7 -8 13 -10 -11 -12 -13 -14 -15
leaf_value=0.003783069931477034 -0.049761804466368409 -0.04554297596169038 0.010155020330400361 0.046045726387286864 0.017406036491480401 0.037304311704651122 0.041036081720816131 -0.030602065200710644 -0.030146056497598037 0.019171991844316554 -0.0033180002074454777 -0.023130565908475183 -0.073711938899419641 -0.0099066230085376097
leaf_weight=518.81528772274032 339.74869409829262 798.41904076596256 133.39767226239201 898.70698653376894 158.07277646812145 321.05664748954587 145.84587875586294 299.23606617131736 38.870472452137619 677.42741183383623 717.7912917122012 395.67940517782699 5.6268467085901639 121.11651077389251
leaf_count=6177 110580 198722 4507 2400 2021 736 1524 46516 1075 2480 32627 25889 398 14333
internal_value=0.000296836 -0.0211349 -0.0128612 0.0282734 -0.00664135 0.0177468 0.0220677 -0.0125242 0.00802073 0.0124978 -0.00845834 -0.0153588 0.00676061 -0.0246391
internal_weight=5569.81 3153.8 2355.39 2416.01 2015.64 1517.3 342.789 1672.85 196.943 1196.24 1252.5 534.704 139.025 420.353
internal_count=449985 438192 239470 11793 128890 9393 4620 124270 3096 8657 63421 30794 4905 60849
is_linear=0
shrinkage=0.05


Tree=36
num_leaves=15
num_cat=0
split_feature=3 10 4 3 4 9 10 18 3 12 18 18 18 3
split_gain=1274.83 221.107 221.019 211.364 62.3317 62.0623 41.2085 32.6305 30.6203 23.6528 21.8793 19.7064 19.557 18.2537
threshold=0.026645988225936893 0.023972609080374244 0.02637654542922974 0.080143064260482802 0.00057461857795715343 0.53432956337928783 0.032262260094285018 0.27782019972801214 0.11613461375236513 0.057983193546533592 0.28365816175937658 0.3560424149036408 0.42277917265892034 0.050893813371658332
decision_type=8 10 10 8 10 10 10 8 8 10 8 10 10 10
left_child=2 3 5 10 9 12 7 -3 -6 -5 13 -7 -1 -2
right_child=1 6 -4 4 8 11 -8 -9 -10 -11 -12 -13 -14 -15
leaf_value=0.013809376961879921 0.0030275956833693716 0.020875798407104733 0.049487338656225732 -0.024970032042366388 -0.032745918265797362 0.039221780898566254 0.045903063773763325 -0.014287471758886753 -0.050118770036233801 0.018857050443420363 -0.019275536152899432 0.013741149815105935 -0.0025911952838191411 -0.013303673710361881
leaf_weight=922.52329945215024 352.75672096002381 152.3972673121898 756.43519719605683 324.77094311296241 370.78085821575951 316.44905738334637 83.301664288388565 116.34312032759772 802.77295281671104 34.008599573862739 430.73724791919813 99.813977441284806 226.37549019453581 332.25934861879796
leaf_count=6434 11373 3445 2321 22907 73667 615 159 5248 254260 1692 36597 341 2005 28987
internal_value=-0.000523453 -0.022051 0.0272959 -0.0270002 -0.039054 0.0165709 0.0151771 0.00565291 -0.0446299 -0.0208157 -0.0104458 0.0331119 0.0105779 -0.0048937
internal_weight=5321.73 3000.13 2321.6 2648.09 1532.33 1565.16 352.042 268.74 1173.55 358.78 1115.75 416.263 1148.9 685.016
internal_count=450051 438335 11716 429483 352526 9395 8852 8693 327927 24599 76957 956 8439 40360
is_linear=0
shrinkage=0.05


Tree=37
num_leaves=15
num_cat=0
split_feature=3 4 10 3 4 10 10 3 18 16 18 16 3 15
split_gain=1076.98 217.098 198.971 133.227 91.1914 81.8291 39.5382 35.4989 28.9871 23.7893 21.7372 19.5896 18.3865 18.2692
threshold=0.034436732530593879 0.031536877155303962 0.025236372835934166 0.080143064260482802 inf 0.027364549227058891 0.032262260094285018 0.11613461375236513 0.18532143533229831 3.2384861707687382 0.25610633194446569 2.7403194904327397 0.012984067201614382 1.0000000180025095e-35
decision_type=8 10 10 8 8 10 10 8 8 8 8 8 10 10
left_child=1 5 3 11 7 9 8 -5 -4 -1 -7 -2 -12 -13
right_child=2 -3 6 4 -6 10 -8 -9 -10 -11 12 13 -14 -15
leaf_value=0.019246089905879879 0.0073220080564186238 0.048911069629861886 0.026743709944587274 -0.030388854373319431 -0.014055870528012066 0.041168846829388872 0.046195816739465795 -0.04934100149227507 -0.0106137440256827 0.0040866536087718367 0.029256302606836218 -0.019942948554781636 -0.00098172283430023239 -0.0038199600184087284
leaf_weight=356.70036652078852 116.98382661619689 636.07035497014294 90.638361441262532 368.03991910384502 355.8355312901549 278.83028055843897 82.146031503099948 751.77989277352754 121.57980056635279 942.87251054518856 181.7025413691299 529.84042541566305 69.502460220479406 262.86644281935878
leaf_count=2656 5796 2189 1808 75482 20500 574 158 257540 5105 10333 443 49699 384 17193
internal_value=-9.89697e-05 0.0237484 -0.0220416 -0.0268278 -0.0361056 0.0150005 0.0167425 -0.0431122 0.00534162 0.00824754 0.031558 -0.0117778 0.0208902 -0.0145965
internal_weight=5145.39 2465.68 2679.71 2385.35 1475.66 1829.61 294.364 1119.82 212.218 1299.57 530.035 909.691 251.205 792.707
internal_count=449860 16579 433281 426210 353522 14390 7071 333022 6913 12989 1401 72688 827 66892
is_linear=0
shrinkage=0.05


Tree=38
num_leaves=15
num_cat=0
split_feature=3 2 10 3 10 2 3 10 2 0 18 10 2 18
split_gain=997.258 195.247 174.149 129.516 52.4952 44.4286 37.2844 56.5826 27.0289 26.4403 25.1729 24.2166 22.4539 21.3092
threshold=0.034436732530593879 3.478630900382996 0.027214052155613903 0.092726051807403578 0.027995306067168716 0.50256583094596874 0.11613461375236513 0.027039373293519024 1.0388943552970888 0.68952423334121715 0.69702500104904186 0.032654678449034698 2.8114801645278935 0.28072521090507513
decision_type=8 10 10 8 10 10 10 8 8 10 10 10 10 10
left_child=1 4 3 9 10 -4 7 -5 -9 13 12 -3 -1 -2
right_child=2 11 5 6 -6 -7 -8 8 -10 -11 -12 -13 -14 -15
leaf_value=0.0013689424155805241 -0.013011079931615797 0.033885498850641689 0.037359053444398847 -0.048919300522337339 0.030378117020880693 -0.0039870379347284072 -0.049276923307096848 -0.037234186447485086 -0.013780349921573849 -0.0042097498708965602 -0.022977518564189586 0.050453001157780536 0.016897535954724024 -0.032690998923829671
leaf_weight=619.9106171624735 374.26634672516957 781.5360607826151 131.26713040404138 289.39200063655153 254.33570108620916 128.65144805787713 418.33904277539114 184.54860662098508 367.37337087417836 454.65421165630687 74.273474206682295 307.28961623067153 372.77956548111979 217.4776055055554
leaf_count=9436 42405 2566 963 112135 746 3501 148446 43781 23630 25075 1385 1022 1475 33468
internal_value=-0.000211756 0.0228842 -0.0219049 -0.026278 0.00996542 0.0168941 -0.037078 -0.0310121 -0.0216227 -0.0132771 0.00509957 0.0385612 0.00720031 -0.0202438
internal_weight=4976.09 2410.13 2565.97 2306.05 1321.3 259.919 1259.65 841.314 551.922 1046.4 1066.96 1088.83 992.69 591.744
internal_count=450034 16630 433404 428940 13042 4464 327992 179546 67411 100948 12296 3588 10911 75873
is_linear=0
shrinkage=0.05


Tree=39
num_leaves=15
num_cat=0
split_feature=2 10 2 2 18 10 18 10 2 18 17 15 8 16
split_gain=881.451 218.167 135.009 127.531 40.1572 39.679 26.5225 23.0872 33.9929 20.8209 20.8191 19.1745 16.1775 16.0071
threshold=2.3373203277587895 0.029892162419855598 0.19901821017265323 4.1596052646636972 0.34879581630229956 0.03201024420559407 0.3523381799459458 0.015038444194942715 0.072564069181680693 1.8892496228218081 4.4005842208862314 1.0000000180025095e-35 4.5000000000000009 2.4414010047912602
decision_type=10 10 10 10 8 10 8 8 8 10 10 10 8 8
left_child=1 2 4 5 7 9 10 -1 -9 13 -4 12 -12 -2
right_child=3 -3 6 -5 -6 -7 -8 8 -10 -11 11 -13 -14 -15
leaf_value=-0.049803678698591265 0.032651786950573691 0.03307140112130693 0.018868424298789779 0.042952313925664246 -0.042973204319637547 0.03863552023440156 -0.020313473530606838 -0.032473155296465335 -0.011357676969296548 -0.057580618307222657 0.043687751266227454 0.0022215495858900979 -0.015246110044642254 0.011336891162063885
leaf_weight=88.514639025379438 96.915222518029623 195.37684354346129 82.858161972369999 689.12700602284167 546.04753669194179 169.26412059809081 416.74026282035629 417.66254643759748 350.59811371518299 10.468592845369129 11.943676572758703 308.8875673773 464.86783732325421 966.40180496539688
leaf_count=38008 402 1372 3954 2478 170460 440 35163 118569 27663 122 131 10696 34172 6488
internal_value=-0.000432293 -0.017943 -0.0216508 0.0257 -0.0323766 0.0161355 -0.00994436 -0.025623 -0.022837 0.0125888 -0.00496919 -0.00748305 -0.0137699 0.0132796
internal_weight=4815.67 2883.5 2688.12 1932.18 1402.82 1243.05 1285.3 856.775 768.261 1073.79 868.557 785.699 476.812 1063.32
internal_count=450118 440188 438816 9930 354700 7452 84116 184240 146232 7012 48953 44999 34303 6890
is_linear=0
shrinkage=0.05


Tree=40
num_leaves=15
num_cat=0
split_feature=1 10 1 4 4 8 1 10 7 15 11 9 15 4
split_gain=776.233 211.864 128.564 115.764 108.398 59.0019 57.8784 38.2036 34.8993 24.5264 24.3982 22.7998 19.9468 19.911
threshold=4.5000000000000009 0.023972609080374244 1.5000000000000002 0.014979779720306398 0.039589107036590583 3.5000000000000004 29.500000000000004 0.031076865270733837 51.186658859252937 1.0000000180025095e-35 inf 0.47823339700698858 1.0000000180025095e-35 0.00073683261871337901
decision_type=8 10 10 10 10 10 10 10 10 10 8 10 8 10
left_child=2 4 3 8 5 6 10 -3 -1 -8 -2 -4 13 -12
right_child=1 7 11 -5 -6 -7 9 -9 -10 -11 12 -13 -14 -15
leaf_value=0.0083177859793033184 -0.018715162798127755 0.0071223268783461718 0.0046571053606689799 0.046001876533725457 -0.045909086609608026 -0.049466480763236925 -0.039275410980557701 0.044369779391907956 0.051620009208078355 -0.010221604157803375 0.022196476714025762 0.021923040221782899 -0.0019667284012697818 -0.046269498332856519
leaf_weight=392.35035179636907 523.16572984372033 181.6200782769738 757.7956374513451 707.13659711198125 451.14165982056875 141.45025479164906 304.88122184480017 110.86355912842555 52.791024252073839 95.357766068191268 13.54492963652592 255.72359035897534 658.59006329071417 49.157800338784
leaf_count=1345 41013 7337 11362 2876 169906 64738 85072 301 83 22114 1271 1472 35432 5579
internal_value=3.15707e-05 -0.0187785 0.0220028 0.0334278 -0.0240102 -0.0184791 -0.015814 0.0212407 0.0134532 -0.0323533 -0.0104947 0.00901352 -0.00453231 -0.0314796
internal_weight=4695.57 2529.77 2165.8 1152.28 2237.29 1786.15 1644.7 292.484 445.141 400.239 1244.46 1013.52 721.293 62.7027
internal_count=449901 432763 17138 4304 425125 255219 190481 7638 1428 107186 83295 12834 42282 6850
is_linear=0
shrinkage=0.05


Tree=41
num_leaves=15
num_cat=0
split_feature=2 10 2 4 4 15 16 10 0 0 18 15 10 18
split_gain=724.848 203.911 180.12 81.8533 53.0661 37.8551 31.6833 30.8724 26.4877 25.0044 22.2665 21.241 22.6221 20.8584
threshold=1.59589558839798 0.023972609080374244 3.478630900382996 0.023597419261932377 0.020633727312088016 1.0000000180025095e-35 2.7403194904327397 0.031766043975949294 0.6997659206390382 0.63407999277114879 0.27232629060745245 1.0000000180025095e-35 0.027502738870680336 0.42277917265892034
decision_type=10 10 10 10 10 10 8 10 10 10 10 10 10 8
left_child=1 3 6 5 -4 8 -2 10 13 -5 -3 -8 -13 -1
right_child=2 7 4 9 -6 -7 11 -9 -10 -11 -12 12 -14 -15
leaf_value=-0.022244370162489546 0.024826749956313524 0.025837335764063715 0.021000002788424642 -0.048347712769005576 0.045474970162811088 -0.0058742664984875407 4.8121144678208699e-05 0.04985242368914504 -0.0026485523049291308 -0.02792825324441402 -0.014363215136392306 0.011113338855932539 0.059721754460253476 -0.039516053968335324
leaf_weight=554.88738734662184 229.92190021206625 92.225260695297038 358.97439457091969 401.29951348761097 578.17101731539879 390.46487931028241 816.71974083877285 77.258359959872905 121.4807433988899 239.3374589185114 54.979449308171752 343.19249066663906 25.730522229336202 255.19850631806185
leaf_count=85055 1835 3079 982 168869 2736 35840 12444 133 7773 56771 3876 3335 80 66920
internal_value=-0.000166422 -0.0208879 0.0190967 -0.0260509 0.0360998 -0.0189428 0.00784012 0.0242565 -0.0244205 -0.0407191 0.0108228 0.00454605 0.0145035 -0.0276854
internal_weight=4539.84 2187.13 2352.71 1962.67 937.145 1322.03 1415.56 224.463 931.567 640.637 147.205 1185.64 368.923 810.086
internal_count=449728 428316 21412 421228 3718 195588 17694 7088 159748 225640 6955 15859 3415 151975
is_linear=0
shrinkage=0.05


Tree=42
num_leaves=15
num_cat=0
split_feature=2 10 2 4 2 4 4 10 16 18 2 2 1 10
split_gain=673.243 155.808 116.026 100.093 57.822 44.5368 41.9956 37.8406 26.8126 23.1387 22.9196 22.669 16.7578 15.2497
threshold=2.0991011857986455 0.030247935093939308 4.1596052646636972 0.039589107036590583 0.072564069181680693 0.019838452339172367 0.00049230456352233898 0.031408416107296951 2.4414010047912602 0.164396807551384 1.496815085411072 2.8114801645278935 7.5000000000000009 0.021331550553441051
decision_type=10 10 10 10 10 10 10 10 8 10 10 10 8 10
left_child=1 3 7 4 6 -4 -1 8 -2 13 -5 -10 -3 -8
right_child=2 12 5 10 -6 -7 9 -9 11 -11 -12 -13 -14 -15
leaf_value=-0.011876286086832853 0.034330573033300837 0.00032882654441086047 0.012435348269392792 -0.046009229125666587 -0.0072736199076608894 0.047858661031674583 -0.021951817341404969 0.032700187726375285 -0.00089567000723809 -0.041541307621849599 -0.004192491117874949 0.014078594202465983 0.043034682624858857 0.07053273832023689
leaf_weight=373.77357476706675 106.96576229302445 29.041776911006309 110.07502773078158 385.48880904901307 1004.6692903185176 457.62848775403108 183.94213818888238 229.62358625559136 422.86246243794449 340.85726618705667 35.811898896005005 628.24591948662419 109.89387975764112 4.5678844749927512
leaf_count=25990 533 579 258 172701 56066 2231 56604 833 5573 121136 3378 3166 386 609
internal_value=3.34505e-05 -0.0173292 0.0219481 -0.0203975 -0.0155267 0.0409902 -0.0247075 0.014158 0.0104814 -0.0337674 -0.0424547 0.00805443 0.0341079 -0.0197108
internal_weight=4423.45 2468.05 1955.4 2329.11 1907.81 567.704 903.141 1387.7 1158.07 529.367 421.301 1051.11 138.936 188.51
internal_count=450043 437449 12594 436484 260405 2489 204339 10105 9272 178349 176079 8739 965 57213
is_linear=0
shrinkage=0.05


Tree=43
num_leaves=15
num_cat=0
split_feature=2 10 2 3 4 3 4 18 10 18 8 15 12 7
split_gain=588.303 170.913 130.57 93.4518 58.3263 55.5853 47.2614 33.5713 30.4247 23.0614 21.4425 17.7474 15.564 14.3641
threshold=1.9278427958488467 0.023972609080374244 3.478630900382996 0.06253755092620851 0.00095802545547485362 0.11613461375236513 0.029286950826644901 0.26671525835990911 0.03201024420559407 0.27232629060745245 2.5000000000000004 1.0000000180025095e-35 0.057983193546533592 31.38139629364014
decision_type=10 10 10 8 10 8 10 10 10 10 8 10 8 10
left_child=1 3 7 -1 12 11 -4 10 9 -3 -2 -6 -5 -9
right_child=2 8 6 4 5 -7 -8 13 -10 -11 -12 -13 -14 -15
leaf_value=-0.0074522571583703111 0.040959042921009367 0.023399192891536483 0.022889969863013435 -0.04672337400238178 -0.030822625904206515 -0.048585987410863923 0.046572464419917532 -0.0061238292965577271 0.049610039508428461 -0.013977418750307552 0.012321720475695639 -0.010073450087314351 -0.0095750553699319486 0.021550293318904595
leaf_weight=688.80036436847877 72.357935974840075 120.65992665658996 427.35289280855795 30.876364770199871 350.54985167065752 479.87656760551909 415.47378747031325 365.85056069027632 68.783279980882071 62.721912440058077 676.44919485633727 145.96849358524196 324.75895337387919 53.781855091685429
leaf_count=40045 185 3396 1378 5239 82940 252123 2338 4782 117 4170 6077 22648 24059 393
internal_value=-0.000132539 -0.0175614 0.0195643 -0.0224046 -0.0301365 -0.036451 0.0345643 0.00874443 0.0212519 0.0106153 0.015089 -0.0247227 -0.0128003 -0.002577
internal_weight=4284.26 2273 2011.27 2020.83 1332.03 976.395 842.827 1168.44 252.165 183.382 748.807 496.518 355.635 419.632
internal_count=449890 434737 15153 427054 387009 357711 3716 11437 7683 7566 6262 105588 29298 5175
is_linear=0
shrinkage=0.05


Tree=44
num_leaves=15
num_cat=0
split_feature=3 4 3 10 8 7 10 18 3 1 16 0 16 18
split_gain=504.523 160.494 142.216 120.689 89.8272 56.8402 27.2427 24.8283 23.9353 15.5008 15.2205 22.9759 14.375 13.9885
threshold=0.024083048105239872 0.024898648262023929 0.10333120822906496 0.021331550553441051 29.500000000000004 22.89106369018555 0.032394465059041984 0.26671525835990911 0.063809365034103407 36.500000000000007 3.2384861707687382 0.69235980510711681 2.1383330821990971 0.27782019972801214
decision_type=8 10 10 8 8 10 10 10 10 10 8 10 8 10
left_child=1 5 3 -2 6 10 7 9 -6 12 -1 -12 -5 -7
right_child=2 -3 -4 4 8 13 -8 -9 -10 -11 11 -13 -14 -15
leaf_value=0.015862445740771752 -0.047552965197512426 0.047246591163768059 -0.044402806161896152 0.054208001957056412 -0.007236938339527957 0.038733689403296523 0.049993411338298127 -0.0095478398802778044 -0.021183847165336209 0.11244497634442881 -0.016537498707896944 0.0065053788049611724 0.013806554433635579 0.018618005517174699
leaf_weight=290.82761607365683 193.41129860997899 421.18438556423644 349.81714698328869 26.201078953687102 1146.3690537459916 199.75510070542805 55.683267598622479 91.291451720317127 420.45299314937438 4.6903336692485018 132.07682434108574 597.85028325207531 137.86308877237025 97.134689418016933
leaf_count=1565 110812 2380 175970 141 64467 452 128 3051 82543 363 1842 4034 2002 329
internal_value=-0.000176434 0.0203787 -0.0149106 -0.00994093 -0.00607671 0.0117904 0.0182539 0.0114576 -0.0109796 0.0228209 0.00618979 0.00233588 0.0202587 0.0310462
internal_weight=4164.61 1738.83 2425.78 2075.96 1882.55 1317.64 315.729 260.046 1566.82 168.755 1020.75 729.927 164.064 296.89
internal_count=450079 10602 439477 263507 152695 8222 5685 5557 147010 2506 7441 5876 2143 781
is_linear=0
shrinkage=0.05


Tree=45
num_leaves=15
num_cat=0
split_feature=3 3 4 10 9 7 3 0 10 2 0 15 15 2
split_gain=494.225 138.353 132.243 116.998 82.9073 44.2587 32.1769 16.8037 14.96 12.9369 11.9886 11.8922 11.4617 13.7671
threshold=0.017360478639602665 0.10580185055732728 0.020199328660964969 0.016001024283468727 0.80556496977806102 45.29559516906739 0.06253755092620851 0.5890803635120393 0.032394465059041984 1.3992249965667727 0.70460382103919994 1.0000000180025095e-35 1.0000000180025095e-35 2.3373203277587895
decision_type=8 10 10 8 10 10 10 8 10 10 10 10 8 10
left_child=2 3 5 -2 6 12 7 -5 -6 11 -9 -8 13 -1
right_child=1 -3 -4 4 8 -7 9 10 -10 -11 -12 -13 -14 -15
leaf_value=-0.079026918494513182 -0.049386658856716559 -0.045048554605635817 0.045893924299209098 -0.064110211002688725 0.016730583517694863 0.038395746087811496 -0.028845493943388707 -0.0081162426613009854 0.047811033419790122 0.0011526855120182113 0.0016295280589393145 -0.01051719853050799 0.010699509234889163 -0.0032228101604797835
leaf_weight=6.6369779033120713 167.5388103252335 305.80025934542937 433.77664845118852 12.021116213174535 129.28593387737055 150.14915838185698 294.71876091868035 910.98533906869125 55.266912092221901 61.818318915960845 482.78568243689369 126.48570374032715 861.45853143744171 61.404156494652852
leaf_count=223 104385 170833 2564 1619 5447 300 68181 54821 134 4528 11671 20101 4548 429
internal_value=-5.29838e-05 -0.0135009 0.0225763 -0.00919577 -0.00594813 0.0132079 -0.00907345 -0.0052481 0.0260381 -0.0202068 -0.00474042 -0.0233416 0.0091391 -0.010617
internal_weight=4060.13 2546.71 1513.43 2240.91 2073.37 1079.65 1888.81 1405.79 184.553 483.023 1393.77 421.204 929.5 68.0411
internal_count=449784 441720 8064 270887 166502 5500 160921 68111 5581 92810 66492 88282 5200 652
is_linear=0
shrinkage=0.05


Tree=46
num_leaves=15
num_cat=0
split_feature=3 3 9 9 18 2 3 2 16 18 16 9 17 14
split_gain=435.338 119.328 92.7973 65.3907 47.6775 39.7932 30.6155 25.3187 16.531 20.3276 15.4404 14.6591 13.2146 14.9763
threshold=0.024083048105239872 0.10580185055732728 0.68552687764167797 0.97896310687065136 0.3523381799459458 4.1596052646636972 0.054146409034729011 0.041197286918759353 3.0201274156570439 0.031050826422870163 2.5249279737472539 0.72622880339622509 4.4005842208862314 1.0000000180025095e-35
decision_type=8 10 10 10 8 10 8 10 10 10 8 8 10 8
left_child=2 3 5 4 6 10 11 -6 9 -8 -1 -2 -13 -14
right_child=1 -3 -4 -5 7 -7 8 -9 -10 -11 -12 12 13 -15
leaf_value=0.027473892577520687 0.029664531589499346 -0.044333191582842199 0.039097140930316215 0.031284998089220355 -0.034779596204341748 0.033172686575643082 -0.061483213332686561 -0.014332588153346175 -0.01717900854274779 0.0015332471261467831 0.006459603714386278 0.026533073449208047 -0.020069983197048891 0.0029173332546383155
leaf_weight=96.616201324970461 48.030505707371049 283.89418279062374 446.94655651887297 92.784280001098523 266.07371672829322 194.09674019428348 13.511972669337409 351.2796752875729 552.92304684763076 241.95044677089027 917.53916367370402 44.395371690392494 91.061640224419534 319.30498312821146
leaf_count=403 442 170830 1962 3245 101830 1030 3623 25799 90562 26374 7148 873 4646 11365
internal_value=6.83629e-05 -0.0139786 0.0196317 -0.00971532 -0.0116879 0.0124312 -0.00629342 -0.0231451 -0.0123189 -0.00179983 0.00846159 0.00339437 0.000619795 -0.00218362
internal_weight=3960.41 2305.21 1655.2 2021.32 1928.53 1208.25 1311.18 617.353 808.385 255.462 1014.16 502.793 454.762 410.367
internal_count=450132 439589 10543 268759 265514 8581 137885 127629 120559 29997 7551 17326 16884 16011
is_linear=0
shrinkage=0.05


Tree=47
num_leaves=15
num_cat=0
split_feature=1 10 2 10 0 10 2 16 2 12 18 8 18 0
split_gain=376.335 113.247 95.2459 57.1137 53.8666 35.7154 24.6362 21.1104 17.5949 17.144 16.279 15.8431 15.7277 15.1234
threshold=5.5000000000000009 0.029892162419855598 4.1596052646636972 0.021331550553441051 0.60565054416656505 0.031766043975949294 0.041197286918759353 2.2499048709869389 2.8114801645278935 0.19803921878337863 0.164396807551384 20.500000000000004 0.12100050225853921 0.67163389921188366
decision_type=8 10 10 8 8 10 8 8 10 10 8 10 8 8
left_child=2 3 5 -2 -5 7 10 -1 9 -9 -6 -8 -10 -3
right_child=1 13 -4 4 6 -7 11 8 12 -11 -12 -13 -14 -15
leaf_value=0.031931330304819004 -0.046729026223393186 -0.013696736192372164 0.037297994375921885 -0.041621434861629364 -0.0082456755025941738 0.031220786706307381 -0.010099731093877535 -0.0013865173615961856 0.027338888016119296 0.063001717071082181 -0.027163543009418173 0.029763930829503651 0.007457036672529122 0.038712649330511863
leaf_weight=80.413009959709598 164.77706082064833 15.887912056641651 404.11946630211605 180.79871045875188 119.63736439115019 173.89730818965472 1115.6363882042497 623.30120650457684 125.86957809800515 10.512421482009811 214.53766698058462 25.493999296901166 474.25719528849004 103.01113455471932
leaf_count=628 112735 401 2443 92207 37614 669 95871 14278 543 103 88080 1205 2734 385
internal_value=-9.23625e-05 -0.0155685 0.0157715 -0.0186556 -0.0158624 0.0099262 -0.0127057 0.00710879 0.00549116 -0.000318575 -0.0246454 -0.00920914 0.011627 0.0317094
internal_weight=3832.15 1939.78 1892.37 1820.88 1656.1 1488.25 1475.31 1314.35 1233.94 633.814 334.175 1141.13 600.127 118.899
internal_count=449896 428498 21398 427712 314977 18955 222770 18286 17658 14381 125694 97076 3277 786
is_linear=0
shrinkage=0.05


Tree=48
num_leaves=15
num_cat=0
split_feature=2 3 8 4 3 1 4 0 7 16 16 17 16 11
split_gain=354.6 111.223 71.4194 63.339 45.0391 43.8732 34.8055 51.4578 25.4283 20.7567 18.7723 18.0881 13.102 14.6593
threshold=2.4668344259262089 0.11613461375236513 1.5000000000000002 0.026797741651535038 0.054146409034729011 1.5000000000000002 inf 0.60627064108848583 48.332918167114265 3.5694335699081425 5.2704288959503183 5.4445774555206308 3.0201274156570439 0.15587044507265094
decision_type=10 10 8 10 8 10 8 10 10 10 10 10 10 8
left_child=1 2 -1 8 -4 -5 7 -6 9 -2 -8 -12 -9 -14
right_child=3 -3 4 5 6 -7 10 12 -10 -11 11 -13 13 -15
leaf_value=0.036354990224274672 0.018386328210592249 -0.046809928210148663 -0.001797065754701092 0.046150103334530568 -0.043288475759420748 0.0017126073946831116 -0.0063964038596818545 -0.0019885321595095435 0.033323904111050101 0.0030728662737189993 -0.064931394290423924 0.066168893305480744 -0.029061986936847712 -0.012096508173539898
leaf_weight=85.863239601196256 432.77004615502665 205.59086648951052 908.95661709667183 299.11923302648211 215.36130541563034 68.210575936012901 345.26626913054497 149.51052181739942 142.34896349848714 452.82104705634993 3.1510457323893233 15.942664406116817 170.02328932200908 286.62488701305119
leaf_count=2839 1813 149836 31110 2266 129271 1719 18853 21862 374 2551 783 1116 36631 48983
internal_value=5.40146e-05 -0.0116537 -0.00833924 0.0200774 -0.0101712 0.0378984 -0.0165898 -0.0222944 0.0137091 0.0105562 -0.00372751 0.0445333 -0.0148355 -0.0190417
internal_weight=3781.56 2386.29 2180.7 1395.27 2094.84 367.33 1185.88 821.52 1027.94 885.591 364.36 19.0937 606.159 456.648
internal_count=450007 441284 291448 8723 288609 3985 257499 236747 4738 4364 20752 1899 107476 85614
is_linear=0
shrinkage=0.05


Tree=49
num_leaves=15
num_cat=0
split_feature=3 4 3 16 0 4 0 16 2 18 14 14 16 18
split_gain=315.011 109.783 102.519 41.7604 27.6245 31.6977 39.8931 27.3395 14.8783 14.7743 12.4545 12.0175 13.9234 12.9257
threshold=0.024083048105239872 0.024898648262023929 0.10580185055732728 3.0201274156570439 0.69043466448783886 inf 0.61373090744018566 2.6020033359527592 2.8114801645278935 0.11735317856073381 1.0000000180025095e-35 1.0000000180025095e-35 2.4414010047912602 0.31443770229816442
decision_type=8 10 10 8 10 8 10 8 10 8 10 10 10 10
left_child=1 7 3 11 5 6 -5 10 -9 -10 -1 13 -13 -2
right_child=2 -3 -4 4 -6 -7 -8 8 9 -11 -12 12 -14 -15
leaf_value=0.035097450242801698 0.013279403809216998 0.045286975168449012 -0.043413816331519729 -0.042578493374813814 -0.0031252842606798443 -0.010251156848788009 -0.016105941129457169 0.00084693792024465161 0.03002987963753978 0.0096056075005130429 -0.0074002668802073575 -0.048332506276273474 -0.00075461369645303696 -0.035074003385626419
leaf_weight=144.75663212069776 283.32709286389581 287.00188021532085 234.567205024141 202.28088942576142 525.74359485003515 280.15832347865216 480.05077498912578 424.97027221822646 105.00635452859569 564.74307298642816 19.570695539994631 17.873503006150713 110.0980963462207 14.529813831759382
leaf_count=430 24350 2343 170760 117391 28342 17498 69859 5011 358 2246 149 2362 6846 1958
internal_value=0.000169225 0.0173805 -0.0122152 -0.00839182 -0.0123424 -0.017377 -0.0239539 0.0110192 0.0081646 0.0128078 0.0300362 0.00541496 -0.00739971 0.0109207
internal_weight=3694.68 1546.05 2148.63 1914.06 1488.23 962.49 682.332 1259.05 1094.72 669.749 164.327 425.829 127.972 297.857
internal_count=449903 10537 439366 268606 233090 204748 187250 8194 7615 2604 579 35516 9208 26308
is_linear=0
shrinkage=0.05


Tree=50
num_leaves=15
num_cat=0
split_feature=3 3 10 9 8 0 18 18 18 10 1 16 1 17
split_gain=284.24 96.7454 87.1063 69.1071 66.4431 26.2228 32.1232 18.6185 16.9028 16.4859 15.9328 15.5501 15.3491 14.5805
threshold=0.017360478639602665 0.10580185055732728 0.021331550553441051 0.55028799176216137 2.5000000000000004 0.68952423334121715 0.27782019972801214 0.41838869452476507 0.45654594898223883 0.027214052155613903 1.5000000000000002 1.2424533367156985 2.5000000000000004 6.0695817470550546
decision_type=8 10 8 10 8 8 10 8 8 10 10 8 10 10
left_child=3 2 11 7 8 6 -6 12 -4 -7 -5 -2 -1 -9
right_child=1 -3 4 10 5 9 -8 13 -10 -11 -12 -13 -14 -15
leaf_value=0.019285572199037058 0.36195852092680625 -0.041659862828790611 0.038811469169576819 0.042509877792995691 -0.0076874460241685488 -0.0035428277060654428 -0.028018220454102682 -0.0039568096517696534 -0.010378469187655935 0.017808259363083941 0.021098738628654773 -0.046024127754337923 0.00024512833546831318 0.042278321495515109
leaf_weight=543.83290845155716 0.23395474068820377 220.45620476720796 106.83897320006508 284.62319712533645 472.67268768479698 968.16187600622652 261.18974170362344 227.4309254239779 20.876683211245108 99.721388789126649 125.06544565432705 136.84710424936202 131.42324352089781 18.433855265378952
leaf_count=2693 102 170901 546 1759 57230 54213 46755 1722 347 980 339 110453 1412 67
internal_value=0.000516751 -0.0101742 -0.00681531 0.0188891 -0.00407914 -0.00654946 -0.0138259 0.0112904 0.0307708 -0.00154901 0.0359737 -0.0453278 0.0155798 -0.000490304
internal_weight=3617.81 2287 2066.54 1330.81 1929.46 1801.75 733.862 921.121 127.716 1067.88 409.689 137.081 675.256 245.865
internal_count=449519 441527 270626 7992 160071 159178 103985 5894 893 55193 2098 110555 4105 1789
is_linear=0
shrinkage=0.05


Tree=51
num_leaves=15
num_cat=0
split_feature=10 3 3 3 8 18 1 4 3 18 4 10 4 14
split_gain=255.315 159.296 43.5576 43.3021 48.4587 33.999 33.9834 20.4638 23.5485 20.8026 18.1803 17.0557 12.7376 12.4901
threshold=0.027214052155613903 0.064447343349456801 0.012984067201614382 0.1186763644218445 6.5000000000000009 0.28072521090507513 2.5000000000000004 0.018941938877105716 0.021053433418273929 0.38347689807415014 0.00893184542655945 0.032654678449034698 0.023316860198974613 inf
decision_type=10 8 10 10 10 10 10 10 10 10 10 10 10 8
left_child=1 6 11 4 13 -4 7 9 -9 -1 -7 -2 -10 -3
right_child=2 3 5 -5 -6 10 -8 8 12 -11 -12 -13 -14 -15
leaf_value=0.010754785143382605 0.028407520677657706 -0.011164516176586071 0.021997324381424405 -0.046750105554743397 -0.048548832766949122 -0.062153533577577497 -0.0034916293931650053 0.035663674586840562 -0.066194223009043901 -0.012397362372362134 -0.0050366328821464211 0.048098039347201256 0.0064133097688790948 -0.031593905239606888
leaf_weight=432.68756140850019 340.88937137078756 673.29378735544742 155.69194146670634 154.03430623476015 112.89714427177387 18.312305748142535 1029.3434667568072 137.9437969771534 6.8070788632612667 125.06773504754528 58.243476720730541 162.35275979182916 53.62999009352643 84.168614695547149
leaf_count=1992 1473 126852 2243 143443 93696 391 48838 1114 91 708 2061 1116 937 25024
internal_value=0.000267786 -0.00659694 0.0264938 -0.022314 -0.0179894 0.00858256 0.00242053 0.0104689 0.0242611 0.00556329 -0.0186991 0.0347599 -0.00176454 -0.0134346
internal_weight=3545.36 2809.87 735.49 1024.39 870.36 232.248 1785.48 756.136 198.381 557.755 76.5558 503.242 60.4371 757.462
internal_count=449979 442695 7284 389015 245572 4695 53680 4842 2142 2700 2452 2589 1028 151876
is_linear=0
shrinkage=0.05


Tree=52
num_leaves=15
num_cat=0
split_feature=2 10 9 3 10 2 4 1 16 0 16 18 10 11
split_gain=237.601 91.5296 61.3674 57.8968 54.7323 29.6793 29.6515 24.4338 18.9815 23.5682 20.8839 17.183 17.1567 12.4413
threshold=1.59589558839798 0.030247935093939308 0.97896310687065136 0.11613461375236513 0.016001024283468727 2.8114801645278935 0.021026849746704105 1.5000000000000002 2.6735538244247441 0.68952423334121715 5.1901714801788339 0.28072521090507513 0.028780681081116203 0.52272728085517894
decision_type=10 10 10 10 8 10 10 10 8 8 10 10 8 8
left_child=1 3 5 4 -1 -2 -7 -8 12 11 -11 -10 -6 -12
right_child=2 -3 -4 -5 8 6 7 -9 9 10 13 -13 -14 -15
leaf_value=-0.046774091534844443 0.0021089222881542995 0.03675147323875768 0.038639758316161614 -0.045687360898431666 0.054697155732073933 0.010246709522483672 0.039959952887962537 -0.0017810014696440402 -0.013276586044560546 -0.0091223418090067409 -0.013276586044560546 -0.031672437904101326 0.00039585412073655179 0.033061511235743676
leaf_weight=111.83405143304844 751.10589243460709 85.65094457322266 201.32038064554217 151.69483724908787 16.24462091276655 630.45732589182444 175.12893345250632 43.834898911707569 313.57052662756178 574.70251362431736 14.49878263150458 205.8688566552446 139.13871597833349 49.476313737046439
leaf_count=104443 14923 623 1361 148827 711 2533 1515 980 56754 46794 2570 52610 11756 3885
internal_value=4.39657e-05 -0.013587 0.0126221 -0.016321 -0.0131956 0.00934955 0.0157521 0.0316037 -0.0103366 -0.0125383 -0.00610573 -0.0204474 0.00607281 0.0209931
internal_weight=3464.53 1662.68 1801.85 1577.03 1425.33 1600.53 849.421 218.964 1313.5 1158.12 638.678 519.439 155.383 63.9751
internal_count=450285 428973 21312 428350 279523 19951 5028 2495 175080 162613 53249 109364 12467 6455
is_linear=0
shrinkage=0.05


Tree=53
num_leaves=15
num_cat=0
split_feature=3 4 3 9 7 18 11 0 3 18 16 0 14 4
split_gain=236.751 78.7064 70.5852 54.4293 36.1488 30.0061 19.9956 17.855 17.2 16.5561 15.7618 13.0891 12.8679 12.8213
threshold=0.024083048105239872 0.024898648262023929 0.10580185055732728 0.81092095375061046 22.89106369018555 0.36371473968029028 0.75000000000000011 0.65485119819641124 0.057799786329269416 0.28365816175937658 3.5972183942794804 0.69043466448783886 1.0000000180025095e-35 0.0020553171634674077
decision_type=8 10 10 10 10 8 8 10 8 8 8 10 8 10
left_child=1 4 3 5 7 8 12 -1 -2 -5 -9 13 -7 -8
right_child=2 -3 -4 9 -6 6 11 10 -10 -11 -12 -13 -14 -15
leaf_value=-0.024921391029825476 0.00062476179816455012 0.043258937569535291 -0.040768061803237943 0.035038881022611872 0.027360124569848321 -0.020228209520294027 -0.010684767376287234 0.015752868883783296 -0.011688935902923617 -0.00015617625825283009 0.0022912604454962972 0.00023541431858273371 -0.044472205534683021 -0.032240412326481595
leaf_weight=44.138804862042889 508.08787384547759 217.87956407342426 182.56760313699488 87.602085522376001 254.11244940984761 110.35761749166704 47.738061179654323 360.95812222280074 641.82820015688776 54.019120184937492 546.91510417393874 121.824976693606 108.58435497735627 109.28338470848394
leaf_count=881 21236 2356 170671 3981 776 25216 8252 2130 115495 7425 4504 7588 36976 42115
internal_value=6.63194e-05 0.0156018 -0.0111526 -0.00813094 0.0106057 -0.0106876 -0.0209428 0.00613359 -0.00624816 0.0216143 0.00764341 -0.0120631 -0.032252 -0.0216049
internal_weight=3395.9 1424 1971.89 1789.33 1206.12 1647.7 497.788 952.012 1149.92 141.621 907.873 278.846 218.942 157.021
internal_count=449602 10647 438955 268284 8291 256878 120147 7515 136731 11406 6634 57955 62192 50367
is_linear=0
shrinkage=0.05


Tree=54
num_leaves=15
num_cat=0
split_feature=10 2 3 10 10 18 3 2 4 0 18 4 4 18
split_gain=202.75 141.665 44.66 48.5858 37.1267 27.236 20.9174 17.2886 15.5225 13.4045 12.6737 11.3346 14.8833 10.9492
threshold=0.027214052155613903 1.59589558839798 0.11613461375236513 0.015504807699471714 0.032654678449034698 0.26671525835990911 0.012984067201614382 2.8114801645278935 0.045640915632247932 0.60565054416656505 0.12286201864480974 0.00893184542655945 0.0039139986038208016 0.42277917265892034
decision_type=10 10 10 8 10 10 10 10 10 8 10 10 10 10
left_child=1 2 3 -1 5 -2 -7 -3 10 -5 -9 12 -8 -11
right_child=4 7 -4 9 -6 6 11 8 -10 13 -12 -13 -14 -15
leaf_value=-0.048439594424778736 0.028164315195293988 0.00080186561906670927 -0.044398634500916544 -0.03278148544155756 0.049128798715233998 0.016878119755210013 -0.0059907189413646597 0.022181199869536424 0.044053210934259332 -0.0074966734202412694 0.0057003479909784787 -0.0045240175292724236 -0.092934743624579833 -0.020024759371562423
leaf_weight=93.815961855332716 326.97543496840808 632.75069045377313 130.8656714272729 67.333706603531027 128.32156440502149 132.825077051064 10.004393497016283 165.92529711735551 36.957800426185713 936.68477918636927 392.79978387651499 54.63750476524001 9.689429418591315 214.30459024844458
leaf_count=97934 2944 13391 147523 21999 1111 700 177 791 695 110978 2187 2123 231 47149
internal_value=0.00021812 -0.00592204 -0.0165456 -0.0137677 0.0249792 0.0191774 0.00499255 0.00655714 0.0126705 -0.0110978 0.0105947 -0.0162462 -0.0487675 -0.0098293
internal_weight=3333.89 2671.44 1443 1312.14 662.453 534.132 207.156 1228.43 595.683 1218.32 558.725 74.3313 19.6938 1150.99
internal_count=449933 442647 425583 278060 7286 6175 3231 17064 3673 180126 2978 2531 408 158127
is_linear=0
shrinkage=0.05


Tree=55
num_leaves=15
num_cat=0
split_feature=2 8 3 8 15 16 4 16 12 16 2 0 4 2
split_gain=188.292 58.7081 51.4308 47.1732 30.7153 26.7735 20.9877 19.2911 18.8727 18.5973 19.5253 15.7339 15.3052 24.8619
threshold=2.0991011857986455 4.5000000000000009 0.11613461375236513 1.5000000000000002 1.0000000180025095e-35 2.7403194904327397 0.044868081808090217 3.65057384967804 0.096006143838167204 3.2384861707687382 2.8114801645278935 0.69440013170242321 inf 2.0106205940246586
decision_type=10 8 10 8 10 8 10 8 8 8 10 10 8 8
left_child=1 7 4 -2 5 -3 9 -1 -6 -5 -11 12 13 -7
right_child=3 2 -4 6 8 11 -8 -9 -10 10 -12 -13 -14 -15
leaf_value=0.040745860385317356 0.038883796745747851 0.0029191347860997897 -0.044094199296794201 0.018429364288582554 -0.019610579604215118 -0.022170721767294801 0.034005916283521759 0.0019115750649380822 0.0044513318612888304 -0.0060866272328905201 0.010039160676689765 -0.0069056658175611621 -0.01456573412308192 -0.05186072054741963
leaf_weight=66.480068887525704 162.94275989197195 170.49358661648148 123.59820528172713 338.07818405955913 102.14397144166287 448.30597276533081 86.877485045122739 61.620551702697412 403.04599813984532 285.1669089657953 549.28240199072752 219.00288980203914 181.9175178007572 83.670378752889519
leaf_count=3517 1291 19933 148716 1960 12551 94299 2812 11317 33203 3570 2905 13985 15516 84581
internal_value=-0.000126286 -0.0105973 -0.0130128 0.0135687 -0.0106246 -0.0152997 0.0102934 0.0220653 -0.000413728 0.00853643 0.00452829 -0.0186293 -0.0222258 -0.0268404
internal_weight=3282.63 1860.28 1732.18 1422.35 1608.58 1103.39 1259.4 128.101 505.19 1172.53 834.449 932.897 713.894 531.976
internal_count=450156 437618 422784 12538 274068 228314 11247 14834 45754 8435 6475 208381 194396 178880
is_linear=0
shrinkage=0.05


Tree=56
num_leaves=15
num_cat=0
split_feature=10 2 3 10 10 18 15 3 11 18 10 3 12 3
split_gain=182.409 114.228 42.1128 43.5087 31.7092 20.6712 19.3086 17.1616 16.1965 20.7146 18.8524 13.1557 14.4305 12.9003
threshold=0.027214052155613903 1.59589558839798 0.1186763644218445 0.015504807699471714 0.032654678449034698 0.39178271591663366 1.0000000180025095e-35 0.037637472152709968 0.61250001192092907 0.42277917265892034 0.021331550553441051 0.0076004564762115487 0.15894736349582675 0.026645988225936893
decision_type=10 10 10 8 10 10 10 10 8 10 10 10 8 8
left_child=1 2 3 -1 6 11 7 -2 9 10 -5 -3 -13 -10
right_child=4 5 -4 8 -6 -7 -8 -9 13 -11 -12 12 -14 -15
leaf_value=-0.04736129939895399 0.021009501558628182 0.01537290868166253 -0.045101794781314583 -0.014505238017166151 0.048525891983328996 -0.0062171896335015521 0.054587534472094856 -0.0039403123914490924 -0.048426680368689419 -0.038788044959612467 0.040762931013262713 -0.016372036707958223 0.0074285665734130316 -0.0043290395282245247
leaf_weight=83.939337559786509 401.57945313206437 470.63610906946997 107.73567726415786 376.6071549833141 113.46795354172355 270.1210708264698 36.190424511441961 83.202988930890569 16.986050348728895 90.397343986398482 16.08881589199882 76.313334843929624 384.8898232653446 702.0409638134588
leaf_count=97835 2097 2554 142829 61722 1107 4989 252 3831 808 28309 1210 1825 7636 92987
internal_value=0.000540732 -0.00533338 -0.0150736 -0.0125581 0.0245741 0.00596145 0.0193574 0.0167274 -0.010128 -0.0172084 -0.0122409 0.00949179 0.00349038 -0.00537079
internal_weight=3230.2 2595.76 1393.8 1286.06 634.441 1201.96 520.973 484.782 1202.12 483.093 392.696 931.839 461.203 719.027
internal_count=449991 442704 425700 282871 7287 17004 6180 5928 185036 91241 62932 12015 9461 93795
is_linear=0
shrinkage=0.05


Tree=57
num_leaves=15
num_cat=0
split_feature=2 3 8 7 16 0 16 11 14 16 1 0 3 16
split_gain=161.443 60.2734 40.9646 38.9596 20.2929 17.2533 19.1022 20.3256 21.194 15.9232 15.2416 14.0356 10.8981 12.0733
threshold=2.0991011857986455 0.096796184778213515 4.5000000000000009 21.793208122253422 3.1567740440368657 0.70582419633865368 3.0201274156570439 inf 1.0000000180025095e-35 3.8606742620468144 1.5000000000000002 0.68866166472435009 0.12319961190223695 2.5249279737472539
decision_type=10 10 8 10 8 10 8 8 10 8 10 10 10 10
left_child=1 2 9 4 -2 6 -4 -8 -9 -1 -5 -6 13 -3
right_child=3 12 5 10 11 -7 7 8 -10 -11 -12 -13 -14 -15
leaf_value=0.036821087591643632 0.018175620456599911 0.015644384208255476 -0.0054043153657635261 0.037881482020623421 -0.012735877467426847 0.00069797338050490683 -0.024176064287642601 -0.025435127694276451 -0.0054043153657635261 -0.00016540395764334226 0.018175620456599911 0.0069611331357414029 -0.047453260707203682 -0.031299038011798723
leaf_weight=72.266969768199488 275.5709137662343 16.187251838855445 280.07647468471987 182.53872843099816 105.4983985729632 392.02673998242244 385.01025555311935 142.43235296029889 300.58314310247079 48.715272668399848 168.78162979881745 633.71270525945874 94.762386655995215 89.023207263133372
leaf_count=3730 2131 6434 29292 1651 2011 16874 99568 42500 46877 9633 1228 5483 135766 47040
internal_value=0.000491733 -0.00925485 -0.00606003 0.0134844 0.00851621 -0.0083172 -0.0115066 -0.0157729 -0.00846997 0.0219279 0.027835 0.00415002 -0.0351542 -0.0240765
internal_weight=3187.19 1821.08 1621.11 1366.1 1014.78 1500.13 1108.1 828.026 443.015 120.982 351.32 739.211 199.973 105.21
internal_count=450218 437714 248474 12504 9625 235111 218237 188945 89377 13363 2879 7494 189240 53474
is_linear=0
shrinkage=0.05


Tree=58
num_leaves=15
num_cat=0
split_feature=10 2 10 0 10 15 18 16 18 0 16 17 1 0
split_gain=151.08 97.4147 34.7494 29.3063 28.6203 18.0405 16.4151 15.8143 15.7995 12.6205 9.88117 15.4135 14.0359 12.4729
threshold=0.027214052155613903 1.59589558839798 0.015038444194942715 0.6350998878479005 0.032654678449034698 1.0000000180025095e-35 0.39178271591663366 3.5114340782165532 0.27503213286399847 0.72347849607467662 2.8029010295867924 5.3867835998535165 3.5000000000000004 0.64722684025764476
decision_type=10 10 8 8 10 10 10 10 8 8 8 10 8 10
left_child=1 2 -1 7 5 8 10 -4 -2 -10 11 -3 -13 -12
right_child=4 6 3 -5 -6 -7 -8 -9 9 -11 13 12 -14 -15
leaf_value=-0.048979730518449352 0.023094054259866353 0.024871944728206807 -0.018475247539059696 -0.0090035826428007306 0.047151350914608051 0.051364885209871897 -0.006001419441723446 -0.040775458593344666 -0.0073512978071516013 0.017353879704726335 -0.031661957455229539 -0.0020109232624686206 -0.10902993041697449 0.0068591382849181905
leaf_weight=69.902556930697756 261.93077654152876 147.82403668151528 129.45684018468455 1025.0235117567354 97.588016712034005 36.640084427621332 260.92868064681534 125.49367543433618 106.76243786709529 100.22023616812658 21.646349628834287 17.765841285610808 3.7022600370110004 719.41071040235693
leaf_count=90746 2555 1382 72284 171594 1112 255 4986 91151 2688 714 1021 185 178 9286
internal_value=-0.000118562 -0.00549639 -0.0146515 -0.0127768 0.022361 0.0175756 0.00505475 -0.0279469 0.0149354 0.00461086 0.00822372 0.0191225 -0.0204668 0.00573393
internal_weight=3124.3 2521.15 1349.88 1279.97 603.142 505.554 1171.28 254.951 468.913 206.983 910.349 169.292 21.4681 741.057
internal_count=450137 442813 425775 335029 7324 6212 17038 163435 5957 3402 12052 1745 363 10307
is_linear=0
shrinkage=0.05


Tree=59
num_leaves=15
num_cat=0
split_feature=2 10 10 2 4 18 15 16 2 0 16 16 1 9
split_gain=135.86 67.897 42.4145 38.0397 36.2008 20.8346 19.505 16.6632 18.1202 15.8359 15.1546 13.6436 12.7129 12.0038
threshold=2.6247798204422002 0.031039468012750152 0.015749008394777778 0.041197286918759353 0.026797741651535038 0.11735317856073381 1.0000000180025095e-35 2.6020033359527592 0.27568778395652777 0.65853589773178112 2.2499048709869389 4.7916412353515634 1.5000000000000002 0.64932385087013256
decision_type=10 10 8 8 10 8 10 10 8 8 8 10 10 10
left_child=1 2 -1 6 5 -2 10 8 -5 11 -4 -9 -6 -12
right_child=4 -3 3 7 12 -7 -8 9 -10 -11 13 -13 -14 -15
leaf_value=-0.046307348651991515 0.024757683155735771 0.032981491918540461 0.019398814311976494 0.04905012060477254 0.041049970110632009 0.0057262879633629754 -0.0028695896740070842 -0.016161062387411666 0.0026050238344565244 -0.0047761016340613152 -0.03581373924756328 -0.065684096708697362 0.010959311296642035 0.031040975986685693
leaf_weight=75.816819156927522 186.43650296938722 98.101017511202372 14.200860566328627 23.151962171948981 150.10699783272867 628.95122132680262 84.352583164116368 199.45895771429787 225.95421300877933 1114.5056030784108 224.48596782336972 14.950130370139957 45.814207350165816 6.9212135716079493
leaf_count=101184 737 741 7068 3270 2280 3206 29369 41496 12914 72024 166700 5521 1319 2302
internal_value=-0.000319968 -0.00762333 -0.00963128 -0.0081739 0.0147149 0.0100778 -0.0236132 -0.00494558 0.00692164 -0.0071701 -0.0307374 -0.0196142 0.0340136 -0.0338142
internal_weight=3093.21 2081.9 1983.8 1907.98 1011.31 815.388 329.961 1578.02 249.106 1328.91 245.608 214.409 195.921 231.407
internal_count=450131 442589 441848 340664 7542 3943 205439 135225 16184 119041 176070 47017 3599 169002
is_linear=0
shrinkage=0.05


Tree=60
num_leaves=15
num_cat=0
split_feature=10 2 10 10 0 18 16 15 14 2 0 15 17 11
split_gain=131.019 90.6812 31.8957 28.4243 25.5532 17.0323 15.2906 19.3601 17.9017 14.9334 12.7845 10.797 10.699 10.6905
threshold=0.027214052155613903 1.59589558839798 0.015504807699471714 0.032654678449034698 0.60627064108848583 0.35988605022430425 2.8029010295867924 1.0000000180025095e-35 1.0000000180025095e-35 4.1596052646636972 0.71707999706268322 1.0000000180025095e-35 6.7912056446075448 0.61250001192092907
decision_type=10 10 8 10 8 10 8 10 10 10 8 10 10 8
left_child=1 2 12 5 -4 11 8 9 -3 -8 -7 -2 -1 -6
right_child=3 6 4 -5 13 10 7 -9 -10 -11 -12 -13 -14 -15
leaf_value=-0.048716321254930181 0.020623978432099094 0.027764663187399449 -0.035631697655483997 0.047993776889191819 -0.015623252722237769 -0.014686950862608267 -0.0042341294697586457 0.012807683072432102 -0.011747100709223629 0.022030292226379925 0.015981369443473701 0.054100266090614892 0.14285356891177931 -0.0056749340548874257
leaf_weight=67.660774074473011 327.2584724266635 136.50610586086987 101.49210759234848 88.94656545262842 435.60016561931116 61.158772540780774 583.67320105602266 350.43684163002763 36.287468528636964 59.651813347285497 76.471755799851962 25.999844264646526 0.73677069446421128 710.54419660224085
leaf_count=97485 3504 1340 95032 1103 115367 1906 11022 3717 505 527 624 152 337 117431
internal_value=0.000587294 -0.0044108 -0.0134077 0.0219868 -0.0115852 0.0172745 0.005739 0.00335199 0.019467 -0.00179878 0.00235331 0.0230878 -0.0466528 -0.00945586
internal_weight=3062.42 2482.59 1316.03 579.835 1247.64 490.889 1166.56 993.762 172.794 643.325 137.631 353.258 68.3975 1146.14
internal_count=450052 442763 425652 7289 327830 6186 17111 15266 1845 11549 2530 3656 97822 232798
is_linear=0
shrinkage=0.05


Tree=61
num_leaves=15
num_cat=0
split_feature=10 3 10 3 10 15 12 0 3 18 0 16 0 18
split_gain=111.436 82.3934 28.5448 28.2923 29.9202 20.3444 19.3173 20.6306 15.8863 18.4037 13.2908 13.2268 21.4408 11.1812
threshold=0.027214052155613903 0.057799786329269416 0.032654678449034698 0.11994323134422304 0.015038444194942715 1.0000000180025095e-35 0.094494048506021514 0.74292179942131054 0.012984067201614382 0.28072521090507513 0.58978664875030529 2.8029010295867924 0.68609479069709789 0.28365816175937658
decision_type=10 8 10 10 8 10 8 10 10 10 10 8 10 10
left_child=1 6 5 4 -3 8 7 -1 -2 -10 -8 -12 13 -13
right_child=2 3 -4 -5 -6 -7 10 -9 9 -11 11 12 -14 -15
leaf_value=-0.020672884744754698 0.021136616034018334 -0.047284742671407344 0.047332583008970121 -0.043739351577881759 -0.010272028038978122 0.052637200571575782 -0.067112784023499919 0.0072270929904431139 0.012777284859707203 -0.021071998966569163 0.017931376486917044 -0.00056782413098754696 0.0081001286104258104 -0.022217931244685026
leaf_weight=155.35657382849604 260.08016360936745 58.677160951428959 86.127361445542192 81.220974241296062 786.02829438550543 35.246827110066079 6.1949901885818681 115.53372263742494 125.6436345387483 59.01777112705895 204.67739959048049 162.15944147953996 793.25704952910019 94.325590186723275
leaf_count=8016 1398 90711 1122 140737 169551 253 1007 1192 2170 2358 3190 8023 13370 6621
internal_value=0.000828525 -0.00377867 0.0208277 -0.0155533 -0.0128431 0.0160718 0.0033401 -0.00877365 0.0131739 0.00195906 0.00594319 0.00630398 0.00403688 -0.00852992
internal_weight=3023.55 2457.43 566.116 925.926 844.705 479.988 1531.5 270.89 444.742 184.661 1260.61 1254.42 1049.74 256.485
internal_count=449719 442418 7301 400999 260262 6179 41419 9208 5926 4528 32211 31204 28014 14644
is_linear=0
shrinkage=0.05


Tree=62
num_leaves=15
num_cat=0
split_feature=2 10 3 9 9 15 10 4 12 1 17 3 1 3
split_gain=126.985 54.3113 32.1144 32.0217 29.4458 15.9388 15.6264 14.899 14.3551 10.8391 10.5304 9.77481 9.70835 11.0141
threshold=2.0106205940246586 0.022343332879245285 0.1180316209793091 0.97896310687065136 0.79566404223442089 1.0000000180025095e-35 0.031076865270733837 0.050951331853866584 0.10367219150066377 28.500000000000004 6.7912056446075448 0.012984067201614382 30.500000000000004 0.091639608144760146
decision_type=10 10 10 10 8 10 10 10 8 10 10 8 10 8
left_child=1 2 4 7 10 9 12 -2 -7 11 -1 -6 -3 -14
right_child=3 6 -4 -5 5 8 -8 -9 -10 -11 -12 -13 13 -15
leaf_value=-0.04708490902976116 0.0068503616619934099 0.0012980107879474784 -0.045146350576650743 0.034291381627918789 -0.076348814617884966 -0.020970319271260012 0.036594467514897526 0.033474992520428619 0.0017761533826003225 -0.026068340799585133 0.12810029085575572 -0.010938263743835989 0.072066523774466748 -0.055087462725125137
leaf_weight=63.831696387082047 1161.2946015253401 122.96696143990266 76.401991598842869 128.5950320483098 5.760809277649968 85.73180156997114 57.307191401909222 55.034891513747425 363.24668163308525 157.4870604040625 0.86949271458433841 667.69543828207679 9.4819789032917434 2.0759191343095162
leaf_count=99655 9787 6599 140929 1336 190 10769 397 2739 27882 66823 339 79476 620 2443
internal_value=-0.000781575 -0.0102421 -0.0136132 0.0105636 -0.0118215 -0.0101579 0.0147301 0.00805504 -0.00256725 -0.0142593 -0.0447307 -0.0114978 0.00541601 0.0492283
internal_weight=2957.78 1612.86 1421.02 1344.92 1344.62 1279.92 191.832 1216.33 448.978 830.943 64.7012 673.456 134.525 11.5579
internal_count=449984 436122 426063 13862 285134 185140 10059 12526 38651 146489 99994 79666 9662 3063
is_linear=0
shrinkage=0.05


Tree=63
num_leaves=15
num_cat=0
split_feature=10 3 15 10 3 2 10 18 16 0 16 1 13 13
split_gain=105.712 73.8504 24.6529 23.7691 19.1753 16.9079 16.1013 15.5693 14.5038 19.8972 13.3492 12.7541 12.0753 12.6797
threshold=0.027214052155613903 0.063179612159729018 1.0000000180025095e-35 0.032654678449034698 0.11613461375236513 4.1596052646636972 0.021331550553441051 0.41838869452476507 2.8029010295867924 0.68866166472435009 1.8688347935676577 3.5000000000000004 0.072077922523021712 0.20864427834749225
decision_type=10 8 10 10 10 8 8 10 8 10 8 10 10 10
left_child=1 5 4 7 6 8 10 -2 -1 -10 -3 -9 -8 -14
right_child=3 2 -4 -5 -6 -7 12 11 9 -11 -12 -13 13 -15
leaf_value=0.012558836392727488 0.020914656328953944 0.10460401213298387 -0.0033821502275420074 0.046378223222944798 -0.047655713228991932 0.023800213461242101 -0.018427134486683368 0.0083323200707612274 -0.011553205010623041 0.0023546461400797145 -0.04542880190666005 -0.033371967065795483 0.025118306628364086 -0.038698449616914342
leaf_weight=215.54432307224488 355.52731093621696 1.5170479804946797 236.61067328955687 74.187671425272129 67.364353203916835 82.468233967141714 381.51948166664079 83.069467202032683 354.00081758745364 940.11977454976295 65.291128061173367 23.524355821173231 32.184084109889227 10.266506511485202
leaf_count=4408 4021 1079 45803 1110 137603 787 98473 807 26983 18958 101784 1364 4464 2521
internal_value=4.7868e-05 -0.0044592 -0.0169073 0.0201069 -0.022641 0.0017546 -0.0192075 0.0158894 0.000550315 -0.00144978 -0.0420219 -0.000871464 -0.0156124 0.00968448
internal_weight=2923.2 2386.89 794.753 536.309 558.143 1592.13 490.778 462.121 1509.66 1294.12 66.8082 106.594 423.97 42.4506
internal_count=450165 442863 391727 7302 345924 51136 208321 6192 50349 45941 102863 2171 105458 6985
is_linear=0
shrinkage=0.05


Tree=64
num_leaves=15
num_cat=0
split_feature=2 3 8 4 3 12 18 4 1 18 18 18 7 18
split_gain=101.581 38.0656 29.9428 21.6092 18.4453 20.5531 17.762 13.2071 25.6029 13.1114 13.4366 12.149 11.8265 11.8008
threshold=2.8114801645278935 0.10580185055732728 4.5000000000000009 0.046451747417449958 0.06253755092620851 0.19803921878337863 0.28637430071830755 0.00012230873107910159 53.500000000000007 0.16251036524772647 0.15108902007341388 0.1690240874886513 47.550605773925788 0.18311307579278949
decision_type=10 10 8 10 8 10 8 10 8 10 8 10 10 10
left_child=1 2 6 -2 5 -4 -1 9 -9 10 -6 -11 -8 -13
right_child=3 -3 4 -5 7 -7 12 8 -10 11 -12 13 -14 -15
leaf_value=0.031256312128737251 0.012766683398366877 -0.034764520152164739 -0.002565208979985638 0.042505340022508949 -0.012749510746596519 0.060433861096808206 -0.027888013170355282 -0.010416351764141209 -0.038801879595069977 0.052429053745157522 -0.09155122420467586 -0.053002593979695645 0.018608301568058993 0.0047133316597099545
leaf_weight=91.239540957285499 751.01424168827361 106.26893147973533 1117.7115209729236 66.493602338377968 120.80815593134321 13.098107803380115 27.514258646704548 296.2983336654579 108.539484045883 12.512717443489235 5.6631085035041897 9.426955120317869 27.191833094286267 146.35025820827286
leaf_count=4501 4243 170908 47123 2050 5510 196 5305 67956 122717 276 557 615 3959 14265
internal_value=0.000249775 -0.00561307 -0.00404559 0.0151855 -0.00578342 -0.00183549 0.0177497 -0.0121647 -0.0180267 -0.00411362 -0.0162781 0.00502807 -0.00477688 0.00122062
internal_weight=2900.13 2082.62 1976.35 817.508 1830.41 1130.81 145.946 699.599 404.838 294.761 126.471 168.29 54.7061 155.777
internal_count=450181 443888 272980 6293 259215 47319 13765 211896 190673 21223 6067 15156 9264 14880
is_linear=0
shrinkage=0.05


Tree=65
num_leaves=15
num_cat=0
split_feature=2 10 9 3 10 18 2 12 3 0 16 2 16 18
split_gain=86.0345 49.209 35.9395 23.2883 24.6929 13.8152 13.3819 12.6389 12.008 11.5462 15.6178 14.6131 13.2251 12.1489
threshold=1.59589558839798 0.022343332879245285 0.97896310687065136 0.1186763644218445 0.015038444194942715 0.36371473968029028 2.8114801645278935 0.19803921878337863 0.032802313566207893 0.70460382103919994 5.1676349639892587 0.71455958485603344 5.482717990875245 0.14293887466192248
decision_type=10 10 10 10 8 10 10 10 10 8 10 8 10 10
left_child=1 3 6 4 -1 -3 7 -2 -7 -6 11 13 -12 -11
right_child=2 5 -4 -5 9 8 -8 -9 -10 10 12 -13 -14 -15
leaf_value=-0.046040063077447194 0.00024889313854512381 0.026500046923339373 0.034346278642167376 -0.041707577945614853 -0.014298993741693196 0.013787048333695354 0.010835156789102816 0.056094987198951778 -0.044594905110161731 0.029752031730314966 0.039426969455305258 -0.0091260627307900768 -0.0091260627307900768 -0.0091260627307900768
leaf_weight=47.520242775441147 678.40454838783626 113.86215381198053 122.06750016089063 64.281754011914018 548.50290307829709 22.998494094324997 719.00522400951559 10.284899189544374 14.27383608648597 45.965648601180874 35.518304766665096 396.92586464290071 17.288829100842122 34.814107138576219
leaf_count=90591 14780 5057 1370 139532 132373 341 5100 112 3869 3678 3627 40355 4596 4848
internal_value=0.00021509 -0.00902506 0.00832082 -0.0124361 -0.0107658 0.0178509 0.00606404 0.0010829 -0.00857094 -0.00921231 -0.00395313 -0.00680545 0.0218496 0.0128761
internal_weight=2871.71 1341.95 1529.76 1190.82 1126.54 151.134 1407.69 688.689 37.2723 1079.02 530.513 477.706 52.8071 80.7798
internal_count=450229 428867 21362 419600 280068 9267 19992 14892 4210 189477 57104 48881 8223 8526
is_linear=0
shrinkage=0.05


Tree=66
num_leaves=15
num_cat=0
split_feature=10 2 10 10 0 16 14 0 16 18 2 12 0 9
split_gain=86.9815 56.406 21.5475 21.2861 16.1743 13.205 16.6837 13.3804 12.9945 15.515 25.8747 13.2741 13.4106 10.3963
threshold=0.028393077664077285 1.59589558839798 0.015038444194942715 0.032654678449034698 0.60565054416656505 3.5408543348312382 1.0000000180025095e-35 0.66484495997428905 2.8029010295867924 0.063709881156682982 2.2195549011230473 0.19803921878337863 0.68365874886512767 0.36026653647422796
decision_type=10 10 8 10 8 8 10 8 8 10 10 10 10 10
left_child=1 2 -1 -2 -4 13 -7 -8 9 10 -3 12 -10 -6
right_child=3 8 4 -5 5 6 7 -9 11 -11 -12 -13 -14 -15
leaf_value=-0.045731342427107989 0.015165624115147582 -0.084719524346255501 -0.031804205350229618 0.046034721733976366 -0.0038439245573292959 -0.020325488513299621 -0.020325488513299621 -0.0037854800861264609 -0.012820825636593808 0.025414899679746195 0.0098264551484136368 0.051141846834351717 0.0032971538150424074 0.028703172494893871
leaf_weight=44.931033036420558 390.19797347457643 8.9587033244606555 82.491761361496174 65.17328442420694 385.85866900626206 207.44868225963 72.031193790251564 405.34541870545218 153.2493761779333 126.06687944743317 37.643902237919974 13.248069913242942 817.35708969442931 26.201640696897812
leaf_count=90874 4617 352 93782 1131 64529 80427 36667 55656 5236 1255 295 117 10310 4897
internal_value=-0.00043784 -0.00426726 -0.0117472 0.0195836 -0.0104525 -0.00884677 -0.0131023 -0.00758893 0.00365112 0.0163023 -0.0083487 0.0014308 0.000752281 -0.00177436
internal_weight=2836.2 2380.83 1224.31 455.371 1179.38 1096.89 684.825 477.377 1156.52 172.669 46.6026 983.855 970.606 412.06
internal_count=450145 444397 426832 5748 335958 242176 172750 92323 17565 1902 647 15663 15546 69426
is_linear=0
shrinkage=0.05


Tree=67
num_leaves=15
num_cat=0
split_feature=2 3 8 4 18 1 3 11 7 9 12 18 0 18
split_gain=81.1104 33.9798 26.8523 19.1197 16.3193 20.2061 16.2831 15.4517 12.6014 12.2532 10.6731 10.3513 15.3977 10.2582
threshold=2.8114801645278935 0.10580185055732728 1.5000000000000002 0.045640915632247932 0.39178271591663366 1.5000000000000002 0.048194736242294318 0.085144929587841048 42.99670600891114 0.68860173225402843 0.19803921878337863 0.68760964274406444 0.71026176214218151 0.10290532559156419
decision_type=10 10 8 10 8 8 8 8 10 10 10 10 10 10
left_child=1 2 8 9 6 -6 10 -7 -1 11 -4 -2 -13 -3
right_child=3 13 4 -5 5 7 -8 -9 -10 -11 -12 12 -14 -15
leaf_value=-0.008440212715856819 0.010105233839824274 -0.0042015466868533195 0.0026568460786407758 0.041066136132971887 -0.08985378578877222 -0.022362135009887721 -0.007610435179807043 -0.0042594131895042613 0.038220786060334459 0.023697144129537114 0.061393819809371614 -0.054704354937719947 0.0039590726662692725 -0.043767823406138176
leaf_weight=19.817819949355908 507.90049053466646 21.151924334168143 640.01356222500908 58.388584717733465 8.3977032173424941 198.84916546617023 705.99636534164529 289.47679461565349 53.614051610144088 156.37121994124027 7.8286742727505034 15.638681293465195 39.282615443167742 72.641072845835879
leaf_count=880 2957 33374 15955 2093 100 61826 134239 57970 1994 860 48 165 250 137377
internal_value=-0.00017051 -0.00545769 -0.00402509 0.0135495 -0.00520174 -0.0129534 -0.00235766 -0.0116309 0.0256279 0.0113155 0.00336664 0.00787544 -0.0127452 -0.034845
internal_weight=2795.37 2017.79 1923.99 777.582 1850.56 496.724 1353.84 488.326 73.4319 719.193 647.842 562.822 54.9213 93.793
internal_count=450088 443763 273012 6325 270138 119896 150242 119796 2874 4232 16003 3372 415 170751
is_linear=0
shrinkage=0.05


Tree=68
num_leaves=15
num_cat=0
split_feature=10 2 10 16 7 0 14 15 15 16 1 16 16 2
split_gain=78.429 52.594 22.0928 20.1863 19.7012 16.366 14.0705 13.3659 12.4482 12.022 14.4664 18.7683 11.6612 10.9188
threshold=0.022343332879245285 1.59589558839798 0.032654678449034698 2.8029010295867924 97.909656524658217 0.70460382103919994 1.0000000180025095e-35 1.0000000180025095e-35 1.0000000180025095e-35 5.1676349639892587 19.500000000000004 3.7256208658218388 5.482717990875245 4.1596052646636972
decision_type=10 10 10 8 8 8 10 10 10 10 10 10 10 10
left_child=1 4 7 6 -1 -6 -3 -2 13 10 -7 -12 -11 -5
right_child=2 3 -4 8 5 9 -8 -9 -10 12 11 -13 -14 -15
leaf_value=-0.040107160643772316 0.010968062798582857 0.027420758630058346 0.045647743420529109 -0.0058246427214067751 -0.016176680445251074 -0.0097959778840276488 -0.008403237739740067 0.044141490761216463 0.00827692889973136 0.034076457884249178 0.044581906543810272 -0.010024460343744979 -0.010024460343744979 0.018423591384875329
leaf_weight=59.051787835825962 441.18031367825824 126.56871528080956 59.20086665359122 549.95861119900655 580.89046584332755 398.52540598833002 34.986174612145987 32.608097948948853 332.82428604301822 37.328430412933812 29.78066749314894 25.557925771965529 14.153419731490429 50.705486799357459
leaf_count=108277 12150 1313 1120 10872 267009 31420 507 564 3715 2513 2839 4604 2769 526
internal_value=-0.00038914 -0.00449034 0.0168496 0.00334438 -0.0119814 -0.0104523 0.0196627 0.0132512 0.000520229 -0.00387224 -0.00646958 0.0174857 0.0190259 -0.00377771
internal_weight=2773.32 2240.33 532.989 1095.04 1145.29 1086.24 161.555 473.788 933.488 505.346 453.864 55.3386 51.4819 600.664
internal_count=450198 436364 13834 16933 419431 311154 1820 12714 15113 44145 38863 7443 5282 11398
is_linear=0
shrinkage=0.05


Tree=69
num_leaves=15
num_cat=0
split_feature=10 2 3 10 3 18 13 13 17 18 18 9 18 12
split_gain=71.2353 45.7352 21.7951 19.2255 19.5431 14.3771 11.6543 16.2189 16.7993 11.5839 10.7478 12.3887 10.6122 10.0177
threshold=0.027214052155613903 1.2789837718009951 0.012984067201614382 0.014599318150430919 0.12125149369239809 0.28072521090507513 0.15075758099555972 0.094044812023639693 5.6472105979919442 0.10290532559156419 0.071466688066720976 0.79102084040641796 0.43193876743316656 0.069366481155157103
decision_type=10 10 10 8 10 8 8 10 10 8 10 10 8 8
left_child=1 3 12 -1 10 -4 7 -3 -9 -6 11 13 -2 -5
right_child=2 6 5 4 9 -7 -8 8 -10 -11 -12 -13 -14 -15
leaf_value=-0.046475329252532838 0.032091795001402842 -0.0028771060785944438 0.015539531459570705 -0.036952579414914546 0.01133973670687188 -0.012306591326423368 0.0053750900424015327 -0.10328225524066224 -0.013072267424234492 -0.050221204667997482 -0.010553358035179298 0.085651360363695875 0.010869299571280197 0.0046141314311279307
leaf_weight=36.681221875020128 214.4872998546125 165.62571124242095 119.48986620047071 15.92589701419638 9.282437519530502 75.732025966171932 1033.6711341186965 8.5773992125468812 12.956585899184573 43.229758265108103 785.97970317125146 4.4172527050613999 81.206742791109718 161.32835133698245
leaf_count=83500 1848 3731 1951 4188 19161 2772 20861 378 265 117622 169574 1161 739 22280
internal_value=0.00042765 -0.0032958 0.0177031 -0.0109108 -0.00963207 0.00473724 0.00329635 -0.00818439 -0.0490046 -0.0393392 -0.00801993 0.00294064 0.0262634 0.000879456
internal_weight=2768.59 2277.68 490.916 1056.84 1020.16 195.222 1220.83 187.16 21.534 52.5122 967.651 181.672 295.694 177.254
internal_count=450031 442721 7310 417486 333986 4723 25235 4374 643 136783 197203 27629 2587 26468
is_linear=0
shrinkage=0.05


Tree=70
num_leaves=15
num_cat=0
split_feature=1 10 16 10 14 2 12 16 2 4 3 0 18 13
split_gain=70.6016 31.7173 20.5758 20.22 17.996 14.4582 14.0648 13.9397 15.4523 13.4015 13.0934 12.577 12.1693 10.601
threshold=5.5000000000000009 0.029892162419855598 3.5408543348312382 0.032654678449034698 1.0000000180025095e-35 0.34744761884212499 0.19803921878337863 2.8029010295867924 2.8114801645278935 0.033283919095993049 0.034436732530593879 0.66356083750724804 0.34879581630229956 0.20169491320848468
decision_type=8 10 8 10 10 10 10 8 10 10 10 10 10 8
left_child=3 2 12 6 5 -4 7 13 -9 -6 -3 -12 -2 -1
right_child=1 10 4 -5 9 -7 -8 8 -10 -11 11 -13 -14 -15
leaf_value=-0.037946913134191511 0.00014841448964184696 0.034001991198077564 -0.035878270968648693 0.043517126794027243 -0.0069312724394069271 -0.012662715842292073 0.049608003601957287 -0.0021338259870974071 0.0098030067758148893 -0.03769057578636717 -0.065951516076701022 0.018308779760399206 -0.034413699152992736 0.020957961347816498
leaf_weight=7.9470180459902622 475.87847600375972 61.33525551983621 144.74136012122108 39.721988751851313 480.45927152808872 124.96855091792531 19.365544608692289 491.9157824402937 604.01671458863711 38.228722196246963 7.1404357177671072 11.661075284879187 26.908762918348657 196.46157805809889
leaf_count=127 115156 274 144431 1037 86212 20897 182 13385 4459 46614 351 177 14530 2206
internal_value=0.00029398 -0.00771071 -0.00960511 0.00836871 -0.0146456 -0.0251215 0.00731077 0.00668085 0.00444509 -0.00919832 0.0228122 -0.0136916 -0.00170132 0.0186679
internal_weight=2730.75 1371.32 1291.19 1359.43 788.398 269.71 1319.71 1300.34 1095.93 518.688 80.1368 18.8015 502.787 204.409
internal_count=450038 428642 427840 21396 298154 165328 20359 20177 17844 132826 802 528 129686 2333
is_linear=0
shrinkage=0.05


Tree=71
num_leaves=15
num_cat=0
split_feature=2 10 18 9 11 9 10 18 15 3 0 12 3 18
split_gain=60.9666 30.1925 23.3909 19.4342 14.2568 11.6124 10.819 10.7093 13.0747 22.3483 15.5047 11.2663 10.2818 10.6431
threshold=1.9278427958488467 0.028198256157338623 0.36371473968029028 0.71288964152336132 0.61250001192092907 0.81092095375061046 0.014815627597272398 0.42277917265892034 1.0000000180025095e-35 0.021053433418273929 0.67885550856590282 0.19803921878337863 0.012984067201614382 0.29237808287143713
decision_type=10 10 10 10 8 8 8 8 8 10 10 10 10 10
left_child=1 2 6 7 -4 -6 -1 11 9 -9 -10 -2 -5 -14
right_child=3 -3 4 12 5 -7 -8 8 10 -11 -12 -13 13 -15
leaf_value=-0.044639832901213955 0.0071849287600286513 0.017061197783549541 -0.035067617750162518 0.028530226776664655 -0.055167777186170885 -0.0092978239741458267 -0.0050923713616507528 -0.069105914010538214 -0.032038343503315629 0.030124190311024552 0.0046272297075652278 0.058660977558137262 0.018400714600806556 -0.021995655612925592
leaf_weight=17.601531775366311 762.89612374522949 116.77911067774403 119.27228474218646 150.88082029652287 14.995445396201829 172.74437019720426 989.0879057306156 17.657292871503163 33.038493436819408 8.3608132492518035 226.50316636134812 10.779619208420625 53.383919549291022 23.475112826243276
leaf_count=42868 8496 2421 93695 1730 25512 52802 217375 293 1066 208 2581 70 392 323
internal_value=-0.00019894 -0.00730254 -0.00946831 0.00769676 -0.0215497 -0.0129616 -0.00578384 0.00484776 -0.00342757 -0.0372187 -4.01339e-05 0.00790214 0.0209477 0.00606242
internal_weight=2717.46 1430.48 1313.7 1286.98 307.012 187.74 1006.69 1059.24 285.56 26.0181 259.542 773.676 227.74 76.859
internal_count=449832 434673 432252 15159 172009 78314 260243 12714 4148 501 3647 8566 2445 715
is_linear=0
shrinkage=0.05


Tree=72
num_leaves=15
num_cat=0
split_feature=2 10 10 3 3 10 18 12 2 12 18 18 17 17
split_gain=52.6838 30.153 19.2501 19.4943 18.2088 17.0733 13.0131 13.7607 13.0456 12.4889 12.6197 12.2186 11.2045 10.3764
threshold=2.3373203277587895 0.029892162419855598 0.015504807699471714 0.12319961190223695 0.028953254222869877 0.032654678449034698 0.12100050225853921 0.035098522901535041 3.0663039684295659 0.094494048506021514 0.12838672101497653 0.10290532559156419 6.7912056446075448 5.5392990112304696
decision_type=10 10 8 10 10 10 8 8 10 10 8 8 10 8
left_child=1 2 12 -4 -3 6 7 -2 9 10 -8 -5 -1 -10
right_child=5 4 3 11 -6 -7 8 -9 13 -11 -12 -13 -14 -15
leaf_value=-0.045006377768922384 -0.031032212701933033 0.035480405129183899 -0.0049811515619948114 0.012151902655852755 -0.0091852333821987649 0.042576191813235111 -0.077071484994939404 0.021387584687921884 0.0047135061184805076 0.030901091725048731 -0.0044439364314229736 -0.050094327332986882 0.13402862825809511 0.020740009792516487
leaf_weight=39.34612767264116 13.284819489985239 70.01069878382259 1485.7429509562535 9.9271829538665752 33.850267123576486 36.976358657266246 6.1113605099380939 217.33868138666548 289.87772356305504 24.933802829007618 280.74803680711193 38.301023414343945 0.89373835810692881 155.00139150428004
leaf_count=97652 117 311 205430 19033 1078 1055 85 1608 2224 177 3622 116652 337 1033
internal_value=0.000283688 -0.00517063 -0.0068922 -0.00599668 0.020923 0.00921954 0.00797026 0.018368 0.00480117 -0.00304098 -0.00599122 -0.0372817 -0.04103 0.0102973
internal_weight=2702.34 1678.07 1574.21 1533.97 103.861 1024.27 987.296 230.624 756.672 311.793 286.859 48.2282 40.2399 444.879
internal_count=450414 440493 439104 341115 1389 9921 8866 1725 7141 3884 3707 135685 97989 3257
is_linear=0
shrinkage=0.05


Tree=73
num_leaves=15
num_cat=0
split_feature=2 10 18 10 2 12 10 0 4 2 18 4 17 18
split_gain=57.6372 35.2865 24.2604 15.4378 17.4694 15.2128 15.4502 18.0968 14.3335 13.049 12.1912 11.8125 11.7886 11.8467
threshold=2.8114801645278935 0.03201024420559407 0.39178271591663366 0.027886155992746357 0.59417927265167247 0.19803921878337863 0.021331550553441051 0.60393509268760692 0.045640915632247932 -0.23693571239709851 0.35988605022430425 0.015666365623474125 5.059420347213746 0.47779673337936407
decision_type=10 10 10 8 8 10 10 8 10 8 8 8 10 10
left_child=1 2 5 -4 -5 6 7 -1 -2 -8 -11 12 -6 -14
right_child=8 -3 3 4 11 -7 9 -9 -10 10 -12 -13 13 -15
leaf_value=-0.037876875951501007 0.0096470222469743905 0.035994757506015197 -0.049712001711834722 -0.033142103331567904 -0.034237013920799184 0.047245161286680687 0.068628243990045842 -0.0044244254062461219 0.038460206469667274 0.012345864819793381 -0.035703398641720251 0.0022459606965194176 -0.046826754173991569 0.0055834630081310526
leaf_weight=41.780187222851964 683.73536174790934 50.960758568398887 33.300224555714522 90.873402941317181 62.92671634767612 14.795479405671356 9.2925136368212389 1249.533618480451 46.071299484105111 131.54620833572699 14.673716524623158 140.86880182265304 13.320774253690614 56.577550110028824
leaf_count=55982 4252 234 59060 80266 4300 1623 1809 214049 2084 4275 855 17786 763 2171
internal_value=-0.000486657 -0.00505264 -0.00617758 -0.017124 -0.0141473 -0.00319787 -0.00371371 -0.00550677 0.0114659 0.0111752 0.00752394 -0.00784054 -0.0185379 -0.00440454
internal_weight=2640.26 1910.45 1859.49 397.867 364.567 1461.62 1446.83 1291.31 729.807 155.512 146.22 273.694 132.825 69.8983
internal_count=449509 443173 442939 164346 105286 278593 276970 270031 6336 6939 5130 25020 7234 2934
is_linear=0
shrinkage=0.05


Tree=74
num_leaves=15
num_cat=0
split_feature=10 3 10 8 16 15 18 3 3 18 15 11 16 16
split_gain=52.0019 36.0426 16.1765 15.174 14.0029 13.872 14.5005 16.0501 12.8213 10.3696 9.62805 8.71898 11.4195 8.46009
threshold=0.022343332879245285 0.050893813371658332 0.032654678449034698 8.5000000000000018 3.2384861707687382 1.0000000180025095e-35 0.15874464064836505 0.012984067201614382 0.11613461375236513 0.10290532559156419 1.0000000180025095e-35 0.47222222387790685 2.6735538244247441 5.3254430294036874
decision_type=10 8 10 10 8 10 8 10 10 10 10 8 8 10
left_child=1 4 5 8 -1 6 -2 -8 11 -10 -6 12 -3 -13
right_child=2 3 -4 -5 10 -7 7 -9 9 -11 -12 13 -14 -15
leaf_value=0.011190677837729061 0.022591444726879326 0.0064462389841758927 0.043706972376729825 -0.044613178331631226 -0.0045115602492023267 0.043862823456032769 0.014375245683321875 -0.010326847056486118 0.0047183552958884808 -0.047469970647054799 0.005910007084143327 -0.0056393279192126257 -0.019190439881764571 0.0205391251543946
leaf_weight=330.85803028383816 142.49893031861575 52.678533691905614 45.024690568643564 32.078710566733207 612.05881285597934 32.133005809773749 140.3397761874221 123.73699239106645 12.790467422826621 37.204829340484139 347.41971038826159 449.98420257684484 247.61202202396453 33.134771563534741
leaf_count=5917 2709 7376 1117 87201 17386 571 1230 8179 27601 115026 6881 81171 80505 7271
internal_value=0.000350244 -0.00297414 0.0151658 -0.0108681 0.00232066 0.0122366 0.00973709 0.00280072 -0.0095692 -0.0341185 -0.000737992 -0.00800253 -0.0146931 -0.00384388
internal_weight=2639.55 2155.82 483.733 865.484 1290.34 438.709 406.576 264.077 833.405 49.9953 959.479 783.41 300.291 483.119
internal_count=450141 436335 13806 406151 30184 12689 12118 9409 318950 142627 24267 176323 87881 88442
is_linear=0
shrinkage=0.05


Tree=75
num_leaves=15
num_cat=0
split_feature=10 2 7 10 18 16 15 11 16 8 12 2 12 14
split_gain=54.545 29.3007 17.3292 16.2211 13.7098 10.4437 10.24 10.0325 11.6258 8.53333 7.94092 7.6826 7.34544 7.34363
threshold=0.022343332879245285 1.59589558839798 97.909656524658217 0.032654678449034698 0.27782019972801214 3.2384861707687382 1.0000000180025095e-35 0.75000000000000011 3.0201274156570439 2.5000000000000004 0.18065268546342853 0.6726386845111848 0.13714733719825747 1.0000000180025095e-35
decision_type=10 10 8 10 8 8 10 8 8 8 10 8 8 10
left_child=1 2 -1 4 -2 -3 -7 8 9 -4 -8 -10 -13 -9
right_child=3 5 7 -5 -6 6 10 13 11 -11 -12 12 -14 -15
leaf_value=-0.039792065357716511 0.019615987654551564 0.010395600813632945 0.1801518450123252 0.044125099732838471 0.0017914425127122495 -0.005232996415704818 0.0054879166663678626 -0.013896204561620036 -0.024033443172885846 -0.0017107336004134528 0.060783286687418253 -0.024033443172885846 -0.0053875683002077663 -0.0014804988133446664
leaf_weight=45.529014910323895 249.84927134690952 280.24327320687735 0.64896602253429592 42.915220540155133 189.85004237762041 488.75066420896474 268.59598776840721 157.04542838372072 128.09822548856391 106.03306603168312 6.6536581297405055 30.84433297006035 121.168432691833 492.90475152171348
leaf_count=108325 5078 3864 37 1139 7539 9768 3218 61711 115487 31633 34 6897 20486 74869
internal_value=-0.000391565 -0.00383558 -0.00960069 0.0147836 0.0119198 0.00213947 -0.000888962 -0.00827482 -0.0146507 -0.000604431 0.00682458 -0.0200003 -0.0115306 -0.00448047
internal_weight=2609.13 2126.52 1082.27 482.615 439.699 1044.24 764 1036.74 386.793 106.682 275.25 280.111 152.013 649.95
internal_count=450085 436329 419445 13756 12617 16884 13020 311120 174540 31670 3252 142870 27383 136580
is_linear=0
shrinkage=0.05


Tree=76
num_leaves=15
num_cat=0
split_feature=2 9 3 16 15 3 13 16 11 18 9 12 18 2
split_gain=43.4088 24.1091 18.6408 15.3232 15.8682 16.6732 15.0095 11.4961 15.9547 10.5809 10.262 10.0573 10.6766 12.1613
threshold=2.8114801645278935 0.87448740005493175 0.12319961190223695 2.2499048709869389 1.0000000180025095e-35 0.081289112567901625 0.15075758099555972 3.5972183942794804 0.61250001192092907 0.12656915187835696 0.68860173225402843 0.062019230797886855 0.04598850570619107 1.2048814296722414
decision_type=10 10 10 8 10 10 8 8 8 10 10 10 8 8
left_child=1 2 3 -1 5 7 9 11 -9 -6 -2 12 13 -5
right_child=10 -3 -4 4 6 -7 -8 8 -10 -11 -12 -13 -14 -15
leaf_value=0.01635450851937895 0.0078247912206161029 0.021233334451852451 -0.038443768205977336 -0.0008333352943238068 -0.041925089346965927 -0.027454896766831823 0.0052586307574236631 -0.02078637403454384 -0.0041989460208241708 -0.0058743261096122854 0.0224634879918983 0.032895814629312646 -0.00014351839372522585 -0.089645732123420169
leaf_weight=87.577015719989504 555.61889742987114 93.519722690783965 40.258616016222732 8.2020093147584685 28.218722522768076 106.28916557463708 481.01158048251818 244.97775810472194 355.10191190869409 73.020329258913989 152.60187951576518 21.979422489588615 355.13777602610389 7.2720393828858496
leaf_count=8829 4324 7611 135503 821 3264 68608 36757 68379 59902 9255 1960 2063 40385 2474
internal_value=0.000411848 -0.00352173 -0.00480146 -0.00403574 -0.0050979 -0.0086337 0.00157569 -0.00661844 -0.0109706 -0.0159229 0.010979 3.39281e-05 -0.00191497 -0.0425708
internal_weight=2610.79 1902.57 1809.05 1768.79 1681.21 1098.96 582.251 992.671 600.08 101.239 708.221 392.591 370.612 15.474
internal_count=450135 443851 436240 300737 291908 242632 49276 174024 128281 12519 6284 45743 43680 3295
is_linear=0
shrinkage=0.05


Tree=77
num_leaves=15
num_cat=0
split_feature=10 2 18 10 0 10 17 2 4 12 4 18 18 0
split_gain=48.071 30.356 15.3415 12.7266 12.5769 11.2312 10.9076 15.1276 11.0843 13.5273 10.0759 9.35378 9.32803 10.7919
threshold=0.022343332879245285 1.59589558839798 0.43193876743316656 0.014599318150430919 0.70460382103919994 0.032654678449034698 5.881927728652955 2.4668344259262089 0.030691742897033695 0.12390350922942163 0.0020553171634674077 0.28365816175937658 0.92810064554214489 0.70864582061767589
decision_type=10 10 10 8 8 10 10 8 10 10 8 10 10 10
left_child=1 3 5 -1 11 -2 7 8 9 -4 -9 -5 -3 -14
right_child=2 12 6 4 -6 -7 -8 10 -10 -11 -12 -13 13 -15
leaf_value=-0.04292486739220059 0.016502551658921432 0.0040146564740281415 -0.078337697413840168 -0.0088095135820489712 -0.0024257480091864955 0.046949869610925073 0.050841913343901458 -0.078600181517626114 0.024657048716773797 0.047403059901096362 0.0082905223382047765 -0.022848296108840243 -0.050324470042108604 0.00060788908836025978
leaf_weight=26.919059933294193 340.77906527256528 994.56517455151334 15.581144143012361 361.25894318730025 503.62510257060421 33.242439404471952 8.6420642102530092 3.5171486690524025 4.7646572800294953 2.4793006300897096 64.924777687512687 176.67725373104622 17.27693941956386 26.130435480517917
leaf_count=83506 7968 15628 1633 148021 65506 925 215 28 2098 49 914 122459 830 386
internal_value=0.000171632 -0.00306543 0.0145592 -0.0089814 -0.00810414 0.0192087 -0.0028465 -0.00793025 -0.0431797 -0.0610763 0.00382531 -0.0134203 0.00302442 -0.0196641
internal_weight=2580.38 2106.45 473.931 1068.48 1041.56 374.022 99.9091 91.267 22.8251 18.0604 68.4419 537.936 1037.97 43.4074
internal_count=450166 436336 13830 419492 335986 8893 4937 4722 3780 1682 942 270480 16844 1216
is_linear=0
shrinkage=0.05


Tree=78
num_leaves=15
num_cat=0
split_feature=2 10 18 18 10 0 8 2 12 18 18 12 2 12
split_gain=47.758 21.3226 17.7468 15.0892 15.2448 15.9962 11.5572 11.4384 10.7827 9.59616 11.9858 9.06311 8.70093 8.34281
threshold=2.8114801645278935 0.02949150558561087 0.25883655250072485 0.4889239370822907 0.027886155992746357 0.66882583498954784 21.500000000000004 -1.253903806209564 0.037386443465948112 0.32735790312290197 0.31443770229816442 0.15470086038112643 2.6247798204422002 0.19803921878337863
decision_type=10 10 10 8 8 8 10 8 8 10 10 10 10 10
left_child=1 3 8 13 7 -6 11 -5 -2 10 -4 -7 -3 -1
right_child=2 12 9 4 5 6 -8 -9 -10 -11 -12 -13 -14 -15
leaf_value=-0.0040262435477225224 -0.01288276334776157 0.018237840713861114 -0.0066301993832209756 0.081314626087589881 -0.028020412792644795 -0.008374403656852247 0.062504382362565183 -0.057014241295987027 0.019672381515297849 0.006123929751608091 -0.067346598819075759 0.047793086655922683 -0.02326183414929758 0.037858611152790961
leaf_weight=1335.9717169337036 27.256528915502713 127.18215312155371 54.269791668033577 1.5791139334505715 107.24993115213692 215.48706164336909 6.2372510610148302 27.872922424099674 380.57386028397013 236.40452904972699 9.5600528030190599 7.4296518534465568 14.022982636757659 11.995562239153513
leaf_count=283140 284 1958 509 244 74140 24017 17 57821 3266 2174 99 534 146 1696
internal_value=-0.000342294 -0.00455899 0.0107048 -0.0060977 -0.0151031 -0.0120832 -0.00462411 -0.0495975 0.0174966 0.00147907 -0.0157239 -0.00650238 0.0141165 -0.00365351
internal_weight=2563.09 1855.03 708.065 1713.82 365.856 336.404 229.154 29.452 407.83 300.234 63.8298 222.917 141.205 1347.97
internal_count=450045 443713 6332 441609 156773 98708 24568 58065 3550 2782 608 24551 2104 284836
is_linear=0
shrinkage=0.05


Tree=79
num_leaves=15
num_cat=0
split_feature=10 0 18 10 3 15 16 3 17 3 4 13 4 7
split_gain=41.9604 25.3335 30.7005 13.7645 12.1337 11.0811 12.2308 11.4062 8.98682 8.63621 10.2149 8.34303 8.14731 9.28095
threshold=0.027214052155613903 0.68866166472435009 0.19842813909053805 0.032654678449034698 0.10333120822906496 1.0000000180025095e-35 2.1383330821990971 0.012984067201614382 5.0720391273498544 0.012984067201614382 0.014979779720306398 0.16247642785310748 0.0021896660327911381 38.058214187622077
decision_type=10 10 10 10 10 10 8 10 10 10 10 10 10 10
left_child=1 2 -1 5 -4 6 -2 8 -8 10 -3 12 -9 -14
right_child=3 9 4 -5 -6 -7 7 11 -10 -11 -12 -13 13 -15
leaf_value=-0.0035816070965006327 0.039425269481491332 0.0035482950378866746 -0.016458618629940396 0.043328513557701745 -0.046204787684299933 0.043179657310786893 0.0052450350611247679 -0.050689539119628008 0.027561792417462157 -0.0020314824673916738 0.022308442869773747 0.045811565802159643 -0.019503123870874856 0.0076650409160316409
leaf_weight=507.79755807124639 30.523269269480807 438.01459712343058 410.58014737348458 36.896452438966662 37.40564950150474 25.582311048463453 107.40084884782846 9.850967843201941 77.781373677222291 628.58908404525573 86.968045458477718 7.9486900738265822 53.446269351770752 76.32771335056168
leaf_count=149358 232 2489 147018 1110 101590 237 773 165 555 41366 1130 182 2168 1876
internal_value=-0.000175536 -0.00306553 -0.00908538 0.0141425 -0.0189423 0.0113733 0.00913345 0.00635482 0.0146187 0.00192217 0.00665608 -0.00401503 -0.00685161 -0.00352393
internal_weight=2535.11 2109.36 955.783 425.758 447.986 388.861 363.279 332.756 185.182 1153.57 524.983 147.574 139.625 129.774
internal_count=450249 442951 397966 7298 248608 6188 5951 5719 1328 44985 3619 4391 4209 4044
is_linear=0
shrinkage=0.05


Tree=80
num_leaves=15
num_cat=0
split_feature=3 8 3 10 10 4 2 18 18 2 3 17 4 3
split_gain=38.327 18.6327 14.8396 14.0915 11.5673 14.1603 12.6644 10.9975 8.99207 8.04991 7.86051 8.92017 7.66734 7.44866
threshold=0.034436732530593879 7.5000000000000009 0.11994323134422304 0.014599318150430919 0.022745283320546154 0.0087243616580963152 0.26196622848510748 0.10290532559156419 0.11735317856073381 -0.1567902788519859 0.075589925050735488 4.3630783557891855 0.045640915632247932 0.13484808802604678
decision_type=8 8 10 8 10 8 10 8 8 8 10 10 10 10
left_child=1 8 3 -2 -5 6 -6 13 -1 -7 -11 -12 -3 -4
right_child=2 12 7 4 5 9 -8 -9 -10 10 11 -13 -14 -15
leaf_value=0.041926999296773966 -0.041927044812694145 0.0039019155597499414 -0.063434705592483057 -0.0055478868312542401 0.033729481011133648 0.072812040668539885 -0.039504741644921904 -0.049523549150648459 0.015616956613229371 0.018264747359967311 0.033928782832812941 -0.050737395077468175 0.039810941880323573 0.037016266523134146
leaf_weight=41.31589499905931 24.47961764264619 1077.1331490742014 2.4768651335980376 1019.1161409178712 7.8893483669453444 6.0390309543363401 23.450366228818893 31.125529633231054 151.77668436698877 106.30128782609245 4.7257071995045399 9.1044268882469606 15.073449495783278 7.2396719925309299
leaf_count=399 83580 13901 3897 201801 532 467 708 122373 1718 2110 525 1503 564 16039
internal_value=0.000876059 0.00692875 -0.0053879 -0.00438006 -0.0035989 0.00901139 -0.021069 -0.0350271 0.0212465 0.0164831 0.0136515 -0.0218073 0.00439749 0.0114101
internal_weight=2527.25 1285.3 1241.95 1201.11 1176.63 157.51 31.3397 40.8421 193.093 126.17 120.131 13.8301 1092.21 9.71654
internal_count=450117 16582 433535 291226 207646 5845 1240 142309 2117 4605 4138 2028 14465 19936
is_linear=0
shrinkage=0.05


Tree=81
num_leaves=15
num_cat=0
split_feature=10 2 10 3 9 0 17 4 1 7 17 12 8 10
split_gain=40.113 19.4813 11.5581 11.8377 11.1255 10.6922 9.16501 10.0077 8.6778 8.05458 7.73988 7.417 7.19172 9.62343
threshold=0.027214052155613903 1.7182999253273012 0.014599318150430919 0.12125149369239809 0.97896310687065136 0.62136629223823558 4.9452011585235605 0.0064519047737121591 71.500000000000014 42.653285980224616 5.3008110523223886 0.19803921878337863 21.500000000000004 0.030787452124059204
decision_type=10 10 8 10 10 8 8 8 10 10 8 10 10 10
left_child=1 2 -1 8 5 -2 7 -7 -4 -6 -10 -3 13 -9
right_child=4 11 3 -5 9 6 -8 12 10 -11 -12 -13 -14 -15
leaf_value=-0.041866686066928401 -0.053447176761164283 0.0019653070917915044 -0.0058841726124272938 -0.03437797086687152 0.0036591280613759445 -0.021442607895925246 0.018458201261764205 -0.019283210802940438 -0.024079273251289571 0.034506085296380558 0.087536405151844271 0.03927647622751948 0.039483138128052354 0.01672939669106235
leaf_weight=23.574502052028038 6.675156251032603 940.30972792164175 1054.2407784426323 36.758865034724295 27.635587712429697 33.083822770204279 161.58325722974405 30.531639552820707 2.3370681177257202 90.341622216910764 4.630686245400284 13.51096661329211 15.918542912491828 47.273818528599804
leaf_count=83582 944 14617 202997 138117 417 289 2545 1058 2099 1303 1406 102 130 650
internal_value=7.28933e-05 -0.00275917 -0.0072266 -0.00648284 0.0143028 0.00911391 0.010562 0.000500277 -0.00551659 0.0272803 0.0500992 0.00249382 0.00886249 0.00259769
internal_weight=2488.41 2075.36 1121.54 1097.97 413.043 295.066 288.391 126.808 1061.21 117.977 6.96775 953.821 93.724 77.8055
internal_count=450256 442920 428201 344619 7336 5616 4672 2127 206502 1720 3505 14719 1838 1708
is_linear=0
shrinkage=0.05


Tree=82
num_leaves=15
num_cat=0
split_feature=10 0 18 18 18 3 2 10 16 16 16 15 12 16
split_gain=37.7238 27.8017 22.107 17.1687 10.9828 9.94969 8.21149 10.8276 14.8216 7.93388 7.755 8.60419 8.01647 7.6777
threshold=0.022343332879245285 0.68866166472435009 0.3523381799459458 0.26671525835990911 0.37961073219776159 0.012984067201614382 -0.4447167813777923 0.026550198905169967 2.4414010047912602 4.3372693061828622 3.4811217784881596 inf 0.033615820109844215 5.482717990875245
decision_type=10 10 10 10 10 10 8 10 8 10 8 8 8 10
left_child=1 2 10 6 -4 9 -2 8 -8 -5 -1 -12 -13 -6
right_child=3 -3 4 5 13 -7 7 -9 -10 -11 11 12 -14 -15
leaf_value=-0.0032474634478076672 0.073229787605264343 0.002613260461810419 -0.065009212689463955 -0.00038624762106218523 -0.01680489757207513 -0.014281436592716856 0.046605919221301098 0.021964313992454645 -0.076231432110150793 0.027887751274244945 -0.0032474634478076672 -0.050201813820191815 -0.015345785117547828 -0.049803782052925537
leaf_weight=385.69216344118831 7.4219669955564314 1140.353320655875 14.435993680985119 63.650598062296922 187.71043000348982 65.051727963542362 3.9401088817030514 252.70941949797634 6.5181673900333417 40.661517737054965 137.48604090506342 18.598943234073886 145.86042478594027 19.453535200427723
leaf_count=102532 590 44476 10104 702 131190 6036 225 4055 1538 583 40688 13704 70433 23346
internal_value=0.000264995 -0.0025866 -0.00910819 0.0135496 -0.022842 0.00106482 0.0213639 0.0199011 -0.029953 0.0106351 -0.00468229 -0.0115479 -0.0192877 -0.0199036
internal_weight=2489.54 2049.59 909.238 439.954 221.6 169.364 270.59 263.168 10.4583 104.312 687.638 301.945 164.459 207.164
internal_count=450202 436473 391997 13729 164640 7321 6408 5818 1763 1285 227357 124825 84137 154536
is_linear=0
shrinkage=0.05


Tree=83
num_leaves=15
num_cat=0
split_feature=10 2 18 0 11 18 9 16 1 18 18 18 18 18
split_gain=29.5926 26.4197 14.5944 12.9975 12.6727 12.7495 11.1795 11.1317 11.0997 17.7472 17.2241 18.3525 15.2154 15.5763
threshold=0.022343332879245285 1.59589558839798 0.43683648109436041 0.7388729751110078 0.61250001192092907 0.42277917265892034 0.76133424043655407 5.1901714801788339 14.500000000000002 0.14518338441848758 0.12656915187835696 0.11013854295015336 0.18532143533229831 0.164396807551384
decision_type=10 10 10 8 8 8 10 10 10 10 10 8 10 10
left_child=1 4 -2 6 5 -1 -4 8 10 -10 11 -6 13 -12
right_child=2 -3 3 -5 7 -7 -8 -9 9 -11 12 -13 -14 -15
leaf_value=-0.0097422787377093884 0.017117858416522868 0.0038582500726523196 -0.045434936859995979 0.016194965234923569 -0.019145622483593121 -0.031493082421451254 -0.0028084024706039284 0.016577877765821113 0.014010249221453667 -0.011086985852299254 -0.0093693657640760708 -0.075353233806150402 -0.013601899580750022 0.037968435761914499
leaf_weight=290.83485486598329 348.06098633205693 1016.9440801181881 25.682103456259938 39.745278095462709 83.994009711394028 87.684906319676884 26.145209604550473 63.717738358507631 143.73396273626713 138.13638567816088 33.351180346042383 17.558528079971438 131.70466904284331 36.282388454772445
leaf_count=141027 8915 16865 3061 642 10516 92407 1132 22169 32997 69161 4696 5897 37947 2429
internal_value=0.000676866 -0.00185438 0.0124451 -0.0053157 -0.00751107 -0.0147809 -0.0218118 -0.00326765 -0.00543009 0.00171083 -0.0120754 -0.028864 -0.0036075 0.0152959
internal_weight=2483.58 2043.94 439.634 91.5726 1027 378.52 51.8273 648.479 584.761 281.87 302.891 101.553 201.338 69.6336
internal_count=449861 436111 13750 4835 419246 233434 4193 185812 163643 102158 61485 16413 45072 7125
is_linear=0
shrinkage=0.05


Tree=84
num_leaves=15
num_cat=0
split_feature=10 3 4 10 15 13 16 7 3 16 9 1 13 17
split_gain=28.7535 26.7419 10.5895 10.6166 9.87118 9.80614 9.65878 12.4425 9.43655 11.6481 9.28207 11.0238 9.21759 13.0636
threshold=0.031408416107296951 0.064447343349456801 0.050381958484649665 0.02560362778604031 1.0000000180025095e-35 0.15075758099555972 2.8617925643920903 39.920772552490241 0.11613461375236513 2.2499048709869389 0.92125117778778087 1.5000000000000002 0.072077922523021712 6.3690412044525155
decision_type=10 8 10 8 10 8 8 10 10 8 10 10 10 10
left_child=1 2 3 -1 8 -5 -2 10 12 -10 -8 -12 13 -3
right_child=6 4 -4 5 -6 -7 7 -9 9 -11 11 -13 -14 -15
leaf_value=0.051086539608882833 0.039161300952252356 -0.012979633129914084 0.038247507738258905 -0.0076968854904327193 -0.00070928026764779679 0.0031120251121580012 0.0044647110860717562 0.021085714146480004 0.030216673105183691 -0.051974552951282643 0.0044647110860717562 -0.08256404291922137 0.010042089228645849 -0.073328975658941836
leaf_weight=10.841393716109449 44.989942418767896 353.82015633697847 20.148269485023775 248.21001158011495 203.49266373538558 1357.1437723494018 23.214102527388604 112.14808269428977 5.0803798714186987 28.452195759913593 6.2956488958589025 8.0733033311553282 42.730711310301558 9.2004029046001943
leaf_count=441 511 187004 967 10872 45234 43272 272 1569 6276 132611 132 84 16099 4711
internal_value=0.000404064 -0.00117156 0.00222294 0.00177384 -0.00981308 0.00144082 0.018846 0.0127419 -0.0140303 -0.0395221 -0.0121563 -0.0438832 -0.0119236 -0.0145091
internal_weight=2473.84 2279.12 1636.34 1616.2 642.777 1605.35 194.721 149.731 439.284 33.5326 37.5831 14.369 405.751 363.021
internal_count=450055 447487 55552 54585 391935 54144 2568 2057 346701 138887 488 216 207814 191715
is_linear=0
shrinkage=0.05


Tree=85
num_leaves=15
num_cat=0
split_feature=10 2 0 18 8 18 0 7 2 4 7 16 16 4
split_gain=26.4461 19.9549 15.8678 12.2255 11.0149 10.2583 8.5575 8.47433 7.89761 10.761 7.6218 7.22634 6.84211 6.75816
threshold=0.022343332879245285 2.6247798204422002 0.61063688993453991 0.27503213286399847 1.5000000000000002 0.12100050225853921 0.72347849607467662 97.909656524658217 3.0663039684295659 0.0040537118911743173 38.84837722778321 2.4414010047912602 5.0782890319824228 0.0081996321678161638
decision_type=10 10 8 8 10 8 8 8 10 10 10 8 10 10
left_child=1 2 -1 4 -2 8 10 -4 -3 -10 12 -7 -5 -6
right_child=3 5 7 6 13 11 -8 -9 9 -11 -12 -13 -14 -15
leaf_value=-0.028017712099804588 0.038259435823932743 0.032247285181037859 -0.015819700940194734 -0.016117507792448443 0.0029343476622705755 0.034697604014107673 0.013645747294906772 -0.0028502656950981677 -0.018985972797480266 0.021266044547956667 0.0028992093859863486 0.0011999462229427035 -0.089458676721379193 0.022157874167141392
leaf_weight=69.978815382559333 58.361066099696473 58.355332557170186 35.917742166766402 51.399752220077062 84.533628865872743 16.768341669929214 87.631973643903621 1366.4891312001637 25.07991040952038 49.132491460863093 43.427800293058681 404.01862398503727 3.3897763167551593 99.573342568875887
leaf_count=102725 927 413 106202 3840 984 104 1371 222762 83 447 2288 3669 553 3813
internal_value=0.000647779 -0.00173893 -0.00478117 0.0119358 0.0193314 0.00635598 0.00228712 -0.00362169 0.0184848 0.00766297 -0.00784733 0.00253483 -0.0206551 0.0133313
internal_weight=2454.06 2025.74 1472.39 428.317 242.468 553.355 185.849 1402.41 132.568 74.2124 98.2173 420.787 54.7895 184.107
internal_count=450181 436405 431689 13776 5724 4716 8052 328964 943 530 6681 3773 4393 4797
is_linear=0
shrinkage=0.05


Tree=86
num_leaves=15
num_cat=0
split_feature=3 4 3 15 10 7 4 13 7 17 2 17 3 4
split_gain=24.9534 12.3724 12.1806 11.2065 13.081 11.8308 8.67953 9.31661 7.47703 6.46103 6.89003 9.88969 8.26514 8.02501
threshold=0.034436732530593879 0.046451747417449958 0.11994323134422304 1.0000000180025095e-35 0.014599318150430919 55.692762374877937 0.00073683261871337901 0.0745370388031006 45.642866134643562 5.2443854808807382 0.22421649843454364 5.1901714801788339 0.065762817859649672 0.0066692829132080087
decision_type=8 10 10 8 8 10 10 8 10 8 10 10 10 10
left_child=1 8 3 6 -5 -6 7 -2 -1 10 11 -8 -13 -12
right_child=2 -3 -4 4 5 -7 9 -9 -10 -11 13 12 -14 -15
leaf_value=0.0032914451724135266 0.055569049596329724 0.040719571276379665 -0.034288981262470174 -0.046993853244311233 -0.0029020262270230126 0.020867943271728775 -0.052972188432775236 -0.01197691511433354 0.016740644604678081 -0.034390700215324567 -0.072717433647884952 -0.057118502187779856 0.22638686241435307 0.020267884690006784
leaf_weight=1102.8196642109688 7.3139291560655693 24.11416256740813 34.164589561240973 16.134020780759784 970.33394738119387 55.332666763122688 10.586650086937878 16.903444524854425 114.02697316779813 63.696303573640762 2.6358669606852372 0.44272838559845584 0.61307382204176974 19.385748698630778
leaf_count=14275 923 1617 142289 66690 168784 7226 8681 4007 699 32204 371 494 215 1532
internal_value=0.000285875 0.00525454 -0.00486293 -0.00399878 -0.00232238 -0.00161968 -0.0183639 0.00842275 0.00455173 -0.0250268 -0.00730926 -0.0384192 0.107505 0.00913805
internal_weight=2438.5 1240.96 1197.54 1163.38 1041.8 1025.67 121.578 24.2174 1216.85 97.3604 33.6641 11.6425 1.0558 22.0216
internal_count=450007 16591 433416 291127 242700 176010 48427 4930 14974 43497 11293 9390 709 1903
is_linear=0
shrinkage=0.05


Tree=87
num_leaves=15
num_cat=0
split_feature=2 3 10 10 4 4 15 9 14 17 13 15 8 18
split_gain=27.0146 11.9749 11.048 10.4677 7.78206 6.59396 9.45536 16.0796 9.34929 6.62094 12.3045 6.56453 13.3997 10.4719
threshold=2.8114801645278935 0.12319961190223695 0.014599318150430919 0.032654678449034698 0.045640915632247932 0.00049230456352233898 1.0000000180025095e-35 0.71952766180038463 inf 6.8793365955352792 0.0745370388031006 1.0000000180025095e-35 24.500000000000004 0.17104249447584155
decision_type=10 10 8 10 10 8 8 10 8 10 10 10 8 8
left_child=1 2 5 11 -2 6 7 8 -1 -7 -11 13 -13 -4
right_child=4 -3 3 -5 -6 9 -8 -9 -10 10 -12 12 -14 -15
leaf_value=-0.051045178426524784 0.0079066280883089927 -0.034349081620566907 0.0018315580546659953 0.05240705845363023 0.034708689170258843 -0.045756672275334212 -0.050658984863657643 1.6480467235999123 0.76275876286067357 -0.054606180187256131 1.1073942491959514 0.039511940492967829 0.00066236551312953793 -0.008024256447023077
leaf_weight=0.096232906478689983 623.4821157134138 29.631251630075894 431.51808718658503 8.8375256186118332 28.312941620202764 19.249093491350326 0.23056535043724835 0.023684704909101129 0.055730812251567841 0.063144556028418175 0.035640746631543152 23.135105198703968 546.41473650203261 717.87501078571222
leaf_count=381 4227 136189 47356 67 2095 82081 912 7 17 128 17 2072 41172 133355
internal_value=0.000363884 -0.0028295 -0.00229505 -0.00186996 0.00907087 -0.0394756 0.159892 0.436272 0.247407 -0.0436613 0.364632 -0.00214901 0.00224043 -0.00432408
internal_weight=2428.96 1777.17 1747.53 1727.78 651.795 19.7541 0.406214 0.175648 0.151964 19.3479 0.0987853 1718.94 569.55 1149.39
internal_count=450076 443754 307565 224022 6322 83543 1317 405 398 82226 145 223955 43244 180711
is_linear=0
shrinkage=0.05


Tree=88
num_leaves=15
num_cat=0
split_feature=10 0 18 1 2 16 1 13 10 16 7 0 14 10
split_gain=24.3378 16.3239 15.8239 15.2608 8.42951 7.9285 8.72119 10.6215 7.88479 7.56738 7.83514 7.36296 7.31231 7.36675
threshold=0.030787452124059204 0.69235980510711681 0.44640903174877172 1.5000000000000002 1.3590692877769472 4.0689902305603036 13.500000000000002 0.23205128312110904 0.027886155992746357 3.9019216299057011 126.08965301513673 0.62236768007278453 inf 0.028508046641945842
decision_type=10 10 10 8 8 8 8 8 8 10 10 8 8 10
left_child=1 2 5 -4 -5 -1 7 -7 -6 -2 -11 -10 13 -9
right_child=9 -3 3 4 8 6 -8 12 11 10 -12 -13 -14 -15
leaf_value=-0.002044168588197396 0.022297275269120675 0.002275855997191037 -0.10165000473977981 -0.029306709717844527 -0.039984441873744392 -0.079494169252613919 -0.0056935280063062001 -0.044664452321650977 -0.095620146257838032 -0.0054233283487234163 0.034160513866000414 -0.002044168588197396 -0.002044168588197396 -0.002044168588197396
leaf_weight=647.8390977001518 144.79886125575649 1151.6519914996279 5.4700593068846493 79.056207963447378 16.153330288516372 8.7275098228637926 142.40395882545727 28.772898998526216 2.1021642518571744 60.126127438590629 15.782626396423437 89.018642624218046 14.790965336720545 6.3422566424196694
leaf_count=184117 2050 40778 97 76924 50208 1265 77661 3658 365 884 224 9892 919 153
internal_value=-0.000232237 -0.00182549 -0.00636419 -0.019335 -0.0169185 -0.00343349 -0.0123759 -0.0286055 -0.00778893 0.0155938 0.00280678 -0.00208151 -0.0197061 -0.0330915
internal_weight=2413.04 2192.33 1040.68 191.8 186.33 848.877 201.038 58.6336 107.274 220.708 75.9088 91.1208 49.9061 35.1152
internal_count=449195 446037 405259 137486 137389 267773 83656 5995 60465 3158 1108 10257 4730 3811
is_linear=0
shrinkage=0.05


Tree=89
num_leaves=15
num_cat=0
split_feature=10 2 18 16 16 2 18 14 2 1 12 12 18 18
split_gain=24.0274 15.9099 9.66424 11.4229 9.0939 9.79351 9.52721 8.9663 12.369 9.1521 9.57983 9.10648 8.69991 11.5877
threshold=0.030564635992050174 1.9278427958488467 0.69702500104904186 5.1619205474853525 3.6242519617080693 0.47036179900169378 0.32092060148715978 1.0000000180025095e-35 0.34744761884212499 23.500000000000004 0.019419306889176372 0.035098522901535041 0.92810064554214489 0.98531568050384533
decision_type=10 10 10 10 10 8 10 10 8 10 8 10 10 10
left_child=1 2 3 4 5 6 -1 8 -6 10 -10 -12 -3 -14
right_child=-2 12 -4 -5 7 -7 -8 -9 9 -11 11 -13 13 -15
leaf_value=0.010739053029604168 0.01542193489547644 0.0045023366808989579 -0.019420496924996131 0.018345431441027016 -0.045804437429265231 -0.0053122613525721169 -0.042333323212107116 -0.0057960571424142569 -0.064563611454947364 0.094732516219859397 -0.005148163352367811 -0.074432184999621523 -0.10023731170339018 -0.010376268258490352
leaf_weight=187.04636772467347 232.61495971712429 886.67370609686986 108.7934798573051 55.292285942106901 36.564402987523863 398.77242143940748 8.8564624688515305 348.02517377082768 8.5276961507643136 1.9765382274817955 83.611839748102284 5.0278821942702043 3.9812445765855946 36.277325126022333
leaf_count=91992 3360 11563 86227 11837 50369 63726 11409 78064 5939 162 31371 3587 131 743
internal_value=0.000150251 -0.00148724 -0.0051856 -0.00381957 -0.00495602 -0.000814909 0.00833973 -0.0100469 -0.0209481 -0.0117811 -0.0139477 -0.00907814 0.00347017 -0.0192628
internal_weight=2402.04 2169.43 1242.49 1133.7 1078.41 594.675 195.903 483.734 135.708 99.144 97.1674 88.6397 926.932 40.2586
internal_count=450480 447120 434683 348456 336619 167127 103401 169492 91428 41059 40897 34958 12437 874
is_linear=0
shrinkage=0.05


Tree=90
num_leaves=15
num_cat=0
split_feature=2 16 15 3 18 9 15 16 12 4 18 11 8 2
split_gain=23.7571 11.6249 9.28144 9.12332 11.6922 8.7812 8.5522 11.7072 13.6132 8.35824 7.84516 7.873 7.21204 11.1388
threshold=2.3373203277587895 2.8029010295867924 inf 0.11994323134422304 0.10290532559156419 0.79102084040641796 1.0000000180025095e-35 2.4414010047912602 0.19803921878337863 0.015666365623474125 0.17104249447584155 0.61250001192092907 6.5000000000000009 0.75797206163406383
decision_type=10 8 8 10 8 10 10 8 10 10 10 10 8 8
left_child=3 2 9 5 -5 6 12 -8 -9 -2 -7 -12 13 -1
right_child=1 -3 -4 4 -6 10 7 8 -10 -11 11 -13 -14 -15
leaf_value=0.032864529017564613 -0.039180703777156982 0.0041206018711002594 0.024162328261980594 0.01648999971497735 -0.049794289750650769 0.028159025687983646 -0.05987150064236757 0.0010885955825672394 0.064743382416753315 0.035599360660938294 -0.0053768061166457786 0.12507377457549701 -0.0062530975771630266 -0.053383964258016441
leaf_weight=4.7558361994888401 11.58077130262973 753.24117973592729 128.45547303222156 9.460850036864942 22.416337628152178 41.197649829580769 7.7143378954933715 475.70281786324267 8.5501975544393627 5.5166683933057348 44.259269010093703 1.1876502407976648 868.15536495262131 17.585812301249465
leaf_count=393 92 8579 1162 19861 122338 3558 849 46609 284 78 9781 10 225495 10911
internal_value=0.000191302 0.00662025 0.019556 -0.00365836 -0.0301217 -0.00308415 -0.00405191 0.001239 0.00221251 -0.0150521 0.0123569 -0.00196778 -0.00697494 -0.0350244
internal_weight=2399.78 898.794 145.553 1500.99 31.8772 1469.11 1382.46 491.967 484.253 17.0974 86.6446 45.4469 890.497 22.3416
internal_count=450000 9911 1332 440089 142199 297890 284541 47742 46893 170 13349 9791 236799 11304
is_linear=0
shrinkage=0.05


Tree=91
num_leaves=15
num_cat=0
split_feature=10 0 16 11 14 2 12 14 15 2 16 3 10 2
split_gain=22.1878 13.8969 13.1476 14.0856 13.4169 8.62311 9.17599 12.0101 8.51548 8.27075 7.99942 9.00946 8.13612 7.9015
threshold=0.022398697212338451 0.70582419633865368 3.0201274156570439 0.47222222387790685 1.0000000180025095e-35 0.22421649843454364 0.069366481155157103 1.0000000180025095e-35 1.0000000180025095e-35 0.6726386845111848 2.1383330821990971 0.012984067201614382 0.02762116584926844 -0.4447167813777923
decision_type=10 10 8 8 10 8 8 8 10 8 8 10 10 10
left_child=1 2 -1 5 9 -4 7 -7 10 -5 -2 12 -12 -13
right_child=8 -3 3 4 -6 6 -8 -9 -10 -11 11 13 -14 -15
leaf_value=-0.0015990245410293785 0.032737795789499473 0.0026142078512385908 -0.032925078291517418 -0.0377751350492894 -0.0015990245410293785 -0.0074075632326322978 -0.0094359757623886775 -0.062001542508022894 0.037541962015002171 -0.010192832313147961 -0.060374437021482687 0.052931648110032682 0.015159350156302901 -0.0047107312367311478
leaf_weight=301.77980158283754 32.039892732376757 889.93373347482338 70.998505614119495 37.787288935311153 311.39617402766089 19.706942640217676 227.76521661363222 20.608636949391439 27.684247679026157 96.805332798101517 3.6325259969744357 6.1937587021147911 192.1352389071908 148.14216084672989
leaf_count=64397 484 25039 100226 40112 76600 7746 72943 13412 594 35787 335 1298 2326 8654
internal_value=0.000176397 -0.00201872 -0.00581226 -0.00975026 -0.00391053 -0.0174312 -0.0133278 -0.0353151 0.0107644 -0.0179366 0.00882453 0.0066361 0.0137578 -0.00239745
internal_weight=2386.61 1976.78 1086.85 785.068 445.989 339.079 268.081 40.3156 409.828 134.593 382.144 350.104 195.768 154.336
internal_count=449953 436262 411223 346826 152499 194327 94101 21158 13691 75899 13097 12613 2661 9952
is_linear=0
shrinkage=0.05


Tree=92
num_leaves=15
num_cat=0
split_feature=10 1 16 15 8 18 7 14 10 3 16 18 12 1
split_gain=23.4978 18.0457 14.2097 12.2282 11.184 8.93042 8.95914 10.2961 8.30412 7.60741 7.82227 7.74079 7.37832 12.2068
threshold=0.021331550553441051 6.5000000000000009 2.5249279737472539 1.0000000180025095e-35 6.5000000000000009 0.43683648109436041 55.103057861328132 inf 0.032654678449034698 0.080759972333908095 2.4414010047912602 0.061552813276648528 0.14415584504604342 66.500000000000014
decision_type=10 8 8 10 8 8 10 8 10 10 10 10 8 8
left_child=1 2 -1 9 -5 8 7 -7 -2 -3 11 -11 13 -6
right_child=5 3 -4 4 12 6 -8 -9 -10 10 -12 -13 -14 -15
leaf_value=0.0211917570664697 0.012487392660881355 -0.0095211746475220242 -4.5568160517056029e-05 0.098244060871274214 -0.0070669710467157259 -0.0012448747766311691 0.021731708251641779 -0.045028437911169054 0.045399400077162914 -0.026640369515295716 -0.030536907829773474 0.039225885677441681 0.002510610954323509 -0.065608359831821464
leaf_weight=86.426402269484242 274.07875991216133 519.12566577173129 888.32225685757294 2.850041336077993 64.292807132778762 62.042840763764616 29.077826366619774 17.135960892226649 20.606700970922248 9.0509291998641874 86.481587062414292 8.7953711112932051 281.1217901309501 10.336202557176874
leaf_count=1304 7905 173395 19749 1120 12361 3731 1163 1404 871 15761 163765 6382 37153 4107
internal_value=-0.000717964 -0.00298208 0.00183745 -0.00776575 -0.000409117 0.0102772 -0.00200385 -0.0107206 0.0147889 -0.0119972 -0.0243175 0.00582116 -0.00119946 -0.015175
internal_weight=2359.75 1956.8 974.749 982.054 358.601 402.942 108.257 79.1788 294.685 623.454 104.328 17.8463 355.751 74.629
internal_count=450171 435097 21053 414044 54741 15074 6298 5135 8776 359303 185908 22143 53621 16468
is_linear=0
shrinkage=0.05


Tree=93
num_leaves=15
num_cat=0
split_feature=3 4 12 10 16 13 3 9 3 13 16 15 3 10
split_gain=21.1445 12.3043 9.79704 8.29788 11.4011 7.96037 7.92855 8.62216 8.46965 8.25352 8.17444 10.1565 8.80272 6.99891
threshold=0.041707724332809455 0.039589107036590583 0.19803921878337863 0.014185110572725536 1.2424533367156985 0.29520697891712194 0.044042706489562995 0.41869585216045385 0.06253755092620851 0.13896551728248599 2.2499048709869389 1.0000000180025095e-35 0.1186763644218445 0.032138252630829818
decision_type=8 10 10 8 8 10 8 8 10 10 8 10 10 8
left_child=1 2 5 4 -2 13 7 -5 -8 -9 -10 12 -12 -1
right_child=3 -3 -4 6 -6 -7 8 9 10 -11 11 -13 -14 -15
leaf_value=0.012116434863558345 0.65369827664791325 0.034719820136461292 0.042869842060579283 0.070637910689815495 -0.043785568410802306 -0.032920221977320169 -0.0010492164999932397 -0.043706834950888146 0.02063221577111166 0.038841783161084879 -0.015962640042597256 -0.00092573758181766516 -0.051098925282231533 0.0013229096015065335
leaf_weight=173.96015340887243 0.058800065362450193 30.964391774325122 15.099868841585701 2.0464818603359163 16.34085025211607 15.792649872950276 614.4474087271019 29.251142384280683 19.523585151762745 3.3776783821522249 191.6364701140501 118.14918945413228 19.653795794782127 1099.2040109100635
leaf_count=1402 82 1892 117 19 75996 234 83950 2369 9787 104 91428 34739 128445 19235
internal_value=-0.000566035 0.00356881 0.00282914 -0.00600732 -0.0412848 0.00236007 -0.00542767 -0.0289174 -0.00458222 -0.0351615 -0.0108031 -0.012666 -0.0192309 0.00279769
internal_weight=2349.51 1335.02 1304.06 1014.49 16.3997 1288.96 998.086 34.6753 963.41 32.6288 348.963 329.439 211.29 1273.16
internal_count=449799 22880 20988 426919 76078 20871 350841 2492 348349 2473 264399 254612 219873 20637
is_linear=0
shrinkage=0.05


Tree=94
num_leaves=15
num_cat=0
split_feature=2 18 16 15 9 13 3 18 15 16 4 1 16 18
split_gain=21.9085 14.9146 9.88709 13.4376 10.9393 12.6658 10.899 10.815 8.77711 10.7086 8.66811 8.25289 9.61547 6.88511
threshold=2.8114801645278935 0.26671525835990911 2.1383330821990971 1.0000000180025095e-35 0.31563310325145727 0.15894736349582675 0.11248677968978883 0.1336697340011597 inf 1.2424533367156985 0.0078622400760650652 71.500000000000014 5.1901714801788339 1.8892496228218081
decision_type=10 10 8 10 10 8 10 8 8 10 10 10 8 8
left_child=2 -2 8 6 5 7 -4 10 9 -1 -5 -7 -13 -3
right_child=1 13 3 4 -6 11 -8 -9 -10 -11 -12 12 -14 -15
leaf_value=0.069146151732554437 0.014365398405367444 1.6229382188680155e-06 -0.0063403269306501813 -0.093510101348329003 0.034828829502418945 0.0039739806837911524 -0.03866750128145615 -0.006442954666215632 0.021077625296295591 -0.073089491082512989 -0.025633180761210118 -0.057085904841857465 0.3254602402173653 -0.057212571289499241
leaf_weight=1.7626935634762047 366.47934768984669 263.50500034914148 1047.9392924426365 6.8606772357015897 24.801171111803342 455.78240181966794 26.738287230708011 66.96515184790951 63.803630613215319 5.3085644033017161 14.958900564830399 0.26862051923853769 0.42282799839995278 5.3653421997005344
leaf_count=117 3640 2582 234156 899 6740 38216 140059 10095 10010 1095 2039 350 66 96
internal_value=-0.000127811 0.00780371 -0.00306512 -0.00385306 0.00235222 0.000875015 -0.00714464 -0.0164042 0.0152199 -0.0376336 -0.0469756 0.00423584 0.176845 -0.00114009
internal_weight=2350.96 635.35 1715.61 1644.74 570.06 545.259 1074.68 88.7847 70.8749 7.07126 21.8196 456.474 0.691449 268.87
internal_count=450160 6318 443842 432620 58405 51665 374215 13033 11222 1212 2938 38632 416 2678
is_linear=0
shrinkage=0.05


Tree=95
num_leaves=15
num_cat=0
split_feature=10 0 18 4 3 18 16 9 4 10 7 18 4 16
split_gain=17.1162 13.91 13.7793 15.9521 11.6757 8.43531 7.22145 6.36854 6.12983 6.06754 9.1425 6.56958 5.87013 5.78603
threshold=0.030787452124059204 0.68866166472435009 0.1690240874886513 0.00049230456352233898 0.1186763644218445 0.43193876743316656 5.3351285457611093 0.59331881999969494 0.015666365623474125 0.03152930177748204 39.399969100952156 0.51377049088478099 0.002805411815643311 2.4414010047912602
decision_type=10 10 10 10 8 10 10 10 10 10 10 10 8 8
left_child=1 2 -1 13 6 12 8 -7 -5 -9 -11 -12 -2 -4
right_child=5 -3 3 4 -6 7 -8 9 -10 10 11 -13 -14 -15
leaf_value=-0.001645388730890178 -0.0045951450549723436 0.0024155401726330327 -0.093595552551393846 -0.018299159994282482 -0.043798664072415464 -0.078056497549770676 -0.050802907649512598 0.033437460567615915 -0.0037202167811513165 -0.041224612594197775 -0.014859152384201813 0.032181010410817716 0.022389901937065457 -0.001645388730890178
leaf_weight=461.46043581471713 23.368383928434923 1167.734036019936 2.0972840431495561 193.22290990140664 37.747303426413964 2.8286151555803363 13.071313494177955 10.056166997339458 115.01898962044834 14.257206627200501 5.8916230228205704 13.520635361739549 146.47004787093101 138.41921030138838
leaf_count=129680 99 45929 131 37609 172357 117 6292 178 36491 201 73 232 2257 18688
internal_value=0.000110811 -0.00125109 -0.00570632 -0.0116793 -0.017493 0.0135085 -0.0144027 -0.00534696 -0.0128591 -0.000643369 -0.0108224 0.0115063 0.018677 -0.00164539
internal_weight=2345.16 2128.77 961.037 499.577 359.061 216.393 321.313 46.5542 308.242 43.7256 33.6695 19.4123 169.838 140.516
internal_count=450334 447177 401248 271568 252749 3157 80392 801 74100 684 506 305 2356 18819
is_linear=0
shrinkage=0.05


Tree=96
num_leaves=15
num_cat=0
split_feature=10 18 12 2 15 0 1 16 18 8 13 12 1 4
split_gain=21.3265 15.3836 16.9089 12.7406 9.90641 10.9575 9.3802 8.88002 7.6 8.39209 7.38325 7.20129 7.13862 9.95813
threshold=0.02968991827219725 0.42277917265892034 0.19803921878337863 2.3373203277587895 1.0000000180025095e-35 0.68866166472435009 1.5000000000000002 3.2384861707687382 0.26671525835990911 6.5000000000000009 0.4301948100328446 0.15047170221805575 1.5000000000000002 0.00012230873107910159
decision_type=10 10 10 10 8 8 10 8 10 10 8 10 10 8
left_child=1 2 3 11 12 6 -6 -5 -2 -10 -4 -1 13 -3
right_child=8 4 10 7 5 -7 -8 -9 9 -11 -12 -13 -14 -15
leaf_value=-0.0023935240204251262 0.021076927030385745 0.35849756021566676 0.067345649263696419 0.016026465340880203 -0.090576632274895361 -0.0010840841349596246 -0.017223349197577547 0.0022911320588692948 -0.0038190237202962844 0.02980738123873777 -0.010267925104540401 -0.064505586871657472 -0.020355548394736661 -0.069930292999256974
leaf_weight=1124.3508605844418 154.15452580192323 0.13722158849122656 13.538209041569642 172.91549823631067 4.5502266183902966 236.2391039362883 103.30477001849658 368.32640634832569 82.780304631080071 23.914798436897399 3.9605856208436334 4.6860260872581412 36.898601557684742 11.708707219917414
leaf_count=283871 2278 59 903 1582 74 56703 75910 3767 1591 375 853 1426 10206 10348
internal_value=0.000499838 -0.00118977 0.000884444 0.000372197 -0.0101013 -0.00711288 -0.020318 0.00667928 0.0139766 0.00371805 0.049779 -0.00265132 -0.0311972 -0.0649674
internal_weight=2341.47 2080.62 1687.78 1670.28 392.839 344.094 107.855 541.242 260.85 106.695 17.4988 1129.04 48.7445 11.8459
internal_count=449946 445702 292402 290646 153300 132687 75984 5349 4244 1966 1756 285297 20613 10407
is_linear=0
shrinkage=0.05


Tree=97
num_leaves=15
num_cat=0
split_feature=10 18 2 18 18 11 4 7 16 18 9 2 17 11
split_gain=17.4091 11.2812 10.988 10.2178 19.485 12.8271 16.3008 9.65186 9.08417 9.85396 9.25921 8.01545 16.9387 7.67334
threshold=0.021331550553441051 0.4889239370822907 1.59589558839798 0.11541344597935678 0.081102162599563613 inf 0.0010783374309539797 40.766326904296882 5.1445789337158212 0.92810064554214489 0.72277826070785534 2.2195549011230473 6.0461888313293466 0.47222222387790685
decision_type=10 10 10 8 8 8 10 10 8 10 8 10 10 8
left_child=2 -2 13 4 5 11 -7 8 9 10 -3 12 -4 -1
right_child=1 7 3 -5 -6 6 -8 -9 -10 -11 -12 -13 -14 -15
leaf_value=-0.011762650241664487 0.013560508478602507 -0.080121169852605256 -0.081961527753418098 -0.0010586812875397718 0.025141949331246999 -0.12505550875774893 -0.014308818712178463 0.016095079024049688 -0.087797297440683653 -0.0032310587696312179 -0.013827393651851814 0.023105836728710031 0.043702404961615489 -0.0024784052191995681
leaf_weight=345.40575154194312 318.90876903777826 8.731351169459229 5.9359705958595423 749.75221503382272 117.48943002523811 3.5602198117412618 49.79836989215255 25.275638401515607 4.7672058831103632 17.965793955178015 13.27503435425024 41.581957787653664 4.8913230147263675 625.70930669113477
leaf_count=231986 10285 1120 317 13749 1418 59 794 1301 679 1152 459 411 118 186279
internal_value=-8.61765e-05 0.00957047 -0.002018 0.0017373 0.0111269 -0.00444137 -0.0216981 -0.00860361 -0.0225572 -0.0147765 -0.0401304 0.013128 -0.0251918 -0.00578062
internal_weight=2333.05 388.924 1944.12 973.009 223.257 105.768 53.3586 70.015 44.7394 39.9722 22.0064 52.4093 10.8273 971.115
internal_count=450127 14996 435131 16866 3117 1699 853 4711 3410 2731 1579 846 435 418265
is_linear=0
shrinkage=0.05


Tree=98
num_leaves=15
num_cat=0
split_feature=2 10 12 18 12 17 1 16 12 16 10 14 10 17
split_gain=25.0158 13.2384 10.0911 9.3679 9.46421 17.0945 9.61376 9.10464 8.88151 12.3153 8.75449 8.67982 8.93662 8.74422
threshold=2.8114801645278935 0.027995306067168716 0.19803921878337863 0.3523381799459458 0.014709063339978458 5.6365721225738534 3.5000000000000004 4.2413008213043222 0.043961353600025184 3.5694335699081425 0.027814932167530063 inf 0.026284319348633293 5.7822844982147226
decision_type=10 10 10 10 8 8 10 8 8 10 10 8 10 10
left_child=1 2 3 4 5 -1 -7 -8 9 -6 -10 12 -5 -13
right_child=-2 -3 -4 11 8 6 7 -9 10 -11 -12 13 -14 -15
leaf_value=0.0040907262080905234 0.0085436062360445299 0.010899220408074659 0.034227526123439288 -0.00845118079998502 -0.084875959224638184 -0.073056410281145373 -0.053785928833050549 -0.0074673963370467849 -0.0017092262859820608 0.060857494734808573 -0.081514437986930574 -0.044189693795345895 -0.093079563966994114 0.017030777456746461
leaf_weight=51.833041468342344 621.28860686947883 151.79640176241446 16.573098778571875 291.71955293532801 1.6802285532394297 13.101679116851299 16.762037007632898 28.904347819683608 1060.3215692587037 10.564467041565875 3.4476095528516444 34.380264628953228 3.1531925738672717 7.024370777720832
leaf_count=16296 6354 3669 3319 135985 753 4709 5222 7516 223320 1212 107 39269 800 1726
internal_value=-3.64549e-05 -0.00318836 -0.00457744 -0.00499974 -0.00291213 -0.0168401 -0.0353009 -0.0244688 -0.0014805 0.0408598 -0.00196787 -0.0123663 -0.00935615 -0.0338035
internal_weight=2312.55 1691.26 1539.47 1522.89 1186.61 110.601 58.7681 45.6664 1076.01 12.2447 1063.77 336.277 294.873 41.4046
internal_count=450257 443903 440234 436915 259135 33743 17447 12738 225392 1965 223427 177780 136785 40995
is_linear=0
shrinkage=0.05


Tree=99
num_leaves=15
num_cat=0
split_feature=10 18 12 8 2 14 16 4 16 16 14 18 10 3
split_gain=19.8419 11.5165 11.9797 9.08379 9.05385 7.23067 7.15425 10.7896 13.8692 19.186 12.8183 10.2538 8.5128 8.68616
threshold=0.02762116584926844 0.68760964274406444 0.19803921878337863 21.500000000000004 2.8114801645278935 inf 2.7403194904327397 0.00057461857795715343 2.6735538244247441 2.4414010047912602 1.0000000180025095e-35 0.18096698820590976 0.022343332879245285 0.092726051807403578
decision_type=10 10 10 10 10 8 8 10 8 10 10 8 8 10
left_child=1 2 4 -2 6 -3 7 8 9 11 -9 -1 -8 -14
right_child=3 5 -4 -5 -6 -7 12 10 -10 -11 -12 -13 13 -15
leaf_value=-0.080098840245054981 0.0085864190401200666 -0.010908200939421853 0.039963950743585067 0.040505166342832848 0.0051035372775173563 -0.042042473976262817 -0.037325956947261776 0.019756415699103132 -0.10187552215187518 0.012039202431638755 -0.010845199903101047 0.031144874226749966 -0.003349488547414878 -0.021684382442806585
leaf_weight=10.700993938575262 311.05874917273468 142.08661584471292 17.556313928085729 24.010877087093832 398.03385424562293 21.465662476062789 20.038270494092103 119.69067780996193 4.2216237846296272 35.003417362182518 47.921194828197258 2.5686782154589318 1074.1427453167125 68.730095907703799
leaf_count=1345 6513 66177 2296 220 3258 22472 68450 29878 330 855 7493 108 101543 139376
internal_value=-0.00037129 -0.00229155 -0.00113644 0.0108737 -0.00154158 -0.0149945 -0.00345404 0.00481195 -0.0149692 -0.00736897 0.0110072 -0.0585648 -0.00501857 -0.00445211
internal_weight=2297.23 1962.16 1798.61 335.07 1781.05 163.552 1383.02 220.107 52.4947 48.2731 167.612 13.2697 1162.91 1142.87
internal_count=450314 443581 354932 6733 352636 88649 349378 40009 2638 2308 37371 1453 309369 240919
is_linear=0
shrinkage=0.05


Tree=100
num_leaves=15
num_cat=0
split_feature=2 7 0 18 4 11 18 9 12 13 4 13 18 18
split_gain=18.4527 12.9692 13.7657 8.68979 13.0216 10.2026 7.15868 5.31885 5.39751 6.88892 5.98629 5.6329 4.92951 4.88134
threshold=2.3373203277587895 59.148113250732429 0.61373090744018566 0.095509681850671782 0.0014651119709014895 0.75000000000000011 0.099244788289070143 0.33834694325923925 0.22902098298072818 0.28370222449302679 0.0083661973476409929 0.19782608747482303 6.7681553363800058 0.3523381799459458
decision_type=10 10 8 8 10 8 8 8 10 10 8 10 10 8
left_child=1 2 -1 4 -2 -6 -5 -8 9 11 -11 -9 -3 -4
right_child=3 12 13 6 5 -7 7 8 -10 10 -12 -13 -14 -15
leaf_value=-0.024967317493685009 -0.01841780655596564 0.018994709160073536 -0.00083411829380855063 -0.051897126649608764 0.038895317746578333 0.0088103045198098563 0.044571188879289257 0.0035947814970488179 0.048530868839715163 -0.066800193064290581 0.0023338281589468826 0.029136930731140705 0.27250804644801185 -0.0076737064608636846
leaf_weight=73.265728648049389 20.689631205867045 60.159647240785489 956.76159137797276 5.6440872846287666 59.829089064907748 53.273103643768991 8.2413458310911647 677.39946293382854 6.7933365877543102 6.4034690951229978 6.1275102101208185 22.295693753840169 0.19236614391411322 358.657261949023
leaf_count=112706 104 22315 159630 88 672 552 116 7967 97 38 102 181 3 145543
internal_value=0.00056412 -0.00288771 -0.00387383 0.00633526 0.0180532 0.0247248 0.00419615 0.00463148 0.00417369 0.0037506 -0.0329944 0.00440868 0.0198028 -0.00269898
internal_weight=2315.73 1449.04 1388.68 866.697 133.792 113.102 732.905 727.261 719.019 712.226 12.531 699.695 60.352 1315.42
internal_count=450114 440197 417879 9917 1328 1224 8589 8501 8385 8288 140 8148 22318 305173
is_linear=0
shrinkage=0.05


Tree=101
num_leaves=15
num_cat=0
split_feature=10 0 3 15 8 2 0 10 2 3 9 8 10 2
split_gain=21.0493 11.2911 6.89662 7.367 8.00023 7.83861 6.87594 6.01797 6.18012 8.01696 6.11635 6.12519 14.7241 9.56368
threshold=0.022343332879245285 0.60393509268760692 0.024083048105239872 1.0000000180025095e-35 6.5000000000000009 1.0104647278785708 0.65485119819641124 0.032654678449034698 -0.1567902788519859 0.06253755092620851 0.31836010515689855 20.500000000000004 0.028971920721232895 1.2789837718009951
decision_type=10 8 8 10 8 8 10 10 8 10 10 10 10 8
left_child=1 -1 6 -4 -5 -6 -3 8 -2 10 -10 12 13 -12
right_child=7 2 3 4 5 -7 -8 -9 9 -11 11 -13 -14 -15
leaf_value=-0.026516197196979847 0.047693584437675511 -0.013795299730469217 -0.0067295356694526583 0.08417474967891081 0.0081456520673301568 -0.0054857556552994026 0.0036794365162994567 0.035862207252903101 0.046830156148385788 -0.020065300343421091 -0.00015184364935153809 0.025286721615352049 0.010025665287312741 -0.059966511730004279
leaf_weight=44.650242862255254 10.30553855072503 30.571390478668036 695.19086117652205 2.9148404445913911 202.73287617435199 219.80639402791712 719.48637684356981 23.046606217718363 11.131950211987713 23.102886378630501 13.842622729251159 49.643547335726907 245.8148235886456 12.919859683257529
leaf_count=88144 2559 747 284602 1101 39426 15000 7097 1107 164 6174 407 639 2208 521
internal_value=0.000487962 -0.0016675 -0.0010744 -0.0035581 0.00162401 0.00105455 0.00263644 0.011079 0.00952165 0.00841805 0.0103921 0.00913324 0.00619126 -0.029028
internal_weight=2305.16 1915.35 1870.7 1120.64 425.454 422.539 750.058 389.808 366.761 356.456 333.353 322.221 272.577 26.7625
internal_count=449896 436117 347973 340129 55527 54426 7844 13779 12672 10113 3939 3775 3136 928
is_linear=0
shrinkage=0.05


Tree=102
num_leaves=15
num_cat=0
split_feature=10 2 18 8 18 17 3 13 3 15 2 9 17 2
split_gain=18.3537 11.9458 8.51482 7.77656 6.88431 6.50884 6.57672 10.4917 6.92495 6.47538 7.49598 7.29819 6.80865 10.8601
threshold=0.022343332879245285 2.3373203277587895 0.26671525835990911 7.5000000000000009 0.10818327590823175 5.7761018276214608 0.012984067201614382 0.16247642785310748 0.0076004564762115487 1.0000000180025095e-35 1.3992249965667727 0.63172534108161937 4.9380581378936776 1.7867692112922671
decision_type=10 10 10 10 8 10 10 10 10 10 8 10 8 10
left_child=1 3 -2 9 -3 6 8 -8 -4 10 -1 -11 -12 -14
right_child=2 4 5 -5 -6 -7 7 -9 -10 11 12 -13 13 -15
leaf_value=-0.012176925848672077 0.015984004967366801 0.014155825536789729 -0.00083867360814954316 -0.036905999067887128 0.0009899556144500072 0.030514135758242911 -0.026052465048210141 0.053550724080631801 0.038678514625504229 -0.00017636786796788325 0.0055181085468417324 0.085427638182945839 -0.0003057981884853967 -0.022918643155002399
leaf_weight=380.64915256885433 231.12778282142608 124.05369844887173 72.905561005121854 18.630319854432855 497.36920947080216 16.245980130401222 41.852741511173008 4.5936119396719723 13.074373361014294 467.10667843095871 162.39685464815375 2.5031576049768764 161.72359294717353 79.049371139459254
leaf_count=237403 6451 1127 1169 91084 5577 555 5351 236 46 49892 18591 543 29067 3146
internal_value=-5.17196e-05 -0.00206383 0.00997961 -0.00483962 0.00361824 0.000645107 -0.00301921 -0.0181796 0.00517043 -0.004363 -0.00714473 0.000279926 -0.00239362 -0.00772993
internal_weight=2273.28 1893.48 379.8 1272.06 621.423 148.672 132.426 46.4464 85.9799 1253.43 783.819 469.61 403.17 240.773
internal_count=450238 436430 13808 429726 6704 7357 6802 5587 1215 338642 288207 50435 50804 32213
is_linear=0
shrinkage=0.05


Tree=103
num_leaves=15
num_cat=0
split_feature=8 1 16 16 17 15 18 13 4 12 14 4 13 15
split_gain=14.562 12.4217 9.98716 8.09675 13.3902 7.382 7.78418 10.128 7.30122 7.12382 6.33407 10.036 6.0313 6.07584
threshold=5.5000000000000009 6.5000000000000009 1.7005987167358401 2.8029010295867924 5.881927728652955 1.0000000180025095e-35 0.43193876743316656 inf 0.066103249788284316 0.19803921878337863 1.0000000180025095e-35 0.0040537118911743173 0.2674796879291535 1.0000000180025095e-35
decision_type=8 8 8 8 10 10 10 8 10 10 10 10 10 8
left_child=2 3 -1 4 10 6 -4 -8 -3 12 -2 -12 13 -5
right_child=1 8 5 9 -6 -7 7 -9 -10 -11 11 -13 -14 -15
leaf_value=0.067870557584936334 0.021078988811978575 -0.0048159530983676001 0.013169514727703417 -0.012199762560373337 -0.075007898450766705 0.049116549527982181 0.034789971937708254 -0.023511355684205915 -0.053763051045891075 0.039885633582690441 -0.075256594207547711 0.007559351560335565 -0.035241969343995837 0.002116757947993477
leaf_weight=7.7945550007316333 116.34967756395235 998.79570009795589 158.33097749340232 81.744568313491072 4.1581726174699716 11.554620678618447 9.5439205901411679 33.938280439993832 7.6772744683266856 11.51343952776733 4.3592851897556129 22.747863305106875 11.776976140294208 793.39742811562519
leaf_count=134 1894 300692 11026 2092 127 1057 2320 6712 105080 166 80 437 253 18039
internal_value=8.96131e-05 -0.00122388 0.0122796 0.00259154 0.013444 0.0102488 0.00802346 -0.0107148 -0.00518932 0.000808456 0.0160078 -0.00575884 0.00030118 0.000779492
internal_weight=2273.68 2052.52 221.162 1046.05 147.615 213.368 201.813 43.4822 1006.47 898.432 143.457 27.1071 886.919 875.142
internal_count=450109 428860 21249 23088 2538 21115 20058 9032 405772 20550 2411 517 20384 20131
is_linear=0
shrinkage=0.05


Tree=104
num_leaves=15
num_cat=0
split_feature=2 16 15 7 3 7 1 1 18 12 16 16 0 18
split_gain=13.9221 12.6524 10.7619 10.2009 9.64033 8.26645 7.94626 6.85321 12.42 6.63546 8.08531 7.4514 6.87109 6.41052
threshold=2.8114801645278935 2.1383330821990971 1.0000000180025095e-35 41.973237991333015 0.092726051807403578 5.4326922893524179 74.500000000000014 53.500000000000007 0.18311307579278949 0.094494048506021514 5.4445774555206308 2.3502402305603032 0.63407999277114879 0.031050826422870163
decision_type=10 8 10 10 10 10 10 8 10 8 10 8 10 8
left_child=1 5 4 9 6 7 13 -1 -9 10 -4 -11 -13 -3
right_child=-2 2 3 -5 -6 -7 -8 8 -10 11 -12 12 -14 -15
leaf_value=0.015751643931965934 0.0066709025383300691 -0.076691965019247466 -0.0076277314398552083 0.038546199822732968 -0.025389428491295687 0.045623874643612242 0.07535886529520873 -0.082098553528691873 0.026716126744137592 -0.092450222349221622 -0.079203903749473906 -0.0086391754406307392 0.0072049111767741245 -0.0049838018075435532
leaf_weight=44.026568497003609 597.209751585915 3.1267653664581294 93.305768178820472 18.886039194097975 61.385694012596105 19.934198796783676 3.0696562324883407 5.2087978850195196 3.3108255467614072 2.0038413767342709 4.1196821805970094 84.540496415998859 359.02177058674533 968.95054569482454
leaf_count=5463 6309 1508 13060 3840 172720 2835 512 2806 134 355 1842 8925 30416 199277
internal_value=0.000118474 -0.0022235 -0.00315 0.00242238 -0.00617065 0.0182087 -0.00496082 0.00780838 -0.0332398 0.00116594 -0.0106544 0.00375052 0.00418512 -0.00521446
internal_weight=2268.1 1670.89 1598.41 561.878 1036.53 72.4804 975.147 52.5462 8.51962 542.992 97.4255 445.566 443.562 972.077
internal_count=450002 443693 432455 58438 374017 11238 201297 8403 2940 54598 14902 39696 39341 200785
is_linear=0
shrinkage=0.05


Tree=105
num_leaves=15
num_cat=0
split_feature=16 0 3 17 4 17 3 3 16 4 9 1 2 12
split_gain=12.726 14.2735 7.17067 6.50396 9.94307 5.96323 5.30782 5.54434 5.13467 4.94583 7.10882 7.1307 12.2769 7.24595
threshold=2.8029010295867924 0.68866166472435009 0.1186763644218445 5.8622088432312021 0.0040537118911743173 3.7012257575988774 0.039101451635360725 0.049996048212051399 2.9174053668975835 0.016417562961578373 0.42329935729503637 10.500000000000002 1.3992249965667727 0.10102041065692903
decision_type=8 10 10 10 8 8 8 10 10 8 10 10 10 8
left_child=3 2 5 -1 6 8 -5 -8 -2 10 11 12 -7 -14
right_child=1 -3 -4 4 -6 9 7 -9 -10 -11 -12 -13 13 -15
leaf_value=0.010383730998303267 -0.0020315386238887539 0.0023414668948172172 -0.039193119673492122 -0.11809037189818999 -0.06078138339371441 -0.063042013709263753 0.079269767737737321 -0.071577765042069016 -0.061800330660053263 -0.0020315386238887539 -0.0020315386238887539 -0.0070677947414252446 -0.052764146814130289 -0.011396157158795012
leaf_weight=340.23676935753701 2.6144885696239717 1138.5446681009889 16.330035002785735 0.52125873649492582 7.8109149932952286 16.424562924822112 3.2999993202065525 0.74702489879564371 8.5847312190589928 386.7305838092725 81.514537295230184 178.38962676805022 12.038579956075409 87.691285640437854
leaf_count=43515 280 44748 122266 52 2670 14284 207 153 5416 133379 25815 54691 527 2304
internal_value=0.000354581 -0.00124206 -0.00640454 0.00908845 -0.0265117 -0.00571275 0.032083 0.0514254 -0.0419331 -0.00518097 -0.00931156 -0.0133454 -0.0229865 -0.0163898
internal_weight=2281.48 1928.86 790.318 352.616 12.3792 773.988 4.56828 4.04702 11.1992 762.789 376.059 294.544 116.154 99.7299
internal_count=450307 403710 358962 46597 3082 236696 412 360 5696 231000 97621 71806 17115 2831
is_linear=0
shrinkage=0.05


Tree=106
num_leaves=15
num_cat=0
split_feature=10 2 8 16 14 17 18 7 1 16 18 2 16 15
split_gain=16.3402 9.88342 7.04063 6.95351 9.35731 6.81532 6.09467 10.3218 5.87457 13.0698 10.6666 8.21846 7.86276 9.82477
threshold=0.021331550553441051 1.6528360843658449 10.500000000000002 1.8688347935676577 inf 6.8793365955352792 1.80305951833725 48.737220764160163 8.5000000000000018 5.3008110523223886 1.2430758476257326 1.3992249965667727 4.2835628986358651 1.0000000180025095e-35
decision_type=10 10 10 8 8 10 10 10 8 8 8 10 10 8
left_child=1 2 6 4 -4 -5 8 -8 9 10 11 -1 -13 -14
right_child=-2 -3 3 5 -6 -7 7 -9 -10 -11 -12 12 13 -15
leaf_value=-0.040584933535086042 0.0098274519024597745 0.0020883044568396798 -0.058607962355166077 -0.049012858326051421 0.38649427352981813 0.3008782410034766 -0.05781791676203081 0.15089824389869952 -0.0029372654290556722 -0.091462289238699784 0.066185232435233624 -0.019759338243752818 -0.093279736970307281 0.027724886830388082
leaf_weight=23.352683315168179 370.77410677123225 910.39864825597579 0.25319596745066242 14.206832508449223 0.22126735831079714 0.14055162219301642 9.033089858359741 0.63393033648481001 856.1167410633625 5.4317940858145439 4.2032729984393873 36.809256978827761 1.8267754809639882 20.526268281468223
leaf_count=7116 15066 15745 611 77825 194 133 12377 351 314865 1256 207 3177 193 882
internal_value=0.000233074 -0.00165596 -0.00516021 -0.0393574 0.148967 -0.0455852 -0.00463109 -0.044131 -0.00422841 -0.0162237 -0.011511 -0.0154688 -0.00555488 0.0178359
internal_weight=2253.93 1883.15 972.756 14.8218 0.474463 14.3474 957.934 9.66702 948.267 92.1501 86.7183 82.515 59.1623 22.353
internal_count=449998 434932 419187 78763 805 77958 340424 12728 327696 12831 11575 11368 4252 1075
is_linear=0
shrinkage=0.05


Tree=107
num_leaves=15
num_cat=0
split_feature=9 0 16 18 9 14 4 16 9 16 16 0 17 18
split_gain=15.6567 10.5386 14.9826 6.87824 7.74913 6.15192 5.19058 5.08003 5.99555 4.97295 6.93784 6.60505 5.92963 4.7141
threshold=0.97896310687065136 0.70582419633865368 3.0201274156570439 0.69702500104904186 0.91063714027404796 1.0000000180025095e-35 0.014469802379608156 1.7005987167358401 0.39573529362678533 3.7494349479675297 3.7256208658218388 0.61932152509689342 5.962292194366456 2.2154510021209721
decision_type=10 8 8 10 10 8 10 8 10 8 10 10 10 10
left_child=1 2 -1 4 9 6 -5 8 -3 10 -4 -11 -13 -7
right_child=-2 7 3 5 -6 13 -8 -9 -10 11 -12 12 -14 -15
leaf_value=-0.0010954919469612693 0.019910107005916181 0.0021354949579541478 -0.011655432057647873 -0.02951041439882034 -0.073718901083366484 -0.046888704875004551 -0.0010954919469612693 0.0021725252883302028 0.080028448456248957 -0.029152681924884828 -0.062640286320752414 -0.0010954919469612693 -0.015412334719380133 -0.0010954919469612693
leaf_weight=254.13737946059791 98.392054446889233 5.3571430445554125 212.44576102538758 20.284070566899572 4.4392416201699225 30.290240101877316 19.557900652277567 1251.4424241584288 4.584612149048553 23.50242694507142 6.8887517675584595 251.80361777495182 62.144387612344872 6.1911533234861045
leaf_count=50521 4765 421 69277 5004 238 24562 11866 154407 518 41542 3133 61786 17745 4076
internal_value=0.000405544 -0.000485785 -0.00464633 -0.00983537 -0.00792017 -0.0239183 -0.0103347 0.00245534 0.0380556 -0.00739556 -0.0132567 -0.00358594 -0.00167199 -0.038753
internal_weight=2251.46 2153.07 891.685 637.548 561.224 76.3234 39.842 1261.38 9.94176 556.785 219.335 337.45 313.948 36.4814
internal_count=449861 445096 289750 239229 193721 45508 16870 155346 939 193483 72410 121073 79531 28638
is_linear=0
shrinkage=0.05


Tree=108
num_leaves=15
num_cat=0
split_feature=10 0 18 4 15 12 1 1 12 18 16 16 16 18
split_gain=12.8077 9.38765 11.6876 9.60684 6.83349 5.75775 5.69715 8.23291 6.81088 8.95341 6.35534 10.3353 8.04207 9.78734
threshold=0.031039468012750152 0.68365874886512767 0.1690240874886513 0.0035821795463562016 1.0000000180025095e-35 0.09175084158778192 24.500000000000004 5.5000000000000009 0.14854215830564502 0.164396807551384 4.1971738338470468 4.863673448562623 4.610145330429078 0.2233465984463692
decision_type=10 10 10 10 10 8 10 10 10 10 8 10 10 8
left_child=1 2 -1 -4 -5 -3 7 10 9 -8 -7 12 13 -12
right_child=-2 5 3 4 -6 6 8 -9 -10 -11 11 -13 -14 -15
leaf_value=-0.0014744982457056592 0.013189341072671737 -0.0014744982457056592 -0.0025257326610270176 -0.020544707841893592 -0.0014744982457056592 0.0024468764154117442 0.031983310060762292 -0.0014744982457056592 0.11185912725377645 -0.0014744982457056592 0.036224907679760922 -0.0014744982457056592 0.038456984790821463 0.0057432471960371361
leaf_weight=424.38890227902812 173.55640924145155 227.0773469398855 194.59627866549863 220.78766290754447 31.061458556666366 408.58626641506999 34.830987531755454 250.92093148002732 1.9303859357787576 18.073946336516201 34.70682211327221 56.872331450276761 39.936407320523358 109.16989962531807
leaf_count=126843 2916 14030 38837 211774 16447 5532 6669 16023 498 7320 322 967 475 1387
internal_value=0.000146775 -0.00095585 -0.00489516 -0.0108698 -0.0173171 0.00194617 0.00396198 0.00300885 0.0196089 0.0162429 0.0062436 0.0126889 0.0186063 0.0130962
internal_weight=2226.5 2052.94 870.834 446.445 251.849 1182.11 955.028 900.193 54.8353 52.9049 649.272 240.685 183.813 143.877
internal_count=450040 447124 393901 267058 228221 53223 39193 24706 14487 13989 8683 3151 2184 1709
is_linear=0
shrinkage=0.05


Tree=109
num_leaves=15
num_cat=0
split_feature=10 3 3 0 18 2 18 3 16 4 16 16 3 3
split_gain=12.918 11.41 10.3216 8.74013 7.64909 7.5204 7.59669 8.44131 7.06883 10.9053 6.25335 5.76947 6.11471 5.83766
threshold=0.022343332879245285 0.054146409034729011 0.05491957068443299 0.60902440547943126 3.3523569107055669 1.3992249965667727 0.040764128789305694 0.07849708199501039 5.2704288959503183 inf 4.388237953186036 2.1383330821990971 1.0000000180025095e-35 0.093271404504776015
decision_type=10 8 8 8 10 10 8 8 10 8 10 8 8 10
left_child=1 4 -3 -4 -1 6 7 -5 10 -10 -8 12 -2 -13
right_child=11 2 3 5 -6 -7 8 -9 9 -11 -12 13 -14 -15
leaf_value=0.0020103143277354872 -0.01801377417959784 -0.067658275312006855 -0.029657181000748063 -0.016969760749816942 -0.09819558809659773 0.016735090866983805 -0.0058596973921339786 0.037866916732484823 -0.012449409072272051 0.038387003186041296 -0.016969760749816942 0.0081613287186273944 0.042865181544904138 -0.050518177845480877
leaf_weight=1204.977318770274 5.0792295925584794 6.7786738264112492 35.864767279266744 7.3885383724264129 1.9074370275920944 39.871603490633788 428.00654158308544 19.402486749939271 21.284240003632476 20.916581882684113 93.903655993311531 336.80458611957329 21.945403887806606 4.2924591561859406
leaf_count=34806 82 1154 96671 1020 269 6457 180962 7033 29730 1868 76260 7036 389 6338
internal_value=0.000619428 -0.00105748 -0.0062717 -0.00564749 0.00185194 -0.00428234 -0.00570051 0.0203138 -0.00693599 0.0127474 -0.00852756 0.0091848 0.0314231 0.00742289
internal_weight=2248.42 1880.3 673.417 666.638 1206.88 630.774 590.902 26.791 564.111 42.2008 521.91 368.122 27.0246 341.097
internal_count=450075 436230 401155 400001 35075 303330 296873 8053 288820 31598 257222 13845 471 13374
is_linear=0
shrinkage=0.05


Tree=110
num_leaves=15
num_cat=0
split_feature=16 0 8 10 3 2 4 8 17 9 4 17 4 4
split_gain=12.3204 10.2411 9.07614 6.93409 7.12688 8.5826 13.7515 6.77125 6.2632 6.06672 5.96919 5.30735 7.11287 5.29285
threshold=2.8029010295867924 0.68866166472435009 2.5000000000000004 0.022343332879245285 0.012984067201614382 2.8114801645278935 0.0014651119709014895 26.500000000000004 5.8507635593414316 0.33591231703758245 0.0047592818737030038 5.881927728652955 0.0040537118911743173 0.017548114061355594
decision_type=8 10 8 10 8 10 10 10 8 8 10 10 8 10
left_child=2 3 -1 4 5 6 -2 11 -6 -3 -7 13 -13 -4
right_child=1 9 7 -5 8 10 -8 -9 -10 -11 -12 12 -14 -15
leaf_value=0.033330094811607335 -0.0063097440544819076 0.041687557543716301 0.0021404182959990836 -0.0027180275011278016 -0.0114128014110009 -0.0027180275011278016 -0.10293894437755331 0.053042282554564182 -0.0027180275011278016 0.00071179127672429216 -0.036586163928039539 0.019139666682394096 -0.062740943684418307 0.017747545455914952
leaf_weight=32.374043302163045 6.7082027418073258 9.1085913036622497 238.05074015288483 128.58537473867727 409.49212002567356 18.129349091323093 8.1615382055751962 7.3444277897106067 175.15043536405028 1090.88819301681 16.904101445485139 4.4534785019786769 6.5579092974076056 70.384813530261454
leaf_count=759 140 166 14947 8846 272443 110 326 1481 76486 44396 217 358 2388 26583
internal_value=-0.000401961 -0.00203655 0.00807725 -0.00648715 -0.00938167 -0.0275188 -0.0593465 0.00557554 -0.00783354 0.00105109 -0.0140098 0.00448423 -0.0296249 0.00570196
internal_weight=2222.29 1863.13 359.165 763.131 634.546 49.9032 14.8697 326.791 584.643 1100 35.0335 319.447 11.0114 308.436
internal_count=449646 403130 46516 358568 349722 793 466 45757 348929 44562 327 44276 2746 41530
is_linear=0
shrinkage=0.05


Tree=111
num_leaves=15
num_cat=0
split_feature=21 7 0 18 14 1 13 10 18 0 1 10 12 13
split_gain=9.53346 7.96988 10.2046 7.90034 5.92916 5.58496 8.80178 6.49068 6.14447 8.25389 6.03185 5.05894 4.42808 4.34849
threshold=1.5000000000000002 47.161415100097663 0.60565054416656505 2.087257027626038 1.0000000180025095e-35 53.500000000000007 0.27525253593921667 0.031076865270733837 0.17493092268705371 0.68866166472435009 11.500000000000002 0.032654678449034698 0.031754031777381904 0.048199767246842391
decision_type=10 10 8 10 8 8 8 10 8 10 10 10 8 10
left_child=1 2 4 11 -1 8 -7 -8 12 10 -10 13 -4 -3
right_child=-2 3 5 -5 -6 6 7 -9 9 -11 -12 -13 -14 -15
leaf_value=-0.012262312376162737 -0.089850436707302056 0.004834609762008518 -0.010059862569452288 0.09916699255397167 -0.046207935033862058 0.004834609762008518 -0.012262312376162737 0.004834609762008518 -0.012262312376162737 0.0013088447316749832 -0.0036059312434149129 0.038614255413272479 0.004834609762008518 0.032325573312018407
leaf_weight=27.42602136984533 2.9580682505265932 133.79875550429733 50.351900084721819 2.4773979771816803 18.526347733405601 61.474446610419363 235.3218210184632 8.8292786023812351 164.0809290226216 697.16530116646754 143.79853642847502 13.408498413107734 629.99840816643882 14.962416143994231
leaf_count=47243 761 31574 5843 503 46423 33276 116188 50 16032 26692 73374 845 48051 3360
internal_value=-0.000148938 -2.84161e-05 -0.000883698 0.0105529 -0.0241786 -0.000346057 -0.00656473 -0.0110648 0.000781624 -0.00170228 -0.00852071 0.0091992 0.00445096 0.00654789
internal_weight=2204.58 2201.62 2036.97 164.647 45.9524 1991.02 305.626 244.151 1685.4 1005.04 307.879 162.17 680.35 148.761
internal_count=450215 449454 413172 36282 93666 319506 149514 116238 169992 116098 89406 35779 53894 34934
is_linear=0
shrinkage=0.05


Tree=112
num_leaves=15
num_cat=0
split_feature=9 18 11 16 12 0 15 3 16 15 18 12 4 1
split_gain=10.1326 9.4698 11.3214 6.52914 6.17541 5.47515 5.34055 5.138 7.30705 5.00676 8.83302 7.5025 8.54732 8.86073
threshold=0.59331881999969494 0.26671525835990911 0.61250001192092907 1.7005987167358401 0.042109929025173194 0.58193129301071178 1.0000000180025095e-35 0.012984067201614382 4.3241107463836679 1.0000000180025095e-35 0.44640903174877172 0.077422577887773528 0.0042276680469512948 9.5000000000000018
decision_type=10 8 10 10 10 8 8 8 10 8 8 8 8 10
left_child=5 3 7 -2 -5 -1 -6 8 -3 10 11 12 -7 -14
right_child=1 2 -4 4 6 9 -8 -9 -10 -11 -12 -13 13 -15
leaf_value=-0.031442356909985598 0.057983395110757521 -0.0052073904862106881 0.083409440744954544 0.011142956188023412 -0.076010179281071288 -0.016275950885584582 0.053930907738697298 -0.012835562827337416 0.03225910729333397 -0.00025330563715628536 -0.016275950885584582 -0.0081323369301568634 0.044579962826408887 -0.013908933740898853
leaf_weight=14.993664115010231 9.1199867647010233 39.284179184032837 3.840450429250267 135.42735283025377 0.8415257573906274 6.2314717625631593 13.102132281928785 70.219872282423239 19.460017734585563 1717.2854107848357 51.740726075931889 101.31916934103447 23.875598057492425 8.8850780436205223
leaf_count=49541 346 568 54 15193 209 1066 933 30639 316 301146 19943 24483 2159 3595
internal_value=-3.03321e-05 0.00866037 -0.00118811 0.0169127 0.0144051 -0.00134589 0.0460887 -0.00370736 0.00720403 -0.00110954 -0.00876584 -0.000959855 0.0176775 0.0287171
internal_weight=2215.63 291.296 132.805 158.491 149.371 1924.33 13.9437 128.964 58.7442 1909.34 192.052 140.311 38.9921 32.7607
internal_count=450191 48258 31577 16681 16335 401933 1142 31523 884 352392 51246 31303 6820 5754
is_linear=0
shrinkage=0.05


Tree=113
num_leaves=15
num_cat=0
split_feature=10 15 16 0 17 3 16 3 18 16 2 16 7 0
split_gain=9.97951 8.76382 7.94733 10.2486 9.66146 7.06804 12.3697 6.27274 6.43174 13.454 7.15235 6.69864 6.052 9.14009
threshold=0.02762116584926844 1.0000000180025095e-35 2.8029010295867924 0.71187499165534984 6.0198082923889169 0.017360478639602665 2.1383330821990971 0.12125149369239809 0.095509681850671782 3.4811217784881596 1.134118974208832 2.8617925643920903 133.72744750976565 0.67027175426483165
decision_type=10 10 8 10 8 10 8 10 8 10 8 10 10 10
left_child=2 5 4 7 -1 -2 -7 8 9 11 -11 -4 13 -8
right_child=1 -3 3 -5 -6 6 12 -9 -10 10 -12 -13 -14 -15
leaf_value=0.0073604133787150763 0.011822694908784903 0.04220588972563049 -0.067898212680225653 0.0015639080985697066 -0.061506237824992288 0.047627287827883759 -0.038282709510998873 -0.039846497707517095 -0.0043744277428696991 -0.027898960691641647 -0.086236697480623584 -0.0050201573975738557 0.0273602790840724 -0.0031256747345660024
leaf_weight=283.04594775525584 190.01822044087385 17.768478217483789 4.4792547505930989 716.39081700413044 5.1862107875958818 10.351292925857704 26.940160187185029 13.851314577743777 777.42578695967495 12.265054113449876 9.1912715351236347 77.910138029595146 9.7772331317464687 58.917662130184908
leaf_count=43373 2564 262 1306 19133 1960 132 2239 119829 239447 3363 2554 12288 148 1390
internal_value=-0.000161095 0.00809972 -0.0015255 -0.00289319 0.00612128 0.0060524 -0.00429289 -0.00646032 -0.00593558 -0.0176229 -0.0528892 -0.00843864 -0.0099126 -0.0141571
internal_weight=2213.52 313.773 1899.75 1611.51 288.232 296.005 105.986 895.123 881.272 103.846 21.4563 82.3894 95.6351 85.8578
internal_count=449988 6735 443253 397920 45333 6473 3909 378787 258958 19511 5917 13594 3777 3629
is_linear=0
shrinkage=0.05


Tree=114
num_leaves=15
num_cat=0
split_feature=7 18 14 18 4 4 0 18 3 9 3 1 3 0
split_gain=12.5098 10.4281 10.1506 8.10377 7.19499 7.88403 6.66656 5.73595 5.36747 5.13583 7.70085 4.86971 4.84861 4.60992
threshold=47.161415100097663 0.68760964274406444 inf 0.76579427719116222 0.033605009317398078 0.00082460045814514171 0.60565054416656505 2.087257027626038 0.017360478639602665 0.81570023298263561 0.032802313566207893 30.500000000000004 0.06253755092620851 0.71349188685417186
decision_type=10 10 8 10 10 8 8 10 8 8 10 10 8 8
left_child=1 6 3 4 5 -3 -1 8 -2 -7 -11 -10 -8 -5
right_child=7 2 -4 13 -6 9 12 -9 11 10 -12 -13 -14 -15
leaf_value=-0.020526333372702779 0.022158529052830854 0.0056931035835550451 -0.043697307070447063 -0.013221393625888459 0.0056931035835550451 0.0016044913243223214 0.001650134386412404 0.0888278754248613 0.0056931035835550451 -0.098191377734859253 -0.026075120387443241 0.044698707375916864 -0.0041799120835780057 0.0056061384775971199
leaf_weight=40.120028697947873 71.150786994525333 2.5915347132067899 23.420654018815185 62.217051755617376 3.8366774751320909 2.9338088125787181 1323.9806813530031 2.4481064548017448 82.382835620475817 9.6355850460913661 6.0111573980275343 8.2826897123159124 488.10011202654732 68.097225786804302
leaf_count=76188 1280 240 21929 29412 3602 1215 42602 506 32602 601 2675 1829 210324 25078
internal_value=-0.000406138 -0.00147958 -0.0130128 -0.00838603 -0.0344563 -0.0467823 -0.000366584 0.0128658 0.0117166 -0.059103 -0.0704858 0.0056931 7.97594e-05 -0.00338285
internal_weight=2195.21 2030.94 178.744 155.323 25.0088 21.1721 1852.2 164.264 161.816 18.5806 15.6467 90.6655 1812.08 130.314
internal_count=450083 413866 84752 62823 8333 4731 329114 36217 35711 4491 3276 34431 252926 54490
is_linear=0
shrinkage=0.05


Tree=115
num_leaves=15
num_cat=0
split_feature=15 16 7 2 16 11 16 4 2 1 16 14 16 0
split_gain=11.4692 14.8441 12.2429 8.94567 7.84232 7.49709 8.57721 11.4111 8.57092 8.54562 8.1513 6.64709 6.42696 10.2918
threshold=1.0000000180025095e-35 4.4005842208862314 48.332918167114265 2.8114801645278935 2.0126758217811589 0.12916667014360431 3.5972183942794804 0.00057461857795715343 -0.26707570254802698 38.500000000000007 1.2424533367156985 inf 3.0677825212478642 0.62380051612854015
decision_type=8 8 10 10 8 8 10 10 8 10 10 8 10 8
left_child=1 5 3 -2 -4 12 8 -8 9 -7 -10 -12 13 -1
right_child=2 -3 4 -5 -6 6 7 -9 10 -11 11 -13 -14 -15
leaf_value=-0.073633653182638745 -0.0011258390911040551 -0.027917523521099392 0.072465829461586029 0.0068520643307996947 0.013537001247218678 0.2059014057073657 0.055128652467877459 -0.01359263500291113 0.064932054932697589 -0.0056493233006300334 -0.074073478138079504 0.043733551737691861 2.5845167641559659e-05 0.041226451900619028
leaf_weight=2.1367697087662263 1382.7675327957272 76.092711505266834 5.8812752645262654 471.08831113703127 141.03876395230236 0.60996822547258522 7.5445373753464073 30.304648765449656 1.3268066068412796 2.1959509029347828 14.250837390442936 1.3072046687957488 50.927593200712636 22.342647875110742
leaf_count=1154 359637 30945 281 4488 24830 97 770 7801 27 1548 4179 195 11469 2050
internal_value=0.000838193 -0.0103059 0.00200252 0.000901447 0.0158959 -0.00022576 -0.0138182 0.000105687 -0.0405825 0.0403389 -0.05403 -0.0641752 0.0101461 0.0312005
internal_weight=2209.82 209.04 2000.78 1853.86 146.92 132.947 57.54 37.8492 19.6908 2.80592 16.8848 15.558 75.407 24.4794
internal_count=449471 60235 389236 364125 25111 29290 14617 8571 6046 1645 4401 4374 14673 3204
is_linear=0
shrinkage=0.05


Tree=116
num_leaves=15
num_cat=0
split_feature=10 15 18 11 16 15 13 13 17 3 2 2 18 2
split_gain=10.9869 7.52039 6.88916 10.0212 10.2045 9.12554 8.59946 8.2485 10.4444 9.32962 7.49468 7.47598 16.9327 11.4507
threshold=0.027886155992746357 1.0000000180025095e-35 0.42277917265892034 0.61250001192092907 3.65057384967804 1.0000000180025095e-35 0.2674796879291535 0.018693221732974056 6.2906424999237069 0.058535218238830573 1.3992249965667727 0.92762622237205516 0.081102162599563613 2.8114801645278935
decision_type=10 10 10 8 10 8 10 10 10 10 8 8 10 10
left_child=2 -2 7 6 -5 -6 10 -1 11 -10 -4 -9 13 -13
right_child=1 -3 3 4 5 -7 -8 8 9 -11 -12 12 -14 -15
leaf_value=-0.00095252192885575968 0.0072717686756799127 0.041495691657883513 -0.038695399389085679 -0.041875606108877528 -0.027132518824630115 0.0055857082482909954 -0.094963410399036885 0.02335678402642178 0.048885922829125086 -0.067923884823919756 -0.0094785378619948926 -0.092394758576391539 0.0061173168192514005 0.0024887238089568971
leaf_weight=1389.5796300818506 282.00122099256987 17.020498160258285 29.207752534139217 14.371033687508769 24.171951750629887 180.10846219635596 3.6216530955634871 41.703784538103719 23.457469330322059 1.8437661055631895 88.327332753266546 7.9584680162151908 88.424124821442092 5.2955250202794559
leaf_count=268569 6163 234 46640 5754 11641 52327 1679 12454 875 964 34449 1768 6565 44
internal_value=0.000311646 0.00921982 -0.00109175 -0.00754235 -0.00115073 0.00171425 -0.0190773 0.000314929 0.0107559 0.0403737 -0.016739 0.00552959 -0.00178232 -0.0544848
internal_weight=2197.09 299.022 1898.07 339.808 218.651 204.28 121.157 1558.26 168.683 25.3012 117.535 143.382 101.678 13.254
internal_count=450126 6397 443729 152490 69722 63968 82768 291239 22670 1839 81089 20831 8377 1812
is_linear=0
shrinkage=0.05


Tree=117
num_leaves=15
num_cat=0
split_feature=7 16 17 11 14 14 18 16 4 2 2 2 18 14
split_gain=9.16084 8.80081 11.2578 6.69725 11.215 9.41192 14.3289 8.19713 10.546 18.6779 7.48884 6.54393 6.33972 16.9793
threshold=59.148113250732429 2.8029010295867924 5.7413980960845956 0.095454547554254546 1.0000000180025095e-35 1.0000000180025095e-35 0.74159991741180431 4.1971738338470468 0.0020553171634674077 0.12846069782972339 -0.009736925829201935 0.34744761884212499 0.32735790312290197 1.0000000180025095e-35
decision_type=10 8 10 8 10 8 8 10 8 10 8 8 10 8
left_child=1 2 -1 5 12 11 7 8 9 -7 -9 -3 13 -5
right_child=-2 3 -4 4 -6 6 -8 10 -10 -11 -12 -13 -14 -15
leaf_value=0.005934548345616502 0.013161760052968419 -0.02172378334079016 -0.035358402736918829 -0.033967678836943287 0.0027360646795586254 0.005934548345616502 -0.039195526144109816 -0.044375970879688066 -0.010892866095198728 -0.083664973857043523 0.005934548345616502 0.0014732237290471879 -0.0016633331939977548 0.0013431698343481372
leaf_weight=315.06504902111101 115.78707364023967 33.844818796090749 16.516796520393655 69.307647814475786 794.0442308558504 5.4613451601912884 44.622309858534663 7.7837009269478585 151.68332158570229 13.292774991023178 91.686832019532176 298.95191475154706 147.52553284876785 66.911607249538974
leaf_count=41330 23497 55823 3476 24205 92331 1813 33560 12152 46549 696 12919 43596 45859 12468
internal_value=-0.000522285 -0.00129266 0.00593455 -0.00272721 -0.000312839 -0.0067471 -0.0129487 -0.0086095 -0.0152662 -0.0506375 0.00279637 -0.000885869 -0.00884503 -0.0166228
internal_weight=2172.48 2056.7 331.582 1725.12 1077.79 647.327 314.53 269.908 170.437 18.7541 99.4705 332.797 283.745 136.219
internal_count=450274 426777 44806 381971 174863 207108 107689 74129 49058 2509 25071 99419 82532 36673
is_linear=0
shrinkage=0.05


Tree=118
num_leaves=15
num_cat=0
split_feature=12 10 4 18 7 18 12 1 9 4 18 4 18 13
split_gain=11.3185 6.47475 6.99322 6.11404 5.45608 5.52334 8.3168 7.64382 7.06567 6.59172 6.68716 6.52758 6.47656 7.67412
threshold=0.19803921878337863 0.015268065501004459 0.00049230456352233898 0.58915960788726818 40.226158142089851 0.17493092268705371 0.031754031777381904 25.500000000000004 0.91063714027404796 0.0072727501392364511 0.32735790312290197 0.016744405031204227 0.30454054474830633 0.094044812023639693
decision_type=10 8 8 10 10 8 8 10 10 10 8 8 10 10
left_child=1 2 -1 -2 5 6 -3 8 9 -7 12 -10 13 -11
right_child=3 4 -4 -5 -6 7 -8 -9 11 10 -12 -13 -14 -15
leaf_value=0.13623402109541419 0.044645218120326659 -0.015481316092005102 -0.036164323765628704 -0.029165192664432068 0.0088399189980560046 0.0032509412567942918 0.0041500707529992355 -0.014935972152813767 -0.052441068047530626 -0.0069429044396694525 -0.00023570507737320336 0.0022702854638194628 -0.043972432471489797 -0.053092989676004079
leaf_weight=0.60951888498130102 20.792671967780283 57.987993735569944 16.845463201377697 3.2432739551450132 177.09797123817452 529.6874012536673 774.82578090539118 112.59623274937212 12.765024369007735 160.32888992484504 303.24236102781833 9.5158492451555485 14.846776534441231 9.5441231349050195
leaf_count=1487 2233 11025 91565 1216 15925 25832 91771 143670 613 17884 42010 1140 2510 1124
internal_value=0.00056225 0.000185999 -0.0301443 0.0346857 0.000430821 -0.000319294 0.00278316 -0.00256112 -0.00122126 -0.000611425 -0.00480406 -0.0290746 -0.0123036 -0.00953579
internal_weight=2203.93 2179.89 17.455 24.0359 2162.44 1985.34 832.814 1152.53 1039.93 1017.65 487.962 22.2809 184.72 169.873
internal_count=450005 446556 93052 3449 353504 337579 102796 234783 91113 89360 63528 1753 21518 19008
is_linear=0
shrinkage=0.05


Tree=119
num_leaves=15
num_cat=0
split_feature=10 10 0 2 3 18 18 0 17 4 10 18 17 0
split_gain=10.6843 8.83138 6.63715 6.47281 7.55686 6.07967 7.65417 8.67178 5.65262 5.17644 4.7866 4.72705 7.98364 4.68221
threshold=0.031408416107296951 0.014599318150430919 0.70582419633865368 0.40857373178005224 0.045233905315399177 0.43193876743316656 0.91013106703758251 0.72584563493728649 4.4829866886138925 0.012717723846435549 0.027886155992746357 0.034517802298069007 5.1328485012054452 0.58193129301071178
decision_type=10 8 10 10 10 10 10 10 10 8 10 8 10 8
left_child=1 11 13 4 -4 -2 9 -8 -6 -7 -5 12 -1 -3
right_child=5 2 3 10 8 6 7 -9 -10 -11 -12 -13 -14 -15
leaf_value=0.26105764065269849 0.018532639228000591 -0.030186383008613222 0.06723846642795954 0.00061523681785881758 0.06039447375099375 -0.053059088165368751 -0.017040936589560185 0.064797512207842453 0.0054851619361291635 -0.00026587803338368226 0.015446836946955665 -0.048161392528001265 -0.056287429799581228 -0.0027101605932669266
leaf_weight=0.33982117402046874 114.8978746107914 15.726450823045523 7.2421801062300792 799.71495423182023 5.3320301576568445 9.3449701890058403 6.5748223012633371 6.3759612348803785 38.746317062378694 9.2284696888855233 58.369472772435984 12.895862960414888 0.47551372272027947 1101.9844096623442
leaf_count=158 1961 50537 227 17933 524 54 113 92 6701 340 750 81496 1746 287504
internal_value=0.000149461 -0.000786578 -0.00051607 0.00265574 0.0199045 0.0131959 -0.006255 0.02325 0.0121274 -0.0268281 0.00162413 -0.0407795 0.0759779 -0.00309676
internal_weight=2187.25 2040.83 2027.12 909.405 51.3205 146.422 31.5242 12.9508 44.0783 18.5734 858.084 13.7112 0.815335 1117.71
internal_count=450136 447576 364176 26135 7452 2560 599 205 7225 394 18683 83400 1904 338041
is_linear=0
shrinkage=0.05


Tree=120
num_leaves=15
num_cat=0
split_feature=16 14 10 4 3 18 18 2 18 16 2 4 3 17
split_gain=9.54772 8.93967 7.99668 11.0524 8.04309 8.82895 7.73884 6.55943 8.6294 6.51802 6.41024 6.36095 5.96974 5.8352
threshold=2.1383330821990971 1.0000000180025095e-35 0.022343332879245285 0.022161871194839481 0.073887944221496596 0.10818327590823175 3.8503730297088627 1.0388943552970888 0.31771704554557806 6.279226779937745 -0.98664540052413929 0.009162485599517824 0.076796233654022231 6.6153953075408944
decision_type=8 10 8 8 10 10 10 10 10 10 10 10 10 10
left_child=1 -1 3 13 6 10 9 -7 -9 -4 11 -6 -12 -2
right_child=2 -3 4 -5 5 7 -8 8 -10 -11 12 -13 -14 -15
leaf_value=0.021177554583855632 -0.0037841014235847877 -0.026802399830446529 0.00087014738701458546 -0.060680109925979747 -0.022876966036215265 -0.021525284273092221 -0.087223145482397915 -0.033686622276795794 0.036125931248237569 0.066065912247459391 -0.056571991347330458 0.094603236442459104 0.0058250810923715811 0.17708660375701615
leaf_weight=84.647599550798077 15.387596359295458 10.965966915867282 1859.3178648188768 13.049338626266488 1.6694100645618153 114.10629387489689 2.488772979930217 7.0369854821001381 11.931827031880855 3.8416113923376534 4.1541067122452651 3.7191202459734996 49.628666909020467 0.45923035870509998
leaf_count=9449 45868 2057 95632 65240 936 176433 649 4161 4811 302 1257 1658 41144 448
internal_value=0.000224586 0.0156747 -0.000483315 -0.0266035 -0.000116545 -0.00985423 0.000886878 -0.0169992 0.0102271 0.00100457 0.00621475 0.0582069 0.00100562 0.00145741
internal_weight=2182.4 95.6136 2086.79 28.8962 2057.89 192.246 1865.65 133.075 18.9688 1863.16 59.1713 5.38853 53.7828 15.8468
internal_count=450045 11506 438539 111556 326983 230400 96583 185405 8972 95934 44995 2594 42401 46316
is_linear=0
shrinkage=0.05


Tree=121
num_leaves=15
num_cat=0
split_feature=10 10 16 0 18 13 0 17 0 10 1 4 3 1
split_gain=10.7841 6.88004 7.17889 5.50216 6.87226 11.1444 9.32199 8.92989 8.64135 6.6295 6.41031 10.7162 5.41691 5.22744
threshold=0.030564635992050174 0.014185110572725536 1.8688347935676577 0.77310383319854747 0.19622235000133517 0.037386443465948112 0.68866166472435009 5.881927728652955 0.74292179942131054 0.029892162419855598 8.5000000000000018 0.0064519047737121591 0.012984067201614382 1.5000000000000002
decision_type=10 8 8 10 10 8 8 10 10 10 8 10 10 10
left_child=1 2 -1 4 5 7 9 10 -9 13 11 -3 -2 -6
right_child=12 3 -4 -5 6 -7 -8 8 -10 -11 -12 -13 -14 -15
leaf_value=0.11877371489018479 0.01789550251226818 0.001638337631468366 -0.049033593909954078 0.0084467982131690451 -0.041110306332933721 0.0029590885775063447 -0.0010585202769772023 -0.07729344924582697 0.0026765872433194104 -0.080662197591800308 0.0035606873036414092 -0.069186775831260358 0.00030536892466641986 -0.0098136875853612297
leaf_weight=0.67695058777462414 123.44218812034705 12.329373652188226 10.894203644302706 156.48259777731437 14.106017570913535 912.31169813410861 568.26946091597938 10.472772298305243 4.9864787505684935 3.5123411504937385 29.788615126728473 9.4223149423742125 67.810600688753766 246.47428989383889
leaf_count=758 2054 175 75399 1643 191 130166 60824 4303 110 269 10350 668 1338 161831
internal_value=0.000320837 -0.000774468 -0.0392163 -0.000548461 -0.00132542 0.00151364 -0.00466571 -0.0181685 -0.0514986 -0.0124276 -0.00817134 -0.0290414 0.0116587 -0.0115079
internal_weight=2170.98 1979.73 11.5712 1968.16 1811.67 979.311 832.362 66.9996 15.4593 264.093 51.5403 21.7517 191.253 260.58
internal_count=450079 446687 76157 370530 368887 145772 223115 15606 4413 162291 11193 843 3392 162022
is_linear=0
shrinkage=0.05


Tree=122
num_leaves=15
num_cat=0
split_feature=8 18 7 0 18 13 14 16 9 17 2 1 4 13
split_gain=8.44637 10.6202 7.66603 7.65365 6.33158 6.83654 5.59905 5.26487 5.03344 4.67681 5.83402 7.09605 8.3346 7.76133
threshold=5.5000000000000009 0.28949874639511114 32.182559967041023 0.58193129301071178 2.087257027626038 inf inf 5.059420347213746 0.77807781100273143 4.7916412353515634 -0.57317656278610218 1.5000000000000002 0.0015740096569061281 0.053101504221558578
decision_type=8 10 10 8 8 8 8 10 10 8 8 8 8 8
left_child=1 9 6 -2 5 -4 7 -3 -5 -1 -11 -12 -13 -14
right_child=3 2 4 8 -6 -7 -8 -9 -10 10 11 12 13 -15
leaf_value=0.033285999164029835 -0.037996825313012565 -0.013860698932016038 0.032928851561566851 -6.8345060481731342e-05 0.077040505328297468 -0.010494591735442919 -0.077047200317874195 -0.097877382868037821 -0.019169383559616227 0.068859109557698625 0.035643162050067553 -0.062976979194628732 -0.056385093558425185 0.011468034377502771
leaf_weight=37.906467788187001 13.58847996679742 12.404724891688149 12.071336211492051 1935.9871338299922 2.8474829341462273 36.385203157154137 5.1408076658926793 1.8756647684058396 21.176141615626875 4.3802954589355068 20.49618928442942 4.5851515552330957 4.5285065014304564 60.76074855666775
leaf_count=1324 50031 2391 1806 372515 519 5457 1412 914 6237 258 687 341 695 5634
internal_value=0.000399584 0.0101007 -0.00554725 -0.000601575 0.00458091 0.000322916 -0.0323023 -0.0161946 -0.000341942 0.0184433 0.0125052 0.00977371 0.00218545 0.0067617
internal_weight=2174.13 203.383 70.7252 1970.75 51.304 48.4565 19.4212 14.2804 1957.16 132.657 94.7509 90.3706 69.8744 65.2893
internal_count=450221 21438 12499 428783 7782 7263 4717 3305 378752 8939 7615 7357 6670 6329
is_linear=0
shrinkage=0.05


Tree=123
num_leaves=15
num_cat=0
split_feature=10 0 18 0 18 17 4 3 16 18 13 16 16 13
split_gain=10.5374 7.81953 10.6534 5.96247 6.27078 5.64316 5.25224 7.91158 7.41782 5.08351 5.29222 4.73454 4.62694 4.59916
threshold=0.02762116584926844 0.70719042420387279 0.27782019972801214 0.68866166472435009 0.29524835944175726 6.3315002918243417 0.00012230873107910159 0.012984067201614382 3.5408543348312382 0.26671525835990911 0.053101504221558578 5.3351285457611093 3.9981586933135991 0.2469512224197388
decision_type=10 10 10 10 10 10 10 10 10 8 10 10 10 10
left_child=1 2 -1 4 -4 6 -6 8 -8 10 -2 12 -9 -10
right_child=9 -3 3 -5 5 -7 7 11 13 -11 -12 -13 -14 -15
leaf_value=-0.00085419591023772599 0.012618449370808991 0.0024021482941150875 -0.049750966155613342 -0.00085419591023772599 -0.0083675274009081379 -0.082310927673330453 -0.0083675274009081379 -0.02482827651386545 -0.061020669921378591 0.0022796933419507288 0.046999611817479692 -0.05017916285176946 -0.0083675274009081379 -0.0083675274009081379
leaf_weight=727.91421783055875 137.63908531516063 829.42314342998452 12.907512339824732 76.70479414809779 54.592503527093868 2.9729664505698556 6.5773208490668393 45.754049077551599 23.142779103548722 144.92391668900018 12.183519194397375 8.2127496433104152 77.067415472638913 1.4512661131579978
leaf_count=209498 2762 23984 8737 8083 10805 1788 3042 39316 58098 3756 239 12048 65803 2196
internal_value=0.000170411 -0.00121682 -0.00411054 -0.0118832 -0.0158809 -0.0138916 -0.0129534 -0.0188106 -0.041451 0.00895615 0.0154143 -0.0134248 -0.0109671 -0.0546412
internal_weight=2161.47 1866.72 1037.3 309.383 232.679 219.771 216.798 162.206 31.1714 294.747 149.823 131.034 122.821 24.594
internal_count=450155 443398 419414 209916 201833 193096 191308 180503 63336 6757 3001 117167 105119 60294
is_linear=0
shrinkage=0.05


Tree=124
num_leaves=15
num_cat=0
split_feature=10 0 3 12 11 3 8 10 11 3 16 12 16 3
split_gain=11.9267 7.08375 6.74112 12.7709 11.4233 6.27522 5.96203 10.9586 6.09468 5.74591 5.53263 6.81751 6.53825 5.37206
threshold=0.02762116584926844 0.68866166472435009 0.012984067201614382 0.10102041065692903 1.0000000180025095e-35 0.0076004564762115487 21.500000000000004 0.028198256157338623 0.75000000000000011 0.092726051807403578 4.2835628986358651 0.13125512748956683 3.6242519617080693 0.012984067201614382
decision_type=10 10 8 8 8 8 10 10 10 10 10 8 8 8
left_child=1 2 3 -1 5 -5 7 13 -9 -4 12 -12 -3 -2
right_child=6 10 9 4 -6 -7 -8 8 -10 -11 11 -13 -14 -15
leaf_value=-0.10493090882722178 0.06181808841672172 0.0051519559673045556 -0.0020958797825465828 -0.0017194267220617171 -0.046552728093080031 -0.041575681835644189 0.035434572365084863 0.0082110761871659454 0.069512585060030468 -0.017476093788778867 -0.0017194267220617171 0.01151467046526153 -0.0017194267220617171 -0.076227109373068258
leaf_weight=4.1524535457137972 0.81103748083114524 350.54437617238273 682.09928030616447 33.848388440048438 19.253154483973049 9.9341523019829747 20.767804972299928 254.67345588204262 4.1202035388268987 66.660630623415727 115.26397785070094 232.83344397904693 348.48605651182152 5.3779282039458849
leaf_count=154 3 11765 211035 313 276 177 218 5822 45 186842 7289 10576 15285 611
internal_value=0.00012496 -0.00133388 -0.00482653 -0.0199981 -0.0144031 -0.00171943 0.00963652 0.00761462 0.00918705 -0.00346515 0.00138768 0.00653799 -0.00117703 -0.0581369
internal_weight=2148.83 1863.08 815.948 67.1881 63.0357 43.7825 285.75 264.983 258.794 748.76 1047.13 348.097 699.03 6.18897
internal_count=450411 443712 398797 920 766 490 6699 6481 5867 397877 44915 17865 27050 614
is_linear=0
shrinkage=0.05


Tree=125
num_leaves=15
num_cat=0
split_feature=16 14 17 3 16 15 11 13 17 10 2 0 13 12
split_gain=8.76022 12.8736 11.8643 8.92406 8.58011 7.30331 7.37172 8.60798 7.03508 6.7945 9.11278 7.19105 5.67689 5.5256
threshold=3.0201274156570439 1.0000000180025095e-35 3.7012257575988774 0.037637472152709968 2.3502402305603032 1.0000000180025095e-35 0.34313726425170904 0.013986697886139156 6.0366761684417733 0.025001953355968002 0.072564069181680693 0.61373090744018566 0.2469512224197388 0.19803921878337863
decision_type=8 10 8 10 10 8 8 8 10 8 8 10 10 10
left_child=1 8 -2 13 12 -5 7 -7 -1 -9 -11 -12 -3 -4
right_child=2 4 3 5 -6 6 -8 9 -10 10 11 -13 -14 -15
leaf_value=0.012351150870196581 -0.052479930062271488 -0.05030284837372867 0.0016980896651170602 -0.021833200700575327 -0.0015845831129170527 -0.045693165999202576 0.00082382171607727579 0.048316723581731141 -0.070902204570446242 -0.03221209098650183 -0.061657503839967542 -0.00018612173542706465 0.042325961438393178 0.034601938466028138
leaf_weight=355.54026994316223 11.043809212871563 14.713589892273378 1101.0915924459537 62.372068340991973 123.76792088359116 17.197065789375756 316.10870072760849 5.1126435278515601 2.5557366398115837 35.72857798935388 4.9901256056807588 102.09413261917234 1.8635899394939759 12.908851928166767
leaf_count=52666 8308 3144 127452 28382 11835 18464 94597 2643 1614 68466 8029 22458 99 1588
internal_value=0.000909927 0.00672646 -0.000827529 -0.000483394 -0.00610907 -0.00573525 -0.0036488 -0.0122111 0.011757 -0.00831869 -0.0103462 -0.00305069 -0.0398896 0.00207937
internal_weight=2167.09 498.441 1668.65 1657.6 140.345 543.603 481.231 165.123 358.096 147.925 142.813 107.084 16.5772 1114
internal_count=449745 69358 380387 372079 15078 243039 214657 120060 54280 101596 98953 30487 3243 129040
is_linear=0
shrinkage=0.05


Tree=126
num_leaves=15
num_cat=0
split_feature=12 10 10 0 3 4 4 4 12 16 12 12 9 9
split_gain=7.17235 5.47282 7.6863 7.03434 6.65175 5.6149 5.47692 6.02167 4.90124 4.86617 4.75281 4.81515 4.74632 5.23484
threshold=0.19803921878337863 0.027214052155613903 0.02560362778604031 0.67306089401245128 0.026645988225936893 0.0023365318775177006 0.013229221105575563 0.017317414283752445 0.12933094054460528 2.0126758217811589 0.15894736349582675 0.15470086038112643 0.42567799985408789 0.80556496977806102
decision_type=10 10 10 8 8 8 10 10 10 8 10 10 10 10
left_child=1 2 10 8 -5 -4 -7 -8 -3 -6 11 -1 -11 -14
right_child=-2 3 5 4 9 6 7 -9 -10 12 -12 -13 13 -15
leaf_value=-0.0011925325779350354 0.028206793442252784 -0.0071489026850745417 0.016351620041563417 0.0032235387747833605 0.061846880054530574 -0.092836774670935401 0.061533523158260862 -0.0825093761241604 -0.10234115887757345 0.048798629427449988 -0.035738076938582573 0.073464469012744477 0.00023992231533067067 0.025341583737656593
leaf_weight=1792.5729947358509 21.939010880113528 59.417077285336745 2.9882650920953866 144.57332107629009 6.6447177882364477 5.4900586705734895 1.5041524297375874 1.4017013323496028 1.3836956852428546 10.421697840816703 9.9598082004899862 2.1623834558217814 32.068313409581606 37.775835231965175
leaf_count=434997 3510 3027 144 2263 45 526 77 1438 43 300 2161 67 947 530
internal_value=-0.000234162 -0.00053011 -0.00155208 0.00581979 0.00979512 -0.0425076 -0.0634567 -0.00794868 -0.00931528 0.0207268 -0.00129373 -0.00110258 0.0173227 0.012626
internal_weight=2130.3 2108.36 1816.08 292.285 231.484 11.3842 8.39591 2.90585 60.8008 86.9106 1804.7 1794.74 80.2658 69.8441
internal_count=450075 446565 439410 7155 4085 2185 2041 1515 3070 1822 437225 435064 1777 1477
is_linear=0
shrinkage=0.05


Tree=127
num_leaves=15
num_cat=0
split_feature=8 18 7 9 2 1 17 16 9 12 17 17 0 2
split_gain=8.1162 9.10961 9.66315 8.17719 6.43685 6.22879 8.36664 14.6922 9.75231 5.83868 6.25262 10.3186 5.83847 5.79872
threshold=5.5000000000000009 0.28637430071830755 33.849187850952156 0.8005971908569337 1.59589558839798 1.5000000000000002 5.4227426052093515 2.5249279737472539 0.66543051600456249 0.083874460309743895 5.708768606185914 5.962292194366456 0.65609821677207958 3.478630900382996
decision_type=8 10 10 10 10 10 8 10 10 8 8 10 10 10
left_child=1 -1 -3 4 -2 6 7 -6 -9 10 -8 -12 -5 -7
right_child=3 2 -4 12 5 13 9 8 -10 -11 11 -13 -14 -15
leaf_value=0.018225437074580568 -0.0032035506271958004 -0.032627222858001063 0.0079988253448061899 -0.08430279392652465 0.025526427304343086 0.0038715726214119334 0.014213887995886333 -0.022714054953791963 0.040596820550373044 0.0093139115267737212 -0.06822396612626512 -0.00071550120983935326 -0.017056518102559419 0.021203097687435047
leaf_weight=125.45430146623312 935.38566184855654 21.055301719417457 48.015863385280227 4.5294479525582565 21.630229562186287 645.38720237527468 13.1099870727121 112.19086882632837 6.4313040171255116 127.36920522784931 9.7332142870509433 13.526877656287978 11.231672569079818 52.161828803167737
leaf_count=8840 405929 5070 7385 4296 170 15597 94 1179 71 1004 122 99 207 352
internal_value=0.00045738 0.0101969 -0.00438541 -0.000512863 -0.000220991 0.00256456 -0.00340846 -0.0123711 -0.0192815 0.00426857 -0.0134004 -0.0289645 -0.0363818 0.0051676
internal_weight=2147.21 194.525 69.0712 1952.69 1936.93 1001.54 303.992 140.252 118.622 163.739 36.3701 23.2601 15.7611 697.549
internal_count=450415 21295 12455 429120 424617 18688 2739 1420 1250 1319 315 221 4503 15949
is_linear=0
shrinkage=0.05


Tree=128
num_leaves=15
num_cat=0
split_feature=16 14 0 11 10 12 1 2 1 11 11 18 12 18
split_gain=8.63121 9.91799 7.7864 6.73889 7.34435 6.02273 5.98205 6.15769 6.10031 9.6207 6.20188 17.4272 9.84764 5.92731
threshold=2.1383330821990971 1.0000000180025095e-35 0.58106544613838207 0.61250001192092907 0.02968991827219725 0.19803921878337863 72.500000000000014 2.8114801645278935 1.5000000000000002 0.52272728085517894 0.61250001192092907 0.48317509889602667 0.037386443465948112 0.4512415230274201
decision_type=8 10 8 10 10 10 10 10 10 8 8 10 8 10
left_child=1 -1 -2 5 -5 6 7 -4 10 -10 11 12 -9 -14
right_child=2 -3 3 4 -6 -7 -8 8 9 -11 -12 -13 13 -15
leaf_value=0.020605047198131721 -0.042244850240458633 -0.031413506885760493 -0.0036829067733850349 0.010627296463898072 0.075557252518219875 0.024327659499149164 0.054375422116012685 -0.021668105872017285 -0.0011003609585930902 0.019420710960040707 -0.0094026458594672294 -0.021668105872017285 0.015701794184048649 0.076061168435491197
leaf_weight=78.873074341335723 11.559293508414838 10.367676617909636 1431.8922792899737 48.435593389521273 4.7854397519258773 22.20683106747174 4.7177622832659827 9.9774295576062286 118.63235860452551 110.1409186401761 145.76941821113724 23.237773245444259 104.19084914585255 4.232546971179544
leaf_count=9414 47142 2059 372108 3584 45 3113 6494 149 1282 926 1630 331 1537 30
internal_value=-0.00065868 0.0145617 -0.00132458 -0.00109136 0.0164656 -0.00156447 -0.00185892 -0.0019951 0.00268689 0.00877933 -0.00216262 0.00528855 0.0135064 0.0180581
internal_weight=2129.02 89.2408 2039.78 2028.22 53.221 1975 1952.79 1948.07 516.181 228.773 287.408 141.639 118.401 108.423
internal_count=449844 11473 438371 391229 3629 387600 384487 377993 5885 2208 3677 2047 1716 1567
is_linear=0
shrinkage=0.05


Tree=129
num_leaves=15
num_cat=0
split_feature=10 1 16 1 3 16 10 16 17 9 16 7 9 2
split_gain=9.38426 5.13273 9.47894 8.32641 6.15848 4.99238 4.94055 6.018 5.10151 4.58488 4.58064 4.51471 4.61142 5.18
threshold=0.031766043975949294 71.500000000000014 4.8481087684631357 53.500000000000007 0.07849708199501039 6.4819416999816903 0.014185110572725536 1.8688347935676577 6.8793365955352792 0.39805106818676 2.8617925643920903 43.649135589599616 0.96233659982681286 3.478630900382996
decision_type=10 10 8 10 10 10 8 8 10 10 8 10 10 8
left_child=1 3 4 6 -3 -4 7 9 -9 -1 -2 12 -12 -14
right_child=10 2 5 -5 -6 -7 -8 8 -10 -11 11 -13 13 -15
leaf_value=0.19579348324392962 0.032541638681117563 0.062561721191685557 0.10244465178800476 -0.02006836408166995 -0.055757260985308456 0.46154491903817751 0.0003593650882710033 -0.048760242338362923 0.191593893034887 -0.058510695578996109 0.0034344521113299376 0.01594984648512672 -0.08797049584164042 -0.0088423779465721369
leaf_weight=0.48169254899493985 26.783191735619766 1.9893477684745438 2.6105438566066828 52.147885818190389 2.4594353748777849 0.10051343888812869 1965.9051985104845 9.9699750953182029 0.22576690090682028 0.28042136609110457 16.126626766075791 64.659974074431375 3.2979532211611495 5.5470458050258458
leaf_count=213 445 458 2622 76650 11275 58 280725 75348 127 547 223 1305 54 151
internal_value=0.000591033 -0.000198348 0.0420615 -0.000347471 -0.00284895 0.115758 0.000172748 -0.0333074 -0.043438 0.102222 0.0143978 0.0089762 -0.00908094 -0.0383461
internal_weight=2152.59 2036.17 7.15984 2029.01 4.44878 2.71106 1976.86 10.9579 10.1957 0.762114 116.415 89.6316 24.9716 8.845
internal_count=450201 448023 14413 433610 11733 2680 356960 76235 75475 760 2178 1733 428 205
is_linear=0
shrinkage=0.05


Tree=130
num_leaves=15
num_cat=0
split_feature=10 16 15 8 18 15 1 16 13 9 16 0 18 16
split_gain=8.22912 6.24716 8.36491 6.25178 5.96421 5.85578 5.34615 9.53032 7.71997 5.77897 7.54982 5.87658 10.4118 6.77023
threshold=0.027214052155613903 2.2499048709869389 1.0000000180025095e-35 15.500000000000002 0.067586600780487074 1.0000000180025095e-35 71.500000000000014 4.8481087684631357 0.090230666100978865 0.92125117778778087 8.8703341484069842 0.68866166472435009 0.28072521090507513 3.1567740440368657
decision_type=10 8 10 10 8 10 10 8 10 10 10 8 8 8
left_child=1 2 -1 6 -5 -2 9 8 -8 11 -11 12 -3 -14
right_child=5 3 -4 4 -6 -7 7 -9 -10 10 -12 -13 13 -15
leaf_value=0.014664250844585664 0.0058596181573854628 -0.0030991811471165532 -0.058324325244503018 0.037021069481307532 -0.039820854345513884 0.035702117421191636 -0.058164892741662026 0.11241229703632966 0.10219824756592495 -0.071999229409122706 0.095923150699117596 0.00014749619924732258 -0.054802168940571064 -0.013704030132050384
leaf_weight=87.230301061184264 277.93836864091827 301.57136385828335 4.1104445603896229 2.9340288813459692 18.122769460138898 17.471526806424663 2.5148839916735137 2.8317256933262342 1.0697185431727119 5.2747001872530737 0.76664757728576649 1223.7056831516586 10.629560603269509 174.94872853575498
leaf_count=14343 7029 109914 558 3183 57923 279 9962 2392 355 4355 1 110878 6657 122317
internal_value=-0.00012059 -0.00136698 0.0113797 -0.00203443 -0.0291138 0.0076246 -0.00170356 0.0438516 -0.0103093 -0.0018738 -0.0506899 -0.00170142 -0.00634586 -0.0160581
internal_weight=2131.12 1835.71 91.3407 1744.37 21.0568 295.41 1723.31 6.41633 3.5846 1716.9 6.04135 1710.86 487.15 185.578
internal_count=450146 442838 14901 427937 61106 7308 366831 12709 10317 354122 4356 349766 238888 128974
is_linear=0
shrinkage=0.05


Tree=131
num_leaves=15
num_cat=0
split_feature=9 7 18 3 17 11 14 12 17 2 14 17 3 18
split_gain=6.40874 6.77 6.1017 5.05772 5.56983 5.37676 8.13066 8.69164 6.82861 11.3037 5.48624 10.3899 6.5033 5.35698
threshold=0.97896310687065136 38.84837722778321 0.54557675123214733 0.06253755092620851 5.9467277526855478 0.47222222387790685 1.0000000180025095e-35 0.10102041065692903 5.8622088432312021 0.33381259441375738 inf 5.9067223072052011 0.09794142842292787 3.8503730297088627
decision_type=10 10 10 10 10 8 8 8 10 10 8 10 10 10
left_child=3 2 -2 13 5 6 7 -5 -7 10 12 -12 -10 -1
right_child=1 -3 -4 4 -6 8 -8 -9 9 -11 11 -13 -14 -15
leaf_value=0.00029536078052008578 0.0027988417831779854 0.021391268839055493 -0.063321936731427761 0.042479959295772939 -0.021624708165105453 -0.0003680369592561312 -0.030064651817878981 -0.0097501323631000378 0.086737091222983953 -0.073651402118045425 -0.055819427640448477 0.57104540784542224 -0.058221857092028789 -0.079399439000455652
leaf_weight=1750.1653158879494 15.755795498114823 63.099215055402965 4.4815445511048884 9.7041829577906338 52.535681365648315 142.43957862613752 40.235550350188987 44.45080520778788 5.4154266437399183 1.5755315126070852 0.11752319370407338 0.15106598175862018 0.9026897673629718 2.1111720161247822
leaf_count=178362 584 3543 647 10971 30629 93220 66691 58891 1131 577 300 185 1536 3097
internal_value=-0.00027148 0.0133206 -0.0118436 -0.000824077 -0.00685146 -0.00368351 -0.0130398 -0.000390877 0.00218061 0.0466572 0.0754349 0.296756 0.0660263 0.000199343
internal_weight=2133.14 83.3366 20.2373 2049.8 297.528 244.992 94.3905 54.155 150.602 8.16224 6.58671 0.268589 6.31812 1752.28
internal_count=450364 4774 1231 445590 264131 233502 136553 69862 96949 3729 3152 485 2667 181459
is_linear=0
shrinkage=0.05


Tree=132
num_leaves=15
num_cat=0
split_feature=12 7 18 2 1 3 16 12 4 17 9 18 11 4
split_gain=6.76028 5.90984 5.50005 4.8482 8.12591 6.69637 6.69729 6.55625 15.3153 7.31916 7.73723 6.90626 10.9091 18.1825
threshold=0.19803921878337863 126.08965301513673 3.3523569107055669 2.8114801645278935 1.5000000000000002 0.021053433418273929 3.7256208658218388 0.037386443465948112 0.0063078999519348153 5.5664324760437021 0.55028799176216137 0.47224877774715429 inf 0.0095446109771728533
decision_type=10 10 10 10 10 10 8 8 10 8 8 10 8 10
left_child=1 2 3 -1 7 -6 -7 8 -5 10 -9 -12 -13 -14
right_child=-2 -3 -4 4 5 6 -8 9 -10 -11 11 12 13 -15
leaf_value=-0.0017398787896230452 0.027748281592771065 0.023147433733756953 -0.063655928200842302 -0.082035808959244727 0.011368243566370052 0.0065649024367481802 -0.038839078924856524 -0.056196231868794057 -0.0030801701889428615 0.01128320446516198 0.0034871409114102222 -0.051074848949882283 0.011368243566370052 -0.054020960005826658
leaf_weight=1541.4019525338108 22.001960653489277 26.964549101270677 3.4319503273213732 8.1936848222976533 207.7743849638573 21.241759290427581 13.149479081905154 7.2410654336272273 24.52629383227395 103.55230659696099 111.21734137483872 17.217684475468559 18.882162856636572 11.790458445873808
leaf_count=430781 3487 3366 6338 56 1163 542 565 103 318 993 1570 232 74 210
internal_value=0.000175796 -0.000110821 -0.000410947 -0.000306903 0.00374751 0.0105738 -0.0107953 -0.00171509 -0.0228521 0.000847344 -0.00564899 -0.00334856 -0.0192234 -0.00134394
internal_weight=2138.59 2116.59 2089.62 2086.19 544.787 242.166 34.3912 302.621 32.72 269.901 166.349 159.108 47.8903 30.6726
internal_count=449798 446311 442945 436607 5826 2270 1107 3556 374 3182 2189 2086 516 284
is_linear=0
shrinkage=0.05


Tree=133
num_leaves=15
num_cat=0
split_feature=10 12 13 16 13 18 2 16 17 0 2 8 0 18
split_gain=5.76719 5.67424 7.25896 8.33645 5.60639 9.15304 5.25804 5.2253 9.31871 9.00665 7.6441 5.73322 6.21055 6.7212
threshold=0.015038444194942715 0.19803921878337863 0.27525253593921667 5.7884287834167489 0.2469512224197388 0.56046172976493847 2.3373203277587895 2.8029010295867924 3.7012257575988774 0.63673803210258495 0.12846069782972339 2.5000000000000004 0.59786644577980053 0.037684800103306777
decision_type=8 10 10 10 10 8 10 8 8 8 10 8 10 10
left_child=-1 2 4 6 7 -6 -4 11 -9 10 -10 -2 13 -13
right_child=1 -3 3 -5 5 -7 -8 8 9 -11 -12 12 -14 -15
leaf_value=-0.032794234414916551 0.026460256685245227 0.025669473776413057 -0.06130468370771204 0.10675106754295288 0.03130086195655999 -0.058440027252349369 -0.010956526559228279 -0.041331075391383171 -0.029305114671758364 0.00010680330386219116 -0.0070742431503060524 -0.084553704381737968 0.0071050572489523975 -0.0071614245555372468
leaf_weight=13.359720982276711 30.087946484256463 21.578309551143775 10.250338484056106 1.0784073760091804 26.631352017101111 3.1807027279273816 10.494848743750479 14.359411278589958 50.900897201415773 1584.8291396006557 66.335193948947563 2.9553173277181477 240.95298507040434 55.294566195935658
leaf_count=90569 753 2305 3338 167 1929 966 119 7268 113652 165641 25303 2210 22608 13029
internal_value=-4.59527e-05 0.000160523 -0.000101922 -0.0287881 0.000199705 0.0217262 -0.0358339 -0.000114 -0.00122083 -0.000882439 -0.0142553 0.00565533 0.00356318 -0.0110879
internal_weight=2132.29 2118.93 2097.35 21.8236 2075.53 29.8121 20.7452 2045.72 1716.42 1702.07 117.236 329.291 299.203 58.2499
internal_count=449857 359288 356983 3624 353359 2895 3457 350464 311864 304596 138955 38600 37847 15239
is_linear=0
shrinkage=0.05


Tree=134
num_leaves=15
num_cat=0
split_feature=10 15 16 18 16 18 13 0 14 1 17 17 16 10
split_gain=6.85043 8.60793 10.4641 6.88443 7.82433 7.04915 6.45778 6.24491 9.06428 7.19932 7.0961 5.18722 7.12829 5.89105
threshold=0.015038444194942715 1.0000000180025095e-35 4.4005842208862314 0.4889239370822907 4.2835628986358651 1.0993142127990725 0.10990338027477266 0.64053869247436535 1.0000000180025095e-35 16.500000000000004 5.0401887893676767 5.8985257148742685 4.8789997100830087 0.027711594477295879
decision_type=10 8 8 8 8 10 10 8 10 10 10 10 10 10
left_child=7 2 -2 6 5 -5 -3 8 -1 -10 -11 12 13 -6
right_child=1 3 -4 4 11 -7 -8 -9 9 10 -12 -13 -14 -15
leaf_value=-0.0054707344794047673 0.0045888419352669079 0.010563560558282926 -0.063804289336024236 -0.043791463939204321 -0.045609839555737601 0.031556241469102499 0.043328241232320236 -0.00030522599310863364 -0.097658811701644588 -0.057794146656550908 -0.0061027498946221543 0.05002441835306437 -0.033857990292248202 0.016260946916606116
leaf_weight=128.66397508615887 13.884157169315587 227.74409482986403 9.3648403542042598 17.315958997945931 4.2833046312618981 3.7820933044279164 16.102019323775494 1610.3432832825292 3.9457737967484254 10.648029543184068 17.635473172176944 5.8093201679898803 11.905278380379512 37.800133055976403
leaf_count=131386 2284 15994 4295 2224 4557 439 970 242712 2464 16406 19810 493 5045 934
internal_value=1.6383e-05 0.00642987 -0.0229603 0.00853398 -0.00410549 -0.0302844 0.0127271 -0.00124366 -0.0106362 -0.0343898 -0.0255633 0.00513101 0.000300365 0.00996366
internal_weight=2119.23 347.991 23.249 324.742 80.8961 21.0981 243.846 1771.24 160.893 32.2293 28.2835 59.798 53.9887 42.0834
internal_count=450013 37235 6579 30656 13692 2663 16964 412778 170066 38680 36216 11029 10536 5491
is_linear=0
shrinkage=0.05


Tree=135
num_leaves=15
num_cat=0
split_feature=12 13 4 13 0 12 7 10 4 10 4 17 1 2
split_gain=5.94525 7.61183 8.29788 5.27718 4.93209 4.47675 4.81028 4.43153 4.90815 4.1806 6.94905 4.33087 4.03255 7.06701
threshold=0.19803921878337863 0.27525253593921667 0.0085085928440094011 0.2469512224197388 0.66034364700317394 0.11035007610917093 38.84837722778321 0.029892162419855598 0.028837114572525028 0.015268065501004459 0.00049230456352233898 6.8793365955352792 37.500000000000007 -0.25990505516529078
decision_type=10 10 10 10 8 10 10 10 8 8 8 10 8 10
left_child=1 3 -3 7 -2 6 -4 9 -9 10 -1 -12 -7 -14
right_child=4 2 5 -5 -6 12 -8 8 -10 -11 11 -13 13 -15
leaf_value=0.13854823187140072 -0.061423334964492121 -0.067255030247288669 -0.093674038960077588 0.021048849778020351 0.031047193552195648 0.0019983209351831029 0.070540773653322883 0.002157068960724345 0.020151070929615031 -0.00079080596258137301 -0.040558175934219745 0.16292232246150912 0.073897708135421167 0.62364815225932768
leaf_weight=0.5939349848940737 1.5428647799781199 8.7961982864346755 2.1311600443473249 29.531571713265294 22.056554609408522 7.8599462001552611 0.56395956290043603 142.26760216712137 51.657044665718786 1832.1002374268351 12.672385403794122 0.26700830099434902 0.9780157262882756 0.062174345099721862
leaf_count=1443 1040 1408 568 3670 2426 942 76 1216 2648 343003 89461 144 1724 21
internal_value=4.62629e-05 -0.000235594 -0.0306347 6.39977e-05 0.0250017 -0.0028544 -0.0593117 -0.00023985 0.00695026 -0.00099533 -0.0286832 -0.0363593 0.0142419 0.106757
internal_weight=2113.08 2089.48 20.3915 2069.09 23.5994 11.5953 2.69512 2039.56 193.925 1845.63 13.5333 12.9394 8.90014 1.04019
internal_count=449790 446324 4739 441585 3466 3331 644 437915 3864 434051 91048 89605 2687 1745
is_linear=0
shrinkage=0.05


Tree=136
num_leaves=15
num_cat=0
split_feature=10 0 18 12 17 16 15 16 7 1 18 16 18 4
split_gain=6.05447 5.23885 5.10462 11.8398 11.8258 7.46488 7.3543 6.52859 6.825 5.51662 10.2494 9.37706 8.59184 9.2236
threshold=0.031766043975949294 0.77310383319854747 0.17493092268705371 0.033615820109844215 5.6542406082153329 4.7140145301818857 inf 4.6001451015472421 36.349233627319343 1.5000000000000002 0.47224877774715429 4.5591125488281259 0.62178853154182445 0.0076526701450347909
decision_type=10 10 10 8 10 10 8 10 8 8 10 10 10 10
left_child=1 2 3 4 6 -5 -1 9 -9 10 -4 -11 -12 -14
right_child=-2 -3 7 5 -6 -7 -8 8 -10 11 12 -13 13 -15
leaf_value=0.0024645194258701695 0.010470896123290538 0.007131853215885448 -0.0092957570292515265 0.002226324541573343 -0.051042448075657276 -0.09714339358805657 -0.032279986569269198 -0.037269229570263164 0.0024645194258701695 -0.0047254153928245404 -0.092623507678131892 -0.047314052366488224 0.0024645194258701695 -0.073224965502190251
leaf_weight=20.17769501682551 112.85781636528554 163.7963654090272 66.867862472136039 836.17618704486063 21.254915164372505 1.8942496254217065 16.577942033935415 11.019296217293002 280.78963176686761 534.42288374058535 7.3540098722151042 13.244981626987963 8.9794891979545337 6.3222336020553476
leaf_count=3014 2181 1726 644 134952 7273 481 7894 25505 81498 177700 104 6896 52 85
internal_value=-0.000794782 -0.00143405 -0.00220281 0.000489619 -0.0213556 0.00200172 -0.00418833 -0.00479984 0.00139396 -0.00763636 -0.0191433 -0.00575539 -0.0482083 -0.0268623
internal_weight=2101.74 1988.88 1825.08 896.081 58.0106 838.07 36.7556 929 291.809 637.191 89.5236 547.668 22.6557 15.3017
internal_count=450005 447824 446098 153614 18181 135433 10908 292484 107003 185481 885 184596 241 137
is_linear=0
shrinkage=0.05


Tree=137
num_leaves=15
num_cat=0
split_feature=7 2 18 18 18 3 4 17 4 4 17 17 14 4
split_gain=7.02468 5.26745 5.88685 6.86593 6.94941 6.16854 6.40744 5.12386 5.12005 22.3232 10.1452 7.23901 9.12483 7.69884
threshold=126.08965301513673 2.8114801645278935 0.12286201864480974 0.13933505117893222 0.13556218147277835 1.0000000180025095e-35 0.019274204969406131 6.0198082923889169 0.0057838559150695809 0.0026703774929046635 4.7916412353515634 5.2857353687286386 1.0000000180025095e-35 0.0083661973476409929
decision_type=10 10 8 8 8 10 10 8 10 10 10 10 10 10
left_child=1 -1 -3 4 -4 8 -7 -2 9 -5 -11 12 13 -10
right_child=7 2 3 5 -6 6 -8 -9 11 10 -12 -13 -14 -15
leaf_value=-0.0017078713141333128 0.046213640004618139 0.012676010692909679 -0.010125267394801076 0.011114544347464204 -0.075980081279122022 0.012676010692909679 -0.016276168715972004 0.012676010692909679 0.012676010692909679 -0.015050509434264774 -0.075934987834274825 0.012676010692909679 -0.042825047568195475 -0.010520441286495647
leaf_weight=1546.4997081824067 15.342030066380632 110.64264661899324 16.822942085127583 36.382304189522984 5.2581310607347396 158.22451036924031 20.915514897205867 11.386398628776531 19.384907870204188 12.455812612664888 15.18109588959487 70.025697052762553 14.966317428697947 60.88852659697659
leaf_count=440572 1343 1150 215 161 63 932 856 2118 83 69 118 780 199 1274
internal_value=0.000103907 -0.000222193 0.0040236 0.00134947 -0.0258072 0.00281767 0.00976945 0.0255742 -0.00261376 -0.0146186 -0.0484947 0.00203657 -0.00698226 -0.000299673
internal_weight=2114.38 2087.65 541.148 430.506 22.0811 408.425 179.14 26.7284 229.285 64.0192 27.6369 165.265 95.2398 80.2734
internal_count=449933 446472 5900 4750 278 4472 1788 3461 2684 348 187 2336 1556 1357
is_linear=0
shrinkage=0.05


Tree=138
num_leaves=15
num_cat=0
split_feature=10 8 10 4 2 8 4 18 1 12 14 18 18 18
split_gain=7.16381 7.32812 5.49201 14.1028 9.07058 7.87593 7.60057 4.69989 7.71361 6.46624 6.23872 9.9568 7.80791 6.19342
threshold=0.027214052155613903 20.500000000000004 0.02968991827219725 0.00037497282028198248 0.98174065351486217 11.500000000000002 0.0018285214900970461 0.68760964274406444 1.5000000000000002 0.19803921878337863 1.0000000180025095e-35 0.8039708435535432 1.0741549134254458 0.59725365042686474
decision_type=10 10 10 10 10 8 10 10 10 10 8 10 10 10
left_child=7 2 3 -2 -5 6 -6 9 10 13 11 -9 -13 -1
right_child=1 -3 -4 4 5 -7 -8 8 -10 -11 -12 12 -14 -15
leaf_value=-0.00083163268229701675 -0.11070650573879591 0.030757318110564605 0.0085944869585025865 0.026125663205231454 0.027887172696024465 -0.0076332830352474346 -0.1097431851774001 -0.079670603305116383 -0.0015826433749442162 0.030673359465357253 -0.04543560087220011 0.041144908519545047 -0.022044059656404491 0.016891056237208053
leaf_weight=1621.8027529893043 3.2344352089567101 30.849048016385495 208.67352410271087 17.315199529929941 1.3462722559925167 25.728298683112374 3.9356609777842095 4.0814517069892444 101.19168461354377 17.029916907749111 22.087283510037878 8.8146855738752965 10.976137807609573 50.841321048319287
leaf_count=335890 170 434 4232 1295 18 822 324 2392 48146 2301 26958 3604 7141 16278
internal_value=0.000427673 0.00771539 0.00498391 -0.00962884 -0.00286368 -0.0190505 -0.0746636 -0.000727215 -0.00929758 1.91659e-05 -0.026284 -0.00856437 0.00609984 -0.000292938
internal_weight=2127.91 291.082 260.233 51.5599 48.3254 31.0102 5.28193 1836.83 147.151 1689.67 45.9596 23.8723 19.7908 1672.64
internal_count=450005 7295 6861 2629 2459 1164 342 442710 88241 354469 40095 13137 10745 352168
is_linear=0
shrinkage=0.05


Tree=139
num_leaves=15
num_cat=0
split_feature=0 7 12 18 16 0 16 4 16 16 7 4 12 15
split_gain=7.31422 6.00823 6.17744 7.31499 5.83633 4.44986 4.08394 3.66268 3.44341 3.96885 3.15369 2.98651 2.9158 2.84374
threshold=0.58106544613838207 47.161415100097663 0.035098522901535041 2.087257027626038 2.0126758217811589 0.70582419633865368 5.5174448490142831 0.0026703774929046635 3.6242519617080693 4.2835628986358651 67.918422698974624 0.00012230873107910159 0.026671408675611023 1.0000000180025095e-35
decision_type=8 10 10 10 8 10 10 10 8 10 10 8 10 10
left_child=-1 5 3 4 7 6 -2 -3 -7 -10 -4 -6 -11 -13
right_child=1 2 10 -5 11 8 -8 -9 9 12 -12 13 -14 -15
leaf_value=-0.037292411102637084 -0.0019625767474816896 0.005165228550941813 0.0053761216311671682 0.098574033318771431 0.16689876400351189 0.005165228550941813 -0.018381093609773008 0.074508597296007825 -1.0515869727909661e-05 0.005165228550941813 0.054355772420960027 0.005165228550941813 -1.0515869727909661e-05 0.032291686107486131
leaf_weight=12.860429546430394 1034.477380731985 1.085495830659055 4.6566615364074542 2.133307259256525 0.3137960074673164 300.81700758395709 17.36196989078644 4.9386641987002804 308.53278610788038 249.92442630689948 11.169083221746176 105.19511558900808 48.672842374864558 11.051500872778432
leaf_count=49153 319739 50 1910 299 114 7255 18987 346 8879 8003 1782 28274 2215 2933
internal_value=0.000300043 0.000530224 0.0105164 0.00678227 0.00518485 -0.000185921 -0.0023995 0.0543797 0.00237846 8.65491e-05 0.0399437 0.00516523 0.00516523 0.00516523
internal_weight=2113.19 2100.33 140.544 124.718 122.585 1959.79 1051.84 6.02416 907.947 607.13 15.8257 116.56 298.597 116.247
internal_count=449939 400786 35708 32016 31717 365078 338726 396 26352 19097 3692 31321 10218 31207
is_linear=0
shrinkage=0.05


Tree=140
num_leaves=15
num_cat=0
split_feature=2 10 18 18 15 16 18 4 12 12 16 16 10 0
split_gain=7.55002 6.01266 5.05761 13.854 6.9787 7.31558 6.94591 11.694 6.51043 11.9713 6.22372 7.63075 5.82123 5.7473
threshold=1.9278427958488467 0.03201024420559407 0.26671525835990911 0.27232629060745245 1.0000000180025095e-35 3.5114340782165532 0.44640903174877172 0.0322178602218628 0.037386443465948112 0.048199767246842391 4.7229433059692392 4.4601275920867929 0.027214052155613903 0.71187499165534984
decision_type=10 10 8 8 8 10 10 10 10 10 8 10 10 10
left_child=1 -1 8 -4 5 12 -7 -8 10 -10 11 -2 -5 -6
right_child=2 -3 3 4 13 6 7 -9 9 -11 -12 -13 -14 -15
leaf_value=-0.0032953960434867601 0.0037528252317843196 0.033162328432049686 -0.071581408957913845 -0.11477076457963518 -0.0062138401707424323 0.0096008979690006772 -0.054783445877970932 0.043687160301085846 0.074849423676227447 0.012126641594310138 -0.044518263009579812 0.033158464909695082 0.0024390663001457071 0.0065381725641415539
leaf_weight=1118.9489771978001 441.91783397067775 11.424558039390829 6.8123761167298644 3.282129011286087 132.2245106309756 18.866571832848422 14.162982185109287 3.83044417133351 9.2106031896983023 43.703284930523296 6.3753764465072882 23.221351187756227 1.5641573435277676 266.33329000128106
leaf_count=434453 6481 114 127 127 3400 258 296 115 48 589 94 240 27 3252
internal_value=-0.000148797 -0.00292692 0.00308363 -0.00082363 0.000271233 -0.0191889 -0.0115958 -0.033821 0.00641458 0.0230447 0.00454833 0.00522086 -0.0769408 0.0023076
internal_weight=2101.88 1130.37 971.505 447.076 440.264 41.7063 36.86 17.9934 524.428 52.9139 471.515 465.139 4.84629 398.558
internal_count=449621 434567 15054 7602 7475 823 669 411 7452 637 6815 6721 154 6652
is_linear=0
shrinkage=0.05


Tree=141
num_leaves=15
num_cat=0
split_feature=10 8 18 17 17 7 1 1 3 4 9 8 10 18
split_gain=5.95884 4.34296 4.94687 6.74201 5.63314 6.63499 5.96659 3.82137 5.41387 6.31865 10.3942 5.4352 8.99129 5.66304
threshold=0.02762116584926844 26.500000000000004 0.4889239370822907 3.7494349479675297 4.0517470836639413 41.06739807128907 3.5000000000000004 9.5000000000000018 0.017360478639602665 0.028837114572525028 0.63172534108161937 3.5000000000000004 0.032138252630829818 0.12838672101497653
decision_type=10 10 10 10 10 10 10 8 10 10 10 10 10 8
left_child=-1 2 7 -4 -5 6 -6 8 -2 10 -10 12 -12 -13
right_child=1 -3 3 4 5 -7 -8 -9 9 -11 11 13 -14 -15
leaf_value=-0.0014740685882268347 0.012550641773092267 0.054433996067112272 -0.075179539199431447 0.039145670435550041 -0.016845911910550473 0.010934698963379364 -0.08419723760006842 0.021973056230176962 0.022002183658051927 0.020354496483730375 0.0080518568285314392 0.0026217314798595535 -0.054834349567291829 -0.077630614847381318
leaf_weight=1824.3386877203588 106.09830944481109 4.6382275690557426 3.5380513258178317 6.611650730144901 16.407029753709143 18.520985176815884 4.1125650095332267 44.313104345692409 13.923876592285522 17.38851278014954 15.197189052320029 2.9525718873774141 9.0800191580783558 8.604187587130582
leaf_count=443298 1862 36 180 180 334 588 503 1078 225 1319 138 46 50 185
internal_value=-0.000445757 0.00646686 0.0056328 -0.00868684 -0.00353365 -0.0107615 -0.0303446 0.00887051 0.00551909 -0.0055915 -0.0146587 -0.0289038 -0.0154685 -0.0571274
internal_weight=2095.72 271.386 266.748 49.1903 45.6522 39.0406 20.5196 217.558 173.245 67.1464 49.7578 35.834 24.2772 11.5568
internal_count=450022 6724 6688 1785 1605 1425 837 4903 3825 1963 644 419 188 231
is_linear=0
shrinkage=0.05


Tree=142
num_leaves=15
num_cat=0
split_feature=21 2 18 12 18 18 3 18 18 17 16 13 2 16
split_gain=9.98183 5.84072 5.38112 6.38089 5.97063 8.60075 7.41766 6.87579 5.96094 5.95175 12.5108 5.42223 4.76293 5.22958
threshold=1.5000000000000002 2.8114801645278935 0.26671525835990911 0.037386443465948112 0.51987260580062877 0.4947506189346314 1.0000000180025095e-35 0.677992343902588 0.27232629060745245 5.5816130638122567 5.2390944957733163 0.059411764144897468 3.0663039684295659 4.5695295333862314
decision_type=10 10 8 10 8 10 10 8 10 10 10 8 10 10
left_child=1 -1 3 11 5 8 9 -8 -4 10 12 -3 -6 -14
right_child=-2 2 4 -5 6 -7 7 -9 -10 -11 -12 -13 13 -15
leaf_value=-0.0015952004963437811 -0.090820571715212184 -0.017592704060033895 -0.061972078641198525 0.031928162692855477 -0.054369205348218465 -0.058127587381744297 0.048069611254103667 0.0093140321370707071 -0.0028147319571223705 0.034805518176965249 -0.090167731756216077 0.0089967241612301779 -0.0075353292242119445 0.029160687427243065
leaf_weight=1547.1502530383277 3.032537726924601 20.935185166592419 4.4199637969140886 28.017968301304791 4.1743272696621707 8.123343207742435 16.254530857491773 38.673607982189424 116.43176449811654 8.8220863933092897 4.4190398148784871 227.83910779865073 41.444865693018073 12.679078535362349
leaf_count=442778 754 242 50 288 56 91 154 448 1369 77 81 2750 526 171
internal_value=-0.000173148 -4.09489e-05 0.0044771 0.00930684 -0.000756315 -0.00832586 0.00696332 0.0207827 -0.00497832 -0.00364726 -0.00905619 0.00675914 -0.00290789 0.00106108
internal_weight=2082.42 2079.39 532.235 276.792 255.443 128.975 126.468 54.9281 120.852 71.5394 62.7173 248.774 58.2983 54.1239
internal_count=449835 449081 6303 3280 3023 1510 1513 602 1419 911 834 2992 753 697
is_linear=0
shrinkage=0.05


Tree=143
num_leaves=15
num_cat=0
split_feature=11 11 2 18 3 0 8 7 18 14 13 4 15 16
split_gain=6.31081 9.61084 7.48726 6.2943 9.09644 7.87606 6.23093 5.79744 6.04149 7.16281 6.72912 6.6558 5.65878 5.49002
threshold=0.61250001192092907 0.14718615263700488 -0.50596338510513295 0.065661303699016585 0.0076004564762115487 0.7388729751110078 15.500000000000002 47.161415100097663 0.69702500104904186 inf 1.0000000180025095e-35 0.0050748288631439218 1.0000000180025095e-35 2.0126758217811589
decision_type=10 10 8 10 10 10 8 10 10 8 10 8 10 8
left_child=1 7 -3 4 -4 -6 -2 8 -1 10 11 -10 13 -9
right_child=6 2 3 -5 5 -7 -8 12 9 -11 -12 -13 -14 -15
leaf_value=0.00060147807165401043 0.067235331478702864 0.11635486968707549 -0.10369343698247678 -0.083607393697138613 -0.08048117799548965 0.089800358783583348 0.011854219532934989 0.052405071611050749 -0.026114070250178256 -0.036097636634720313 -0.035016324286855541 0.0045473944987499768 0.041576495112030876 0.0050610396244552833
leaf_weight=1737.3072666822504 5.7514460221082118 0.69267928834915438 1.6930904536197848 6.9046259736423963 0.9660099096558955 2.2861387778539211 43.43318187854311 6.3513149352120299 21.703754027882042 22.012582409342031 16.711946325832969 95.926827825568353 13.142056925454652 118.54739656542415
leaf_count=325725 156 529 36 1019 246 6 3477 434 7206 21547 7316 46699 3146 32413
internal_value=0.000631816 0.00020599 -0.0434276 -0.0527677 -0.00970871 0.0392204 0.0183303 0.000475359 -0.000245766 -0.00965974 -0.00532778 -0.00110988 0.0103678 0.00708402
internal_weight=2093.43 2044.25 12.5425 11.8499 4.94524 3.25215 49.1846 2031.7 1893.66 156.355 134.343 117.631 138.041 124.899
internal_count=449955 446322 1836 1307 288 252 3633 444486 408493 82768 61221 53905 35993 32847
is_linear=0
shrinkage=0.05


Tree=144
num_leaves=15
num_cat=0
split_feature=7 16 0 16 13 18 16 4 16 16 11 14 1 18
split_gain=7.2824 4.95617 4.69043 4.09082 4.31069 3.94664 4.36002 5.93464 3.87654 6.06474 8.11376 6.07638 7.27787 6.03983
threshold=47.161415100097663 5.7620463371276864 0.70582419633865368 2.0126758217811589 0.22086720913648608 0.081102162599563613 3.6242519617080693 0.0024572014808654789 3.0201274156570439 3.8606742620468144 0.75000000000000011 1.0000000180025095e-35 11.500000000000002 0.23336686939001086
decision_type=10 10 8 8 10 10 10 10 8 10 8 10 10 10
left_child=2 3 8 -2 -5 -4 -7 -8 -1 -10 11 13 -13 -11
right_child=1 -3 5 4 -6 6 7 -9 9 10 -12 12 -14 -15
leaf_value=-0.0012601705337523653 0.052861933384527687 0.053645931092108634 -0.0012601705337523653 0.0050628727220273628 0.041244632954641064 0.0050628727220273628 0.0050628727220273628 -0.0012601705337523653 -0.011424624298266942 -0.039151239335075479 -0.0012601705337523653 -0.064227233250267968 -0.016104198632131285 -0.0012601705337523653
leaf_weight=234.34548108811043 5.0887821787546264 6.4831475587220657 211.85814947324741 120.77855612224062 8.6666106316986298 299.51369679366894 212.28841789891612 425.00118218783552 288.77817656582624 12.006533156127373 171.33168037860059 11.660414560204684 24.084660570073765 61.328753876123073
leaf_count=50158 425 2904 16548 31863 1094 25166 18780 66677 106048 7161 59780 1974 23903 37675
internal_value=-2.73199e-05 0.0109457 -0.000819957 0.00888799 0.00715928 0.00122989 0.00299833 0.000228692 -0.00375023 -0.00633755 -0.00126017 -0.0148993 -0.0318024 -0.00666035
internal_weight=2093.21 141.017 1952.2 134.534 129.445 1148.66 936.803 637.29 803.536 569.19 280.412 109.08 35.7451 73.3353
internal_count=450156 36286 413870 33382 32957 127171 110623 85457 286699 236541 130493 70713 25877 44836
is_linear=0
shrinkage=0.05


Tree=145
num_leaves=15
num_cat=0
split_feature=10 15 2 10 3 2 9 4 9 4 17 17 9 18
split_gain=6.51142 5.71788 6.90399 6.80716 5.77273 5.20338 4.34262 9.77225 5.88311 15.7257 5.86951 6.37677 4.29037 3.56216
threshold=0.021331550553441051 1.0000000180025095e-35 -0.23693571239709851 0.028055490925908092 0.091639608144760146 0.08351765945553781 0.79566404223442089 0.00049230456352233898 0.80556496977806102 0.0014651119709014895 5.3589394092559823 4.9870197772979745 0.50531014800071727 0.13188001513481143
decision_type=10 8 8 8 8 8 8 8 8 8 8 10 10 10
left_child=6 3 4 -2 -3 -4 7 10 9 -8 11 -1 -13 -5
right_child=1 2 5 13 -6 -7 8 -9 -10 -11 -12 12 -14 -15
leaf_value=-0.053851181831570276 -0.08495913347985197 0.059845207839239224 -0.083329947613254657 0.02709469339700861 -0.063693164944882752 0.0072404729026999699 0.62390293016212017 -0.035161542329595223 -0.0011174212719834739 -0.053631861117827972 -0.051843252261045629 0.52355492920777214 0.19849665139137554 -0.023247086945928218
leaf_weight=0.14557992084155813 3.3321578756163035 9.6203281714406295 1.5947807910444014 5.2989859880290195 1.0487036617402061 282.08237653096671 0.13667604143120116 16.109944544392874 1763.2357486612896 0.22936075416055246 0.26990024999759044 0.17047252211159503 0.25093375427604769 10.431384907549726
leaf_count=584 884 472 1332 117 2464 9495 54 99720 332823 778 769 79 185 276
internal_value=-0.000148091 0.00649768 0.00821635 -0.0200405 0.0477021 0.0067313 -0.00131787 -0.0265077 -0.00107581 0.199356 0.140078 0.231437 0.329993 -0.00628878
internal_weight=2093.96 313.409 294.346 19.0625 10.669 283.677 1780.55 16.9468 1763.6 0.366037 0.836886 0.566986 0.421406 15.7304
internal_count=450032 15040 13763 1277 2936 10827 434992 101337 333655 832 1617 848 264 393
is_linear=0
shrinkage=0.05


Tree=146
num_leaves=15
num_cat=0
split_feature=1 1 16 3 17 16 16 1 17 16 18 18 3 4
split_gain=6.06823 6.37062 6.02678 6.00266 5.57062 4.83892 10.8518 7.04107 8.15565 10.6513 5.27124 9.08462 5.22768 5.1957
threshold=71.500000000000014 53.500000000000007 4.8481087684631357 0.07849708199501039 4.7664294242858896 3.6242519617080693 3.7494349479675297 23.500000000000004 4.3630783557891855 1.7005987167358401 0.26155626773834234 0.26926530897617346 0.071626543998718276 0.0057838559150695809
decision_type=10 10 8 10 10 8 8 10 10 8 8 10 10 10
left_child=1 5 3 -2 -3 7 -7 13 9 -9 -10 12 -12 -1
right_child=2 4 -4 -5 -6 6 -8 8 10 -11 11 -13 -14 -15
leaf_value=-0.0023753244253841193 0.06083896313637116 -0.047514255931943056 0.1012989788094171 -0.05460498153060947 -0.0079374247134618992 -0.01709654011117517 0.00026069623298267123 0.054546609703006115 0.018949101172778409 -0.048280392906126478 -0.061651541341464194 0.043940735055656217 0.304822719072047 0.0059018738033392339
leaf_weight=349.99608461427647 2.5328150059542613 11.651830219645715 2.9427859502502542 2.0272657822158635 37.52757477545947 98.261662057923331 1077.412821339555 3.433240265483616 82.526622367123764 9.4514796126218243 0.11731150976265681 3.5731932279556986 0.57076978542067991 413.67819432935335
leaf_count=17334 457 25703 2683 11293 50692 19167 221667 517 33223 10213 46 2720 293 54062
internal_value=0.000629658 0.000468384 0.0455154 0.00951628 -0.0173142 0.000897284 -0.00119 0.00373968 0.0162383 -0.0208813 0.0217492 0.0759772 0.242342 0.00210839
internal_weight=2095.7 2088.2 7.50287 4.56008 49.1794 2039.02 1175.67 863.347 99.6726 12.8847 86.7879 4.26127 0.688081 763.674
internal_count=450070 435637 14433 11750 76395 359242 240834 118408 47012 10730 36282 3059 339 71396
is_linear=0
shrinkage=0.05


Tree=147
num_leaves=15
num_cat=0
split_feature=21 7 15 16 0 16 14 10 16 16 2 12 2 2
split_gain=8.09365 6.12451 5.88071 3.74174 3.5657 6.74382 7.40734 4.13608 4.07092 3.66766 5.87425 6.04779 5.22783 9.93539
threshold=1.5000000000000002 47.161415100097663 1.0000000180025095e-35 1.4978661537170412 0.69235980510711681 3.5114340782165532 inf 0.031890051439404495 4.6959142684936532 3.8176519870758061 2.2195549011230473 0.067424245178699507 1.134118974208832 1.6528360843658449
decision_type=10 10 10 8 8 10 8 10 10 10 10 8 8 10
left_child=1 4 3 -3 5 -1 7 9 -8 10 11 -7 -11 -14
right_child=-2 2 -4 -5 -6 6 8 -9 -10 12 -12 -13 13 -15
leaf_value=-0.0012702408109319101 -0.089207083221576444 0.085428049250669005 0.039522862049567335 0.0058183586631206973 0.0010194461770260601 -0.0012702408109319101 -0.024267393874387911 -0.12089380169824691 -0.072574480468107938 -0.0012702408109319101 -0.0012702408109319101 -0.036823575453290507 -0.051536651624676869 -0.0050241487359138342
leaf_weight=349.83180086306095 2.530147617509555 1.4939309347428196 15.406839003883304 122.87629336752548 1324.3226427108025 8.667348043967193 29.801107064735561 0.79028371479944226 5.1089126018785 116.13414994362199 15.275760794827873 35.354578115689037 14.88822876974143 50.170333510851378
leaf_count=108516 768 53 3246 32909 141638 5048 25386 30 6647 98017 273 22081 3209 2200
internal_value=0.000165942 0.00027413 0.0103843 0.00677463 -0.000450443 -0.00355993 -0.00980993 -0.00669527 -0.0313369 -0.00632 -0.0171136 -0.0271877 -0.00278765 -0.0156682
internal_weight=2092.65 2090.12 139.777 124.37 1950.35 626.023 276.191 241.281 34.91 240.49 59.2977 44.0219 181.193 65.0586
internal_count=450021 449253 36208 32962 413045 271407 162891 130858 32033 130828 27402 27129 103426 5409
is_linear=0
shrinkage=0.05


Tree=148
num_leaves=15
num_cat=0
split_feature=10 2 12 0 2 3 17 2 12 18 18 10 14 3
split_gain=6.62902 4.49775 4.75193 6.05073 4.56698 5.35929 4.80119 5.41132 4.6665 4.34293 9.19033 8.50782 7.0392 7.98801
threshold=0.027886155992746357 2.8114801645278935 0.14854215830564502 0.66034364700317394 0.051749780774116523 0.073324203491210951 6.0026509761810312 1.9278427958488467 0.26794873178005224 0.36772747337818151 0.37166446447372442 0.026284319348633293 inf 0.024083048105239872
decision_type=10 10 10 8 8 10 10 10 8 10 10 10 8 8
left_child=1 2 9 -4 5 -5 7 -6 -7 -1 -11 12 -12 -14
right_child=-2 -3 3 4 6 8 -8 -9 -10 10 11 -13 13 -15
leaf_value=-0.00158627325895091 0.0073165431294992464 0.003383296720713472 -0.073255660483323312 0.15142713345831749 -0.024235397810918505 -0.024235397810918505 0.0539759662442168 0.031028357559981429 0.23281183955462181 -0.085797533868599118 -0.003785382120084833 -0.090596584767943023 0.0087459174850911241 -0.048436465715518559
leaf_weight=1113.8096092178407 258.70948459367173 408.65468712655274 1.6814754236786509 1.4377552067162445 7.5263751474151475 0.77789419054806785 6.4596068680466479 8.1788592502925876 0.18441066272862361 3.8039217499448332 238.00554923913478 3.047815075665766 8.9604159240843746 19.181085986690164
leaf_count=264388 6319 3739 1864 86 3032 623 327 68 60 1633 128084 965 271 38611
internal_value=-0.000172953 -0.00123657 -0.00257263 0.0185039 0.0247849 0.090301 0.0176906 0.00276636 -0.0010259 -0.00297152 -0.00862322 -0.00753269 -0.00658147 -0.0302293
internal_weight=2080.42 1821.71 1413.05 26.2464 24.5649 2.40006 22.1648 15.7052 0.962305 1386.81 272.999 269.195 266.147 28.1415
internal_count=450070 443751 440012 6060 4196 769 3427 3100 683 433952 169564 167931 166966 38882
is_linear=0
shrinkage=0.05


Tree=149
num_leaves=15
num_cat=0
split_feature=2 1 17 17 16 17 14 16 2 16 2 10 15 1
split_gain=6.66947 6.59987 5.60266 5.13531 4.92203 8.66152 6.32156 5.13336 5.62807 8.78733 5.50543 4.84766 5.83355 5.72837
threshold=2.8114801645278935 72.500000000000014 3.4811217784881596 6.0695817470550546 5.1619205474853525 5.5816130638122567 1.0000000180025095e-35 4.6200466156005868 3.478630900382996 4.5379471778869638 3.0663039684295659 0.028198256157338623 1.0000000180025095e-35 8.5000000000000018
decision_type=10 10 10 10 10 10 10 10 10 10 10 10 10 8
left_child=1 11 -3 4 7 6 -6 8 9 -2 -9 -1 13 -13
right_child=3 2 -4 -5 5 -7 -8 10 -10 -11 -12 12 -14 -15
leaf_value=-0.0028242983842765449 0.0093164588200813601 0.10301862259711909 0.0077687008468106935 0.01896344228158383 -0.017117782531528944 0.011566756686947389 -0.097243929451302974 -0.022424411441515506 -0.0038038960579798581 -0.054343742773376481 0.028653191126979512 -0.0058450244019938452 0.04407190965417232 0.017281921636585072
leaf_weight=1415.4598120728679 221.50283624647273 2.7409744039489388 3.5348521207868089 56.189917935116682 5.2721545338718006 9.9369820082210918 4.6175303972413531 6.2171442251965336 196.17504775343878 5.5567596963373935 34.834810139571346 60.935700687403369 10.08369533500081 47.762095878708351
leaf_count=428608 1996 966 10625 502 88 110 67 96 3061 69 347 2021 125 1278
internal_value=-0.000124394 -0.00180082 0.0493692 0.00465544 0.00299474 -0.0214023 -0.054529 0.00403658 0.00239918 0.00775852 0.0209177 -0.00201013 0.00769192 0.00431702
internal_weight=2080.82 1540.52 6.27583 540.303 484.113 19.8267 9.88968 464.287 423.235 227.06 41.052 1534.24 118.781 108.698
internal_count=449959 443623 11591 6336 5834 265 155 5569 5126 2065 443 432032 3424 3299
is_linear=0
shrinkage=0.05


Tree=150
num_leaves=15
num_cat=0
split_feature=16 15 3 3 18 10 4 17 7 12 18 1 16 16
split_gain=6.22222 6.56525 6.65166 5.47814 6.74428 5.52835 5.40533 6.71563 5.09914 4.95062 5.42451 4.76001 7.38977 5.35282
threshold=2.1383330821990971 inf 0.026645988225936893 0.12125149369239809 0.084770541638135924 0.014185110572725536 0.079259425401687636 4.5695295333862314 10.971374511718752 0.19803921878337863 0.027049892581999305 70.500000000000014 4.0517470836639413 4.1026091575622567
decision_type=8 8 8 10 8 8 8 10 10 10 8 10 8 8
left_child=1 2 -1 5 -5 -2 8 -8 -3 10 -7 -12 -13 -14
right_child=3 6 -4 4 -6 9 7 -9 -10 -11 11 12 13 -15
leaf_value=0.019326824791956573 -0.041033302368722324 0.012441204086201915 -0.089014584707472227 0.026828307361324355 -0.050298750479217752 -0.048104766668810667 0.0048092548913990377 -0.094881240759479651 0.041162386685225781 0.023990040575428664 -0.00045755112303617456 -0.030404627128106002 0.26197853003331839 0.062319044293849518
leaf_weight=2.6288895924808457 8.3226902459330159 53.30296229315411 3.0724618775197996 3.7981054754127372 11.170865161717984 5.9547653930233073 6.7025941930373829 2.2586207749436653 21.763397237417848 20.932410067486671 1945.7705088052194 2.3793736034072017 0.36488856063169794 4.1955337664696799
leaf_count=47 74675 5672 1162 10705 124371 974 1196 1790 1643 1638 221351 2448 70 2169
internal_value=-1.77381e-05 0.0128636 -0.0390584 -0.000594817 -0.0307292 -0.000367907 0.0163865 -0.0203171 0.0207681 -0.00019694 -0.000455428 -0.000310122 0.0410258 0.0782942
internal_weight=2092.62 89.7289 5.70135 2002.89 14.969 1987.92 84.0276 8.96121 75.0664 1979.6 1958.67 1952.71 6.9398 4.56042
internal_count=449911 11510 1209 438401 135076 303325 10301 2986 7315 228650 227012 226038 4687 2239
is_linear=0
shrinkage=0.05


Tree=151
num_leaves=15
num_cat=0
split_feature=1 1 2 2 16 16 1 18 0 17 2 17 20 2
split_gain=4.80819 6.8128 5.0272 6.21909 5.20682 4.11801 3.90576 10.3339 7.9647 8.49053 6.07544 10.0665 7.00302 7.60031
threshold=71.500000000000014 53.500000000000007 -1.0204169154167173 -1.0623880624771116 3.4498615264892583 4.0517470836639413 23.500000000000004 0.32420571148395544 0.6997659206390382 5.7541573047637948 -0.4133929163217544 3.7954261302948002 1.0000000180025095e-35 0.29001103341579443
decision_type=10 10 10 10 10 8 10 10 10 10 10 8 8 8
left_child=1 6 3 4 -2 -5 -1 8 -8 -10 11 -9 -12 -14
right_child=2 -3 -4 5 -6 -7 7 10 9 -11 12 -13 13 -15
leaf_value=-0.00094004446735949172 0.059155276432825615 -0.019242624268757846 -0.054219154984549905 -0.054767628646168624 -0.062279038954636039 0.16883714687176371 0.0054699029170485816 0.17177319432969412 0.05451146236449822 0.018155920935724653 0.15547301125415325 -0.00086070429887613587 -0.043856871079481718 0.043398257047023769
leaf_weight=1812.5159986175167 3.2984808370072187 48.091092039248906 1.1971071334719443 0.23875712361086665 1.2052918431979831 1.4963939710519298 125.68913423859101 0.91388316443771778 21.055201863972798 19.972923059240202 0.49553636624455066 11.111524023484435 22.790636167446905 2.8025772656863017
leaf_count=230609 890 76449 10867 483 1754 367 72037 1393 2626 2940 660 15992 32263 644
internal_value=-0.000499339 -0.000643829 0.0396344 0.0576428 0.0266572 0.138069 -0.000200457 0.00634402 0.0117138 0.0308419 -0.0171443 0.0122588 -0.0306974 -0.034302
internal_weight=2072.87 2065.44 7.43603 6.23892 4.50377 1.73515 2017.35 204.831 166.717 41.0281 38.1142 12.0254 26.0887 25.5932
internal_count=449974 435613 14361 3494 2644 850 359164 128555 77603 5566 50952 17385 33567 32907
is_linear=0
shrinkage=0.05


Tree=152
num_leaves=15
num_cat=0
split_feature=7 15 16 0 16 15 18 16 16 3 4 18 4 7
split_gain=5.49639 7.16382 5.9105 3.89587 4.63262 9.61583 3.79771 3.55195 6.84492 6.07153 5.26702 4.73158 5.77848 4.97809
threshold=47.161415100097663 1.0000000180025095e-35 2.0126758217811589 0.70582419633865368 5.6716020107269296 1.0000000180025095e-35 2.087257027626038 3.0201274156570439 3.0677825212478642 0.034436732530593879 0.00082460045814514171 0.095509681850671782 0.0023365318775177006 23.073656082153324
decision_type=10 10 8 10 10 10 10 8 8 8 10 8 10 8
left_child=3 2 -2 4 7 -6 -4 -1 9 -9 -10 12 -12 -13
right_child=1 -3 6 -5 5 -7 -8 8 10 -11 11 13 -14 -15
leaf_value=-0.00021526694918404759 0.053881985349298979 0.042326011960597903 0.0047374589327627316 0.0020251507952573056 -0.069067642688198483 -0.00021526694918404759 0.072045873115134024 -0.0067900082909641557 -0.00021526694918404759 -0.073516089238367041 -0.079146947292139336 -0.029974986865030612 -0.016945925023072055 -0.0044028274058012283
leaf_weight=322.8493200359926 6.1909210840332198 15.156909232322958 116.51893503026361 899.82026585864105 7.8360292961078795 3.1887564846288114 2.1409552199500004 6.9569978457293447 189.822905061048 6.6850566004752645 4.2701315006797804 19.850183445602056 29.731462391960576 461.30503483184032
leaf_count=62706 420 3207 32125 26415 13012 1897 494 97 23014 4538 668 28130 12617 240904
internal_value=0.000295798 0.00986539 0.00592467 -0.000390473 -0.00245568 -0.0346969 0.00473746 -0.00211439 -0.00440857 -0.039488 -0.00372975 -0.00673164 -0.0247575 -0.00545781
internal_weight=2092.32 140.008 124.851 1952.32 1052.5 11.0248 118.66 1041.47 718.622 13.6421 704.98 515.157 34.0016 481.155
internal_count=450244 36246 33039 413998 387583 14909 32619 372674 309968 4635 305333 282319 13285 269034
is_linear=0
shrinkage=0.05


Tree=153
num_leaves=15
num_cat=0
split_feature=11 1 3 4 2 1 2 17 1 18 1 2 7 18
split_gain=4.83318 5.98477 7.90286 7.13369 7.05884 4.9935 15.6856 5.10284 4.63418 7.33363 6.745 4.63664 3.99659 3.89881
threshold=0.085144929587841048 42.500000000000007 0.075589925050735488 0.0048939287662506112 -0.57317656278610218 16.500000000000004 1.7867692112922671 5.4227426052093515 71.500000000000014 0.23081828653812411 53.500000000000007 -1.0204169154167173 126.08965301513673 0.10290532559156419
decision_type=10 10 10 10 10 10 8 8 10 8 10 8 10 8
left_child=8 2 5 -3 -5 6 7 -2 10 -10 12 -11 -1 -12
right_child=1 3 -4 4 -6 -7 -8 -9 9 11 13 -13 -14 -15
leaf_value=-0.00071670836339385628 0.0021674130236726502 0.20065715350881544 -0.068892785689460403 -0.055069565540728838 0.11891837804117163 0.057813346895975393 0.019391888119344235 -0.085803909506483644 -0.059124155236122911 0.083584572093150622 0.0033898178051236559 -0.054476289874134803 0.019072415823715369 -0.02899832176226317
leaf_weight=1934.7096402783081 2.4151870642964477 0.8807799925871217 3.061821816771725 1.1433116785063935 1.1894192993138399 5.7408647468837435 48.081812448859637 5.1923258874739986 1.478182328617321 4.839767729913774 12.947084651673434 0.69553580869683163 25.854825998823344 32.911707847020921
leaf_count=351232 101 296 2058 1330 298 340 936 384 5010 2320 11258 6952 3391 64210
internal_value=-0.000315439 0.0128245 0.00950616 0.07942 0.0336439 0.0134137 0.0088367 -0.0578753 -0.000757293 0.0398152 -0.000899115 0.0662366 -0.00045574 -0.0198543
internal_weight=2081.14 67.7055 64.492 3.21351 2.33273 61.4302 55.6893 7.60751 2013.44 7.01349 2006.42 5.5353 1960.56 45.8588
internal_count=450116 5743 3819 1924 1628 1761 1421 485 444373 14282 430091 9272 354623 75468
is_linear=0
shrinkage=0.05


Tree=154
num_leaves=15
num_cat=0
split_feature=1 18 10 15 1 1 8 16 7 0 10 1 8 18
split_gain=5.64667 4.54535 4.50017 6.99562 5.13884 4.81793 4.15565 5.01128 5.77526 5.25279 8.93239 6.31824 5.25115 4.05105
threshold=71.500000000000014 0.1470901817083359 0.027214052155613903 1.0000000180025095e-35 7.5000000000000009 14.500000000000002 21.500000000000004 4.7405652999877939 176.40824890136722 0.65369492769241344 0.030787452124059204 18.500000000000004 11.500000000000002 0.15874464064836505
decision_type=10 8 10 10 10 8 10 10 10 10 10 10 8 8
left_child=2 -2 -1 5 -5 13 7 9 -9 10 11 12 -7 -4
right_child=1 -3 3 4 -6 6 -8 8 -10 -11 -12 -13 -14 -15
leaf_value=-0.0013425941305823853 -0.058592517659573164 0.055635454610324236 0.010969911637767638 0.053613320669296506 -0.018274405955924455 -0.090126645476088799 0.064456552052665192 -0.10354228051477206 0.066447690406865698 0.058179435105327242 0.032037110003246869 0.021619449674697092 0.0059558260469793614 -0.0037756698320903755
leaf_weight=1787.9311025203297 0.99352578117185153 7.0553745772288616 66.830818146510865 11.932531953789292 3.1401806602952993 4.2703641230737048 4.55359366768971 1.7568383794614413 0.69822537612344593 6.7618005964750401 16.257826187182218 4.0573989545000586 2.1319582423257106 153.70247220095825
leaf_count=428438 3054 11320 1509 177 92 367 14 211 4 107 140 273 58 4335
internal_value=-0.000262154 0.0415356 -0.000425149 0.00551605 0.0386366 0.0036035 0.0194574 0.0137551 -0.0551968 0.0188114 0.00884799 -0.0271955 -0.0581314 0.000692859
internal_weight=2072.07 8.0489 2064.03 276.094 15.0727 261.021 40.488 35.9344 2.45506 33.4793 26.7175 10.4597 6.40232 220.533
internal_count=450099 14374 435725 7287 269 7018 1174 1160 215 945 838 698 425 5844
is_linear=0
shrinkage=0.05


Tree=155
num_leaves=15
num_cat=0
split_feature=15 16 0 16 12 16 16 11 16 14 0 11 17 16
split_gain=6.34713 7.96143 11.3131 7.87802 14.1661 11.1666 8.3593 7.06279 8.25723 7.82814 8.56466 6.795 6.7055 11.1259
threshold=1.0000000180025095e-35 5.2704288959503183 0.72841995954513561 4.8789997100830087 0.010994321666657926 4.930863857269288 4.8322978019714364 1.0000000180025095e-35 2.9174053668975835 1.0000000180025095e-35 0.77310383319854747 inf 5.3205649852752694 3.65057384967804
decision_type=8 10 8 10 10 10 10 8 10 8 10 8 10 10
left_child=7 3 -3 6 5 -5 -2 -1 9 -9 -11 -8 -10 -14
right_child=1 2 -4 4 -6 -7 11 8 12 10 -12 -13 13 -15
leaf_value=0.0013482010525051396 0.00050432996502076586 -0.008229826142829846 0.02844404765453127 -0.059039588587602658 -0.073535735761855237 -0.001338858196708894 -0.03804538915115932 -0.099876743847455152 0.0091167723605884536 -0.044321431203709877 0.091431891165660903 0.049500435649670681 -0.0879670896228055 -0.01420298757432609
leaf_weight=93.076595712368203 1674.4450777025072 32.890968341193229 58.30521990326838 9.421045803895252 9.0278329316627133 76.23992559609826 2.6248870118033691 5.4502214558619899 26.600903638256796 7.8979131484593381 1.3622441588086074 14.244449967508443 5.6219702095409039 56.345226709142935
leaf_count=26914 327043 14915 15073 3171 3446 22436 2012 2388 7742 2006 10 1969 2779 18361
internal_value=-8.74617e-05 0.000807217 0.0152172 7.14204e-05 -0.0139632 -0.00768482 0.000857153 -0.00864079 -0.0176431 -0.0523334 -0.024351 0.0358782 -0.0118813 -0.0208952
internal_weight=2073.55 1877.2 91.1962 1786 94.6888 85.661 1691.31 196.355 103.278 14.7104 9.26016 16.8693 88.5681 61.9672
internal_count=450265 390065 29988 360077 29053 25607 331024 60200 33286 4404 2016 3981 28882 21140
is_linear=0
shrinkage=0.05


Tree=156
num_leaves=15
num_cat=0
split_feature=16 14 13 7 3 18 17 18 2 2 2 7 18 18
split_gain=6.06141 7.48431 5.23195 4.22758 4.14295 4.09197 6.34578 4.51991 3.93614 5.54672 5.20296 3.81905 5.55195 5.26295
threshold=2.1383330821990971 1.0000000180025095e-35 0.2469512224197388 48.332918167114265 0.15457502007484439 0.061552813276648528 4.3372693061828622 0.022422431036829952 -0.047173941507935517 2.0991011857986455 2.4668344259262089 47.161415100097663 3.8503730297088627 2.087257027626038
decision_type=8 10 10 10 10 10 10 10 8 8 8 10 10 10
left_child=1 3 -3 5 11 6 -1 -8 -9 -10 -11 12 -2 -13
right_child=4 2 -4 -5 -6 -7 7 8 9 10 -12 13 -14 -15
leaf_value=-0.089599533449071248 -0.00017873626268572653 -0.043125703835111037 0.057169021301400773 0.057556562944080493 -0.053819777114062078 0.023766299276181624 0.036481093780569178 0.036481093780569178 -0.080161153015107234 0.036481093780569178 -0.025887423872544307 0.0070375176682331885 -0.076689856802703238 0.075325110274066201
leaf_weight=1.8951847667007111 1855.7001914987859 8.2814248310842213 1.5425094587644697 6.4979810196332428 3.541604477628197 47.517400512901531 5.9748451278464954 3.0826565917668631 3.048793017277601 2.1413721818244085 6.7030872199807163 128.87803958312543 2.3740612582701024 2.8846929453591192
leaf_count=344 320120 1992 60 558 79990 3818 1048 1682 779 19 1160 33896 4163 494
internal_value=0.00077351 0.0137167 -0.0273779 0.0189691 0.000210655 0.0154056 -0.00198379 0.00594184 -0.00889807 -0.0220032 -0.0019554 0.000306821 -0.000276495 0.00853254
internal_weight=2080.06 86.6853 9.82393 76.8613 1993.38 70.3633 22.8459 20.9508 14.9759 11.8933 8.84446 1989.84 1858.07 131.763
internal_count=450123 11460 2052 9408 438663 8850 5032 4688 3640 1958 1179 358673 324283 34390
is_linear=0
shrinkage=0.05


Tree=157
num_leaves=15
num_cat=0
split_feature=21 15 18 4 18 18 4 17 3 3 18 0 14 18
split_gain=7.32734 5.52751 5.98832 6.48899 5.45326 7.5203 7.48668 7.04137 8.17859 6.05999 5.33679 5.27325 4.57496 7.96605
threshold=1.5000000000000002 1.0000000180025095e-35 0.071466688066720976 0.0042276680469512948 0.10818327590823175 0.11735317856073381 0.0050748288631439218 5.5816130638122567 0.026645988225936893 1.0000000180025095e-35 0.043516134843230254 0.69235980510711681 1.0000000180025095e-35 0.87641736865043651
decision_type=10 8 8 8 8 8 8 10 10 8 10 10 8 10
left_child=1 2 3 10 6 -6 9 -8 -9 -4 -1 -3 -7 -14
right_child=-2 11 4 -5 5 12 7 8 -10 -11 -12 -13 13 -15
leaf_value=0.053607279487731523 -0.08805418795514286 -0.0019977448504021832 0.038599959299055679 -0.069508757968966883 -0.1032111918387054 -0.016669696825947933 0.058403661940127638 0.038793271377624367 -0.07627219116115147 -0.098075981485360855 -0.071496310798317059 0.0033274600048474722 0.0036979355472266055 -0.063243991824534218
leaf_weight=2.4789251603287972 2.3606646962916775 848.10913072348853 1.2832023077644437 7.6470134204819269 2.0792331157851995 74.269921908418837 10.274817311816607 3.7595758287950494 2.6208226474032017 2.2039786093064322 1.2992805837038757 1028.8342672690628 83.944125171381643 4.6925585955037823
leaf_count=341 765 352862 7 4332 994 26321 1094 1044 1210 702 402 35840 19126 4700
internal_value=-1.44079e-05 8.58249e-05 -0.0078917 -0.0430223 -0.00572361 -0.00872204 0.0188365 0.0327848 -0.0084712 -0.0477824 0.0105856 0.000921231 -0.00751604 0.00015393
internal_weight=2075.86 2073.5 196.553 11.4252 185.128 164.986 20.1424 16.6552 6.3804 3.48718 3.77821 1876.94 162.907 88.6367
internal_count=449740 448975 60273 5075 55198 51141 4057 3348 2254 709 743 388702 50147 23826
is_linear=0
shrinkage=0.05


Tree=158
num_leaves=15
num_cat=0
split_feature=16 8 9 10 3 17 2 2 16 0 16 15 17 2
split_gain=5.85836 4.91625 5.20541 5.68887 4.12056 4.00296 4.88804 3.99814 3.95169 9.14923 7.94254 4.51839 4.76987 4.4645
threshold=2.1383330821990971 2.5000000000000004 0.51234564185142528 0.027364549227058891 0.14357569813728335 5.3958952426910409 2.2195549011230473 3.478630900382996 5.2704288959503183 0.68866166472435009 5.2443854808807382 1.0000000180025095e-35 4.9236173629760751 2.6247798204422002
decision_type=8 8 8 8 10 10 10 8 10 8 10 8 10 8
left_child=1 -1 -3 -4 8 7 -7 -5 10 -10 -2 -11 -13 -14
right_child=4 2 3 5 -6 6 -8 -9 9 11 -12 12 13 -15
leaf_value=0.040840298541920811 -0.00052632432798004199 0.056141765554637235 -0.078687001972860465 0.01629905192203961 -0.043564318938870555 -0.082477170254617246 0.016347306183806892 -0.016761853813670249 -0.028355757064020444 -0.0066505996648826733 -0.044099171269229215 -0.0066505996648826733 0.007896013653063234 0.032764976214277632
leaf_weight=13.342987459862341 1866.7697406462246 5.1822348508167124 2.0110541100684713 49.720859093256195 5.5044799090899224 2.6726338513326473 2.3527438695309684 11.205613211557646 14.020831128068606 12.024788380689074 10.517374101724043 2.9626942251229584 29.927174653214937 45.459835667100833
leaf_count=259 306057 1177 1424 6893 96642 1125 21 532 10080 6770 1995 4428 2229 10365
internal_value=0.00019052 0.0129293 0.00783787 0.00415465 -0.000363909 0.00668072 -0.0362103 0.0102185 -0.000243912 0.00922433 -0.000770438 0.0150546 0.0195714 0.0228925
internal_weight=2073.68 86.4881 73.1451 67.9629 1987.19 65.9519 5.02538 60.9265 1981.68 104.395 1877.29 90.3745 78.3497 75.387
internal_count=449997 11431 11172 9995 438566 8571 1146 7425 341924 33872 308052 23792 17022 12594
is_linear=0
shrinkage=0.05


Tree=159
num_leaves=15
num_cat=0
split_feature=1 1 18 1 0 18 10 13 4 4 17 8 17 18
split_gain=4.4501 4.3783 6.26792 7.17283 6.72278 4.24019 3.40953 4.11523 7.21396 21.5564 6.65785 8.20446 19.2699 5.23672
threshold=74.500000000000014 62.500000000000007 0.067586600780487074 66.500000000000014 0.64279186725616466 0.28365816175937658 0.015038444194942715 0.14415584504604342 0.011054575443267824 0.010864883661270143 6.20959496498108 13.500000000000002 6.2662508487701425 0.034517802298069007
decision_type=10 10 8 10 10 10 8 8 8 10 10 10 10 8
left_child=1 6 3 -3 -5 -2 7 8 9 10 -1 12 -12 -9
right_child=5 2 -4 4 -6 -7 -8 13 -10 -11 11 -13 -14 -15
leaf_value=0.026212616332090762 0.068156683214035091 -0.063450508474704542 -0.033164507199602358 -0.05875162860075242 0.12883710615110733 -0.059252254826733186 0.0002912067826569403 0.06629168937774732 -0.051909766480815966 1.8233024492895258 2.368501147516672 0.21272932775343334 -0.05206178668516586 -0.052977070104518735
leaf_weight=0.74046696891559827 4.0840137614783307 1.2159868495901975 19.465834413932384 0.6294591043201766 1.9798686491080841 0.7773072787234695 2032.0435685554376 1.0292629891334826 1.0997643741995942 0.01852017012606666 0.015180951977527002 0.21751348572070128 0.017937119086127495 8.6963350901850163
leaf_count=4358 3582 1240 41359 1415 562 4080 306767 1901 12356 84 22 278 86 71571
internal_value=2.08367e-06 -0.000110285 -0.0216662 0.036845 0.0835843 0.0477845 0.000135357 -0.0266238 0.036685 0.13319 0.101608 0.324356 1.0575 -0.0403548
internal_weight=2072.03 2067.17 23.2911 3.82531 2.60933 4.86132 2043.88 11.835 2.10938 1.00962 0.991099 0.250632 0.0331181 9.7256
internal_count=449661 441999 44576 3217 1977 7662 397423 90656 17184 4828 4744 386 108 73472
is_linear=0
shrinkage=0.05


Tree=160
num_leaves=15
num_cat=0
split_feature=0 2 3 17 1 2 17 12 3 2 2 3 3 3
split_gain=4.66166 4.15242 6.75344 5.69618 4.12792 4.0194 3.16737 11.1357 5.36993 4.03653 3.86755 2.977 2.92269 2.67692
threshold=0.70582419633865368 0.40857373178005224 0.045233905315399177 6.8793365955352792 25.500000000000004 0.39292554557323461 6.0787878036499032 0.051956815645098693 0.057112306356430061 -0.19887080043554303 -0.64710852503776539 0.093271404504776015 0.16599199175834659 0.099120825529098525
decision_type=10 10 10 8 8 10 10 8 10 10 8 10 10 8
left_child=6 2 4 13 -2 -6 12 -8 -9 10 -10 -11 -1 -4
right_child=1 -3 3 -5 5 -7 7 8 9 11 -12 -13 -14 -15
leaf_value=-0.0018274165657118401 0.074752583326737176 0.0011694221295055708 -0.00040524651192482193 0.049486187317816129 -0.00040524651192482193 0.10167553880295538 -0.06151073538326577 -0.00040524651192482193 -0.046469704178442844 -0.071921120986755765 -0.00040524651192482193 -0.00040524651192482193 -0.056672194538225841 0.03559721871991061
leaf_weight=1012.2974241166264 6.7133842390030596 895.86027368870737 32.76271875925886 6.8598036421062707 1.2652357751503598 0.96682506799697865 9.9475100715575309 69.523944061056227 5.0161048572989557 6.3500755014047163 6.0067050761481386 1.5831941456317506 2.4349832904990754 5.1673346947327436
leaf_count=324342 96 20325 4972 440 137 1 6972 12055 5400 2103 4797 2787 63819 1847
internal_value=-0.000594318 0.00197919 0.0154794 0.00755781 0.055143 -0.000405247 -0.00278968 -0.0113533 -0.00571429 -0.029384 -0.00980999 -0.0565809 -0.00195902 -2.5101e-05
internal_weight=2062.76 949.596 53.7353 44.7899 8.94545 2.23206 1113.16 98.4275 88.48 18.9561 11.0228 7.93327 1014.73 37.9301
internal_count=450093 27818 7493 7259 234 138 422275 34114 27142 15087 10197 4890 388161 6819
is_linear=0
shrinkage=0.05


Tree=161
num_leaves=15
num_cat=0
split_feature=1 10 18 10 8 17 17 10 1 18 9 9 3 8
split_gain=4.97282 3.98888 5.41949 5.04537 5.39566 6.17511 4.91817 4.87043 4.80273 4.04846 4.03475 4.2773 3.96643 3.68823
threshold=74.500000000000014 0.023972609080374244 0.43193876743316656 0.027711594477295879 21.500000000000004 3.7012257575988774 5.8985257148742685 0.022444386966526512 23.500000000000004 0.052987761795520789 0.49416258931159979 0.79102084040641796 0.098540544509887709 19.500000000000004
decision_type=10 10 8 10 8 8 10 10 10 10 10 10 10 8
left_child=1 7 8 6 5 -5 -4 -1 9 -3 -10 -12 -2 -7
right_child=12 2 3 4 -6 13 -8 -9 10 -11 11 -13 -14 -15
leaf_value=-0.0019676347212792041 0.068022349666301218 -0.021321229720961586 -0.080162261163923332 -0.072815824568775667 0.038497151292623405 -0.0025058651150865275 0.045674546867662792 -0.079958744226245632 0.077465904050607437 0.0084289269025111784 -0.086741835410831483 0.031961240902131038 -0.054120731642757741 -0.078717273530137202
leaf_weight=1737.5297129196588 4.214872481585302 12.157978600984277 3.992721970258116 3.4728805925487896 6.9108035780845958 63.89934763445217 0.96393457208387179 2.0040918624561064 4.4435679747955401 192.41345360983132 0.88460602639088382 5.340599717907935 0.78910048824252488 1.6279586891450879
leaf_count=429066 789 354 2180 165 58 2148 80 1777 323 5411 473 347 6933 42
internal_value=-0.00102194 -0.00114431 0.00422027 -0.00681539 -0.00362406 -0.00784277 -0.0556904 -0.00205749 0.00836647 0.00666083 0.0410717 0.0150935 0.048761 -0.00439926
internal_weight=2040.65 2035.64 296.108 80.8676 75.911 69.0002 4.95666 1739.53 215.24 204.571 10.6688 6.22521 5.00397 65.5273
internal_count=450146 442424 11581 4673 2413 2355 2260 430843 6908 5765 1143 820 7722 2190
is_linear=0
shrinkage=0.05


Tree=162
num_leaves=15
num_cat=0
split_feature=12 16 7 16 16 16 7 16 16 17 16 0 2 16
split_gain=4.93378 4.49093 5.25181 4.31613 9.88535 7.84538 10.5803 6.46495 9.76765 8.62065 8.00336 6.02406 6.36252 5.98195
threshold=0.19803921878337863 2.1383330821990971 47.550605773925788 5.0530509948730478 4.8789997100830087 5.0782890319824228 36.349233627319343 4.8242976665496835 4.7916412353515634 5.0005793571472177 4.7749040126800546 0.68866166472435009 1.7867692112922671 4.8940944671630868
decision_type=10 8 10 10 10 10 8 10 10 10 10 8 10 10
left_child=1 2 -1 4 7 -5 -7 8 10 -10 -3 -8 -13 -6
right_child=-2 3 -4 5 13 6 11 -9 9 -11 -12 12 -14 -15
leaf_value=0.0078517888416465686 0.024351046943481794 -0.0007368629549481721 0.054671589110061126 0.0540601304948954 -0.094339316644517501 -0.0732520336359338 -0.017333107322378454 0.026696938947169815 0.033180341255807592 -0.067630427593879036 0.043526168766250449 0.020141240805852379 -0.001933181224727863 -0.019404094286394807
leaf_weight=77.965430596454553 21.294889399392105 1702.8275717001495 6.4879132783235027 8.5226735698441285 2.8414001780546405 4.2242036858036727 21.962054688032197 21.66089516809825 2.7262249241183545 9.5466061970447509 10.274075191130349 78.102711452591848 56.08294595672487 42.47560149098274
leaf_count=10854 3484 347193 611 1718 867 13773 22134 5804 1420 4007 2301 18303 988 16606
internal_value=0.000408326 0.000159092 0.0114486 -0.000327046 -0.00104707 0.00731404 0.0048298 -0.000449026 -0.000789825 -0.0452368 -0.000471402 0.00694212 0.0109152 -0.0241026
internal_weight=2067 2045.7 84.4533 1961.25 1792.35 168.895 160.372 1747.04 1725.37 12.2728 1713.1 156.148 134.186 45.317
internal_count=450063 446579 11465 435114 378198 56916 55198 360725 354921 5427 349494 41425 19291 17473
is_linear=0
shrinkage=0.05


Tree=163
num_leaves=15
num_cat=0
split_feature=7 16 18 12 16 16 17 10 1 14 17 2 18 18
split_gain=5.03142 5.37914 4.6294 4.39948 3.0517 2.99554 6.80533 5.50485 4.51199 4.4433 10.8584 7.88939 4.60628 7.87487
threshold=47.161415100097663 2.0126758217811589 2.087257027626038 0.035098522901535041 3.5114340782165532 3.5694335699081425 3.7012257575988774 0.023972609080374244 3.5000000000000004 inf 5.4138731956481942 0.59417927265167247 0.32420571148395544 0.31443770229816442
decision_type=10 8 10 10 8 10 8 8 10 8 10 8 10 10
left_child=5 -2 3 -3 -5 -1 8 -8 -7 12 -11 -12 13 -9
right_child=1 2 -4 4 -6 6 7 9 -10 10 11 -13 -14 -15
leaf_value=0.0017977975932745626 0.056464540031031796 0.0046659077489403893 0.070759181023666198 0.0046659077489403893 0.042703762424503008 -0.097353179067910356 -0.043051296384174598 -0.0028716033474826719 -0.0008883189033210778 -0.030990600697890343 -0.050903517967324667 0.0046659077489403893 0.0033780355370046943 -0.049589774030615763
leaf_weight=902.10091837611799 5.8682748981273098 112.07330600894693 2.8319820296492244 2.5368682651251193 13.062871435937723 3.1121637910070481 8.0490175908416841 497.85266064492566 1.9855647220899753 41.168550128865263 6.3891753468953993 39.906748858151332 416.59120759437917 9.1865446091279619
leaf_count=158450 431 31794 500 500 3040 2403 56884 68056 3031 22473 7643 1831 90695 2411
internal_value=0.000353897 0.00963496 0.00752923 0.00612669 0.0315456 -0.000303146 -0.00215355 -0.00186531 -0.0597801 -0.00153744 -0.0123085 0.00430444 -0.000517452 -0.00371804
internal_weight=2062.72 136.373 130.505 127.673 15.5997 1926.34 1024.24 1019.14 5.09773 1011.09 87.4645 46.2959 923.63 507.039
internal_count=450142 36265 35834 35334 3540 413877 255427 249993 5434 193109 31947 9474 161162 70467
is_linear=0
shrinkage=0.05


Tree=164
num_leaves=15
num_cat=0
split_feature=16 8 2 1 4 14 3 13 2 3 3 17 3 8
split_gain=4.36761 5.39868 4.92868 8.23673 5.42917 6.96191 5.19802 4.12665 4.01692 3.93894 3.4664 3.41986 3.33908 3.2982
threshold=2.1383330821990971 2.5000000000000004 0.55438250303268444 7.5000000000000009 0.009333759546279909 1.0000000180025095e-35 0.050893813371658332 0.40312500298023229 0.75797206163406383 0.046258896589279182 0.15457502007484439 2.9700856208801274 0.049996048212051399 29.500000000000004
decision_type=8 8 8 10 10 10 10 8 10 10 10 10 10 10
left_child=1 -1 4 7 6 -6 12 -4 9 -5 13 -8 -3 -2
right_child=10 2 3 8 5 -7 11 -9 -10 -11 -12 -13 -14 -15
leaf_value=0.04219130656136915 -0.00013432354131431875 -0.010721467214686193 -0.1073132280851368 0.064988280289062811 0.0586116890254526 -0.0733330378045116 0.053791389607612906 0.0069345493875785152 -0.088434844120448108 -0.081119963611137741 -0.053450445802169705 -0.068686962243821037 0.093820555967487798 -0.07152261214492546
leaf_weight=12.100939960913818 1983.2423716148633 1.5512407571121143 0.80364229526958297 1.0549803503672581 11.542754924345896 1.0945329877258707 0.69552172368275966 47.93826363896369 3.7749764122327178 0.81969106071301201 3.0599909526704314 3.1565862275019754 1.5047023873776197 1.6192631600831635
leaf_count=248 354366 97 124 20 4323 1121 31 3412 546 287 79720 1244 10 4030
internal_value=0.000202808 0.0112321 0.00616512 -0.00157345 0.0277003 0.0471838 -0.00794186 0.00505087 -0.0587243 0.00110315 -0.000274542 -0.0465727 0.0407535 -0.000192563
internal_weight=2073.96 86.0378 73.9369 54.3916 19.5453 12.6373 6.90805 48.7419 5.64965 1.87467 1987.92 3.85211 3.05594 1984.86
internal_count=449579 11463 11215 4389 6826 5444 1382 3536 853 307 438116 1275 107 358396
is_linear=0
shrinkage=0.05


Tree=165
num_leaves=15
num_cat=0
split_feature=1 16 18 12 17 13 15 2 17 14 1 17 1 18
split_gain=5.08354 4.41967 7.40856 6.04964 4.31767 5.12853 4.26638 6.50398 4.2547 6.22929 5.71046 4.78034 4.27215 5.31293
threshold=72.500000000000014 2.1383330821990971 0.031050826422870163 0.12390350922942163 3.4811217784881596 0.090230666100978865 inf 2.3373203277587895 5.1789667606353769 1.0000000180025095e-35 1.5000000000000002 5.059420347213746 23.500000000000004 0.073539812117815032
decision_type=10 8 8 10 10 10 8 10 10 10 8 8 10 8
left_child=1 6 3 -3 -2 -6 7 -1 9 11 -10 12 -8 -14
right_child=4 2 -4 -5 5 -7 8 -9 10 -11 -12 -13 13 -15
leaf_value=-0.087523957193958016 0.089208977458529681 -0.054725191957046164 -0.00052726504543129237 0.082213951086279269 -0.033706865480958824 0.091656852210007148 0.0073505766219172488 0.026154337399427158 -0.11835844385826839 -0.074662508736980604 0.045305739417453472 -0.086024370594187105 0.061041147809062585 -0.028647755934137903
leaf_weight=2.6454341790649778 2.9106500655028631 9.4318848125889723 1955.8709604805058 0.88193315095668445 2.4674175229752682 1.2187804480182078 49.35632774922118 2.3995236125192605 0.55483771790750047 2.1764874747664171 13.523692752682564 1.2329093074886248 8.148913440635166 2.0707872735238206
leaf_count=1183 969 2953 424749 35 10261 452 3116 20 14 996 1979 498 1860 1372
internal_value=-0.000134381 -0.000275515 -0.000750142 -0.0430155 0.043687 0.00774258 0.0110899 -0.0334554 0.0140061 0.00845165 0.0388557 0.0114265 0.0134432 0.0428678
internal_weight=2054.89 2048.29 1966.18 10.3138 6.59685 3.6862 82.1089 5.04496 77.064 62.9854 14.0785 60.8089 59.576 10.2197
internal_count=450457 438775 427737 2988 11682 10713 11038 1203 9835 7842 1993 6846 6348 3232
is_linear=0
shrinkage=0.05


Tree=166
num_leaves=15
num_cat=0
split_feature=1 2 7 16 18 2 9 0 1 0 16 2 18 1
split_gain=6.50615 4.94124 4.16699 5.74298 4.38159 5.21202 4.04135 4.00308 3.5563 5.00521 3.80687 3.4706 3.08786 3.04273
threshold=71.500000000000014 -1.0204169154167173 47.161415100097663 3.9607677459716801 1.8892496228218081 2.4668344259262089 0.83917236328125011 0.58193129301071178 15.500000000000002 0.70325118303298961 3.8393944501876835 4.1596052646636972 0.1470901817083359 11.500000000000002
decision_type=10 10 10 8 10 8 8 8 10 10 10 10 8 10
left_child=2 6 4 8 7 -6 -2 -1 9 -4 -11 -7 -8 -9
right_child=1 -3 3 -5 5 11 12 13 -10 10 -12 -13 -14 -15
leaf_value=-0.029257774782217777 -0.068222481079533784 -0.055315368016483957 0.0040385360481189157 0.0040385360481189157 0.0013755579507422925 -0.06920525085106502 -0.054436379044496865 -0.0012921122084093174 0.05166037119057048 0.022104549545588055 0.068521667025757751 0.0040385360481189157 0.078027703274050786 0.0032557554671805121
leaf_weight=11.844692467987782 0.58223453688583504 1.0979514677832165 30.5143300496336 67.821649279454277 8.351250805988796 6.8360458355933833 0.47229327170032309 1403.1346014163942 7.8317907764512702 23.644758792774159 5.4320517372398163 1.1760204645252086 6.4238225148028505 498.42247764340982
leaf_count=42609 1112 10862 10383 23906 7469 10568 498 132663 682 661 73 23 1872 206587
internal_value=0.000274215 0.0437334 9.37225e-05 0.00857795 -0.000500882 -0.0262642 0.0582755 -0.000280555 0.0199847 0.0158217 0.0307761 -0.055074 0.0689557 -0.000100058
internal_weight=2073.59 8.5763 2065.01 135.245 1929.77 16.3633 7.47835 1913.4 67.4229 59.5911 29.0768 8.01207 6.89612 1901.56
internal_count=449968 14344 435624 35705 399919 18060 3482 381859 11799 11117 734 10591 2370 339250
is_linear=0
shrinkage=0.05


Tree=167
num_leaves=15
num_cat=0
split_feature=1 1 16 2 16 2 1 4 0 4 16 15 0 17
split_gain=5.90857 5.04413 4.8937 4.40025 4.21433 15.4513 4.00763 6.51167 5.58947 5.31058 4.39938 7.20786 4.33198 5.31707
threshold=71.500000000000014 53.500000000000007 4.610145330429078 -1.0204169154167173 4.6001451015472421 -0.57874876260757435 49.500000000000007 0.0081996321678161638 0.65970623493194591 0.035942256450653083 5.0205800533294687 inf 0.62841910123825084 5.6294164657592782
decision_type=10 10 8 10 8 8 10 10 10 10 10 8 10 8
left_child=1 6 4 -2 -3 -6 -1 8 -8 12 -10 -12 -9 -14
right_child=3 2 -4 -5 5 -7 7 9 10 -11 11 -13 13 -15
leaf_value=-0.00012865972847405242 0.053584032388274139 -0.0097555016211748891 -0.050901651230026351 -0.055219074212038637 -0.05346637894948944 1.3605681343922575 -0.059827308255426086 0.0085777526522521855 0.0074682384757163919 -0.059674855147059037 -0.013757462729473705 0.34469765029052568 0.11915882176279669 0.043257835854981087
leaf_weight=1991.987604740609 7.8057232852937659 36.692492812490002 8.5310841520885088 1.0548294950068546 0.074182950147417159 0.026121822804497152 3.482265213876647 3.2482623713955814 2.6560314575071975 1.0814891772518525 0.19716104945837287 0.26808436807914393 3.8384006668502479 3.4952030607873894
leaf_count=341650 3476 57166 19102 10876 164 16 2513 2605 980 7705 136 55 1508 1676
internal_value=-0.000111162 -0.000286782 -0.016782 0.0406313 -0.00887074 0.314783 8.51254e-05 0.0233982 -0.0162759 0.0458608 0.0323124 0.174145 0.0566468 0.0779379
internal_weight=2064.44 2055.58 45.3239 8.86055 36.7928 0.100305 2010.25 18.2669 6.60354 11.6634 3.12128 0.465245 10.5819 7.3336
internal_count=449628 435276 76448 14352 57346 180 358828 17178 3684 13494 1171 191 5789 3184
is_linear=0
shrinkage=0.05


Tree=168
num_leaves=15
num_cat=0
split_feature=13 17 10 2 18 2 17 18 16 0 18 0 17 3
split_gain=5.31359 10.3693 6.89827 6.4806 8.74074 12.2005 8.77344 7.73244 8.29975 7.85268 7.81735 6.65587 6.12562 6.1109
threshold=0.13714733719825747 6.2906424999237069 0.021331550553441051 1.0104647278785708 0.2139827907085419 2.8114801645278935 5.3683068752288827 0.60566774010658275 4.8559212684631357 0.66955703496932995 1.153967082500458 0.74292179942131054 5.7021131515502939 0.028953254222869877
decision_type=10 10 10 8 10 10 8 10 10 10 8 8 10 10
left_child=-1 2 3 11 5 6 -5 8 9 -6 -9 12 -2 -8
right_child=1 -3 -4 4 7 -7 13 10 -10 -11 -12 -13 -14 -15
leaf_value=-0.00082559091550405382 0.022577579493458743 0.043633097496511793 0.033813440851023085 -0.0087481655229002912 -0.085955451100494115 0.011482223328063187 -0.10856519105150249 -0.07362451571200139 0.047497108221675508 0.0070063509222147982 0.02140893964291837 0.063609558173657418 -0.029482804084694576 -0.030252864022236155
leaf_weight=1914.0194483257453 18.644961070095295 18.915292513133409 16.722453504435748 6.1973867710155508 2.5178977060218157 10.580974001437424 7.5703529262170814 5.6179595431004801 12.556692134371131 23.231824200227038 3.519661907765113 6.3869652659632257 8.107250993338651 3.7127747411359451
leaf_count=427324 8432 912 742 626 2233 86 1871 1628 536 461 1786 211 3061 252
internal_value=-0.000128093 0.00912476 0.00391817 -0.000683267 -0.00877338 -0.0308936 -0.0565438 0.00430997 0.0141686 -0.00208378 -0.0370192 0.0177496 0.00680069 -0.0827961
internal_weight=2058.3 144.282 125.367 108.645 75.5055 28.0615 17.4805 47.444 38.3064 25.7497 9.13762 33.1392 26.7522 11.2831
internal_count=450161 22837 21925 21183 9479 2835 2749 6644 3230 2694 3414 11704 11493 2123
is_linear=0
shrinkage=0.05


Tree=169
num_leaves=15
num_cat=0
split_feature=1 10 2 0 1 9 1 16 2 4 3 4 13 7
split_gain=6.76877 4.10145 4.00939 3.7504 5.63009 3.61849 3.51952 6.3432 6.83408 6.34867 6.07868 6.03535 5.07656 4.78636
threshold=71.500000000000014 0.031766043975949294 -1.0204169154167173 0.64221641421318065 61.500000000000007 0.83917236328125011 13.500000000000002 3.6242519617080693 0.57469287514686596 0.02178868651390076 0.044042706489562995 0.023597419261932377 0.39087301492691046 21.105427742004398
decision_type=10 10 10 8 10 8 10 10 10 10 10 10 10 10
left_child=1 3 5 4 -1 -2 -5 11 12 10 -10 13 -9 -8
right_child=2 -3 -4 6 -6 -7 7 8 9 -11 -12 -13 -14 -15
leaf_value=-0.0046267499208695389 -0.067998866038998365 0.010071267993973084 -0.054744053589861952 -0.00048069460803491603 -0.041527774455496505 0.060375932098918651 0.0053441681353646091 -0.0030440033683740248 -0.00045781671157227408 -0.0030440033683740248 0.035331985917979612 0.033414333899041103 0.084101626294549453 0.042410852351519285
leaf_weight=184.32135630053506 0.58710263208104152 103.92736119319306 0.97413893338159496 1420.5075053589051 10.950727063926534 8.4398257756862414 126.14143125541887 113.99866753841002 18.554231310525211 5.0489176254745862 32.902750580422435 27.969770395805881 2.2634660957432962 9.3550936124374839
leaf_count=138789 1112 2178 10904 170647 30546 2391 19446 56681 1163 1685 1980 11434 609 220
internal_value=0.000592343 0.000392733 0.0416267 -0.000122563 -0.00669613 0.0520266 0.000608128 0.00520814 -0.00147201 0.0145605 0.022427 0.0122684 -0.003044 0.00790337
internal_weight=2065.94 2055.94 10.0011 1952.01 195.272 9.02693 1756.74 336.234 172.768 56.5059 51.457 163.466 116.262 135.497
internal_count=449785 435378 14407 433200 169335 3503 263865 93218 62118 4828 3143 31100 57290 19666
is_linear=0
shrinkage=0.05


Tree=170
num_leaves=15
num_cat=0
split_feature=11 1 4 1 16 1 16 1 16 4 1 16 12 18
split_gain=4.60725 4.43473 6.75952 6.45717 4.68479 5.18656 6.1817 8.99969 7.04235 7.12512 5.27897 7.21288 4.31964 4.58662
threshold=0.61250001192092907 36.500000000000007 0.0048939287662506112 19.500000000000004 5.0968081951141366 1.5000000000000002 3.0201274156570439 16.500000000000004 4.0163424015045175 0.0078622400760650652 3.5000000000000004 2.9174053668975835 0.19803921878337863 0.40518361330032354
decision_type=10 10 10 10 10 8 10 10 8 8 10 10 10 10
left_child=12 3 -3 4 5 -2 10 8 -8 -10 -7 -12 -1 -14
right_child=1 2 -4 -5 -6 6 7 -9 9 -11 11 -13 13 -15
leaf_value=-0.0011479988209981051 0.040987266182518169 0.17072157634163659 0.018558914160602298 -0.072006846065408067 0.067533081070299414 0.053970844089138319 -0.066442289629727425 0.069237603748878315 -0.092539980399458363 0.028311624920703077 -0.09795833051899594 0.051119059828903128 0.033247104845263657 -0.022399184585404033
leaf_weight=1999.2969845146313 9.8603857288253476 1.1207298701956454 2.0927109441245193 2.2355135859011162 3.8808374511677348 7.0183311537603021 7.8741090209377953 2.4668251582484109 1.5582454699251691 5.6124791213717344 1.6167861561934844 1.6287850382641407 17.11683790804091 4.7253364804057574
leaf_count=443202 83 219 1278 804 101 57 425 103 75 281 140 38 1753 1667
internal_value=-0.000546647 0.0149348 0.0716276 0.010771 0.0152282 0.00983478 -0.00122442 -0.0192831 -0.0337973 0.00204978 0.0295862 -0.0231441 -0.000906394 0.0212086
internal_weight=2068.1 46.9657 3.21344 43.7523 41.5168 37.6359 27.7756 17.5117 15.0448 7.17072 10.2639 3.24557 2021.14 21.8422
internal_count=450226 3604 1497 2107 1303 1202 1119 884 781 356 235 178 446622 3420
is_linear=0
shrinkage=0.05


Tree=171
num_leaves=15
num_cat=0
split_feature=21 1 2 11 9 13 18 4 0 18 1 18 18 0
split_gain=7.17387 4.94459 4.58591 4.3258 4.63353 5.21311 8.08344 5.266 4.48899 4.16321 4.13516 5.26129 4.8874 10.816
threshold=1.5000000000000002 70.500000000000014 -1.0204169154167173 0.61250001192092907 0.68860173225402843 0.20169491320848468 0.043516134843230254 0.023971259593963627 0.77310383319854747 0.12656915187835696 16.500000000000004 0.10101749375462533 0.093765929341316237 0.72841995954513561
decision_type=10 10 10 10 10 8 10 10 10 8 10 10 10 10
left_child=1 3 9 8 5 -5 -7 10 -1 -3 12 -12 -8 -14
right_child=-2 2 -4 4 -6 6 7 -9 -10 -11 11 -13 13 -15
leaf_value=-0.0011202774479445671 -0.087946227414744227 -0.060496241348544769 -0.05412658838746081 0.047066578270151219 0.065204208978351136 -0.080390903975329719 0.033413433344736516 -0.039392986384225115 0.0074625423540067978 0.055165591410123317 -0.06692749155119336 0.071167831949779492 -0.088008769326008998 0.015427736800912396
leaf_weight=1845.6858630541958 2.314965184288666 0.85198407121435771 1.3204689638724847 7.7944443910089376 4.1609980961111424 2.7517211746908279 9.7986261260121008 4.8460445662863085 166.05140717601535 8.9612636592144099 0.79193601436418148 5.3438370737458172 3.5213987067145345 8.952702517854048
leaf_count=425153 755 749 13505 576 82 304 121 1234 2331 3677 243 680 256 84
internal_value=2.32543e-05 0.000121595 0.0333527 -5.80361e-05 0.0147822 0.00999214 0.00196647 0.00878131 -0.00041184 0.0451239 0.0169991 0.0533441 0.00698665 -0.0137721
internal_weight=2073.15 2070.83 11.1337 2059.7 47.9617 43.8007 36.0063 33.2545 2011.74 9.81325 28.4085 6.13577 22.2727 12.4741
internal_count=449750 448995 17931 431064 3580 3498 2922 2618 427484 4426 1384 923 461 340
is_linear=0
shrinkage=0.05


Tree=172
num_leaves=15
num_cat=0
split_feature=10 1 11 16 16 16 17 0 17 1 1 18 0 14
split_gain=6.55321 3.9982 3.89594 4.47111 3.48728 7.39196 7.30979 6.61688 5.79099 5.35406 12.4122 6.63744 5.98602 5.8528
threshold=0.031766043975949294 72.500000000000014 0.61250001192092907 5.0968081951141366 3.6242519617080693 3.6762205362319951 4.0517470836639413 0.61730140447616588 3.7012257575988774 23.500000000000004 22.500000000000004 0.32092060148715978 0.58826646208763134 1.0000000180025095e-35
decision_type=10 10 10 10 8 8 8 8 10 10 10 10 8 10
left_child=1 2 4 -4 9 -6 8 -8 -7 10 12 -11 -1 -14
right_child=-2 -3 3 -5 5 6 7 -9 -10 11 -12 -13 13 -15
leaf_value=-0.075745151001945454 0.012123158320390652 0.035052742700419706 0.0083891746660784781 0.062821486092317372 -0.023204624640913257 -0.034954618819261367 -0.029324123531992402 -0.0023419223793790574 0.040140886202258225 0.013045691008414734 -0.082869082007677619 -0.047373015274175728 0.0040092673535973384 -0.0055900705513467694
leaf_weight=2.6028779257673014 101.55049826378672 7.7003551815553228 42.702783504204717 4.138198350393167 44.405912383251632 3.0528389904798159 23.24186995064116 1015.0238173431248 16.139164657179094 118.15509262761952 4.5569397514226457 4.7275484613383005 403.11639153491979 261.98672644236603
leaf_count=3517 2167 11639 3294 284 12073 4614 54359 209612 7116 64020 1536 11467 49467 15198
internal_value=-0.000260269 -0.00090465 -0.00104709 0.013198 -0.00139883 -0.00321995 -0.00238073 -0.00294593 0.0281956 0.00112476 -0.000629378 0.0107213 -6.81112e-05 0.000228051
internal_weight=2053.1 1951.55 1943.85 46.841 1897.01 1101.86 1057.46 1038.27 19.192 795.146 672.263 122.883 667.706 665.103
internal_count=450363 448196 436557 3578 432979 287774 275701 263971 11730 145205 69718 75487 68182 64665
is_linear=0
shrinkage=0.05


Tree=173
num_leaves=15
num_cat=0
split_feature=8 3 15 4 3 11 4 18 8 18 18 8 0 8
split_gain=5.36328 4.79684 4.41844 5.31651 15.7725 8.78722 6.57167 7.03491 6.36285 7.29427 7.77259 6.80646 6.08975 5.93661
threshold=29.500000000000004 0.11613461375236513 1.0000000180025095e-35 0.00082460045814514171 0.0076004564762115487 1.0000000180025095e-35 0.0029361546039581303 0.13751790672540667 12.500000000000002 0.34879581630229956 0.055223641917109496 25.500000000000004 0.64611279964447033 5.5000000000000009
decision_type=10 10 8 10 8 8 10 8 8 10 8 10 8 8
left_child=1 2 3 4 -1 8 -7 -8 13 10 -10 -11 -6 -5
right_child=-2 -3 -4 5 12 6 7 -9 9 11 -12 -13 -14 -15
leaf_value=-0.19583151108378896 -0.087670487631922381 -0.026073778124028692 0.00094308217271827526 -0.004777132176984931 -0.08378408173348928 -0.069186967213918732 -0.05235836059056688 -0.011178726783812678 -0.097938530739563032 -0.026169672177300776 0.019309759107854797 0.10789203914423401 0.022376939631347986 -0.088476061612459522
leaf_weight=0.89047055953415011 1.7472871679883599 17.535766916424109 1859.1380998593015 5.184655109608002 1.4148630552372221 6.7437485585833192 12.332593667332729 65.215206111942962 1.4542221270719426 19.026406841325642 50.465568492570696 0.99636683060452824 29.861252138082818 3.5823761135316072
leaf_count=48 4246 149602 247256 1607 572 2456 4377 18599 876 5303 7689 458 4687 2100
internal_value=-0.000107541 -3.37662e-05 0.000188298 -0.00692873 0.0116667 -0.0105539 -0.0218446 -0.0177276 0.00123798 0.00613877 0.0160258 -0.0194985 0.0175744 -0.0389781
internal_weight=2075.59 2073.84 2056.31 197.168 32.1666 165.001 84.2915 77.5478 80.7096 71.9426 51.9198 20.0228 31.2761 8.76703
internal_count=449876 445630 296028 48772 5307 43465 25432 22976 18033 14326 8565 5761 5259 3707
is_linear=0
shrinkage=0.05


Tree=174
num_leaves=15
num_cat=0
split_feature=1 10 13 2 11 0 14 7 1 3 4 13 16 18
split_gain=6.17959 4.99451 4.55672 4.47358 4.31027 4.39607 5.50368 4.12458 4.09952 6.60794 3.92708 3.83385 3.74539 3.67232
threshold=70.500000000000014 0.02949150558561087 0.52982458472251903 -1.0204169154167173 0.61250001192092907 0.60393509268760692 1.0000000180025095e-35 133.72744750976565 36.500000000000007 0.058535218238830573 0.0048939287662506112 0.12372449040412904 6.1420166492462167 0.12656915187835696
decision_type=10 10 10 10 10 8 8 10 10 10 10 10 8 8
left_child=1 4 -3 13 5 6 -1 -8 9 11 -10 -6 -12 -2
right_child=3 2 -4 -5 8 -7 7 -9 10 -11 12 -13 -14 -15
leaf_value=-0.010085232663071262 -0.059313422703798191 0.006471657365669849 0.076945413846035066 -0.054121229333241497 0.013051249233808064 -0.0010650360982129275 -0.062415936903871816 -0.010085232663071262 0.1250762531884719 -0.043442876100212302 -0.00060597711806373116 0.077939554143723416 0.22743166046009083 0.053046253797473242
leaf_weight=23.575278113718127 0.78187943396073656 197.32672765975803 2.3206821095045589 1.2619287962519354 32.336058455425928 1768.5411137103961 9.8125424489854787 1.0380925114141071 1.5637281018898641 5.0773122757111642 1.9277202421581026 2.4487526894552039 0.19861467968257773 10.400561448206531
leaf_count=40194 761 4380 53 13504 703 344458 39210 18 222 1334 1161 36 56 3705
internal_value=-8.13726e-06 -0.000221775 0.00729084 0.0351193 -0.00103405 -0.0014095 -0.0191054 -0.0491518 0.0145089 0.00984161 0.064928 0.0176192 0.0206943 0.04519
internal_weight=2058.61 2046.17 199.647 12.4444 1846.52 1802.97 34.4259 10.8506 43.5522 39.8621 3.69006 34.7848 2.12633 11.1824
internal_count=449795 431825 4433 17970 427392 423880 79422 39228 3512 2073 1439 739 1217 4466
is_linear=0
shrinkage=0.05


Tree=175
num_leaves=15
num_cat=0
split_feature=10 18 3 9 3 14 4 17 20 3 12 3 3 14
split_gain=4.09342 3.66484 6.28534 5.69464 5.26624 4.48259 6.23049 4.83751 6.01037 6.00011 5.89751 6.8915 4.25359 4.23432
threshold=0.02949150558561087 0.96507561206817638 0.071057379245758071 0.61181584000587474 0.075011253356933608 1.0000000180025095e-35 0.0026703774929046635 5.5891180038452157 1.0000000180025095e-35 0.036147534847259528 0.15170694142580035 0.032802313566207893 0.049054056406021125 1.0000000180025095e-35
decision_type=10 10 8 8 8 8 10 10 10 10 10 8 10 8
left_child=1 -1 3 -3 -4 6 -5 8 -7 -9 11 -10 -13 -6
right_child=-2 2 4 5 13 7 -8 9 10 -11 -12 12 -14 -15
leaf_value=-0.00047451456267990174 0.0065535822221287968 -0.09969733395785553 0.070669782087228863 -0.088025386917823079 0.023583387033931893 0.057754229721797813 0.0038302559337438863 0.044121406308483047 -0.095357588869393495 -0.077638942118238297 0.05876409142205128 0.0068602702118582314 -0.070083732950265029 -0.019051152315794632
leaf_weight=1797.6217242537864 202.58215208634829 2.2665698239507037 2.9682384018051406 2.0116975815762741 10.528071917295337 1.2700387676377491 22.423727828154369 3.5128120584995477 7.9329212885641036 1.4210952695339072 1.0612618277809804 3.9735461683085314 3.277852886754772 13.033192510304472
leaf_count=389586 4461 179 647 329 16389 36 1226 57 428 319 39 629 1587 34501
internal_value=-0.000198144 -0.000928287 -0.0117066 -0.0222927 0.00790648 -0.0185507 -0.00373195 -0.0346803 -0.0469989 0.00905122 -0.0551882 -0.0631526 -0.0279208 -4.1343e-07
internal_weight=2075.88 1873.3 75.681 49.1515 26.5295 46.885 24.4354 22.4495 17.5156 4.93391 16.2456 15.1843 7.2514 23.5613
internal_count=450413 445952 56366 4829 51537 4650 1555 3095 2719 376 2683 2644 2216 50890
is_linear=0
shrinkage=0.05


Tree=176
num_leaves=15
num_cat=0
split_feature=1 11 17 1 18 1 2 3 17 2 13 17 8 17
split_gain=6.02321 4.38136 5.37514 5.29781 10.3511 7.23422 10.8235 6.04045 4.73844 4.72321 4.65421 4.1666 4.03876 7.15941
threshold=71.500000000000014 0.095454547554254546 5.0205800533294687 2.5000000000000004 0.052987761795520789 16.500000000000004 1.7867692112922671 0.11002695560455324 6.4353458881378183 2.2195549011230473 0.18301435559988025 5.3008110523223886 20.500000000000004 6.4653663635253915
decision_type=10 10 8 8 10 8 10 10 8 10 8 8 10 8
left_child=1 12 -3 8 7 6 -6 -5 -4 -8 -7 -2 -1 -14
right_child=11 2 3 4 5 10 9 -9 -10 -11 -12 -13 13 -15
leaf_value=-0.00091501766985861753 -0.019459397417563098 -0.05823160775891692 0.018431747881974821 -0.084737071130776956 -0.057142046165689145 -0.067250493716616483 0.043700595359553965 0.14253714090665301 0.064580444320503708 -0.030065831601792999 0.043737152404988218 0.054176220092847185 0.018233092395364397 -0.087193603280680182
leaf_weight=1932.8570663960086 2.4956146884314849 2.5883555292240876 18.082625063221716 4.1043176267022536 7.0921384302073447 1.0068812612311715 7.5909793643659196 0.31477565707245947 8.0334841731928446 3.0386465881347249 15.264800491037706 8.3446589693044189 43.026052299438902 1.6729474947361485
leaf_count=387979 9522 528 191 562 749 613 108 256 26 68 2515 4856 38548 3272
internal_value=5.20751e-05 -0.000145 0.0124185 0.0152524 0.00343941 0.0127977 -0.00930429 -0.0685481 0.0326274 0.0226133 0.0368693 0.0372241 -0.000571398 0.0142873
internal_weight=2055.51 2044.67 67.117 64.5286 38.4125 33.9934 17.7218 4.41909 26.1161 10.6296 16.2717 10.8403 1977.56 44.699
internal_count=449793 435415 5616 5088 4871 4053 925 818 217 176 3128 14378 429799 41820
is_linear=0
shrinkage=0.05


Tree=177
num_leaves=15
num_cat=0
split_feature=12 0 1 10 2 13 16 8 13 1 1 14 17 17
split_gain=4.04558 4.50084 3.69917 3.88484 3.6044 3.56893 4.50767 6.66168 3.51703 3.1754 6.17591 5.73636 6.3528 5.296
threshold=0.19803921878337863 0.66034364700317394 70.500000000000014 0.02949150558561087 -1.0204169154167173 0.36515152454376226 4.0342013835906991 1.5000000000000002 0.65686276555061351 52.500000000000007 49.500000000000007 1.0000000180025095e-35 2.9700856208801274 4.7664294242858896
decision_type=10 8 10 10 10 8 10 8 10 10 10 10 10 10
left_child=2 -2 3 8 -4 -3 7 -7 9 10 -1 12 -12 -11
right_child=1 5 4 -5 -6 6 -8 -9 -10 13 11 -13 -14 -15
leaf_value=-0.00070555078588986208 -0.065646810488830989 0.048591804805741677 0.037723275039348782 0.0065254981884138854 -0.054266623732369512 0.091399750084806275 0.044473506089382907 -0.019137277796105835 -0.095761180725790901 -0.046178790510185502 0.11426819105953057 0.051749239556837967 -0.040812713729813127 -0.0048298165924676034
leaf_weight=1778.3109408797911 1.3873278724743183 10.139215251979747 10.367405532089149 199.78591907721056 1.186756435444521 1.3654548827471444 4.5954843664940199 4.6633288478331014 0.97484499356778442 9.8872704090225323 0.79445933714896178 10.539418008052166 3.9126661590222511 35.721887544825819
leaf_count=334535 1039 904 4451 4347 13413 40 803 651 320 25735 476 5277 7052 51057
internal_value=0.000292729 0.0215464 6.32432e-05 -9.6547e-05 0.0282748 0.0273723 0.00712149 -0.0191373 -0.000815509 -0.000765183 -0.000433879 0.0312531 -0.0146385 -0.0137936
internal_weight=2073.63 22.1508 2051.48 2039.93 11.5542 20.7635 10.6243 6.02878 1840.14 1839.17 1793.56 15.2465 4.70713 45.6092
internal_count=450100 3437 446663 428799 17864 2398 1494 691 424452 424132 347340 12805 7528 76792
is_linear=0
shrinkage=0.05


Tree=178
num_leaves=15
num_cat=0
split_feature=15 18 13 16 16 4 17 17 18 1 18 1 17 1
split_gain=4.91738 12.403 5.57553 7.83351 7.40884 7.31882 6.71913 5.81892 6.32627 7.66552 8.86976 9.09312 7.93167 6.84975
threshold=1.0000000180025095e-35 0.069624941796064391 0.077935222536325469 4.3630783557891855 4.7578821182250985 0.0037783086299896245 5.5314092636108407 6.4353458881378183 0.10818327590823175 8.5000000000000018 0.13016201555728915 3.5000000000000004 4.2972624301910409 15.500000000000002
decision_type=8 8 8 8 8 8 8 10 8 10 8 8 8 10
left_child=1 -1 3 6 -5 -6 -3 8 13 10 -10 -12 -13 -4
right_child=-2 2 7 4 5 -7 -8 -9 9 -11 11 12 -14 -15
leaf_value=-0.068079866840144068 0.00080726995202580845 0.048626887627770489 0.036126163885879921 -0.077123144370534663 -0.081755500916168233 0.018985584206545454 -0.015984487169324872 -0.061834198893751052 -0.097941179756019903 0.0043270450486003189 -0.0036427816952456708 0.023393605474486021 -0.049929019146633669 -0.053592752727566154
leaf_weight=8.0949385110890244 1866.7749332888034 15.968072768056006 13.633413856226754 3.5624110358925263 2.1265218030148363 11.846216772313028 5.3793175927767143 5.0779642847992355 3.5420896118114333 50.079901296981404 47.99419824947222 4.3315547222707691 24.837284264862035 2.5207273341477494
leaf_count=4849 389927 2015 1919 1507 917 5248 1596 1425 857 20182 741 650 16958 1476
internal_value=1.0798e-05 -0.00746093 -0.00489044 0.0120054 -0.0127568 0.00365372 0.0323455 -0.00921201 -0.00739348 -0.0110397 -0.0205751 -0.0170237 -0.0390407 0.0221262
internal_weight=2065.77 198.995 190.9 38.8825 17.5351 13.9727 21.3474 152.017 146.939 130.785 80.7051 77.163 29.1688 16.1541
internal_count=450267 60340 55491 11283 7672 6165 3611 44208 42783 39388 19206 18349 17608 3395
is_linear=0
shrinkage=0.05


Tree=179
num_leaves=15
num_cat=0
split_feature=16 16 7 0 12 4 9 9 4 3 1 2 15 18
split_gain=5.14668 5.3757 5.06174 4.2458 3.66437 4.75817 5.00713 3.65664 5.7912 3.3604 3.30092 6.35716 3.75685 3.30829
threshold=5.7153801918029794 5.6716020107269296 47.550605773925788 0.60565054416656505 0.19803921878337863 0.0080112814903259295 0.99991354346275341 0.60011300444602977 0.009333759546279909 0.10521239042282106 42.500000000000007 -0.40087413787841791 1.0000000180025095e-35 2.2154510021209721
decision_type=10 10 8 8 10 8 10 10 10 10 10 10 10 10
left_child=1 3 -2 -1 -5 -6 9 10 -9 -7 13 12 -12 -4
right_child=2 -3 7 4 5 6 -8 8 -10 -11 11 -13 -14 -15
leaf_value=-0.015121258732437831 -0.077197973427831648 -0.069484670707227164 0.018217930713965186 0.00051964027644702134 0.04747213504710332 -0.007191970235883677 0.074418993353054033 -0.025797189197781213 0.088187453612445121 0.088591466764901927 -0.025797189197781213 0.47481188486654385 0.098258320582105513 -0.025797189197781213
leaf_weight=43.116006654897916 1.2500296801259194 2.7552791258278821 19.710027850736637 1978.6780381076615 9.5851042197200531 7.915799477195943 1.9451604242058245 0.55762269441311119 4.1618462953197195 1.0140336719533705 0.58414572594037451 0.095235912145482327 1.5885979714377072 1.7446098565359864
leaf_count=92821 6897 1917 4303 335895 437 1637 83 301 672 567 2288 136 413 1727
internal_value=0.000608426 0.000308352 0.0212757 0.000402512 0.000737318 0.0217888 -0.000848287 0.0256036 0.065798 -0.00719197 0.0176072 0.0749722 0.0574464 0.0115431
internal_weight=2074.7 2045.01 29.6921 2042.25 1999.14 20.4601 10.875 28.4421 4.71947 8.92983 23.7226 2.26798 2.17274 21.4546
internal_count=450094 433357 16737 431440 338619 2724 2287 9840 973 2204 8867 2837 2701 6030
is_linear=0
shrinkage=0.05


Tree=180
num_leaves=15
num_cat=0
split_feature=7 12 12 4 2 17 18 2 3 18 2 13 13 18
split_gain=4.50456 3.00151 5.89186 13.1027 5.46387 6.88024 3.33344 3.66681 2.92567 2.75276 3.18469 2.71645 4.23696 6.05134
threshold=126.08965301513673 0.19803921878337863 0.11566332355141641 0.0087243616580963152 -0.12258893251419066 5.0720391273498544 0.1336697340011597 3.478630900382996 0.077922344207763686 2.5270615816116337 -0.51717811822891224 0.13896551728248599 0.0745370388031006 0.17692915350198749
decision_type=10 10 10 10 8 10 8 10 10 10 8 10 10 10
left_child=1 2 9 4 -4 6 -6 -8 -5 11 -11 12 -1 -14
right_child=-2 -3 3 8 5 -7 7 -9 -10 10 -12 -13 13 -15
leaf_value=-0.00093529559180659358 0.019809471581459223 0.0093162952067088866 0.0093162952067088866 0.0093162952067088866 0.0093162952067088866 -0.092520132603983257 -0.076168733651349907 0.0093162952067088866 -0.057157416326551427 0.0093162952067088866 -0.047717893836886176 0.0082550195355473432 0.0017868937115727305 -0.034333411206270224
leaf_weight=1828.4920552971369 25.897578598795008 22.502125330058107 2.1842326960666014 17.077831522826447 2.0214056578407762 8.7992754901320023 3.2556524786739378 0.71978512406349171 1.6728610560671189 0.61359178142004112 6.1514561955058289 77.223484791707051 23.236631913650683 23.145484411296309
leaf_count=403597 3476 3350 768 2565 18 1126 535 2 2818 1760 8971 11361 3261 6629
internal_value=-0.000910852 -0.00117688 -0.00141268 -0.0215336 -0.0533508 -0.0643729 -0.023072 -0.0513356 0.00727959 -0.00104566 -0.0328852 -0.000935323 -0.00131386 -0.0162378
internal_weight=2042.99 2017.1 1994.59 35.731 16.9804 14.7961 5.99684 3.97544 18.7507 1958.86 6.76505 1952.1 1874.87 46.3821
internal_count=450237 446761 443411 7832 2449 1681 555 537 5383 435579 10731 424848 413487 9890
is_linear=0
shrinkage=0.05


Tree=181
num_leaves=15
num_cat=0
split_feature=16 18 7 18 1 16 1 18 18 10 15 3 3 16
split_gain=4.53281 5.64341 5.1034 3.52174 4.24597 4.90887 4.64154 4.40147 4.12203 3.1362 4.38726 3.55303 2.8877 2.87187
threshold=5.7317204475402841 0.61389270424842846 47.550605773925788 0.84549152851104747 42.500000000000007 6.151663303375245 43.500000000000007 1.2769591808319094 2.087257027626038 0.016261236742138866 inf 0.059911966323852546 0.050893813371658332 5.6716020107269296
decision_type=10 10 8 10 8 10 8 10 10 8 8 8 10 10
left_child=13 -2 -3 9 5 -5 -6 -8 -7 10 -4 12 -11 -1
right_child=1 2 3 4 6 8 7 -9 -10 11 -12 -13 -14 -15
leaf_value=5.8086703672212354e-06 -0.071574655597418393 -0.07944247967135884 -0.024794930078886668 -0.024794930078886668 0.32235627429757008 0.064677162157525281 -0.024794930078886668 0.05694545985675592 -0.024794930078886668 0.036835501802608826 0.27884802317754775 -0.024794930078886668 0.10027071772883689 -0.042494212369191181
leaf_weight=2037.8716547537529 1.5902485394484838 1.1139826607897019 0.13804503659594047 5.0736393741847241 0.14853766660973988 3.2765384520986345 0.90830159925394571 5.9051631623405854 1.3176720879266097 5.4262868338264543 0.33384345608851618 0.70406067205141276 2.6801421208947431 3.9826698808660685
leaf_count=431224 706 6828 416 1497 68 335 1515 3212 872 108 194 610 46 2267
internal_value=0.00019987 0.0199615 0.0253476 0.0298526 0.0160811 -0.00535849 0.0458534 0.0398254 0.0340795 0.054525 0.180106 0.0477989 0.0578084 -7.70883e-05
internal_weight=2070.47 28.6165 27.0262 25.9122 16.6299 9.66785 6.962 6.81346 4.59421 9.28238 0.471888 8.81049 8.10643 2041.85
internal_count=449898 16407 15701 8873 7499 2704 4795 4727 1207 1374 610 764 154 433491
is_linear=0
shrinkage=0.05


Tree=182
num_leaves=15
num_cat=0
split_feature=21 16 16 10 2 7 4 10 3 7 8 10 1 17
split_gain=6.72186 5.06495 4.74372 4.36903 5.84761 4.79681 6.4627 4.34167 4.15325 3.92157 3.53955 6.17359 4.04937 7.45998
threshold=1.5000000000000002 5.7153801918029794 5.6716020107269296 0.021331550553441051 -0.1567902788519859 97.909656524658217 0.02637654542922974 0.024099784903228286 0.091639608144760146 47.550605773925788 20.500000000000004 0.026722756214439872 23.500000000000004 4.424828529357911
decision_type=10 10 10 10 8 8 8 10 10 8 10 10 8 10
left_child=1 2 3 5 8 6 -1 -6 -5 -3 11 -9 13 -12
right_child=-2 9 -4 4 7 -7 -8 10 -10 -11 12 -13 -14 -15
leaf_value=-0.012633064132218725 -0.087631644585192903 -0.076895523232965307 -0.065641735583486086 0.048762552258964781 -0.086399594543198621 -0.00036731151842837981 -0.061933123974836794 -0.059665860999657261 -0.059814206904213699 0.024067606006584103 -0.033756776015911309 0.0036556053480616179 0.060539085819980923 0.024268104330566552
leaf_weight=12.265101181470358 2.1649681416593003 0.99427042708185809 2.7307182877395908 11.045578535329692 1.3082921424552854 1720.7528637155904 7.8954541988273368 3.9122453651183937 0.95706873135824899 29.428437093821405 6.9277292870538068 239.04222178246368 5.0576779309753865 27.637229073030312
leaf_count=43375 761 6928 1937 625 857 318735 53863 1491 2861 9871 429 7181 92 1035
internal_value=0.000424975 0.000517074 0.000215001 0.000303295 0.00592041 -0.000651397 -0.0248988 0.00447509 0.0401048 0.0207679 0.00489583 0.00263595 0.0187527 0.0126384
internal_weight=2072.12 2069.95 2039.53 2036.8 295.888 1740.91 20.1606 283.885 12.0026 30.4227 282.577 242.954 39.6226 34.565
internal_count=450041 449280 432481 430544 14571 415973 97238 11085 3486 16799 10228 8672 1556 1464
is_linear=0
shrinkage=0.05


Tree=183
num_leaves=15
num_cat=0
split_feature=11 12 18 4 13 18 8 9 3 1 1 16 1 13
split_gain=4.73012 3.73424 5.8359 5.86837 3.61234 7.33754 3.84551 3.59831 3.99934 8.6036 4.02214 4.92393 6.72122 3.80101
threshold=0.61250001192092907 0.19803921878337863 0.40518361330032354 0.0039139986038208016 0.4301948100328446 0.19842813909053805 11.500000000000002 0.68860173225402843 0.058535218238830573 44.500000000000007 16.500000000000004 3.0201274156570439 9.5000000000000018 0.50925925374031078
decision_type=10 10 10 8 8 10 10 10 10 10 10 8 8 8
left_child=1 -1 4 -4 -3 6 -6 8 10 -10 11 -2 13 -13
right_child=7 2 3 -5 5 -7 -8 -9 9 -11 -12 12 -14 -15
leaf_value=-0.00060737722180068576 0.050145028768378654 0.047132315274060636 0.03860458862252078 -0.07123469036534634 -0.11347607965926057 0.041938983986530336 0.078421221082390691 0.062861152968780531 -0.058457724534832438 0.055695264005008127 0.062720049361261659 0.050647657888052894 -0.084428550692982537 -0.0014947356521861194
leaf_weight=2001.3864114437122 6.6329176665659615 12.857700519622197 2.0125773255313097 3.0724087410158063 1.5615805761526704 3.3794992370784485 0.31347735943359101 3.7546861751106908 5.0652466249202908 2.4485113095784072 4.5648846932454026 4.4649276563432068 2.0828156591195457 16.09052797942423
leaf_count=442797 69 894 125 1557 331 442 119 81 1668 1149 102 45 279 242
internal_value=-1.94182e-05 -0.000376194 0.0195696 -0.0277616 0.0328577 -0.00207173 -0.0813942 0.015995 0.0117394 -0.0212586 0.0190671 0.0122594 0.00115901 0.00983131
internal_weight=2069.69 2024.58 23.1972 5.08499 18.1123 5.25456 1.87506 45.1045 41.3498 7.51376 33.8361 29.2712 22.6383 20.5555
internal_count=449900 446265 3468 1682 1786 892 450 3635 3554 2817 737 635 566 287
is_linear=0
shrinkage=0.05


Tree=184
num_leaves=15
num_cat=0
split_feature=16 16 12 12 16 1 13 8 17 16 12 17 16 16
split_gain=4.88943 5.56453 4.22659 7.86567 9.51535 8.97462 10.0528 8.78228 6.45562 6.6831 7.95378 6.38168 5.69132 4.87604
threshold=5.7153801918029794 5.6716020107269296 0.037386443465948112 0.043961353600025184 4.6001451015472421 12.500000000000002 0.4301948100328446 1.5000000000000002 5.0720391273498544 3.5972183942794804 0.062019230797886855 4.1026091575622567 2.9174053668975835 2.5249279737472539
decision_type=10 10 10 8 8 8 8 8 8 10 8 10 10 8
left_child=1 2 -1 4 -4 7 8 -5 11 10 -10 -7 -9 -12
right_child=-2 -3 3 5 -6 6 -8 12 9 -11 13 -13 -14 -15
leaf_value=-0.001443574585869311 0.019111589721891972 -0.068025793687829059 0.067902122626469011 0.054073307884000978 -0.056520878632616567 0.064066375915286411 -0.074065847870006737 -0.041110279199248652 -0.070118675452798665 0.011107693346005991 -0.077195928311726295 -0.054367909185037359 -0.0045014505853070595 0.050507206215798586
leaf_weight=1824.9375916305703 31.40318089563425 3.070731766012158 9.1946022811646309 5.916908498860721 1.8449366598823083 1.4623165700272682 2.980044320061551 11.9023025574659 1.520006553135772 44.173283820861172 0.76751452398116882 5.1193389681171482 98.27413505652305 28.647057251770889
leaf_count=397880 16799 1903 826 155 637 737 2656 437 956 13622 247 6050 3449 3625
internal_value=-0.000467593 -0.000769017 -0.000667616 0.00601822 0.0471085 0.00375875 0.0161375 -0.00526935 0.0194281 0.023589 0.0414117 -0.0280541 -0.00845628 0.047175
internal_weight=2071.21 2039.81 2036.74 211.802 11.0395 200.763 84.6696 116.093 81.6895 75.1079 30.9346 6.58166 110.176 29.4146
internal_count=449979 433180 431277 33397 1463 31934 27893 4041 25237 18450 4828 6787 3886 3872
is_linear=0
shrinkage=0.05


Tree=185
num_leaves=15
num_cat=0
split_feature=12 18 12 18 1 2 11 4 4 2 18 13 18 4
split_gain=5.1708 7.46892 9.72548 8.32173 7.14489 8.63953 7.67494 12.5288 12.0799 12.2953 11.2811 9.95794 9.74548 9.17064
threshold=0.037386443465948112 0.18756044656038287 0.077422577887773528 0.20291370898485186 1.5000000000000002 2.8114801645278935 inf 0.0029361546039581303 0.0053938627243042001 2.0991011857986455 0.04598850570619107 0.033908046782016761 0.640058994293213 0.00049230456352233898
decision_type=10 8 10 8 10 8 8 8 8 10 10 8 10 10
left_child=4 2 -2 -3 6 -6 7 12 9 -8 -10 -12 -1 -11
right_child=1 3 -4 -5 5 -7 8 -9 10 13 11 -13 -14 -15
leaf_value=0.035008033112388696 0.035462606482050331 -0.075487249751688759 0.0028476312782366956 0.001798008253662269 -0.00050013077956330171 0.010379886914873088 0.048004780887163735 -0.0035875465190299306 -0.053653971771529176 0.0058222062377988916 0.021314300575982242 -0.0083340940213367173 -0.091692368341776326 -0.051867838019453674
leaf_weight=32.335858664392248 43.528976965945475 3.5836780752049426 48.129455479428145 124.04987511567489 1095.36688795191 218.92977277191926 4.2270459627711707 219.39366442746231 11.993184077076647 8.4619675639551115 33.349447897592427 187.82472873465355 1.5924475199547021 37.05170904417173
leaf_count=2906 4322 952 4666 26521 288038 2132 8646 64593 3767 28 6620 35292 1232 274
internal_value=0.000188018 0.00744773 0.0183366 -0.000371997 -0.000672275 0.00131221 -0.00553625 0.000785224 -0.0111966 -0.0335662 -0.00642462 -0.0038636 0.0290613 -0.041142
internal_weight=2069.82 219.292 91.6584 127.634 1850.53 1314.3 536.23 253.322 282.908 49.7407 233.167 221.174 33.9283 45.5137
internal_count=449989 36461 8988 27473 413528 290170 123358 68731 54627 8948 45679 41912 4138 302
is_linear=0
shrinkage=0.05


Tree=186
num_leaves=15
num_cat=0
split_feature=13 18 18 13 13 0 18 4 18 18 4 17 16 16
split_gain=6.23152 6.08941 8.7936 8.4903 8.8574 6.51193 5.10258 5.15088 4.71012 5.81505 9.65061 4.9575 7.19199 9.51116
threshold=0.13714733719825747 0.061552813276648528 0.082845937460660948 0.18301435559988025 0.23205128312110904 0.74748975038528453 0.10471741482615472 0.00037497282028198248 1.2769591808319094 0.32420571148395544 0.00037497282028198248 5.3775877952575692 5.0005793571472177 5.3254430294036874
decision_type=10 8 8 8 8 10 8 8 10 10 10 10 10 8
left_child=-1 3 -3 -2 -5 -6 -4 -8 9 10 -9 -11 -13 -14
right_child=1 2 6 4 5 -7 7 8 -10 11 -12 12 13 -15
leaf_value=-0.0011203856135028661 0.073489028844383866 -0.075746115567193864 0.038616438671809833 -0.088184423776060408 -0.086026594728295255 0.067470139971820428 -0.0641207876048763 -0.081267030341412749 -0.063267603380470883 0.00039852241018011622 0.0026887034041556557 0.055112506315077393 -0.061700391980207214 0.03013553734088488
leaf_weight=1925.2503395083372 8.268893847035768 3.2042077632221426 12.406623274828801 2.0730908338423433 0.86006544372011617 3.5141519184689969 2.6399843694289293 3.6222835268908957 2.3719323747164642 19.149185501720524 62.185106587351584 16.810569947696592 3.7298588729207127 11.549233997586498
leaf_count=427195 231 623 804 174 310 23 320 359 2509 5437 8343 1423 1073 1335
internal_value=-0.000349997 0.00938318 0.0061153 0.039954 -0.00305593 0.0372894 0.008066 0.0049607 0.00648788 0.00790147 -0.00193253 0.0205315 0.0325457 0.00771699
internal_weight=2077.64 152.385 137.669 14.7162 6.44731 4.37422 134.465 122.058 119.418 117.046 65.8074 51.2388 32.0897 15.2791
internal_count=450159 22964 22226 738 507 333 21603 20799 20479 17970 8702 9268 3831 2408
is_linear=0
shrinkage=0.05


Tree=187
num_leaves=15
num_cat=0
split_feature=13 18 16 18 9 18 18 3 2 18 3 4 16 0
split_gain=5.16065 7.41604 8.67715 6.47818 5.16022 4.67306 7.22901 6.211 6.06434 5.15419 6.18018 5.03662 4.60177 5.49766
threshold=0.13714733719825747 0.061552813276648528 2.9700856208801274 0.082845937460660948 0.51837587356567394 0.11375034227967264 0.20291370898485186 0.077922344207763686 0.82619047164917003 0.18532143533229831 1.0000000180025095e-35 0.02637654542922974 2.6020033359527592 0.68952423334121715
decision_type=10 8 8 8 10 8 8 8 10 8 8 10 8 10
left_child=12 -2 -3 -4 5 7 9 -5 11 10 -7 -8 -1 -14
right_child=1 2 3 4 -6 6 8 -9 -10 -11 -12 -13 13 -15
leaf_value=0.0071502339485363837 0.044732230817079548 -0.0685252899933355 -0.08051973458807915 0.046393079679256731 0.036372573146852369 0.036679151956587559 0.031091228799322853 -0.081289734713605122 -0.0015921885523559058 -0.082239297380844179 -0.029945338580677845 -0.059521769328170583 -0.0039265747765298243 0.0017999953615525791
leaf_weight=213.63997856843537 13.84008409688718 3.7657901619647864 2.0150242739236992 11.090262406418329 16.045991042334549 4.6671141801343827 30.148746559606938 1.0419182928900461 48.76822783905277 3.1497652398974187 13.693168910925179 1.6157362447899277 728.38696225547233 987.06059475401457
leaf_count=30325 730 668 432 257 3560 35 6544 545 1623 553 2140 5881 356254 40546
internal_value=0.000924565 0.00986301 0.00631458 0.00844585 0.0098225 0.00609119 0.00260329 0.0354276 0.00948114 -0.0231471 -0.0130096 0.0264821 0.000230272 -0.000631533
internal_weight=2078.93 149.842 136.002 132.236 130.221 114.175 102.043 12.1322 80.5327 21.51 18.3603 31.7645 1929.09 1715.45
internal_count=450093 22968 22238 21570 21138 17578 16776 802 14048 2728 2175 12425 427125 396800
is_linear=0
shrinkage=0.05


Tree=188
num_leaves=15
num_cat=0
split_feature=1 7 18 13 0 16 18 18 9 0 16 1 18 2
split_gain=4.00705 3.68626 5.15166 3.96477 3.64716 7.5902 4.61377 5.63058 5.10752 7.34984 3.91715 3.7338 3.59492 3.37826
threshold=70.500000000000014 47.161415100097663 1.8892496228218081 1.0000000180025095e-35 0.68866166472435009 5.3008110523223886 0.2117455452680588 0.2233465984463692 0.81092095375061046 0.67096379399299633 4.2972624301910409 19.500000000000004 0.12656915187835696 3.0663039684295659
decision_type=10 10 10 8 8 10 10 10 10 8 10 8 8 10
left_child=1 2 4 -4 5 6 8 13 -1 -10 11 -6 -2 -8
right_child=12 -3 3 -5 10 -7 7 -9 9 -11 -12 -13 -14 -15
leaf_value=-0.0011395510545292222 -0.058915779449098052 0.0080990284477216526 0.0038530989418984274 -0.046197277277476446 -0.0011395510545292222 -0.058136852786893595 -0.060777455918177382 -0.0072287174368041475 -0.06163377957561892 -0.0011395510545292222 0.0038530989418984274 0.0038530989418984274 0.037050033138217663 -0.0011395510545292222
leaf_weight=332.42665933578758 1.0683372464272025 136.91390901977866 3.0830576569883306 10.576568920497037 669.6826361614817 6.2932059091838246 7.917882320936938 206.94435516235984 8.8975186860297946 3.5588570615509534 399.29215549455103 268.71377500387212 11.276239265245835 1.8260520151525268
leaf_count=106160 3134 35603 3577 14403 16764 9043 5013 121613 226 45 53757 65491 14799 14
internal_value=0.000343146 0.000172628 -0.000392831 -0.0309894 -0.000173504 -0.00353082 -0.00291888 -0.00897763 -0.00113955 -0.0348869 0.00125171 -0.000628245 0.0287449 -0.0461216
internal_weight=2068.47 2056.13 1919.21 13.6596 1905.55 567.865 561.571 216.688 344.883 12.4564 1337.69 938.396 12.3446 9.74393
internal_count=449642 431709 396106 17980 378126 242114 233071 126640 106431 271 136012 82255 17933 5027
is_linear=0
shrinkage=0.05


Tree=189
num_leaves=15
num_cat=0
split_feature=11 8 1 0 16 16 16 16 12 1 3 16 18 2
split_gain=4.05612 3.99149 3.74187 4.03631 6.20161 4.26845 3.36444 4.50755 5.73385 4.98712 4.02454 9.95719 3.99926 3.81903
threshold=0.61250001192092907 15.500000000000002 70.500000000000014 0.68866166472435009 6.3035306930542001 6.1420166492462167 4.1971738338470468 4.863673448562623 0.09175084158778192 10.500000000000002 0.11735597252845766 1.0000000180025095e-35 0.62178853154182445 4.1596052646636972
decision_type=10 8 10 10 10 10 10 10 8 10 8 10 10 10
left_child=2 -2 3 5 6 -1 10 8 -8 13 -5 -12 -11 -10
right_child=1 -3 -4 4 -6 -7 7 -9 9 12 11 -13 -14 -15
leaf_value=-0.0030418120575548355 0.059736185665711164 0.0096203184407396974 0.026779394517634111 -0.00097368188878442551 0.067320351946624307 -0.064621512767805825 -0.00097368188878442551 -0.00097368188878442551 0.019089143461637037 -0.00097368188878442551 0.38447061081276057 0.031485515427673381 0.061871503988149806 -0.00097368188878442551
leaf_weight=862.75253147685896 4.3664704190998691 44.096853896014636 12.489826757578838 734.85848307271772 3.5453676127663121 2.8232806807299076 52.735813437531078 141.56264610602443 151.06895712617325 27.747591133823338 0.21961066429139409 2.2131105235450832 2.7241284985625489 12.63716488931095
leaf_count=376739 147 3499 17888 25055 175 4776 3398 8509 2640 4496 159 1669 270 329
internal_value=-0.000157813 0.0141357 -0.000502895 -0.000673707 0.00129531 -0.00324267 0.00108737 0.00485302 0.00897891 0.0131606 -0.000896734 0.0633508 -0.000973682 0.0167216
internal_weight=2055.84 48.4633 2007.38 1994.89 1129.31 865.576 1125.77 388.476 246.914 194.178 737.291 2.43272 30.4717 163.706
internal_count=449749 3646 446103 428215 46700 381515 46525 19642 11133 7735 26883 1828 4766 2969
is_linear=0
shrinkage=0.05


Tree=190
num_leaves=15
num_cat=0
split_feature=16 18 8 1 17 14 18 1 4 2 17 4 18 17
split_gain=4.25863 8.5791 5.81353 4.28385 4.21914 4.03942 7.40152 7.18818 8.25157 8.8731 6.42998 10.1162 6.15189 5.97582
threshold=2.7403194904327397 0.40518361330032354 27.500000000000004 30.500000000000004 3.3842465877532963 1.0000000180025095e-35 0.16064619272947314 14.500000000000002 0.0021896660327911381 1.2789837718009951 5.4445774555206308 0.011385053396224977 0.10101749375462533 5.9467277526855478
decision_type=8 10 10 10 10 10 8 8 10 8 10 8 8 8
left_child=1 2 5 -3 -5 13 7 8 -7 -10 11 -9 -11 -1
right_child=-2 3 -4 4 -6 6 -8 10 9 12 -12 -13 -14 -15
leaf_value=0.010234684790334743 -0.00050986762006750418 -0.0821813759394662 0.065672716076854418 -0.055586950427248483 0.39196364467901917 -0.09015669938716471 -0.10898903718715586 0.024618231926273684 -0.094006129008991496 -0.012406576146021945 0.028634852497878966 -0.05006655078598831 0.053195824257318572 -0.07260552533434976
leaf_weight=219.15309283852116 1760.0965042840421 3.550141834365149 4.1405401533081649 0.11514287362206221 0.097041022987014003 3.6880792213769409 1.6424061710115427 9.5811473379867511 2.8480290072259296 20.124818091475401 24.157468791107362 8.60750228828533 4.345223083291784 2.1988242716591904
leaf_count=30267 408402 513 1010 367 92 106 489 1127 503 517 2504 2865 51 1228
internal_value=0.000434324 0.00589652 0.006836 -0.0691379 0.149098 0.00601394 -0.00401502 -0.00166458 -0.0199564 -0.0104789 0.0117288 -0.0107252 -0.000757349 0.00941178
internal_weight=2064.35 304.249 300.487 3.76233 0.212184 296.347 74.9947 73.3523 31.0061 27.3181 42.3461 18.1886 24.47 221.352
internal_count=450041 41639 40667 972 459 39657 8162 7673 1177 1071 6496 3992 568 31495
is_linear=0
shrinkage=0.05


Tree=191
num_leaves=15
num_cat=0
split_feature=11 9 1 2 9 12 18 4 12 13 18 9 9 13
split_gain=4.61346 4.1502 3.66925 3.4168 3.29663 3.24182 6.63527 6.51872 6.51332 5.35106 16.4281 5.68053 6.12436 5.12788
threshold=0.61250001192092907 0.68860173225402843 70.500000000000014 -1.0204169154167173 0.83917236328125011 0.031754031777381904 0.040764128789305694 0.0080112814903259295 0.020620748400688175 0.0745370388031006 0.29524835944175726 0.51837587356567394 0.33591231703758245 0.018693221732974056
decision_type=10 10 10 10 8 10 8 10 10 8 10 10 10 10
left_child=2 -2 5 4 -4 8 7 -7 13 10 -8 12 -11 -1
right_child=1 -3 3 -5 -6 6 9 -9 -10 11 -12 -13 -14 -15
leaf_value=-0.0014810906292775788 0.010963728336689408 0.068123107549074122 -0.071859393210193842 -0.054222059399960831 0.041626928743063278 0.058282177995656707 0.044395259877932143 -0.071054252105272053 -0.089199745362513294 -0.0019780761173698604 -0.071457819402785339 0.023947284426944663 -0.086474191825978305 0.075240797402206488
leaf_weight=1778.1301181332176 44.955166543450332 3.4170387911681237 0.68079811481305796 1.1907426727109953 10.656640661688467 9.0898358175000009 19.150738461800533 1.0911774001908714 2.1141896741855808 156.18886562589543 3.6418325907608553 22.053496975740529 2.1743603837590504 2.180575686587189
leaf_count=391698 3561 83 1122 13419 3285 174 1824 442 763 23321 1772 5053 3497 64
internal_value=-0.00025719 0.0150015 -0.000624705 0.02635 0.0348122 -0.000794031 0.00502998 0.0444202 -0.00149128 0.00305649 0.0258841 0.000172611 -0.00313823 -0.00138712
internal_weight=2056.72 48.3722 2008.34 12.5282 11.3374 1995.82 213.39 10.181 1782.42 203.209 22.7926 180.417 158.363 1780.31
internal_count=450078 3644 446434 17826 4407 428608 36083 616 392525 35467 3596 31871 26818 391762
is_linear=0
shrinkage=0.05


Tree=192
num_leaves=15
num_cat=0
split_feature=3 16 11 0 2 2 4 16 16 17 2 13 2 16
split_gain=4.5472 3.53409 6.99426 8.19531 6.99307 7.1445 9.71842 6.09452 5.83674 5.8784 5.57297 6.44327 6.40901 6.37934
threshold=0.14899858832359317 5.1619205474853525 0.085144929587841048 0.69440013170242321 2.0106205940246586 2.6247798204422002 0.033283919095993049 5.2390944957733163 5.478551149368287 6.1081352233886728 -0.77156260609626759 1.0000000180025095e-35 -0.4133929163217544 5.1676349639892587
decision_type=10 10 8 8 10 8 10 10 10 10 10 8 8 10
left_child=1 -1 3 -3 7 6 -6 10 -7 -10 11 -4 13 -12
right_child=-2 2 4 -5 5 8 -8 -9 9 -11 12 -13 -14 -15
leaf_value=-0.00038501995286361593 -0.055035644771100782 -0.060378588489936304 0.064127265301753708 0.0003854982106053955 -0.088935501590843569 -0.021616979858662635 0.062923915165806754 0.014502922929425482 -0.0065178557621910077 0.059624208266053372 0.44457960562994425 -0.086784732914839208 0.053350758452502978 0.11942221455608555
leaf_weight=1926.9304814835173 3.7350283221867349 7.0306370456468974 1.3508951812502801 26.330082053804432 4.7410380381916184 11.052253017958725 1.3545479108670404 65.762493400356107 6.5453125360218092 6.9011378456270904 0.19771571555656919 1.4845754712912393 12.497875417186943 0.63629821918448215
leaf_count=315937 91469 7267 301 12799 171 152 72 18987 84 30 64 1404 873 286
internal_value=8.37286e-05 0.000183049 0.00768642 -0.0124203 0.0136476 -0.00675015 -0.0551896 0.0212645 0.0053022 0.0274283 0.048768 -0.0148862 0.0623062 0.196506
internal_weight=2076.55 2072.82 145.885 33.3607 112.524 30.5943 6.09559 81.9299 24.4987 13.4465 16.1674 2.83547 13.3319 0.834014
internal_count=449896 358427 42490 20066 22424 509 243 21915 266 114 2928 1705 1223 350
is_linear=0
shrinkage=0.05


Tree=193
num_leaves=15
num_cat=0
split_feature=16 17 18 4 0 11 2 12 18 18 8 13 16 8
split_gain=3.54918 9.239 6.30795 5.93604 8.97821 6.286 6.71483 4.90832 4.65635 4.8994 4.5941 4.55458 4.76812 4.5538
threshold=5.1619205474853525 5.5816130638122567 1.438001871109009 0.0061430633068084725 0.77310383319854747 0.52272728085517894 3.478630900382996 1.0000000180025095e-35 2.7319251298904423 1.3140445351600649 24.500000000000004 0.087922707200050368 3.9981586933135991 1.0000000180025095e-35
decision_type=8 8 10 8 10 8 10 10 10 10 10 10 10 10
left_child=8 3 10 4 -2 -5 7 13 9 -1 -3 12 -11 -7
right_child=1 2 -4 5 -6 6 -8 -9 -10 11 -12 -13 -14 -15
leaf_value=-0.0010560889662587399 -0.087052116326951201 0.0080886184235190693 0.064347801147087089 -0.04990416572619092 0.059582046750015487 0.02912403385431328 -0.09833174628093734 -0.059084235859452307 -0.092012102962129194 -0.07167016037862492 -0.09055910230962412 -0.11537214627413638 0.030034246237981316 -0.061067360935626119
leaf_weight=1759.3495121733567 5.6719051669926719 234.50192124352134 4.9994913086317174 6.9078425561469485 1.2793660219758747 16.121949739226732 1.4638451526116103 2.128238843902067 1.3986736652102525 1.214117404017151 1.1861984277810496 0.59335737970979963 22.674733155671277 1.5325763821205658
leaf_count=361102 3906 43301 1735 11936 11 3769 45 1566 2432 1546 3161 743 10345 4695
internal_value=-2.95647e-06 0.005276 0.00877104 -0.0186863 -0.0600644 -0.00847014 0.00500117 0.0126474 -0.000818482 -0.000746979 0.00759213 0.0214664 0.0248653 0.0212946
internal_weight=2061.02 275.793 240.688 35.1057 6.95127 28.1545 21.2466 19.7828 1785.23 1783.83 235.688 24.4822 23.8889 17.6545
internal_count=450293 74125 48197 25928 3917 22011 10075 10030 376168 373736 46462 12634 11891 8464
is_linear=0
shrinkage=0.05


Tree=194
num_leaves=15
num_cat=0
split_feature=12 18 12 17 17 13 16 8 16 12 17 11 16 16
split_gain=5.63169 8.39638 7.07328 5.95586 7.91621 7.67521 5.64712 5.6201 5.12606 5.1437 4.96987 5.59227 4.89762 7.05223
threshold=0.031754031777381904 0.17692915350198749 0.020620748400688175 6.140960931777955 6.0556118488311776 0.0745370388031006 3.5408543348312382 1.5000000000000002 3.3140207529067998 0.13125512748956683 5.7761018276214608 0.75000000000000011 5.4227426052093515 5.3254430294036874
decision_type=10 8 10 10 8 8 8 8 8 10 10 10 8 8
left_child=2 3 -1 4 5 6 -2 -3 -9 12 -7 -12 13 -10
right_child=1 7 -4 -5 -6 10 -8 8 9 -11 11 -13 -14 -15
leaf_value=-0.00071548331202902701 -0.082246961496839757 0.045960244618153699 -0.088411631365862414 0.040007452633970153 -0.083771231391830986 0.015650981842598482 0.068200625038506532 -0.083751657581136563 -0.0068190160537036845 0.014562277750364339 -0.034654987263281395 0.069750175916369991 -0.034368873144401672 0.052434465985316106
leaf_weight=1833.5632790461379 0.67379318552332002 6.2810965070743805 2.3022082551494796 25.51263576048143 2.114966770270029 38.94388825898109 8.3945916872374937 1.911236779538753 70.182175731525632 36.569816200413158 10.209695041515143 1.4668498710825595 14.428681526099224 5.4085429726715111
leaf_count=411896 332 272 797 1807 356 4138 375 781 15147 6700 1657 27 5397 412
internal_value=8.4295e-05 0.00760431 -0.000825456 0.0196828 0.0112927 0.0146611 0.0570222 -0.000220546 -0.00247786 -0.00125079 0.00707237 -0.0215392 -0.00767476 -0.00257941
internal_weight=2057.96 222.098 1835.87 87.3164 61.8038 59.6888 9.06838 134.782 128.5 126.589 50.6204 11.6765 90.0194 75.5907
internal_count=450094 37401 412693 8692 6885 6529 707 28709 28437 27656 5822 1684 20956 15559
is_linear=0
shrinkage=0.05


Tree=195
num_leaves=15
num_cat=0
split_feature=10 16 11 16 2 1 13 1 16 1 12 2 16 16
split_gain=4.53716 4.2101 8.69752 5.63635 5.3878 6.32858 4.49248 7.23161 4.45713 5.13999 4.10084 5.75751 5.6101 5.04447
threshold=0.031766043975949294 5.1676349639892587 0.085144929587841048 5.2122108936309823 2.8114801645278935 5.5000000000000009 0.19782608747482303 2.5000000000000004 5.349482774734498 14.500000000000002 0.083874460309743895 2.8114801645278935 5.4574534893035898 5.5471267700195321
decision_type=10 10 8 10 8 8 10 8 10 10 10 8 10 10
left_child=1 -1 4 -4 5 -3 7 -6 9 -7 -5 -12 -13 -14
right_child=-2 2 3 10 6 8 -8 -9 -10 -11 11 12 13 -15
leaf_value=-0.00080678682661658679 0.010640669254865736 -0.083325174281199926 0.050655204651350871 0.014206342305317752 0.015816426135973668 0.043667613656326876 0.058875588593641948 -0.070425692199811971 -0.050625648840455277 -0.062582729186867941 -0.078844582672613184 -0.097015401888009251 0.07141766053878168 -0.059084002110810711
leaf_weight=1826.9640635464682 102.1291606925497 4.873241832937464 9.9824526586784241 90.805039570660853 8.7519991528533865 4.2223877946652522 3.1515683777388395 3.3654190501426635 4.6771060681239902 1.5583596181817254 2.9376223709481613 0.97604737993458446 2.8289859329730693 1.0030496618800269
leaf_count=400388 2162 499 1472 20950 97 429 515 11024 7714 3205 973 134 27 599
internal_value=0.000365465 -0.000168282 0.00821595 0.0148539 -0.0153276 -0.0362655 0.00569545 -0.00813594 -0.0143362 0.0150249 0.0112275 -0.0236947 0.0100006 0.0372584
internal_weight=2068.23 1966.1 139.133 108.533 30.6001 15.3311 15.269 12.1174 10.4579 5.78075 98.5507 7.74571 4.80808 3.83204
internal_count=450188 448026 47638 24155 23483 11847 11636 11121 11348 3634 22683 1733 760 626
is_linear=0
shrinkage=0.05


Tree=196
num_leaves=15
num_cat=0
split_feature=11 1 9 9 16 9 9 18 2 1 18 2 18 1
split_gain=3.31538 3.54993 3.17297 4.26033 5.72809 3.0626 4.13427 5.44143 3.99751 3.31149 4.5567 5.66489 4.24829 3.73018
threshold=0.085144929587841048 70.500000000000014 0.63728737831115734 0.64932385087013256 3.1984648704528813 0.65205025672912609 0.65993061661720287 0.1690240874886513 2.0991011857986455 53.500000000000007 0.10290532559156419 -0.94732162356376637 0.099244788289070143 49.500000000000007
decision_type=10 10 8 8 8 8 8 10 10 10 8 10 8 10
left_child=1 2 -1 4 -4 -5 7 8 -7 13 11 12 -11 -8
right_child=-2 -3 3 5 -6 6 9 -9 -10 10 -12 -13 -14 -15
leaf_value=0.0076865305703808246 0.010673321765995563 0.025790341239844607 0.026010012637345283 0.061519089657990168 -0.091134893681061063 -0.088204027673106117 -0.0012012914791878081 -0.12010112687643038 0.047311191116733847 0.032442146238323942 -0.026866619048972765 -0.022983904175278604 0.19479212397758072 0.021051329146031403
leaf_weight=100.23338187104596 64.889860340432961 12.461835668601678 1.6148128822724173 1.93653878432076 2.9496427751591909 0.86057714587241241 1800.0155164397001 1.697005545802085 1.4802279565483329 5.6844851651731005 27.584468279416086 6.5401516353565778 0.43369079347939976 19.031587128167075
leaf_count=86554 5728 17804 371 442 1879 366 248588 1006 13 2224 60310 8240 108 16640
internal_value=-0.000447961 -0.000811971 -0.000980247 -0.00144483 -0.0496914 -0.00132677 -0.00139209 -0.0519309 -0.00250983 -0.00128233 -0.0154692 0.00936761 0.0439504 -0.000968476
internal_weight=2047.41 1982.52 1970.06 1869.83 4.56446 1865.26 1863.33 4.03781 2.34081 1859.29 40.2428 12.6583 6.11818 1819.05
internal_count=450273 444545 426741 340187 2250 337937 337495 1385 379 336110 70882 10572 2332 265228
is_linear=0
shrinkage=0.05


Tree=197
num_leaves=15
num_cat=0
split_feature=10 10 17 18 0 8 12 10 3 3 16 3 3 2
split_gain=3.89401 5.38081 5.41499 5.01707 7.33783 4.35066 4.57304 4.30371 4.11536 3.84773 6.33035 3.46997 3.27143 3.26998
threshold=0.02949150558561087 0.029168574139475826 4.7050054073333749 0.26671525835990911 0.67731937766075145 6.5000000000000009 0.14415584504604342 0.029035656712949279 0.026645988225936893 0.026645988225936893 5.1445789337158212 0.057799786329269416 0.017360478639602665 2.4668344259262089
decision_type=10 10 8 10 8 10 8 10 10 10 10 10 8 10
left_child=1 7 -3 4 -2 6 -5 -1 -6 -8 -11 -10 -7 -4
right_child=3 2 13 5 8 12 9 -9 11 10 -12 -13 -14 -15
leaf_value=-0.00095131443612954066 -0.0091237257201885243 -0.090095720777781108 -0.062341623333844166 0.02338960921072895 0.014169444480816222 0.0017906305449324662 -0.0096407000650053018 0.045280702306874143 0.049426526235128311 -0.07152626732122154 0.039174043020005878 0.0056029406070865892 0.044136438748252994 0.021037281373257801
leaf_weight=1851.3838664445279 27.973493435263663 3.3568726808607581 1.8196022421270761 8.9747142433643585 65.662441435655637 12.337138322051034 45.087675318674883 5.047538288748 17.149811265553584 6.0509706234779506 1.6418374989416404 3.8352309470465107 7.2361261692312828 3.3240634438552661
leaf_count=444984 705 139 189 280 1308 153 712 109 156 556 71 204 294 52
internal_value=-0.000302847 -0.00100735 -0.0406971 0.0064022 0.0131415 -0.00309584 -0.00960644 -0.000825612 0.0203296 -0.015217 -0.0479001 0.0396048 0.0174456 -0.0084585
internal_weight=2060.88 1864.93 8.50054 195.949 114.621 81.3285 61.7552 1856.43 86.6475 52.7805 7.69281 20.985 19.5733 5.14367
internal_count=449912 445473 380 4439 2373 2066 1619 445093 1668 1339 627 360 447 241
is_linear=0
shrinkage=0.05


Tree=198
num_leaves=15
num_cat=0
split_feature=13 17 18 17 13 16 18 13 13 17 4 17 16 16
split_gain=3.79771 8.21805 6.35438 7.06624 5.99082 6.70357 6.64458 5.92723 7.72052 5.63825 6.17345 5.39611 5.32712 13.5951
threshold=0.018693221732974056 6.4653663635253915 0.61389270424842846 4.610145330429078 0.0745370388031006 4.610145330429078 0.099244788289070143 0.16247642785310748 0.17519181966781619 6.4653663635253915 0.00073683261871337901 5.0401887893676767 5.2958111763000497 5.0005793571472177
decision_type=10 10 10 8 10 10 8 8 8 10 10 8 10 10
left_child=9 2 3 -2 5 6 -5 -4 -9 -1 -11 -8 13 -6
right_child=1 -3 7 4 12 -7 11 8 -10 10 -12 -13 -14 -15
leaf_value=9.7344649217996252e-06 -0.061766644834722731 0.034711445050951896 -0.05942346205724694 -0.087678982672599895 0.0047919702250263999 -0.063957672082767342 -0.096131356782952593 0.05155974454695314 -0.029416873716270941 -0.071195462695671591 -0.011604021931769168 0.050367344585769136 0.044949997593299408 -0.082755909803240074
leaf_weight=1808.0934071922047 3.7376578032257433 23.159830704166779 7.247308976971425 0.98067978625568386 142.26828115909987 1.6954402261518442 0.64963370414955335 4.3402291425263968 9.1469264299620381 5.0564150423051037 30.938114898833703 19.385156318145562 7.6163286096448237 4.5770191749320466
leaf_count=405392 1510 1052 4591 441 20371 632 280 878 4834 426 6158 1786 409 1322
internal_value=0.000367601 0.0065031 0.00326324 0.00626813 0.0077034 0.0316811 0.0393969 -0.0229547 -0.00335822 -0.00038035 -0.0199753 0.0456171 0.00417789 0.00206319
internal_weight=2068.89 224.804 201.645 180.91 177.173 22.7109 21.0155 20.7345 13.4872 1844.09 35.9945 20.0348 154.462 146.845
internal_count=450082 38106 37054 26751 25241 3139 2507 10303 5712 411976 6584 2066 22102 21693
is_linear=0
shrinkage=0.05


Tree=199
num_leaves=15
num_cat=0
split_feature=16 10 4 4 12 16 12 8 10 0 1 2 14 0
split_gain=3.72401 6.59587 4.76167 5.08262 7.07284 4.621 4.37354 4.20041 4.98405 5.34521 6.35406 8.55372 6.00063 7.47179
threshold=2.6020033359527592 0.022343332879245285 0.017837196588516239 0.017548114061355594 1.0000000180025095e-35 5.7884287834167489 0.19803921878337863 6.5000000000000009 0.025001953355968002 0.68866166472435009 11.500000000000002 1.0703201889991762 1.0000000180025095e-35 0.64955550432205211
decision_type=8 8 8 10 8 10 10 10 8 8 10 10 10 10
left_child=-1 2 3 5 -5 -2 -4 8 -3 10 11 -10 -13 -14
right_child=1 7 6 4 -6 -7 -8 -9 9 -11 -12 12 13 -15
leaf_value=0.006628202074885306 -0.019953823184248005 0.047531214381110354 -0.061232020221278695 0.68162783914006264 -0.052355166938649993 0.073594080572421436 0.027024429338312641 0.0098695682175506134 -0.061817497444643259 0.0010479018128180645 -0.0020800600079076905 -0.005784125474388579 -0.10478555382812282 -0.021564636843086949
leaf_weight=218.86897422515909 9.8189297153834314 5.3796388825433041 10.161393482274091 0.064035878381218936 0.06733392557657758 1.5251505285958735 1.6287139514750482 103.11929182256881 8.2997107383137045 1242.8163228730455 266.73587743244764 158.99579228033986 2.9308028031533686 33.825882848252604
leaf_count=30731 35365 883 67119 82 314 3632 970 7103 8104 64342 216941 11532 738 2346
internal_value=0.000461613 -0.000269772 -0.0267239 -0.00379591 0.305423 -0.00737681 -0.0490401 6.80086e-05 -0.000519972 -0.000670823 -0.00520802 -0.0121012 -0.00999323 -0.0282003
internal_weight=2064.24 1845.37 23.2656 11.4755 0.13137 11.3441 11.7901 1822.1 1718.98 1713.6 470.788 204.052 195.752 36.7567
internal_count=450202 419471 107482 39393 396 38997 68089 311989 304886 304003 239661 22720 14616 3084
is_linear=0
shrinkage=0.05


Tree=200
num_leaves=15
num_cat=0
split_feature=11 10 16 0 3 18 7 0 18 16 18 16 0 18
split_gain=4.24687 4.1512 3.86047 3.83088 5.5114 5.4743 4.19892 3.65541 4.74712 5.25272 3.9587 3.11996 5.78462 3.25573
threshold=0.61250001192092907 0.03201024420559407 2.9174053668975835 0.70460382103919994 0.026645988225936893 0.29524835944175726 45.29559516906739 0.77310383319854747 0.32420571148395544 4.6491756439208993 0.6582506299018861 2.8029010295867924 0.65853589773178112 0.24075701832771304
decision_type=10 10 8 8 8 8 8 10 10 10 10 8 8 8
left_child=1 7 -2 6 -5 -6 -3 11 -9 -10 -11 -1 13 -13
right_child=2 3 -4 4 5 -7 -8 8 9 10 -12 12 -14 -15
leaf_value=0.002482274711356776 -0.037258674466990223 -0.035741774277577777 0.018800602273156559 0.0079940861896174477 0.061156579447351103 0.0051410518369312229 0.0051410518369312229 0.002482274711356776 0.037730639590513329 0.002482274711356776 0.032828827518985797 -0.016813297915423145 -0.0011799185468820399 -0.0055120524484785138
leaf_weight=294.94130489640435 3.3057971001018123 8.2673069644952175 43.244581513961634 44.842570235269704 11.371696566318862 4.7423217758769161 15.318821126667901 95.398407121781929 21.740787538976292 22.438630509830546 11.254139503813347 97.216350215399075 1245.4079661351414 130.67666129285109
leaf_count=45833 357 130 3254 1393 113 66 219 1159 179 213 130 62218 208519 126222
internal_value=-0.000110329 -0.000457197 0.0148195 0.010386 0.0170066 0.042087 -0.00672452 -0.000934882 0.00653677 0.0185702 0.00620656 -0.00157222 -0.00252012 -0.00984419
internal_weight=2050.17 2003.62 46.5504 84.5427 60.9566 16.114 23.5861 1919.07 150.832 55.4336 33.6928 1768.24 1473.3 227.893
internal_count=450005 446394 3611 1921 1572 179 349 444473 1681 522 343 442792 396959 188440
is_linear=0
shrinkage=0.05


Tree=201
num_leaves=15
num_cat=0
split_feature=18 9 17 20 17 17 17 15 13 18 20 17 1 10
split_gain=3.75534 5.31519 5.13847 3.90894 4.00383 4.93657 3.81038 4.05392 3.87608 4.02369 3.95415 3.46 3.29778 3.87061
threshold=1.2769591808319094 0.55750462412834179 5.5032949447631845 1.0000000180025095e-35 5.2857353687286386 5.2284276485443124 3.7012257575988774 1.0000000180025095e-35 1.0000000180025095e-35 4.7046048641204843 1.0000000180025095e-35 5.9851942062377939 60.500000000000007 0.016261236742138866
decision_type=10 8 8 8 10 10 10 8 8 10 10 10 8 10
left_child=3 -2 6 4 5 -1 8 -8 9 -3 -10 -4 -9 -14
right_child=1 2 11 -5 -6 -7 7 12 10 -11 -12 -13 13 -15
leaf_value=-0.032835866800395366 -0.080405498566338621 -0.068174899318113311 0.063410093864277553 -0.00010454446574462264 -0.089644382691162594 0.098228880853877543 -0.042232488638757254 0.024952467347482757 0.04137445170550675 0.32955648686313421 -0.083234033430525461 -0.063206198101022834 -0.06136472483044051 0.035158360986197519
leaf_weight=4.4379631420208625 1.4586911425712399 0.11666221975309554 7.1438517853240446 1999.4663255665801 2.3845044782270577 0.8572166695982445 2.9295098129975372 29.848666436924645 0.84186069636211946 0.13977963684828865 2.6117257947641681 0.58363661575819481 2.5400237625935906 1.757102331843498
leaf_count=1676 10708 194 1491 408941 2314 117 1826 9008 127 55 3834 252 9340 438
internal_value=9.57893e-05 0.013635 0.0164626 -0.000241294 -0.035845 -0.0116183 0.00937948 0.0142139 -0.0389326 0.148618 -0.0528589 0.0538471 0.0190567 -0.0218963
internal_weight=2057.12 49.9715 48.5128 2007.15 7.67968 5.29518 40.7853 37.0753 3.71003 0.256442 3.45359 7.72749 34.1458 4.29713
internal_count=450321 37273 26565 413048 4107 1793 24822 20612 4210 249 3961 1743 18786 9778
is_linear=0
shrinkage=0.05


Tree=202
num_leaves=15
num_cat=0
split_feature=16 16 11 18 18 17 16 7 3 18 4 16 17 14
split_gain=4.16556 8.92164 8.66736 5.23839 12.6667 6.10764 10.2271 5.54573 5.06698 5.05889 5.42264 7.57955 5.70336 6.81066
threshold=5.3254430294036874 5.349482774734498 0.085144929587841048 0.28365816175937658 0.29237808287143713 4.9593360424041757 3.3497501611709599 45.29559516906739 0.073324203491210951 0.22823175787925723 0.023971259593963627 3.8393944501876835 5.3107368946075448 1.0000000180025095e-35
decision_type=10 10 8 10 8 8 10 10 10 10 8 10 10 8
left_child=3 -2 -3 5 7 6 -1 -5 -4 -7 11 -11 -13 -14
right_child=1 2 8 4 -6 9 -8 -9 -10 10 -12 12 13 -15
leaf_value=0.0038029689264160367 0.062336117765488919 -0.027308306973850338 0.016735018496597805 -0.057247535621175794 -0.0040362182875889529 -0.0002320958040389479 0.036298434708540946 0.059343463640357287 -0.044729682706970468 -0.066352312381752099 0.0046716674127195356 0.020547871487583039 -0.069510793719079075 -0.013930091185831531
leaf_weight=287.36864348998887 7.4208109651924437 16.473859402477316 60.731978455739579 14.854078811104413 545.11612499766329 976.92386813605845 26.440656928761371 1.0951207571150678 3.5489703823166385 7.6318945848665285 35.151842234522348 10.258898220422678 6.1800648218179495 50.959539639031163
leaf_count=44417 1106 16952 11823 4463 178072 158296 5240 404 5577 1660 13341 1021 2035 5475
internal_value=-0.000761026 0.00987028 0.00504903 -0.00123882 -0.00532127 0.000396197 0.00654094 -0.049242 0.0133415 -0.00137757 -0.0115339 -0.0191262 -0.0137786 -0.0199415
internal_weight=2050.16 88.1756 80.7548 1961.98 561.065 1400.92 313.809 15.9492 64.2809 1087.11 110.182 75.0304 67.3985 57.1396
internal_count=449882 35458 34352 414424 182939 231485 49657 4867 17400 181828 23532 10191 8531 7510
is_linear=0
shrinkage=0.05


Tree=203
num_leaves=15
num_cat=0
split_feature=7 13 18 1 18 1 4 4 18 18 0 18 18 1
split_gain=4.87238 3.10996 4.11364 3.64318 7.16942 10.6775 5.85796 5.37803 5.11208 3.75326 2.92133 5.77746 6.78705 4.13904
threshold=126.08965301513673 0.13896551728248599 1.1806839704513552 12.500000000000002 0.42277917265892034 6.5000000000000009 0.0018285214900970461 0.015666365623474125 0.54557675123214733 0.3523381799459458 0.68952423334121715 0.11735317856073381 0.12100050225853921 1.5000000000000002
decision_type=10 10 10 8 8 8 10 10 10 10 8 8 8 10
left_child=1 10 3 4 5 6 -3 8 -6 -7 11 -1 -13 -14
right_child=-2 2 -4 -5 7 9 -8 -9 -10 -11 -12 12 13 -15
leaf_value=-0.001312626245681757 0.02173772360762101 -0.051489890980216425 -0.056345013602898425 0.010870306251997025 -0.076675255096208136 -0.072603668896157533 0.010870306251997025 0.0099645562446841682 -0.014377992396388962 0.010870306251997025 0.00080220611803269676 -0.073385297126351071 -0.025915218441341925 -0.005767743337134556
leaf_weight=179.2489886623348 26.11645705753017 4.1636165338676525 2.5036254638152959 60.631299413341921 6.4623103372578061 5.2261603286027585 46.961669327441996 6.7459566227954033 6.7147664240633276 1.3274167089312525 1295.505780027027 3.8981843561819991 27.296117207704697 385.61823491423741
leaf_count=46108 3481 60 2805 17272 169 627 792 546 176 115 162774 2161 336 212171
internal_value=0.000278652 2.8889e-06 0.00717356 0.00832399 -0.000483866 0.00844806 0.0108703 -0.0263426 -0.0449299 -0.0533543 -0.000530625 -0.00342746 -0.00771954 -0.00709961
internal_weight=2058.42 2032.3 140.737 138.233 77.6019 57.6789 51.1253 19.923 13.1771 6.55358 1891.57 596.062 416.813 412.914
internal_count=449593 446112 22562 19757 2485 1594 852 891 345 742 423550 260776 214668 212507
is_linear=0
shrinkage=0.05


Tree=204
num_leaves=15
num_cat=0
split_feature=16 17 7 13 1 1 18 13 9 18 16 3 17 18
split_gain=4.63238 5.11819 4.2732 3.52506 6.0338 6.69665 6.47964 4.31514 4.33892 4.19074 4.57392 4.14173 4.13783 3.72074
threshold=6.1235833168029794 5.4868674278259286 93.286445617675795 0.13714733719825747 12.500000000000002 7.5000000000000009 0.040764128789305694 0.4301948100328446 0.83917236328125011 0.39178271591663366 4.863673448562623 0.10521239042282106 5.0720391273498544 0.04598850570619107
decision_type=10 8 8 10 8 8 8 8 10 10 10 10 8 10
left_child=3 -2 -3 -1 5 13 -6 8 12 -7 -11 -9 -8 -5
right_child=1 2 -4 4 6 9 7 11 -10 10 -12 -13 -14 -15
leaf_value=-0.00065719737655032693 -0.060691325146661756 -0.081604197739030632 0.051544258859837211 -0.041167046082756176 0.064540756264860097 -0.072247063159702848 -0.038867185259302522 -0.072243101778805302 0.072127552668055608 0.053094371748449165 -0.0778710649105743 0.066348711488288692 0.017269391378278692 0.0060959354490279947
leaf_weight=1910.2552523440786 1.3354322244769576 0.64235268015255542 9.7344010705551209 4.4320006364612246 7.0010825514169701 5.0942696527515627 3.5422433882409896 2.5313840558287093 3.3342262399614802 1.7637496124042402 1.071805809626255 0.68493159058141362 44.78785159871785 68.904579428186878
leaf_count=422580 2553 1396 1542 114 244 640 4619 1817 356 189 208 955 11428 1534
internal_value=8.87543e-05 0.0314446 0.043302 -9.00928e-05 0.00747769 -0.00148005 0.0192415 0.0134627 0.0169609 -0.0451288 0.00359101 -0.0427292 0.013155 0.00323966
internal_weight=2065.12 11.7122 10.3768 2053.4 143.148 81.2664 61.8817 54.8806 51.6643 7.92983 2.83556 3.21632 48.3301 73.3366
internal_count=450175 5491 2938 444684 22104 2685 19419 19175 16403 1037 397 2772 16047 1648
is_linear=0
shrinkage=0.05


Tree=205
num_leaves=15
num_cat=0
split_feature=7 17 18 4 7 13 17 18 13 12 3 17 18 18
split_gain=2.98797 2.96 4.80648 3.15701 2.87074 2.51164 5.65553 5.70346 5.7604 4.58255 4.43055 3.90804 7.43657 7.30176
threshold=126.08965301513673 6.1559185981750497 0.27232629060745245 0.049751073122024543 5.4326922893524179 0.018693221732974056 5.0401887893676767 0.61389270424842846 0.28370222449302679 0.094494048506021514 0.072227835655212416 6.1473989486694345 0.095509681850671782 0.055223641917109496
decision_type=10 8 10 8 8 10 10 10 10 10 8 10 10 10
left_child=4 2 3 -2 -1 11 9 -8 -9 -7 -11 -6 13 -13
right_child=1 -3 -4 -5 5 6 7 8 -10 10 -12 12 -14 -15
leaf_value=-0.078543273174548928 0.059267215263438748 0.007937185975617574 0.007937185975617574 0.007937185975617574 -0.00048371887346162134 -0.035804511688367652 0.007937185975617574 -0.039563362278787172 0.007937185975617574 0.0075538010930239477 -0.039563362278787172 -0.0055834347253388844 -0.0013935993244301697 -0.039563362278787172
leaf_weight=1.1815360315356429 11.082597671413172 7.4966928363739944 5.9860930718321006 1.2087909323181527 1645.3700919971361 13.744214796483076 161.85607834308666 8.7160813391294436 3.4906631823489951 23.516271299635267 3.0985165134005674 24.350498999951583 104.75151185608706 23.428727035993575
leaf_count=534 408 1774 757 545 382475 5142 19908 4703 1069 870 5871 4220 16779 4788
internal_value=-0.00041266 0.0165036 0.0304838 0.049573 -0.000629199 -0.000583451 0.00453158 0.00793719 -0.0262946 -0.0123593 -0.000251841 -0.00119348 -0.00884979 -0.0251968
internal_weight=2039.28 25.7742 18.2775 12.2914 2013.5 2012.32 214.422 174.063 12.2067 40.359 26.6148 1797.9 152.531 47.7792
internal_count=449843 3484 1710 953 446359 445825 37563 25680 5772 11883 6741 408262 25787 9008
is_linear=0
shrinkage=0.05


Tree=206
num_leaves=15
num_cat=0
split_feature=18 16 7 0 16 16 0 12 8 18 4 1 8 4
split_gain=4.53679 6.08069 4.75242 5.89857 4.12065 4.04403 7.44464 6.09375 5.84543 5.95109 5.49626 8.14853 5.37635 5.95623
threshold=1.2769591808319094 3.9981586933135991 39.399969100952156 0.70582419633865368 6.3035306930542001 2.8029010295867924 0.65853589773178112 0.19803921878337863 26.500000000000004 0.43683648109436041 0.002805411815643311 6.5000000000000009 25.500000000000004 0.00037497282028198248
decision_type=10 10 8 8 10 8 8 10 10 8 8 10 10 8
left_child=4 -2 3 -3 5 8 10 -8 9 12 11 -7 13 -1
right_child=1 2 -4 -5 -6 6 7 -9 -10 -11 -12 -13 -14 -15
leaf_value=0.045897769708441935 -0.076798697191886145 -0.1029284672227596 0.024879825291805834 0.0026810807924501192 0.071437746372363053 -0.081251037255269554 -0.00030843580059168965 0.027953456793829014 0.051932131971603637 -0.068926834202345189 -0.0062551562593740791 -0.01717090605795937 -0.057141852672028176 0.0040576298095327317
leaf_weight=8.7483748521248668 1.7380555739498351 1.634041833393695 41.24261424016737 5.4251616484793175 2.0077651022813816 5.9057697002141216 1439.6428506499874 19.329235147155487 6.4612589916568473 2.7809206326476206 181.19898782382779 31.012741533778581 3.4947299302036745 307.01902702950537
leaf_count=450 1895 1130 18681 15459 178 269 188848 1987 1490 922 162900 11759 378 43210
internal_value=0.000213953 0.015085 0.0183912 -0.0195177 -0.00015671 -0.000228382 -0.00122207 6.59927e-05 0.0048446 0.00389987 -0.00983779 -0.0274217 0.00453422 0.00521682
internal_weight=2057.64 50.0399 48.3018 7.0592 2007.6 2005.59 1677.09 1458.97 328.504 322.043 218.117 36.9185 319.262 315.767
internal_count=449556 37165 35270 16589 412391 412213 365763 190835 46450 44960 174928 12028 44038 43660
is_linear=0
shrinkage=0.05


Tree=207
num_leaves=15
num_cat=0
split_feature=18 12 4 4 18 1 1 18 12 3 2 11 4 4
split_gain=4.14278 7.07462 8.32475 7.49742 6.48394 7.31924 6.98125 8.52051 10.328 6.16859 6.09882 8.15561 12.5733 5.79817
threshold=0.11541344597935678 0.031754031777381904 0.009333759546279909 0.0013223886489868166 0.10101749375462533 29.500000000000004 24.500000000000004 0.097476877272129073 0.045333655551075942 0.095036596059799208 2.2195549011230473 inf 0.00082460045814514171 0.0029361546039581303
decision_type=8 8 10 8 10 10 10 8 10 10 8 8 8 10
left_child=1 2 3 -1 6 -6 7 10 -9 -7 -3 13 -13 -12
right_child=-2 4 -4 -5 5 9 -8 8 -10 -11 11 12 -14 -15
leaf_value=0.010628771446114306 -0.0012097191874640507 -0.0072414026830719697 0.00057427112500561415 -0.082340788016039945 0.020434146334442765 -0.064507737333943702 0.015968794736041233 -0.067469488730780403 0.039649603384597096 0.035167737065155705 0.0035034717088536465 -0.12571627556397541 -0.0010935271176070076 0.029087726104481484
leaf_weight=3.0479828356510561 1532.1897549846692 132.77801940191017 17.695979916938597 7.515922063785184 92.961785505097225 4.7979090467833876 76.955508216590772 9.3272296508672508 2.9656773297795089 2.2945221848643769 40.436428772616694 2.0749482413302749 82.298084386082223 48.957880185033048
leaf_count=318 374262 11297 5246 1635 6454 1761 28312 1306 120 3882 2125 238 6534 6862
internal_value=0.000102865 0.00394011 -0.0203932 -0.0555165 0.00532693 0.0166988 0.00245219 -0.000810202 -0.0416269 -0.032261 0.000826606 0.00699148 -0.00415832 0.017515
internal_weight=2056.3 524.108 28.2599 10.5639 495.848 100.054 395.794 318.838 12.2929 7.09243 306.545 173.767 84.373 89.3943
internal_count=450352 76090 7199 1953 68891 12097 56794 28482 1426 5643 27056 15759 6772 8987
is_linear=0
shrinkage=0.05


Tree=208
num_leaves=15
num_cat=0
split_feature=21 16 7 4 0 0 2 2 16 16 3 2 3 16
split_gain=5.80875 4.26813 4.12303 4.10212 2.93357 2.67796 4.0643 7.28629 6.57476 10.6791 4.87054 4.5042 3.55843 3.43156
threshold=1.5000000000000002 6.1235833168029794 5.4326922893524179 0.0029361546039581303 0.66484495997428905 0.70582419633865368 0.40857373178005224 -0.1133776195347309 3.4175922870635991 3.7256208658218388 0.044042706489562995 -0.029054401442408558 0.10152357816696168 4.2835628986358651
decision_type=10 10 8 8 8 8 8 10 8 10 8 8 8 10
left_child=1 2 -1 -3 -5 -4 7 -7 10 11 -9 -10 -11 -8
right_child=-2 3 5 4 -6 6 13 8 9 12 -12 -13 -14 -15
leaf_value=-0.094510900873668938 -0.087076798004026082 -0.073374019009626784 -0.0027936768527513974 -0.065375446564178014 0.04522701496929632 -0.00094800548691101501 -0.00094800548691101501 0.05943886431418724 0.12996957882164378 4.8725666069318819e-05 -0.00094800548691101501 0.053214721625456256 0.069792093458777668 0.0043338306030027999
leaf_weight=1.1692734447508428 1.9381837214641553 0.8868962137066746 824.45816399971773 0.63793287309638813 9.95775730285024 12.917745391319384 790.70488285412944 3.7692306204696679 2.17311681856836 15.95581601248705 5.6363151990703964 15.869197227330007 2.0656902085950142 366.91510250792521
leaf_count=526 772 538 287178 1794 3157 3766 81312 46 75 1911 638 471 477 67314
internal_value=-0.000558332 -0.000476656 -0.000647624 0.0299218 0.038568 -0.000593836 0.000897666 0.0137689 0.0251045 0.0352669 -0.000948005 0.0624595 0.00804296 0.000248478
internal_weight=2055.06 2053.12 2041.63 11.4826 10.5957 2040.47 1216.01 58.3871 45.4694 36.0638 9.40555 18.0423 18.0215 1157.62
internal_count=449975 449203 443714 5489 4951 443188 156010 7384 3618 2934 684 546 2388 148626
is_linear=0
shrinkage=0.05


Tree=209
num_leaves=15
num_cat=0
split_feature=3 1 11 18 18 17 16 18 16 4 4 4 10 14
split_gain=3.13567 3.02893 7.98818 12.0271 11.3374 7.38766 13.7494 5.55406 6.19549 5.88324 5.19243 4.86438 4.73614 4.47062
threshold=0.15457502007484439 1.5000000000000002 inf 0.13016201555728915 0.17104249447584155 4.8162329196929941 2.9174053668975835 0.14293887466192248 4.0689902305603036 0.0066692829132080087 0.0016718804836273196 0.0042276680469512948 0.031890051439404495 1.0000000180025095e-35
decision_type=10 8 8 8 10 8 10 10 10 8 10 10 10 10
left_child=1 2 3 -1 7 6 -5 8 13 -9 -6 -8 -3 -4
right_child=-2 12 4 5 10 -7 11 9 -10 -11 -12 -13 -14 -15
leaf_value=0.030455728700794844 -0.053941594161548458 0.00070848711124505803 -0.051861651263028691 0.030261170504442728 0.025646326977389396 0.0051875676802255848 -0.0022904713407301807 -0.11481796599987262 0.031596358939301239 -0.034576901340647836 -0.0061238512039902306 -0.049932540463592572 0.015229064615928933 -0.017872930506153604
leaf_weight=33.837759498754224 2.6613037441807128 1680.7344265642964 13.451578559252082 9.7273433468944841 15.002915009972638 83.025503591999041 7.0723360538831939 3.4998161741532359 4.9027707978675599 6.5775883650203477 90.078963363077492 22.100434574222163 58.097183695848798 34.457147686254757
leaf_count=600 82953 362000 226 190 77 1175 42 30 24 100 1070 409 623 338
internal_value=0.000296906 0.000366889 -0.00407375 0.00408238 -0.0116371 -0.00323696 -0.0212177 -0.0284285 -0.0219377 -0.0624441 -0.00158791 -0.0383827 0.00119364 -0.0274161
internal_weight=2065.23 2062.57 323.734 155.763 167.971 121.926 38.9001 62.8889 52.8115 10.0774 105.082 29.1728 1738.83 47.9087
internal_count=449857 366904 4281 2416 1865 1816 641 718 588 130 1147 451 362623 564
is_linear=0
shrinkage=0.05


Tree=210
num_leaves=15
num_cat=0
split_feature=18 18 4 18 4 8 14 0 15 4 16 12 3 1
split_gain=3.95732 5.62188 8.2597 6.03665 7.83152 6.29467 5.97777 5.53027 6.58145 5.26841 5.03084 4.56753 4.75483 5.38598
threshold=0.23081828653812411 0.2487113028764725 0.0013223886489868166 0.2435007840394974 0.024409174919128421 19.500000000000004 inf 0.70460382103919994 inf 0.0083661973476409929 3.9415346384048466 0.13125512748956683 0.079612195491790785 6.5000000000000009
decision_type=8 8 8 10 10 8 8 8 8 8 10 10 10 10
left_child=-1 2 -2 4 5 -4 -7 -5 -9 -8 -6 -3 13 -13
right_child=1 11 3 7 10 6 9 8 -10 -11 -12 12 -14 -15
leaf_value=0.0020847785246963821 -0.082739259815295146 -0.0020471049388833826 0.03830397266990393 -0.087415169600384313 -0.027645912631651261 -0.035729680918836514 0.052892608701293545 -0.052781088255440124 0.015252880893405672 -0.09055677164349063 0.06131771171112857 0.0057777197465920934 -0.064275132636487237 0.049319404510964934
leaf_weight=1104.9520891425218 4.4907411898097385 863.35833611094438 4.7792581156068081 4.3668085927751834 2.0973866159112315 20.535310274983324 3.6979178350738939 2.7214437017188402 5.7502105133560235 0.77403890045889046 6.5574972433764742 19.575218532439866 1.7021935077393653 11.146292986519255
leaf_count=172463 460 259548 507 2284 2551 2669 181 369 610 276 1943 2947 2641 661
internal_value=4.93766e-05 -0.00231415 -0.0177167 -0.0120225 -0.00210843 -0.0142735 -0.0243218 -0.0417075 -0.018147 0.0280633 0.0397587 -0.0013552 0.0170684 0.0215754
internal_weight=2056.5 951.553 55.7706 51.2799 38.4414 29.7865 25.0073 12.8385 8.47165 4.47196 8.65488 895.782 32.4237 30.7215
internal_count=450110 277647 11850 11390 8127 3633 3126 3263 979 457 4494 265797 6249 3608
is_linear=0
shrinkage=0.05


Tree=211
num_leaves=15
num_cat=0
split_feature=13 2 13 2 3 4 18 9 13 13 18 16 13 17
split_gain=4.60288 7.87532 8.89871 7.30481 10.3824 7.27772 5.72668 6.37434 5.56053 5.33923 4.83762 5.02781 7.14586 4.82767
threshold=0.018693221732974056 0.9545550048351289 0.070197045803070082 1.9278427958488467 0.028953254222869877 0.012214094400405886 0.29524835944175726 0.64932385087013256 0.057417582720518119 0.40312500298023229 0.55307602882385265 4.8559212684631357 0.22086720913648608 5.6886675357818612
decision_type=10 10 10 10 10 10 10 10 10 10 8 8 10 10
left_child=-1 5 6 4 -4 8 -3 -8 -2 -10 11 12 -6 -7
right_child=1 2 3 -5 10 13 7 -9 9 -11 -12 -13 -14 -15
leaf_value=-0.0010032609754287534 -0.067379141181238986 0.048756005564345478 -0.090037871754895499 0.00072756630214535281 0.0025968812785284105 0.0061532541696989913 -0.093286735795008319 0.058349740004887435 0.027955657488641442 -0.066770531468398717 -0.067347961055073513 0.040630120500158989 -0.08168507518876672 -0.048486865406200931
leaf_weight=1835.1341316755372 1.6258420572498824 12.475697801224213 5.5533117247978252 85.153065326852811 9.848365450779573 13.509651559978979 1.6559641364235624 1.1918837151461046 74.702477789788304 1.5177974049756802 3.4799339497276938 4.8409016616287763 3.377397406213162 5.7687391233651502
leaf_count=412134 712 217 325 1384 782 15477 161 16 10313 940 591 161 446 6598
internal_value=-0.0001762 0.00657841 -0.00158893 -0.00646791 -0.0290775 0.0173065 0.0341521 -0.0298237 0.0241176 0.0260693 -0.0133658 -0.00296798 -0.0189258 -0.0101969
internal_weight=2059.84 224.701 127.577 112.253 27.0999 97.1245 15.3235 2.84785 77.8461 76.2203 21.5466 18.0667 13.2258 19.2784
internal_count=450257 38123 4083 3689 2305 34040 394 177 11965 11253 1980 1389 1228 22075
is_linear=0
shrinkage=0.05


Tree=212
num_leaves=15
num_cat=0
split_feature=16 16 13 10 4 17 12 16 4 17 16 4 4 17
split_gain=3.39282 3.54294 5.48366 6.54002 8.06818 6.37813 5.89497 8.95296 10.5089 6.94014 5.30371 13.4527 11.6522 7.11188
threshold=5.7317204475402841 3.5694335699081425 0.018693221732974056 0.023563415743410591 0.00022849440574645999 5.0005793571472177 0.043961353600025184 4.2121002674102792 0.00049230456352233898 6.0991966724395761 3.6762205362319951 0.011054575443267824 0.0014651119709014895 4.0517470836639413
decision_type=10 8 10 8 8 8 10 8 8 8 8 10 8 8
left_child=1 -1 3 4 5 -3 7 -4 -9 -8 11 12 -5 -12
right_child=-2 2 6 10 -6 -7 9 8 -10 -11 13 -13 -14 -15
leaf_value=0.0024913170570165532 0.016973668822490563 0.56136893123849008 0.057888109339265005 0.017076440048845062 -0.047704287789192279 0.077681178324669253 -0.0040580851576728812 0.058075201748214622 -0.073136802816649082 0.019381479427022886 0.030558167898287514 0.0087775267531125436 -0.048835530532308435 -0.0022396977051666509
leaf_weight=835.17266548656437 29.824974079374442 0.079156138265258913 12.356293498790309 8.5019072334542596 11.977764127160114 0.49043517223617528 99.700550459611136 2.7125881459687653 3.4883880352394385 46.21968604735558 16.82336941674771 31.359672476004732 31.731437992335714 943.01440245339927
leaf_count=142983 16469 173 881 696 70825 375 21252 49 1548 4800 6851 11262 3886 168046
internal_value=0.000231405 -1.29342e-05 -0.00174364 -0.00308054 -0.038961 0.144899 0.00674195 0.0332854 -0.0157387 0.00336631 -0.00264405 -0.0157722 -0.0349073 -0.00166484
internal_weight=2073.45 2043.63 1208.46 1043.98 12.5474 0.569591 164.478 18.5573 6.20098 145.92 1031.43 71.593 40.2333 959.838
internal_count=450096 433627 290644 262114 71373 548 28530 2478 1597 26052 190741 15844 4582 174897
is_linear=0
shrinkage=0.05


Tree=213
num_leaves=15
num_cat=0
split_feature=7 2 3 16 8 2 2 18 17 14 0 17 9 10
split_gain=3.56534 3.24103 7.53298 4.79805 4.88943 5.43931 7.97406 6.27535 4.64076 6.64146 6.37634 5.43095 5.16476 4.51273
threshold=5.4326922893524179 2.8114801645278935 1.0000000180025095e-35 2.1383330821990971 28.500000000000004 2.0991011857986455 0.69295841455459606 0.081102162599563613 5.5664324760437021 1.0000000180025095e-35 0.71910580992698681 5.4049246311187753 0.55504614114761364 0.022343332879245285
decision_type=8 10 10 8 8 10 8 10 10 10 10 8 8 8
left_child=-1 3 8 4 -2 6 -6 -8 9 12 -11 -12 -3 -5
right_child=1 2 -4 13 5 -7 7 -9 -10 10 11 -13 -14 -15
leaf_value=-0.079996695074386101 0.035651082477216128 -0.039529714521422774 0.010910228730863421 -0.022482953297062583 0.016967459996407783 0.03051553622260883 -0.039529714521422774 0.0049167151879944034 0.0078199465456303529 -0.039529714521422774 -0.025712100827656122 0.0066406970149352875 0.0014749994226877165 -0.00044274208455433531
leaf_weight=1.3616554195043591 17.564681331122983 6.3098425616335589 237.50788640316387 23.60205889960163 17.04897700668252 14.195550339927648 7.095744396607869 8.3090044516693506 94.503980074525316 6.7725942435208699 16.653111664272728 19.580902077959763 136.02344736004579 1452.0739820623367
leaf_count=533 2657 106 2339 111037 6759 121 1243 391 1120 85 248 167 2253 320653
internal_value=0.000883733 0.000937266 0.00436116 -0.000213049 0.0131664 0.00470032 -0.00659148 -0.032665 -0.00119714 -0.0057949 -0.0230137 -0.0118945 -0.000592171 -0.000795255
internal_weight=2058.6 2057.24 517.352 1539.89 64.214 46.6493 32.4537 15.4047 279.844 185.34 43.0066 36.234 142.333 1475.68
internal_count=449712 449179 6318 442861 11171 8514 8393 1634 3979 2859 500 415 2359 431690
is_linear=0
shrinkage=0.05


Tree=214
num_leaves=15
num_cat=0
split_feature=16 7 10 4 4 1 17 0 17 16 4 17 4 17
split_gain=4.62576 4.0487 3.75271 8.52871 4.21372 4.16088 4.88317 4.15213 3.98535 4.69673 5.4192 6.83038 4.61058 4.08912
threshold=2.8029010295867924 126.08965301513673 0.022343332879245285 0.017837196588516239 0.017548114061355594 71.500000000000014 5.3008110523223886 0.65853589773178112 6.6153953075408944 5.7884287834167489 0.00095802545547485362 5.3589394092559823 0.00082460045814514171 6.66949486732483
decision_type=8 10 8 8 10 10 8 8 10 10 8 8 10 10
left_child=1 -1 3 4 8 7 -7 -4 9 10 11 12 -2 -10
right_child=2 -3 5 -5 -6 6 -8 -9 13 -11 -12 -13 -14 -15
leaf_value=0.0045352928599699223 0.11855081941751444 0.05496928471425238 -0.0074815727349469676 -0.059722352076252129 0.24707104251023743 -0.057186927114340272 0.046868102358128973 -0.00027269894337610091 0.36532115437935708 0.07360099760643099 -0.039263413279948478 -0.054060618072618388 0.49479424037486286 0.059365184312801127
leaf_weight=323.57737993975718 0.76185211253595908 4.0288712002566163 231.39319995831019 8.7808923533502519 0.17887887203858177 1.3120824217889833 8.0146038167201965 1460.4193917228486 0.13302727173140816 1.5696250493954824 6.9619255559792927 0.67558955327422165 0.091169004974290146 0.60988995174375304
leaf_count=46325 1250 237 176187 66280 392 6831 3917 111513 100 3567 31135 1634 122 319
internal_value=-0.000290063 0.00515553 -0.00132673 -0.0229893 0.00638156 -0.00107507 0.0322296 -0.00125867 0.00239619 -0.00585654 -0.0205457 0.0647027 0.158763 0.11415
internal_weight=2048.51 327.606 1720.9 19.7628 10.982 1701.14 9.32669 1691.81 10.8031 10.0602 8.49054 1.52861 0.853021 0.742917
internal_count=449809 46562 403247 104799 38519 298448 10748 287700 38127 37708 34141 3006 1372 419
is_linear=0
shrinkage=0.05


Tree=215
num_leaves=15
num_cat=0
split_feature=9 9 10 16 10 16 13 4 9 4 4 8 15 9
split_gain=3.17169 8.52569 6.54195 5.24289 4.48637 5.40201 7.29764 5.99553 5.31976 3.74441 3.45823 3.72427 3.32608 4.94038
threshold=0.62940672039985668 0.67390412092208873 0.022444386966526512 2.3502402305603032 0.023972609080374244 1.8688347935676577 0.14415584504604342 0.011054575443267824 0.47412370145320898 0.010864883661270143 0.0050748288631439218 3.5000000000000004 1.0000000180025095e-35 0.31020008027553564
decision_type=8 8 10 10 10 8 8 8 10 10 10 8 8 10
left_child=4 2 10 -4 5 -1 7 8 -7 -10 11 -2 13 -6
right_child=1 -3 3 -5 12 6 -8 -9 9 -11 -12 -13 -14 -15
leaf_value=0.076407116228538421 0.3170308872842108 -0.00031472749311562678 0.010231731467238499 -0.064930356638167444 0.067810859679483762 -0.05491641723284138 -0.057288189529887457 -0.055879262761940211 0.12383437255031178 0.45406222201775476 -0.055598153812455489 0.048165064112877645 0.015253227595755226 -0.046123220337630666
leaf_weight=1.2829302513805458 0.13764489964341919 1918.2431440453479 2.9138956030110412 11.386117791753803 1.187941743606302 0.43365187155041018 7.6921397293275788 1.0542242622061335 1.1633064136221944 0.092680257250321918 0.81449579362538305 2.003931835145071 79.947003851142881 4.7796784698141437
leaf_count=748 69 354912 92 749 42 2799 64835 11577 1616 39 5916 1267 4884 419
internal_value=-0.000185929 -0.000629472 -0.0356174 -0.0496147 0.00860691 -0.0204138 -0.0323163 0.0376899 0.096071 0.148202 0.0320942 0.0654458 0.0125654 -0.023443
internal_weight=2033.13 1935.5 17.2561 14.3 97.6336 11.7189 10.436 2.74386 1.68964 1.25599 2.95607 2.14158 85.9146 5.96762
internal_count=449964 363005 8093 841 86959 81614 80866 16031 4454 1655 7252 1336 5345 461
is_linear=0
shrinkage=0.05


Tree=216
num_leaves=15
num_cat=0
split_feature=13 2 3 16 18 16 3 14 18 16 11 12 13 18
split_gain=3.32283 6.48337 8.85156 6.43581 6.66961 7.50334 6.17438 6.95404 6.86779 6.15193 5.59515 4.80388 4.63117 4.57531
threshold=0.4301948100328446 0.9545550048351289 0.037637472152709968 3.9607677459716801 0.23828956484794619 3.2384861707687382 0.051734060049057014 1.0000000180025095e-35 0.040764128789305694 2.9700856208801274 0.085144929587841048 0.10102041065692903 0.30839161574840551 0.1336697340011597
decision_type=8 10 10 8 8 10 10 8 8 8 10 8 10 10
left_child=1 6 -3 4 5 -4 8 11 -1 -10 -5 -8 13 -11
right_child=-2 2 3 10 -6 -7 7 -9 9 12 -12 -13 -14 -15
leaf_value=0.066126136847155098 -0.001255322846628059 0.0023847766451248927 0.014227341078462347 -0.049497413734413929 0.043045019402497553 -0.071363838111241737 0.038966801426818548 -0.0059102929189061848 -0.075115597779204804 -0.013403733321807047 0.056142478780716314 -0.06545452150319539 0.057607017809288646 0.019507418894810183
leaf_weight=7.3346482209612125 1617.4562052005692 215.12251503496009 5.6820460598453355 19.310855754504363 5.6924743492774033 4.6610227948273177 14.493041552454656 67.83570952847829 1.8233351011740513 12.529910078594126 1.3404220009761036 1.1920101728243793 6.7028646072778875 67.178659665237959
leaf_count=428 353270 3694 444 3253 602 810 13658 39760 1003 4515 73 1455 1430 25982
internal_value=-0.000215898 0.00368577 -0.00148652 -0.0241868 -0.000421277 -0.0243437 0.0109582 0.00102724 0.0196372 0.0157728 -0.0426406 0.0310311 0.0176906 0.0143339
internal_weight=2048.36 430.9 251.809 36.6868 16.0355 10.3431 179.09 83.5208 95.5694 88.2348 20.6513 15.6851 86.4114 79.7086
internal_count=450377 97107 8876 5182 1856 1254 88231 54873 33358 32930 3326 15113 31927 30497
is_linear=0
shrinkage=0.05


Tree=217
num_leaves=15
num_cat=0
split_feature=21 15 14 17 3 17 18 18 3 2 2 2 8 2
split_gain=4.42039 3.96841 5.3607 6.10905 5.76371 7.0386 5.96254 9.7222 8.43855 6.27943 5.82414 5.31709 8.53038 6.70915
threshold=1.5000000000000002 1.0000000180025095e-35 1.0000000180025095e-35 5.1029059886932382 0.040469348430633552 5.9067223072052011 0.1789570823311806 0.14121587574481967 0.036147534847259528 2.3373203277587895 1.447990953922272 0.82619047164917003 1.5000000000000002 2.4668344259262089
decision_type=10 8 8 8 10 10 8 10 8 10 8 8 8 8
left_child=1 2 3 -1 5 6 7 9 10 -4 -8 -5 -13 -14
right_child=-2 -3 4 11 -6 -7 8 -9 -10 -11 -12 12 13 -15
leaf_value=-0.0038060232057213158 -0.083930177677086729 0.00083818865331858707 -0.091625223204207407 -0.0061900754124081742 -0.015223079070844601 0.026453537865926843 0.048666436257440937 0.06032113897584538 -0.075561285678533541 0.013702005850280514 -0.016430895606163856 0.064180186774641823 -0.091014260082250525 -0.033797511406057391
leaf_weight=49.345103934232242 1.5658338922048631 1849.2308691713729 2.2137080643354903 14.883870771618716 37.529883344222782 32.132234241940921 4.1783264733821888 7.5975743264419862 5.1442970732851157 3.9223856082535349 19.338198568017109 1.7099642087050597 7.3994605025950495 16.656466751531358
leaf_count=8479 776 389306 681 8506 16784 2988 177 367 6027 45 451 145 1043 14654
internal_value=4.71413e-05 0.000111245 -0.00654195 -0.0156298 0.000756662 0.00880368 -0.00457375 0.0225146 -0.0175539 -0.0242967 -0.00486465 -0.0299827 -0.0437267 -0.051397
internal_weight=2052.85 2051.28 202.051 89.9949 112.057 74.5267 42.3945 13.7337 28.6608 6.13609 23.5165 40.6498 25.7659 24.0559
internal_count=450429 449653 60347 32827 27520 10736 7748 1093 6655 726 628 24348 15842 15697
is_linear=0
shrinkage=0.05


Tree=218
num_leaves=15
num_cat=0
split_feature=15 16 12 4 17 18 12 4 4 16 12 10 0 18
split_gain=4.10276 7.45355 6.53157 7.87175 6.41018 14.4033 7.31896 10.071 6.88887 6.13289 6.0676 5.84834 5.53127 5.28619
threshold=1.0000000180025095e-35 3.9607677459716801 0.063164893537759795 0.0042276680469512948 6.0991966724395761 0.29826705157756811 0.019419306889176372 0.0063078999519348153 0.005943387746810914 4.8940944671630868 0.20227272808551791 0.014389234129339458 0.76154097914695751 0.164396807551384
decision_type=8 8 8 8 10 10 10 8 8 10 8 8 10 10
left_child=1 2 3 -1 6 8 11 -8 10 -9 -6 -3 -11 -5
right_child=-2 4 -4 13 5 -7 7 9 -10 12 -12 -13 -14 -15
leaf_value=-0.096303244294710239 0.0008684451949062008 0.076727011880401277 -0.0025520414157675603 0.00031672088554079438 -0.081860314817765512 0.03889633854716084 0.046982116262860502 -0.079225527835053433 -0.058743761287980645 -0.064214495403547178 0.042073639294322257 -0.03146266889578269 0.048243354249597407 0.059783359950196117
leaf_weight=1.13438825107369 1856.0647456535462 1.2730452043979594 73.04942600287643 5.6290959632814319 1.2930171122388854 15.156213924934177 8.2112659228150751 3.683990544921981 8.7327822491839129 1.7285989203739687 4.1809276199428504 66.437170016258023 2.9756474985042587 11.118769651159878
leaf_count=478 389729 7643 16822 1485 273 2659 1184 1787 3811 1871 619 20509 34 980
internal_value=0.000127707 -0.00659189 0.00407811 0.0311625 -0.0151273 0.00499217 -0.0221344 0.00761894 -0.0311779 -0.0309138 0.0127988 -0.0294286 0.00692015 0.0397961
internal_weight=2060.67 204.604 90.9317 17.8823 113.673 29.3629 84.3097 16.5995 14.2067 8.38824 5.47394 67.7102 4.70425 16.7479
internal_count=449884 60155 19765 2943 40390 7362 33028 4876 4703 3692 892 28152 1905 2465
is_linear=0
shrinkage=0.05


Tree=219
num_leaves=15
num_cat=0
split_feature=16 15 18 2 2 15 12 17 4 0 17 15 12 4
split_gain=4.05662 6.21594 3.51817 6.69478 5.1464 4.93568 4.27073 10.9172 5.10549 6.61165 5.63988 3.24244 7.29828 5.78088
threshold=6.3035306930542001 inf 0.040764128789305694 -0.59441286325454701 1.0388943552970888 1.0000000180025095e-35 0.08876050636172296 6.20959496498108 0.0066692829132080087 0.7211923897266389 5.4531798362731942 1.0000000180025095e-35 0.059714796021580703 0.015666365623474125
decision_type=10 8 8 8 10 8 10 8 8 8 10 10 8 10
left_child=2 -2 3 -1 5 -5 7 8 9 10 -7 -6 -13 -14
right_child=1 -3 -4 4 11 6 -8 -9 -10 -11 -12 12 13 -15
leaf_value=-0.062107216057261799 0.060713234875709857 -0.073423553647824144 -0.00067035050342103587 -0.064473699127243655 0.0086537943882479644 0.0097474632582302996 0.062272593042448365 -0.078524001227055037 0.04154469551181636 0.054908562194692014 -0.085552030000679513 0.031475849866895583 -0.11663702063877811 -0.0088311164170543945
leaf_weight=3.0108508166215415 5.4347787559461409 1.0268614096712401 1976.9040154438262 1.4990704612039281 15.882055585169384 2.8866915570690717 7.3978291458195136 2.5795128412888735 21.863884878401336 3.1359735603200543 2.8380937503716268 2.9868654259626055 2.7155595717485985 2.2939559253454718
leaf_count=2473 1459 1943 434418 1705 575 203 138 1318 4762 278 270 41 126 100
internal_value=-0.000157822 0.0393967 -0.000282743 0.010808 0.0141303 0.0246265 0.0279081 0.0202747 0.0285694 -0.00344707 -0.0354136 -0.00441984 -0.0303861 -0.0672706
internal_weight=2052.46 6.46164 2045.99 69.0903 66.0795 42.2011 40.702 33.3042 30.7246 8.86076 5.72479 23.8784 7.99638 5.00952
internal_count=449809 3402 446407 11989 9516 8674 6969 6831 5513 751 473 842 267 226
is_linear=0
shrinkage=0.05


Tree=220
num_leaves=15
num_cat=0
split_feature=8 17 10 1 11 9 3 10 8 7 14 18 8 10
split_gain=3.84869 5.06838 5.24177 4.98274 7.71339 6.06424 4.83164 4.99898 4.13345 3.64729 3.41842 4.66591 4.66106 3.41752
threshold=20.500000000000004 6.4653663635253915 0.027364549227058891 7.5000000000000009 1.0000000180025095e-35 0.66829702258110057 0.040469348430633552 0.025407550856471065 19.500000000000004 6.361748695373536 inf 0.677992343902588 24.500000000000004 0.02883220370858908
decision_type=10 8 8 8 8 10 10 10 10 8 8 10 8 10
left_child=8 2 3 -2 5 -5 -6 -8 9 -1 11 12 -4 -10
right_child=1 -3 10 4 6 -7 7 -9 13 -11 -12 -13 -14 -15
leaf_value=-0.082366646686918704 -0.055291693538544108 -0.081628585813546858 0.021261381173899554 0.04570114255933011 -0.079367922983931583 -0.079555445966899438 -0.073405298266352725 0.068633571832259141 -0.090112769189067465 -0.00057943557261648873 0.057662464248205793 0.058390971112367934 -0.053963931765548881 0.019484791761946216
leaf_weight=1.3640689986879124 3.5566854527506306 1.3438662271229294 6.7227918506869173 10.188932664853839 3.1244022493066543 1.0675534217780853 1.0193783583718388 1.5789249978382711 2.3080100156739709 1998.4993990021126 8.8399196390055277 4.8263007460909639 2.9684200283990538 1.0281582183670255
leaf_count=441 290 3329 130 19097 16034 2372 1031 110 4235 402911 94 53 68 11
internal_value=-0.0004023 0.0140198 0.0169483 -0.00147921 0.00979307 0.0338219 -0.0374714 0.0129082 -0.000727987 -0.000635221 0.0331497 0.0182235 -0.00178015 -0.0563364
internal_weight=2048.44 45.2372 43.8933 20.5359 16.9792 11.2565 5.72271 2.5983 2003.2 1999.86 23.3574 14.5175 9.69121 3.33617
internal_count=450206 42608 39279 38934 38644 21469 17175 1141 407598 403352 345 251 198 4246
is_linear=0
shrinkage=0.05


Tree=221
num_leaves=15
num_cat=0
split_feature=10 16 16 8 3 14 2 9 16 15 17 3 8 3
split_gain=3.53124 3.4926 7.55237 6.95993 6.86311 8.05678 6.62948 5.11094 5.00183 6.69726 8.80282 8.22037 10.8757 8.34162
threshold=0.012422839645296337 4.2972624301910409 4.2555875778198251 24.500000000000004 0.046258896589279182 inf 0.98174065351486217 0.94734570384025585 4.388237953186036 1.0000000180025095e-35 5.7541573047637948 0.021053433418273929 10.500000000000002 0.042945027351379401
decision_type=8 8 8 10 10 8 10 8 8 8 8 8 8 10
left_child=-1 2 -2 8 5 7 -6 -4 -3 10 -10 -12 -13 -14
right_child=1 3 4 -5 6 -7 -8 -9 9 -11 11 12 13 -15
leaf_value=-0.052714280747133802 -0.00076068472667558643 0.0165600065230735 0.021584166158540433 -0.083041452192270174 -0.036233232311159949 0.027981286792587341 0.058840422454004317 -0.091965025650106516 -0.040963515111624355 0.0040474113255267721 -0.036689847679580549 -0.078106790948665447 0.035736169146425641 -0.011359071259595952
leaf_weight=3.1528975075480901 1363.7755618778995 66.083348058085946 1.1309954323533018 2.3312775943375064 4.2733208013578112 2.2358986224749637 3.2115958180668258 8.0059494401134241 19.370741718319493 528.34517057450216 12.902544869953998 3.3077534165228997 22.830355564928624 15.985923755887482
leaf_count=38377 247283 12629 445 909 3082 189 217 528 11968 119151 230 2927 3627 8116
internal_value=0.000160167 0.000241338 -0.00119523 0.00320077 -0.0326209 -0.0570915 0.00456056 -0.0779096 0.00350138 0.00206966 -0.0119757 -0.00177126 0.00892427 0.0163407
internal_weight=2056.94 2053.79 1382.63 671.157 18.8578 11.3728 7.48492 9.13694 668.826 602.742 74.3973 55.0266 42.124 38.8163
internal_count=449678 411301 251744 159557 4461 1162 3299 973 158648 146019 26868 14900 14670 11743
is_linear=0
shrinkage=0.05


Tree=222
num_leaves=15
num_cat=0
split_feature=7 13 13 4 4 0 1 9 3 18 3 18 18 12
split_gain=4.8899 4.50402 4.91698 4.47515 5.29574 6.26353 10.207 4.12325 4.08792 7.1433 4.35108 3.95032 3.91531 4.13997
threshold=5.4326922893524179 0.018693221732974056 0.038838613778352744 0.0057838559150695809 0.0030968487262725834 0.71519094705581676 20.500000000000004 0.52720084786415111 0.044042706489562995 0.60566774010658275 0.079612195491790785 0.27782019972801214 0.86049962043762218 0.14119601994752887
decision_type=8 10 8 10 8 8 8 10 10 10 10 8 8 10
left_child=-1 -2 -3 4 5 -4 -7 12 9 -6 -10 -8 -5 -14
right_child=1 2 3 7 8 6 11 -9 10 -11 -12 -13 13 -15
leaf_value=-0.081224867406465687 -0.0012632165785898307 0.056662230770963308 -0.027255126077763703 -0.0027516143577282085 0.020319312349844586 -0.0041992169532534054 0.069687031545457981 0.023358311532094177 0.059096872712915 -0.040834108156232084 -0.040834108156232084 -0.0077901734077646251 -0.040834108156232084 0.016947779525646078
leaf_weight=1.8750593587857907 1818.7819360061262 4.7405336137266403 14.725010436038884 84.496437063462693 48.12072907045831 25.807706128427526 8.0268456425947043 13.806446967177576 10.077873152120443 1.9862798889612339 0.85068047457093676 0.79966392288645316 4.9802293894950065 3.1066558783550704
leaf_count=534 411543 770 2384 19354 1872 386 458 4368 733 764 600 939 4128 1395
internal_value=-0.00051752 -0.000443349 0.00628799 0.00518643 0.0122388 6.10789e-05 0.0116748 -0.00213143 0.0220869 0.0160438 0.0497944 0.0580885 -0.00593258 -0.0391691
internal_weight=2042.18 2040.31 221.525 216.785 110.395 49.3592 34.6342 106.39 61.0356 50.107 10.9286 8.82651 92.5833 8.08689
internal_count=450228 449694 38151 37381 8136 4167 1783 29245 3969 2636 1333 1397 24877 5523
is_linear=0
shrinkage=0.05


Tree=223
num_leaves=15
num_cat=0
split_feature=21 9 9 2 16 10 10 13 16 9 16 10 9 18
split_gain=4.13185 3.77828 3.88282 5.69247 3.4765 5.26285 5.22239 5.23337 4.39752 4.21389 4.01892 8.05433 3.97973 4.17218
threshold=1.5000000000000002 0.61181584000587474 0.59810286760330211 2.2195549011230473 2.0126758217811589 0.027651081793010238 0.023972609080374244 0.14415584504604342 3.979637980461121 0.47412370145320898 4.6586997509002694 0.02791679743677378 0.52720084786415111 0.50039246678352367
decision_type=10 8 8 8 8 8 8 8 8 10 8 10 10 10
left_child=1 2 4 -4 5 -1 7 9 -8 -6 -10 -12 13 -11
right_child=-2 -3 3 -5 6 -7 8 -9 10 12 11 -13 -14 -15
leaf_value=0.065743616916221131 -0.08464588230161596 -9.610669759949788e-05 -0.08714248163838266 0.066112328096076589 -0.056246729892391045 -0.03280655869607723 -0.0025755456828938268 -0.056726337017168671 0.040715144083395459 0.063014234324300047 -0.090103597673945393 0.020200856201459297 -0.054726006165082768 0.26663090779751314
leaf_weight=5.3669158010789033 1.4308621759751066 1966.7841526824691 0.68187083962652562 5.4395518016431197 0.94740392254403394 1.8121229050120806 34.414188738314699 6.1902124061030417 15.860916463177263 0.86701010700014058 1.9663263075171915 10.450681964322028 0.43031543418788931 0.35442331739920974
leaf_count=1227 762 366095 318 2544 10232 58 2441 59553 1080 984 712 433 2656 1071
internal_value=0.000290155 0.000349393 0.0106842 0.0490411 0.0076992 0.0408677 0.00436801 -0.031726 0.00942836 0.0278154 0.0240371 0.00273332 0.0760314 0.122098
internal_weight=2053 2051.57 84.7819 6.12142 78.6605 7.17904 71.4815 8.78937 62.6921 2.59915 28.2779 12.417 1.65175 1.22143
internal_count=450166 449404 83309 2862 80447 1285 79162 74496 4666 14943 2225 1145 4711 2055
is_linear=0
shrinkage=0.05


Tree=224
num_leaves=15
num_cat=0
split_feature=13 12 1 13 2 17 17 12 17 0 0 0 4 4
split_gain=3.6581 5.33369 5.26537 4.45963 4.45 6.3161 4.68218 6.20483 4.17656 4.06208 3.29718 3.27067 3.08835 4.93765
threshold=0.13714733719825747 0.086335405707359328 12.500000000000002 0.4301948100328446 1.9278427958488467 5.3958952426910409 5.4701652526855478 0.082482993602752699 3.7494349479675297 0.68952423334121715 0.74292179942131054 0.72347849607467662 0.013444721698760988 0.015973031520843509
decision_type=10 10 8 10 10 10 8 10 8 10 10 10 10 8
left_child=1 9 4 10 5 8 -7 -8 -2 -1 -4 -5 -9 -14
right_child=2 -3 3 11 -6 6 7 12 -10 -11 -12 -13 13 -15
leaf_value=-0.0030407186631272003 0.10644712045575258 -0.074365108615482609 0.016145287628945643 -0.071804239179749735 0.005160432001266509 0.057132879973669143 0.033826419245715944 -0.080807326662213616 -0.079850487679907531 0.0016139873179279087 0.048585053175538212 0.042342939943530493 0.054935736816923243 -0.10127066539060126
leaf_weight=846.23655907640909 0.31993244491055151 2.4446041775929634 55.011355113369248 2.2718791263289968 59.689063838885886 2.5237126392461819 3.3665368135900735 3.5086643126560375 5.0428453642064426 1050.6227348026034 9.1334744010819104 0.86704578946228128 1.3264265861944298 0.81780968272988719
leaf_count=383665 20 1301 17216 2778 923 106 169 257 942 42316 210 48 24 295
internal_value=2.45838e-05 -0.000557714 0.00771134 0.0179168 -0.00125347 -0.0238988 -0.00306787 -0.0199125 -0.0687364 -0.000462594 0.0207643 -0.0402741 -0.0519163 -0.00464124
internal_weight=2043.18 1899.3 143.879 67.2838 76.595 16.9059 11.5432 9.01944 5.36278 1896.86 64.1448 3.13892 5.6529 2.14424
internal_count=450270 427282 22988 20252 2736 1813 851 745 962 425981 17426 2826 576 319
is_linear=0
shrinkage=0.05


Tree=225
num_leaves=15
num_cat=0
split_feature=8 10 3 11 2 9 10 18 7 0 18 3 4 3
split_gain=3.19527 6.40387 4.29439 3.90834 6.32626 3.91433 3.7109 3.56255 3.13806 3.04382 5.77271 7.58589 3.78024 7.71765
threshold=20.500000000000004 0.027364549227058891 0.024083048105239872 1.0000000180025095e-35 1.855892062187195 0.66829702258110057 0.027214052155613903 0.15680854022502902 6.361748695373536 0.68866166472435009 0.14293887466192248 1.0000000180025095e-35 0.0053938627243042001 0.079612195491790785
decision_type=10 8 8 8 10 10 10 8 8 8 10 8 10 10
left_child=8 3 7 4 5 -2 -5 -3 -1 10 -10 -12 13 -13
right_child=1 2 -4 6 -6 -7 -8 -9 9 -11 11 12 -14 -15
leaf_value=-0.0731743450989496 0.030334184048588321 0.045138748691082697 0.056846214886005914 -0.058125553204219138 -0.089139105605697933 -0.077903785268405037 0.059257253013710001 -0.0049588151041719715 -0.00043400222572835111 0.0016928528950793784 -0.036370117416093195 -0.00043400222572835111 -0.010021540889485888 -0.036370117416093195
leaf_weight=1.4489654606822171 9.7446153994880547 5.7231988239945233 9.614978508395323 5.0080569330703488 1.48376710985758 0.91360489166103853 0.77788360806789558 9.3399233188247308 266.28918345332011 1421.1983804058104 17.937012011898304 103.77801353449374 201.21274407631191 8.0926728334154614
leaf_count=493 20922 51 215 18647 83 2554 19 112 77767 140289 269 14699 163205 10903
internal_value=0.000667124 0.0142176 0.0307397 -0.00852529 0.00759019 0.0210562 -0.0423442 0.0140756 0.000381309 0.00043411 -0.00256086 -0.00762846 -0.00580896 -0.000434002
internal_weight=2062.56 42.606 24.6781 17.9279 12.142 10.6582 5.78594 15.0631 2019.96 2018.51 597.31 331.02 313.083 111.871
internal_count=450228 42603 378 42225 23559 23476 18666 163 407625 407132 266843 189076 188807 25602
is_linear=0
shrinkage=0.05


Tree=226
num_leaves=15
num_cat=0
split_feature=9 9 2 16 18 16 16 18 13 10 18 18 2 3
split_gain=4.17823 7.27235 3.9502 4.20493 3.38975 6.13343 5.97829 4.97325 3.59807 6.93766 3.98836 4.17938 3.69874 3.41538
threshold=0.63728737831115734 0.65993061661720287 -0.77156260609626759 2.3502402305603032 0.24075701832771304 3.8815106153488164 3.5114340782165532 0.34879581630229956 0.036038961261510856 0.027886155992746357 0.94647634029388439 0.92810064554214489 2.3373203277587895 0.05491957068443299
decision_type=8 8 8 10 10 10 10 10 8 8 10 8 10 10
left_child=4 2 -2 -4 -1 6 7 -6 10 -10 11 -7 -11 -8
right_child=1 -3 3 -5 5 8 13 -9 9 12 -12 -13 -14 -15
leaf_value=0.018398385577194282 0.088949531949321217 0.00020925699243565083 0.018136462429257063 -0.069434878707993725 -0.064911370593512777 0.055579753660472735 -0.096870268417974539 0.027674994374671164 -0.046342707043590052 0.04005415127311826 -0.065147139850438365 0.32192508739412623 -0.003590573381805295 0.014732030085097228
leaf_weight=57.438138960670244 0.52482926823205389 1951.3649149380462 1.7043456647987758 7.0045106565549986 2.1290942278411062 4.6573110685930601 3.7001667307422395 4.5499197014557353 5.4987025066001962 9.2960194893507921 0.68263454610166707 0.152096038400657 10.159678115704081 0.84143385683671557
leaf_count=33047 114 357563 397 3658 1655 4339 3714 1669 38197 482 4458 83 192 709
internal_value=0.000506094 -2.17523e-07 -0.0442687 -0.0522969 0.0105225 -0.000334537 -0.0319344 -0.00183911 0.0113112 0.00324754 0.0479501 0.0640028 0.0172631 -0.0761934
internal_weight=2059.7 1960.6 9.23369 8.70886 99.1052 41.6671 11.2206 6.67901 30.4464 24.9544 5.49204 4.80941 19.4557 4.5416
internal_count=450277 361732 4169 4055 88545 55498 7747 3324 47751 38871 8880 4422 674 4423
is_linear=0
shrinkage=0.05


Tree=227
num_leaves=15
num_cat=0
split_feature=2 14 2 17 3 0 4 3 3 17 0 17 2 4
split_gain=3.57181 5.05723 8.74249 6.77747 6.21696 5.95932 4.04386 6.22971 5.13751 4.89899 5.47111 4.24479 3.99549 3.87622
threshold=-0.4133929163217544 inf -0.42616996169090265 3.7954261302948002 0.092177301645278945 0.64611279964447033 0.0023365318775177006 0.051734060049057014 0.048194736242294318 6.2662508487701425 0.71519094705581676 6.3690412044525155 -1.0623880624771116 0.032696813344955451
decision_type=8 8 10 8 10 10 10 10 10 10 10 10 10 8
left_child=1 3 12 4 -1 -4 9 8 -8 10 -5 -11 13 -3
right_child=-2 2 5 6 -6 -7 7 -9 -10 11 -12 -13 -14 -15
leaf_value=0.12721198285195492 -0.00041658796332558418 0.010449740822697541 -0.055703739223787255 -0.033394740408305125 -0.057974270697390917 0.39877214436607283 -0.061039928406359058 0.011182360728051463 0.10207173206295433 0.099595029883427097 0.075311253050793142 -0.056797130608295422 -0.04410440669546941 0.2455255770389235
leaf_weight=2.1967259494558671 1930.1407635011301 1.9631199834727788 0.11191658858837072 12.998804831760255 0.57101981017044057 0.20289514429259725 0.56975581550068399 86.887871603436736 3.1612790677827434 1.5834804257610806 1.2706059047486622 0.59762765521736572 9.2955426350865462 0.19256179729478606
leaf_count=379 315246 857 511 7576 2002 55 354 95911 364 259 157 192 26257 183
internal_value=0.00010705 0.00841846 -0.0227355 0.0117558 0.0890058 0.237204 0.00975884 0.013899 0.0771634 -0.0130475 -0.0237151 0.0567433 -0.0298816 0.0314485
internal_weight=2051.74 121.603 11.766 109.837 2.76775 0.314812 107.069 90.6189 3.73103 16.4505 14.2694 2.18111 11.4512 2.15568
internal_count=450303 135057 27863 107194 2381 566 104813 96629 718 8184 7733 451 27297 1040
is_linear=0
shrinkage=0.05


Tree=228
num_leaves=15
num_cat=0
split_feature=8 17 10 18 4 3 17 7 18 11 10 1 11 3
split_gain=4.37429 4.1408 3.42915 4.44631 5.09711 11.2294 5.11709 4.63269 5.52509 3.56837 3.31135 7.21996 4.49739 3.58072
threshold=20.500000000000004 6.4653663635253915 0.031408416107296951 0.43193876743316656 0.028837114572525028 0.017360478639602665 5.059420347213746 77.05737686157228 0.77791327238082897 1.0000000180025095e-35 0.027364549227058891 7.5000000000000009 1.0000000180025095e-35 0.040469348430633552
decision_type=10 8 10 10 8 10 8 10 10 8 8 8 8 10
left_child=2 10 -1 4 5 9 -7 8 -5 -4 11 -2 -13 -14
right_child=1 -3 3 7 -6 6 -8 -9 -10 -11 -12 12 13 -15
leaf_value=-0.00060086568393340439 -0.072430937671536758 -0.077105657519459067 0.0078079410389409803 -0.0424494591738072 0.031634491391462134 -0.0035150966308217383 -0.055853324443652187 0.035600343907079168 0.0073293590004926941 0.035448590327281593 0.030771314388170795 0.033298208964010603 -0.074185056095126836 0.014875253047075801
leaf_weight=1875.6670750191797 2.7340202270900731 1.1620016603510226 30.664099956382415 12.091156196334856 26.553125639600694 10.414292156172452 8.4669230693834816 4.4141647468131842 8.1132119936091822 18.857053804829775 23.952608870381873 10.814032869541524 2.0848989614017635 2.4605667416309842
leaf_count=404694 296 3318 244 253 1435 66 78 142 196 120 353 21536 16064 1140
internal_value=0.000263347 0.0160028 -7.74991e-05 0.00813215 0.0130415 0.00582387 -0.0269852 -0.0108035 -0.0209416 0.0183332 0.0185759 0.00243145 0.0157571 -0.0259746
internal_weight=2038.45 43.2081 1995.24 119.574 94.9555 68.4024 18.8812 24.6185 20.2044 49.5212 42.0461 18.0935 15.3595 4.54547
internal_count=449935 42707 407228 2534 1943 508 144 591 449 364 39389 39036 38740 17204
is_linear=0
shrinkage=0.05


Tree=229
num_leaves=15
num_cat=0
split_feature=4 8 16 16 14 8 8 18 17 2 15 16 16 1
split_gain=7.75413 2.88339 4.63334 4.24346 3.29284 4.07492 5.16296 3.24504 6.25222 4.9043 3.23562 8.51271 5.846 6.06409
threshold=1.0000000180025095e-35 22.500000000000004 4.7664294242858896 4.7578821182250985 inf 24.500000000000004 26.500000000000004 0.2117455452680588 4.0163424015045175 3.478630900382996 1.0000000180025095e-35 2.3502402305603032 6.1235833168029794 1.5000000000000002
decision_type=8 10 8 8 8 8 8 8 10 10 10 8 10 10
left_child=-1 10 3 4 5 -3 -7 -6 -9 -10 -2 -12 13 -13
right_child=1 2 -4 -5 7 6 -8 8 9 -11 11 12 -14 -15
leaf_value=-0.087718757680033232 -0.0018799409003769857 0.035905591744821094 -0.053808673576008742 0.2503776721923649 0.048591993359133862 -0.076648604415734081 0.0048771921297502737 0.048189727609528089 -0.074174703624743418 -0.49526490330801498 -0.061695310602792375 -0.0057167147395041813 0.053687356517314468 0.0052558023973753865
leaf_weight=2.5346869572262554 1328.6084728597834 5.8455059247328904 2.297378671171983 0.19833973297974594 10.967996095070159 2.6388218861529538 7.3542186525895996 1.7828702913410279 1.0836595443781076 0.073858650604961329 5.1439358818048779 169.34184653887246 5.6126692157312155 491.07123083724332
leaf_count=268 358709 4134 12454 177 1710 4227 8392 713 2271 8 769 9162 443 46488
internal_value=-0.000320331 -0.000211313 0.0146218 0.0198718 0.0183348 0.00274598 -0.016651 0.0360871 -0.0105577 -0.101044 -0.000450469 0.00237923 0.0028741 0.00244225
internal_weight=2034.56 2032.02 32.2426 29.9453 29.7469 15.8385 9.99304 13.9084 2.94039 1.15752 1999.78 671.17 666.026 660.413
internal_count=449925 449657 34086 21632 21455 16753 12619 4702 2992 2279 415571 56862 56093 55650
is_linear=0
shrinkage=0.05


Tree=230
num_leaves=15
num_cat=0
split_feature=8 4 17 10 17 14 12 2 3 8 3 8 9 10
split_gain=2.81706 4.67835 5.82691 4.20199 3.57163 3.11763 6.35993 4.73726 3.75888 3.3413 2.78807 2.67328 5.67622 6.07469
threshold=20.500000000000004 0.00022849440574645999 4.424828529357911 0.026550198905169967 4.0163424015045175 inf 0.12632978707551959 1.9278427958488467 0.09110239148139955 24.500000000000004 0.049996048212051399 9.5000000000000018 0.76516231894493114 0.02968991827219725
decision_type=10 10 10 10 8 8 8 10 10 8 8 8 10 8
left_child=11 3 4 -2 -3 6 -4 8 -8 -9 -7 -1 -13 -14
right_child=1 2 5 -5 -6 10 7 9 -10 -11 -12 12 13 -15
leaf_value=0.0049998433357443806 -0.072127477190494879 0.016341240369880505 0.048685081785583673 0.067732851195400498 -0.059314179449563686 0.01946141720466946 -0.077112026223802477 0.033156541908315594 0.064298877720946807 -0.044129613827131424 0.070577024649496278 -0.0007158627477011517 -0.095202111436529457 0.015124043157103736
leaf_weight=217.64692693859453 0.5964533164745508 2.3190558192355573 4.8207763145061904 5.3913046210655011 4.7661655605886608 9.2914869460219016 3.8970492870368094 4.1995701227424433 0.53436661899792159 2.0966617784288246 3.7420921281154174 1783.7277997934061 3.2382432542041784 2.029752735979911
leaf_count=38510 2387 2556 7012 37 6184 126 17538 71 1123 80 5431 366015 3179 32
internal_value=3.47844e-05 0.0129046 0.006039 0.0538011 -0.0345515 0.016101 0.000981967 -0.0204548 -0.0600599 0.00742005 0.0341373 -0.000232375 -0.00086892 -0.0526936
internal_weight=2048.3 41.655 35.6672 5.98776 7.08522 28.582 15.5484 10.7276 4.43142 6.29623 13.0336 2006.64 1789 5.268
internal_count=450281 42545 40121 2424 8740 31381 25824 18812 18661 151 5557 407736 369226 3211
is_linear=0
shrinkage=0.05


Tree=231
num_leaves=15
num_cat=0
split_feature=13 0 17 3 17 12 17 8 3 10 2 18 13 17
split_gain=3.34655 5.96208 12.9985 6.29549 5.3076 5.26297 8.59939 6.55437 4.47779 4.19279 3.94418 3.90965 3.8683 4.77156
threshold=0.27525253593921667 0.74292179942131054 5.8985257148742685 0.012984067201614382 6.1081352233886728 0.09175084158778192 3.9607677459716801 1.5000000000000002 0.11549201607704164 0.030564635992050174 0.10554751753807069 1.0993142127990725 0.064866758882999434 5.9545402526855478
decision_type=8 8 10 10 10 8 8 8 10 10 8 10 10 10
left_child=1 2 -1 -4 9 6 11 -8 -9 10 -3 -2 -5 -14
right_child=5 4 3 12 -6 -7 7 8 -10 -11 -12 -13 13 -15
leaf_value=0.0050530282960092555 0.082684735336092885 0.090565001704092152 -0.076185983080437641 -0.033953142689933685 0.026237951225071818 -5.2736110792341214e-06 0.065315049505144218 -0.066069997395386576 0.071978327894424973 0.047344275165827225 0.0055499023782835423 -0.11028294835686321 -0.083500304148232896 0.0055499023782835423
leaf_weight=187.49160384081813 2.040482377719655 1.3808261487863838 5.4093544170173109 18.881646351959205 46.180396462197535 1626.3423684615364 1.1832120577250862 10.595215981588236 0.62188800565400093 6.0754429074731879 124.54176360204377 0.30123848261769115 1.6014299831978487 15.552234224560747
leaf_count=50466 294 64 98 8003 3296 345981 68 6682 3841 162 27134 626 504 2990
internal_value=0.000731786 0.00478958 -0.000548451 -0.025889 0.0116483 -0.000274857 -0.0300153 -0.0466103 -0.0584165 0.00654395 0.0055499 0.0578614 -0.0183388 -0.0011515
internal_weight=2048.2 407.115 228.936 41.4447 178.178 1641.08 14.742 12.4003 11.2171 131.998 125.923 2.34172 36.0353 17.1537
internal_count=450209 92717 62061 11595 30656 357492 11511 10591 10523 27360 27198 920 11497 3494
is_linear=0
shrinkage=0.05


Tree=232
num_leaves=15
num_cat=0
split_feature=1 18 18 18 1 1 15 15 0 4 17 0 16 16
split_gain=2.24837 3.00734 3.29538 2.28862 6.97376 7.06572 4.4798 3.76391 3.72657 6.85858 3.88825 3.4385 3.76352 4.7949
threshold=72.500000000000014 0.40015576779842382 0.23081828653812411 0.040764128789305694 11.500000000000002 49.500000000000007 1.0000000180025095e-35 1.0000000180025095e-35 0.71707999706268322 0.009333759546279909 6.0879099369049081 0.68866166472435009 4.1971738338470468 4.863673448562623
decision_type=10 10 8 8 8 10 8 10 8 10 10 10 10 10
left_child=3 2 -2 4 7 6 -6 -1 9 -8 -11 -5 -13 -14
right_child=1 -3 -4 11 5 -7 8 -9 -10 10 -12 12 13 -15
leaf_value=-0.00029226663849800811 -0.023906595955402815 -0.060869983420369124 0.055155642219995062 -0.0026900487624009497 -0.063575598105992726 -0.060331238311320146 -0.025964406520592016 -0.044736877319900836 0.043681147977231133 0.028353361664023927 -0.079484031976531047 -0.0005704278284140718 0.0096555554336491822 -0.0005704278284140718
leaf_weight=16.972213540923565 1.719719821473715 0.88494683693974696 5.6417493521293522 833.01974416368375 1.3509970516530245 2.5174742406881014 7.32569022200187 6.622404485330434 20.7116979342793 10.770111965748807 0.91927191357172056 728.97234357821696 252.87546729246071 141.58351407946475
leaf_count=762 4009 4483 3106 380112 1643 2603 778 280 2817 2124 747 26565 11260 8785
internal_value=0.000161986 0.0262168 0.0366858 5.58115e-05 0.00912927 0.0209798 0.025963 -0.0127667 0.029008 0.0130256 0.0283534 -0.000255796 0.00154919 0.00548333
internal_weight=2031.89 8.24642 7.36147 2023.64 67.1899 43.5952 41.0778 23.5946 39.7268 19.0151 11.6894 1956.45 1123.43 394.459
internal_count=450074 11598 7115 438476 11754 10712 8109 1042 6466 3649 2871 426722 46610 20045
is_linear=0
shrinkage=0.05


Tree=233
num_leaves=15
num_cat=0
split_feature=11 18 9 17 10 1 16 10 16 9 4 4 14 4
split_gain=2.90401 4.84165 2.92909 3.50506 4.07697 2.94115 5.05153 3.67406 2.91204 5.83131 5.6802 5.68271 5.46246 5.79972
threshold=0.61250001192092907 0.043516134843230254 0.63728737831115734 5.7541573047637948 0.029987722635269169 5.5000000000000009 3.5408543348312382 0.028895786032080654 3.5694335699081425 0.83917236328125011 0.0050748288631439218 0.0043656826019287118 1.0000000180025095e-35 0.0187373161315918
decision_type=10 8 8 8 10 8 10 8 8 8 8 10 8 8
left_child=2 -2 3 -1 5 -5 -7 -8 -4 10 11 -10 -12 -14
right_child=1 -3 8 4 -6 6 7 -9 9 -11 12 -13 13 -15
leaf_value=0.0027470512019129581 -0.065081772027205581 0.016172305574653666 0.0020690198998323393 0.041990178013293682 0.062254968822679328 -0.056022819114695727 0.023231898910863885 -0.11507414242313713 -0.015432173930160574 -0.0012228501217048211 -0.015548802750861405 0.056198543904901248 -0.092927050180206625 -0.01977711681856259
leaf_weight=67.674338068142603 1.9126056706835459 44.236672700710301 765.6051137459533 6.4391827858014556 5.5712917148302941 3.0273764174035582 10.502748277474394 0.50318569437968008 8.6167370164018831 1084.465877271577 17.95431388183113 4.0798086155702995 6.0812651725809674 4.8874217313934887
leaf_count=62865 177 3457 121237 157 140 8881 16058 36 2382 216659 7877 410 2805 6798
internal_value=0.000405516 0.0128048 0.000117304 0.0087456 0.0243327 0.0140127 0.00117527 0.0169086 -0.000310159 -0.00192772 -0.0202942 0.00758508 -0.0325326 -0.0603329
internal_weight=2031.56 46.1493 1985.41 93.7181 26.0438 20.4725 14.0333 11.0059 1891.69 1126.09 41.6195 12.6965 28.923 10.9687
internal_count=449939 3634 446305 88137 25272 25132 24975 16094 358168 236931 20272 2792 17480 9603
is_linear=0
shrinkage=0.05


Tree=234
num_leaves=15
num_cat=0
split_feature=13 18 18 12 13 0 16 4 3 17 16 4 9 18
split_gain=3.88227 5.11523 6.90143 3.99994 3.66884 4.00289 3.17179 4.37354 3.00727 5.30955 4.39556 4.48344 4.01306 5.18573
threshold=0.13714733719825747 0.061552813276648528 0.082845937460660948 0.09175084158778192 0.18301435559988025 0.74748975038528453 6.3035306930542001 0.014469802379608156 0.028953254222869877 6.5345129966735849 4.9015574455261239 0.0030968487262725834 0.47412370145320898 0.20291370898485186
decision_type=10 8 8 10 8 10 10 8 8 10 8 8 10 8
left_child=3 4 -3 6 -2 -6 -1 -8 9 10 -4 -12 13 -10
right_child=1 2 8 -5 5 -7 7 -9 12 -11 11 -13 -14 -15
leaf_value=-0.00047822022507567306 0.059317996048992974 -0.070552744105236848 0.00010842914945337324 -0.095533689384082271 -0.064170767752949928 0.031722697785655223 0.060521529350688955 -0.071178768137156317 -0.014388643082496639 0.058344815125714912 -0.099683157124110799 -0.017242527716930491 0.043657194893521017 0.017234888491010941
leaf_weight=1885.2529909314562 7.9075931310326268 2.949367306298071 39.493964229030098 1.1049611822556915 1.4779532776154676 4.1274379654059885 4.0730394380813513 0.74580248987747655 17.679912432127765 3.3444175743497899 2.279038172506259 5.9673173709888951 9.4317703628788632 48.597894530628494
leaf_count=423537 227 617 570 721 474 40 857 1783 3535 12 45 150 4073 13182
internal_value=0.000170886 0.00810686 0.00505771 -0.000430264 0.0373829 0.00643881 -0.000374666 0.0401385 0.00681649 -0.00255774 -0.00682423 -0.0400266 0.0131417 0.00879916
internal_weight=2034.43 143.257 129.744 1891.18 13.513 5.60539 1890.07 4.81884 126.794 51.0847 47.7403 8.24636 75.7096 66.2778
internal_count=449823 22925 22184 426898 741 514 426177 2640 21567 777 765 195 20790 16717
is_linear=0
shrinkage=0.05


Tree=235
num_leaves=15
num_cat=0
split_feature=8 4 18 18 16 4 2 10 16 16 18 18 0 2
split_gain=3.10713 3.7289 5.47876 3.45684 4.50051 3.68103 3.08566 3.61651 2.91686 9.85547 7.96695 9.62669 6.96394 6.81779
threshold=22.500000000000004 0.017317414283752445 0.23828956484794619 0.677992343902588 4.2972624301910409 0.0064519047737121591 1.3992249965667727 0.025407550856471065 5.1561734676361093 5.1029059886932382 0.81754291057586681 1.2430758476257326 0.69440013170242321 3.0663039684295659
decision_type=10 10 8 10 8 8 8 8 10 10 10 10 10 10
left_child=8 3 -3 4 6 -5 -2 -8 9 -1 -10 12 -12 -11
right_child=1 2 -4 5 -6 -7 7 -9 10 13 11 -13 -14 -15
leaf_value=0.00068364198579894543 0.054938164829336202 0.015855116265998656 -0.088190490584091522 -0.068131410492754424 -0.083118955365297675 0.074877998337418636 -0.069863356925050885 0.017437938383766036 0.015610911553398922 -0.081335471205784923 -0.077292823457892512 0.011158148667069222 -0.014714302595033861 0.0029010411727701793
leaf_weight=1871.1619190274744 5.0228902625778522 3.6752651664432952 1.9294931382763705 0.49718966004775111 1.0903321552538603 4.7374882590312382 1.3096370411386713 12.594566915897309 100.17082532491165 6.2132356158012936 6.6606125195914982 24.616735632413139 13.369389915711507 3.9159853665623814
leaf_count=368875 406 6471 14179 1680 3693 2320 5215 162 14838 3821 8485 18768 974 32
internal_value=0.00118355 0.0169303 -0.0199636 0.025119 0.0156588 0.061295 0.0213491 0.00921503 0.000943733 0.000417378 0.00778149 -0.00978485 -0.0355237 -0.0487694
internal_weight=2056.97 30.8569 5.60476 25.2521 20.0174 5.23468 18.9271 13.9042 2026.11 1881.29 144.818 44.6467 20.03 10.1292
internal_count=449919 34126 20650 13476 9476 4000 5783 5377 415793 372728 43065 28227 9459 3853
is_linear=0
shrinkage=0.05


Tree=236
num_leaves=15
num_cat=0
split_feature=1 4 11 16 3 13 17 17 3 3 16 1 16 16
split_gain=3.45711 5.10756 3.70149 3.76271 3.50127 3.22316 7.55259 7.24388 10.5209 5.70348 5.74772 5.66416 4.95413 8.66573
threshold=37.500000000000007 0.055941730737686164 0.47222222387790685 1.2424533367156985 0.044042706489562995 0.090230666100978865 5.2652740478515634 6.0991966724395761 0.070459544658660903 0.068741142749786391 3.3140207529067998 40.500000000000007 3.9219243526458745 3.9607677459716801
decision_type=8 10 10 8 8 10 8 10 8 8 10 10 10 10
left_child=-1 2 3 -2 -5 7 -7 -6 9 10 -9 -12 -10 -14
right_child=1 -3 -4 4 5 6 -8 8 12 -11 11 -13 13 -15
leaf_value=-0.0010749869507936972 0.062455162370521428 -0.056549978801323342 0.033607063718672496 -0.064418907723738816 0.0044691288924788488 -0.050548047554341606 0.022959825065566788 0.094919912121959521 -0.070611211699992085 0.16163241236167808 0.093184661530010995 -0.062063412262243614 0.067284758181590396 -0.031301973748319029
leaf_weight=1612.4973091413401 2.7122719874690224 3.4513241217103987 10.662141332738086 1.8960812794902029 321.324888696171 3.8304737675387903 39.823824748643091 1.711014912114506 6.3192533112174969 0.86484893699525844 0.80532950680935789 2.1723065099504311 2.4986456721349013 20.654030466174248
leaf_count=158658 384 87132 1852 681 169359 5537 9507 163 4411 133 145 984 283 10699
internal_value=-2.38398e-05 0.00402408 0.00452751 0.00376122 0.00336512 0.00368642 0.0165098 0.00211551 -0.0194767 0.0436519 0.0218897 -0.0200751 -0.0313723 -0.0206625
internal_weight=2031.22 418.726 415.275 404.613 401.901 400.005 43.6543 356.35 35.0254 5.5535 4.68865 2.97764 29.4719 23.1527
internal_count=449928 291270 204138 202286 201902 201221 15044 186177 16818 1425 1292 1129 15393 10982
is_linear=0
shrinkage=0.05


Tree=237
num_leaves=15
num_cat=0
split_feature=8 4 8 0 17 17 2 14 18 18 13 2 18 12
split_gain=2.79172 5.47156 2.9612 2.51252 4.96493 3.06878 2.49332 2.46912 2.46186 2.52814 2.71619 2.43037 2.22029 4.67565
threshold=27.500000000000004 0.0075450837612152108 29.500000000000004 0.77310383319854747 6.8793365955352792 4.1666352748870858 3.478630900382996 1.0000000180025095e-35 0.77791327238082897 0.86049962043762218 0.16247642785310748 3.0663039684295659 0.11189432069659234 0.075779326260089888
decision_type=10 8 10 10 10 8 10 10 10 10 10 10 8 8
left_child=3 2 7 4 12 6 -5 -2 -7 -10 -11 -3 13 -1
right_child=1 11 -4 5 -6 8 -8 -9 9 10 -12 -13 -14 -15
leaf_value=-0.016986354150071679 0.066563481013699882 -0.055996079571109227 -0.076239993452726237 0.069962841383385474 -0.07863468998456874 0.0029693004739409353 0.01250872905289039 -0.1045966645502785 0.06522672031723635 0.002658902308991456 0.056675236546028233 0.030244121555227182 -0.0014167325726564548 0.002658902308991456
leaf_weight=30.290702115488301 6.1694574386398644 2.2367348004847414 0.42066193274320074 3.247039114474318 2.0315822861587085 154.70968052765238 4.512653815527301 0.21815687223784141 3.2698346730612675 2.3312838254714734 2.3730489738227334 1.2870132610551079 1393.6972673571051 423.96603402535834
leaf_count=8402 1001 10378 792 14 711 2158 109 598 35 79 26 29 364087 61308
internal_value=0.000154599 0.0260788 0.0522556 2.20287e-05 -0.000513163 0.00583097 0.0365504 0.0607178 0.00436571 0.031458 0.00798645 -0.0244977 -0.000427278 0.00260845
internal_weight=2030.76 10.332 6.80828 2020.43 1849.99 170.444 7.75969 6.38761 162.684 7.97417 4.70433 3.52375 1847.95 454.257
internal_count=449727 12798 2391 436929 434508 2421 123 1599 2298 140 105 10407 433797 69710
is_linear=0
shrinkage=0.05


Tree=238
num_leaves=15
num_cat=0
split_feature=10 4 17 18 17 17 1 10 4 3 4 10 17 17
split_gain=2.29641 14.2429 3.80246 4.07368 3.74553 3.74757 5.5854 4.04644 5.34568 3.68673 3.54456 3.51384 2.93651 5.20339
threshold=0.02560362778604031 0.034701704978942878 6.7912056446075448 0.016150768846273426 4.5695295333862314 5.2755572795867929 38.500000000000007 0.023972609080374244 0.014469802379608156 0.060571700334548957 0.034177929162979133 0.025957931764423851 4.1510088443756112 4.1026091575622567
decision_type=8 8 10 8 10 10 8 8 10 10 10 8 10 10
left_child=1 4 3 -3 12 9 -7 8 -8 -6 -11 -2 13 -1
right_child=11 2 -4 -5 5 6 7 -9 -10 10 -12 -13 -14 -15
leaf_value=-0.018379133991226929 -0.087214952003337579 0.049919757868678055 0.041970041000516607 -0.069689983407695597 0.057289167848871628 -0.079733510054453061 0.025858917303988673 0.070362353251832419 -0.057694185517090074 -0.06984733357591015 0.10200663914540729 -0.00073153682491477155 -0.064328488944334988 0.12099460236754511
leaf_weight=3.1314524416117417 1.1752062609357379 0.79006232808444377 1.083547060273929 7.1917098322869322 13.393914804275424 1.4372934159691819 9.8389283092660644 3.5325612503993389 2.3767800745264074 1.1335993755180869 0.40804528247281258 1980.4632829710279 1.8844030219536305 0.85184620977156544
leaf_count=8520 455 184 173 55663 16065 270 18070 94 11798 1310 11 331427 5576 545
internal_value=-0.000523603 0.0103933 -0.0459194 -0.0578506 0.0238313 0.0305415 0.0146202 0.0232316 0.0096022 0.0488613 -0.0243607 -0.000782826 -0.0129021 0.0114266
internal_weight=2028.69 47.0541 9.06532 7.98177 37.9888 32.1211 17.1856 15.7483 12.2157 14.9356 1.54164 1981.64 5.8677 3.9833
internal_count=450161 118279 56020 55847 62259 47618 30232 29962 29868 17386 1321 331882 14641 9065
is_linear=0
shrinkage=0.05


Tree=239
num_leaves=15
num_cat=0
split_feature=3 18 18 0 4 0 4 13 12 4 16 16 16 0
split_gain=3.46265 6.64654 5.97695 5.89754 6.77806 5.3792 5.13723 4.95563 8.41884 4.5998 4.0261 10.9701 7.25284 6.29767
threshold=1.0000000180025095e-35 0.4947506189346314 0.62178853154182445 0.6963634490966798 0.009333759546279909 0.79100897908210765 0.020199328660964969 0.28370222449302679 0.10582306981086732 0.00037497282028198248 4.9801702499389657 4.8789997100830087 4.8242976665496835 0.74292179942131054
decision_type=8 10 10 10 10 8 10 10 10 10 8 10 10 8
left_child=1 7 6 -4 -5 -6 -3 8 9 -1 11 12 -2 -12
right_child=10 2 3 4 5 -7 -8 -9 -10 -11 13 -13 -14 -15
leaf_value=0.02813569555440509 0.00020027889490023835 -0.066299552136740797 -0.062406883429322581 0.022486909437421772 -0.032411739077046371 0.032990523528652504 -0.0012995970673999942 -0.054141023635014808 0.050495970165285925 -0.003492360559976765 0.00091450324074593317 -0.039027032157932642 0.03044380901010937 0.016334761401683297
leaf_weight=12.07208434724714 1407.9957542709269 10.595531472012224 4.6965030268765977 14.756742988014592 13.872548073479267 3.4568598111654856 4.2627372826609635 4.3607765558554084 7.8807229596714015 240.7534003098026 177.67261150131804 17.657700029453281 20.106713335535233 105.5443831716679
leaf_count=46 339866 94 99 101 236 107 144 118 79 3277 51825 9944 5873 38598
internal_value=0.000329263 -0.00447714 -0.0208875 -0.0100763 -0.00241659 -0.023623 -0.0476515 -0.00128003 -0.000395834 -0.00198216 0.00120968 0.000141786 0.000626087 0.00666106
internal_weight=2045.69 316.708 51.6409 36.7827 32.0862 17.3294 14.8583 265.067 260.706 252.825 1728.98 1445.76 1428.1 283.217
internal_count=450407 4301 781 543 444 343 238 3520 3402 3323 446106 355683 345739 90423
is_linear=0
shrinkage=0.05


Tree=240
num_leaves=15
num_cat=0
split_feature=9 9 16 17 17 17 3 4 7 8 3 11 3 18
split_gain=3.26964 6.49486 4.74525 3.64595 5.52934 3.57897 8.17348 3.23397 3.69609 3.00321 5.30358 2.99217 6.12986 5.30367
threshold=0.63728737831115734 0.65993061661720287 3.4175922870635991 4.9522936344146737 4.0859410762786874 4.2972624301910409 0.10152357816696168 0.014469802379608156 82.677631378173842 22.500000000000004 0.026645988225936893 0.095454547554254546 1.0000000180025095e-35 0.052987761795520789
decision_type=8 8 10 8 10 10 10 8 10 8 8 10 8 8
left_child=3 2 7 4 -1 6 -6 -2 -9 -7 -11 -3 -13 -14
right_child=1 11 -4 -5 5 9 -8 8 -10 10 -12 12 13 -15
leaf_value=0.03072983240243159 0.017418069655671251 0.00045881760604072957 -0.085331289278098632 0.017377365618319315 -0.1026902909429126 -0.018150805126459387 0.097714999079535556 -0.10225050151043583 0.079819944211429641 -0.062485251063296325 0.046967240974695623 0.041857417567754129 -0.060672989643470621 0.0076467840131411793
leaf_weight=9.2356625839386748 3.3927910403572223 1887.8389892261789 3.6978839729828792 61.68583140003134 2.5996401765342827 17.274523484344257 0.63258164024090024 1.4073111861359846 0.34758847059288189 1.4313250359264227 4.8809862566034283 13.172617004878814 3.0219454188772934 47.360080279185581
leaf_count=5859 365 352229 3001 59560 3111 12595 324 748 44 26 6759 121 420 4796
internal_value=0.00106931 0.000624283 -0.0421231 0.00999448 -0.00263687 -0.0141273 -0.0634688 -0.0110842 -0.0661883 -0.00736584 0.0221487 0.000818055 0.0114889 0.00354892
internal_weight=2057.98 1960.24 8.84557 97.7406 36.0547 26.8191 3.23222 5.14769 1.7549 23.5868 6.31231 1951.39 63.5546 50.382
internal_count=449958 361724 4158 88234 28674 22815 3435 1157 792 19380 6785 357566 5337 5216
is_linear=0
shrinkage=0.05


Tree=241
num_leaves=15
num_cat=0
split_feature=9 1 18 0 16 9 10 18 18 9 16 15 13 9
split_gain=3.48334 2.85746 3.25079 2.94528 3.71041 2.96295 6.58133 2.75557 2.75481 3.74657 3.34761 2.4134 6.83153 5.15111
threshold=0.63728737831115734 70.500000000000014 0.12656915187835696 0.77310383319854747 5.3351285457611093 0.65993061661720287 0.027767428196966652 0.12838672101497653 1.1252530217170718 0.55750462412834179 5.8957784175872812 1.0000000180025095e-35 0.098780486732721343 0.31020008027553564
decision_type=8 10 8 10 10 8 8 8 10 10 10 8 10 10
left_child=8 3 -3 5 -5 6 -2 -4 10 -10 11 12 13 -1
right_child=1 2 7 4 -6 -7 -8 -9 9 -11 -12 -13 -14 -15
leaf_value=0.053904937752755434 0.0021189869079545503 -0.060320757995291255 0.19399763137429438 0.0035206890311289744 0.032537270543122762 -0.0012447818170787249 -0.078229659832697473 0.02772040582153755 -0.085772263787928835 0.012945340032031181 0.08295978266222373 0.012320383811159987 0.065651418640802053 -0.059004335033809342
leaf_weight=1.2298389016020506 4.1083556107741401 1.0545863302488214 0.25503859255246553 152.10538369525966 11.877438474184599 1747.9470962508751 3.9709290996615874 10.817513923635246 1.7700362461996086 2.1031505331109486 1.5830318402781092 81.370235363128771 2.0244096898806276 5.6545869431765254
leaf_count=3007 3907 2940 59 2204 107 339294 159 13403 12687 3222 872 54577 1527 12475
internal_value=-0.000171886 -0.000633167 0.0235611 -0.000785983 0.00562239 -0.00138441 -0.0315939 0.0315503 0.00913771 -0.0321683 0.0108793 0.00961538 -0.0150912 -0.0388341
internal_weight=2027.87 1932.14 12.1271 1920.01 163.983 1756.03 8.07928 11.0726 95.7353 3.87319 91.8621 90.2791 8.90884 6.88443
internal_count=450440 362073 16402 345671 2311 343360 4066 13462 88367 15909 72458 71586 17009 15482
is_linear=0
shrinkage=0.05


Tree=242
num_leaves=15
num_cat=0
split_feature=0 4 12 17 12 12 18 18 4 12 1 4 8 18
split_gain=2.77176 4.00609 3.62539 4.16305 3.30765 3.3047 2.8124 4.90205 4.12167 2.99443 2.70729 2.63631 2.45344 4.14335
threshold=0.65853589773178112 0.00012230873107910159 0.14854215830564502 6.0026509761810312 0.14670014381408694 0.15047170221805575 0.084770541638135924 0.097476877272129073 0.00057461857795715343 0.086335405707359328 7.5000000000000009 0.0047592818737030038 22.500000000000004 0.677992343902588
decision_type=8 10 10 8 10 8 10 8 8 8 10 10 10 10
left_child=1 -1 12 5 6 -4 -3 10 9 -9 11 -8 -2 -14
right_child=2 4 3 -5 -6 -7 7 8 -10 -11 -12 -13 13 -15
leaf_value=-0.076178924528555403 1.6466308583436352e-05 -0.0019566501495098146 0.13236765067270026 0.039834740137824599 -0.072843789419773777 0.00051787911656718077 -0.089296212072693504 -0.0019566501495098146 -0.0053996075211602216 -0.075735755464072463 -0.063748861040812455 -0.0019566501495098146 0.0055786446573458321 0.056308441860930328
leaf_weight=1.9371708235158838 1647.5186606552506 81.44919158472706 0.48618623926199689 12.401170318954597 1.7380531891706699 21.108346079227264 0.86400089412926773 1.1482102352315449 220.99577471144144 3.6021517414139828 5.90645998832224 1.6717123850050937 20.008353383826179 5.038587396052292
leaf_count=681 196632 34425 29 677 1878 3726 13 484 173195 1747 5390 209 21549 9752
internal_value=-0.000218861 -0.00449444 0.000581138 0.0167458 -0.0040569 0.00348639 -0.00367812 -0.00778906 -0.00639014 -0.0524715 -0.0451966 -0.00198272 0.000252584 0.0157837
internal_weight=2025.87 319.313 1706.56 33.9957 317.376 21.5945 315.638 234.188 225.746 4.75036 8.44217 2.53571 1672.57 25.0469
internal_count=450387 218022 232365 4432 217341 3755 215463 181038 175426 2231 5612 222 227933 31301
is_linear=0
shrinkage=0.05


Tree=243
num_leaves=15
num_cat=0
split_feature=3 18 3 1 3 18 8 18 16 16 18 2 8 2
split_gain=2.95696 5.45928 4.695 3.08763 3.05997 2.89345 2.58965 3.11807 9.41322 2.91477 5.60338 4.86999 2.77838 2.7088
threshold=0.1180316209793091 0.10290532559156419 0.14133140444755557 70.500000000000014 0.14899858832359317 0.12656915187835696 22.500000000000004 0.83092162013053905 4.3757371902465829 4.0689902305603036 0.15108902007341388 3.0663039684295659 29.500000000000004 1.6528360843658449
decision_type=10 10 10 10 10 8 10 10 8 8 10 10 8 10
left_child=3 2 -2 6 -4 -5 -1 8 9 10 12 -12 13 -8
right_child=1 -3 4 5 -6 -7 7 -9 -10 -11 11 -13 -14 -15
leaf_value=-3.2376936098614168e-05 -0.037261480214152445 -0.048515274164624062 0.081585472941922851 -0.061369372262597977 -0.008336333672765919 0.032341457655986637 0.048306227959931433 0.05511326103181563 -0.09582203648126851 0.054109359459505825 -0.068316198385328888 0.019275063940361575 -0.082557580492761476 0.0045033006383990081
leaf_weight=1987.4543719788803 2.8692085016089797 8.4796341513710853 2.4341341426496688 0.88876135473696827 1.5475757906816054 11.254383809415913 8.4080358601163123 4.0859537986896006 2.0122085835617574 4.2866621633590389 3.6312383603260789 2.8186829621554352 0.57066681523111995 6.0829326333769123
leaf_count=267029 8115 117797 2351 805 17587 3639 5352 8117 9028 2535 6388 39 742 104
internal_value=0.000180525 -0.0216961 0.0114989 0.000345616 0.0466355 0.0254827 0.000194457 0.0143284 0.0083362 0.0164603 0.00895792 -0.0300379 0.0256573 0.0299189
internal_weight=2046.82 15.3306 6.85092 2031.49 3.98171 12.1431 2019.35 31.8964 27.8104 25.7982 21.5116 6.44992 15.0616 14.491
internal_count=449628 145850 28053 303778 19938 4444 299334 32305 24188 15160 12625 6427 6198 5456
is_linear=0
shrinkage=0.05


Tree=244
num_leaves=15
num_cat=0
split_feature=11 2 3 2 2 17 17 3 15 3 17 3 17 14
split_gain=2.99915 4.11194 6.95178 3.56796 3.35337 3.60175 3.66077 2.70481 2.50192 8.59909 9.16863 8.05728 5.49338 4.2672
threshold=0.34313726425170904 -0.2894719243049621 0.055648028850555427 1.855892062187195 -0.57317656278610218 5.8156206607818612 5.8036265373229989 0.15457502007484439 1.0000000180025095e-35 0.017360478639602665 6.3910789489746103 0.037637472152709968 6.0991966724395761 1.0000000180025095e-35
decision_type=10 8 10 8 10 8 10 10 8 8 8 10 8 8
left_child=7 4 -3 -4 5 6 -2 8 9 10 -1 12 -11 -14
right_child=1 2 3 -5 -6 -7 -8 -9 -10 11 -12 -13 13 -15
leaf_value=-0.017269209611727981 0.02123386271966184 0.013711732205632439 -0.054297337194213348 0.075799142819022336 0.07027780999558092 -0.063055787403464389 0.24709061830113935 -0.054844004919988414 0.00026385098907719047 0.0030514495246252537 -0.096455530589645594 -0.011619979240593301 -0.007291284063746426 0.044792485464692527
leaf_weight=46.200478952796416 1.2624902322500875 40.017072758753187 5.802179873198213 0.57967534881390648 4.9036904823650502 1.2123926457555851 0.20912885871803144 2.2770499926300536 1791.615306026185 50.551552165292861 3.9695565429283297 69.668678651237087 5.1014372945075221 17.163690059274757
leaf_count=721 598 915 1705 48 579 676 18 82311 308384 21403 108 25961 4346 2190
internal_value=-6.48489e-05 0.0115631 0.00598288 -0.0424804 0.0456862 0.00075743 0.0533299 -0.000380851 -0.000318352 -0.0057326 -0.0235346 0.0005356 0.0121657 0.0328589
internal_weight=2040.53 53.9866 46.3989 6.38186 7.5877 2.68401 1.47162 1986.55 1984.27 192.655 50.17 142.485 72.8167 22.2651
internal_count=449963 4539 2668 1753 1871 1292 616 445424 363113 54729 829 53900 27939 6536
is_linear=0
shrinkage=0.05


Tree=245
num_leaves=15
num_cat=0
split_feature=4 0 4 18 3 18 17 4 17 13 4 20 13 13
split_gain=7.94151 3.62969 4.19848 3.06947 3.008 2.79571 4.90045 4.17376 3.86472 3.66383 4.38455 4.73264 3.45313 6.39117
threshold=1.0000000180025095e-35 0.61063688993453991 0.0030968487262725834 0.034517802298069007 0.034436732530593879 1.2769591808319094 5.5032949447631845 0.0057838559150695809 4.4601275920867929 1.0000000180025095e-35 0.034701704978942878 1.0000000180025095e-35 0.013986697886139156 0.038838613778352744
decision_type=8 8 8 8 10 10 10 10 10 8 10 8 10 8
left_child=-1 2 4 -4 -2 12 8 -8 9 -7 11 -11 -3 -14
right_child=1 5 3 -5 -6 6 7 -9 -10 10 -12 -13 13 -15
leaf_value=-0.087693876904285137 -0.0060115218933107055 -0.00052187938099727555 -0.082203308822286755 -0.0060115218933107055 -0.062712155406675088 0.062991610253735231 0.063534747044568726 -0.0060115218933107055 -0.0060115218933107055 0.062702385303205141 0.056850670571731411 -0.0060115218933107055 0.06133227733149188 0.0048524217184642447
leaf_weight=2.5751575120803798 2.1806340606419194 1715.2898853049735 1.3245699778256597 44.846093226463779 6.3241206832056491 3.8928348683458012 7.1086687480592428 1.5632933476803428 14.776488542839202 2.5465122879845694 3.9254176081155512 12.590512946215801 5.131281367304922 209.83496053394143
leaf_count=271 232 284287 1854 98052 5931 1623 719 2138 14014 182 4647 6342 662 29100
internal_value=5.5579e-05 0.00016682 -0.0125414 -0.00659479 -0.0448242 0.000518336 0.0126461 0.0465388 0.00485649 0.0187885 0.00976155 -0.00244986 0.000226782 0.00620061
internal_weight=2033.91 2031.34 54.6754 46.1707 8.50475 1976.66 46.4037 8.67196 37.7318 22.9553 19.0624 15.137 1930.26 214.966
internal_count=450054 449783 106069 99906 6163 343714 29665 2857 26808 12794 11171 6524 314049 29762
is_linear=0
shrinkage=0.05


Tree=246
num_leaves=15
num_cat=0
split_feature=16 16 18 17 4 16 4 4 10 17 17 17 10 17
split_gain=3.37212 4.8273 6.38694 9.08838 8.39143 6.47208 8.40941 7.70293 8.18021 6.10813 7.08547 6.52315 5.68016 5.38762
threshold=4.6001451015472421 4.6200466156005868 0.32092060148715978 6.3465127944946298 0.0021896660327911381 4.8559212684631357 0.01957112550735474 0.0014651119709014895 0.014389234129339458 6.20959496498108 6.1559185981750497 6.5345129966735849 0.03201024420559407 6.2255475521087655
decision_type=10 8 10 10 10 8 8 10 8 8 10 8 8 8
left_child=-1 12 3 4 -3 6 7 8 -4 10 -7 -11 -2 -6
right_child=1 2 5 -5 13 9 -8 -9 -10 11 -12 -13 -14 -15
leaf_value=-0.00078343623833443963 -0.098319527086702566 -0.073357414997775997 0.096570996573507498 0.010211179195793013 -0.0051439985786236051 0.00087614947807891923 -0.012930780890349387 0.032181484893497363 -0.091440882181490782 0.030123581481059949 -0.045567573204197152 -0.067943513394985847 0.04473095083688218 -0.069683636541398183
leaf_weight=1680.8373224999723 0.73979746636507571 7.9629040065728693 0.75594109712949376 27.552117522591743 21.988378607404488 164.59337904130911 16.022330977805666 56.292550942731168 2.4652832752617111 26.115862289361846 8.6433557531772731 1.8134540028602533 11.195000302272074 3.7910957106315086
leaf_count=341514 614 1008 257 3396 4775 67561 13908 7721 828 3288 1698 544 1390 1528
internal_value=0.000146214 0.00461163 0.00350811 -0.0110954 -0.0284931 0.00674304 0.0192222 0.0278785 -0.0473192 0.00205722 -0.00144108 0.0237561 0.0358637 -0.0146351
internal_weight=2030.77 349.931 337.997 61.2945 33.7424 276.702 75.5361 59.5138 3.22122 201.166 173.237 27.9293 11.9348 25.7795
internal_count=450030 108516 106512 10707 7311 95805 22714 8806 1085 73091 69259 3832 2004 6303
is_linear=0
shrinkage=0.05


Tree=247
num_leaves=15
num_cat=0
split_feature=1 2 4 17 17 8 15 7 16 1 17 16 16 14
split_gain=2.89064 2.9183 2.81932 2.5019 2.35152 2.33411 4.33934 5.35881 3.81554 3.95076 3.82647 3.15575 7.43272 7.69466
threshold=70.500000000000014 -1.0204169154167173 0.0029361546039581303 5.9467277526855478 5.9309172630310067 7.5000000000000009 1.0000000180025095e-35 29.40860748291016 4.0342013835906991 21.500000000000004 6.1727433204650888 4.6681339740753183 4.8789997100830087 inf
decision_type=10 10 10 10 10 8 10 10 8 10 8 10 10 8
left_child=5 2 -2 4 -4 6 8 -8 10 -10 -1 -7 13 -13
right_child=1 -3 3 -5 -6 11 7 -9 9 -11 -12 12 -14 -15
leaf_value=0.0092895458021730621 -0.032496894136041142 -0.054217782825585085 0.035089596681541428 -0.069196112737887519 0.10382947246336918 -0.002065364967668099 -0.11359796654709453 0.041210564288857374 -0.005367220566586269 -0.08925497956068594 -0.062415936948346629 0.019221227736266538 -0.0016340990241883056 -0.058276684104540732
leaf_weight=112.25407415984432 1.5530018509030004 1.1173034960694668 8.3494003619896038 0.50121019708774461 1.4620011177476051 1546.1120480943937 0.58762082017801631 11.480462111205609 60.481439041945009 1.4368802998993135 1.8918710512828045 80.685593132131189 195.73500837097492 3.335345811127822
leaf_count=10175 666 13507 3301 455 16 315611 232 1377 16030 856 471 18511 65322 3373
internal_value=-0.000483171 0.023034 0.0303083 0.0397663 0.0453326 -0.000634771 0.00466801 0.0336726 0.00267993 -0.00731393 0.00810109 -0.00118115 0.00370556 0.0161448
internal_weight=2026.98 12.9829 11.8656 10.3126 9.8114 2014 188.132 12.0681 176.064 61.9183 114.146 1825.87 279.756 84.0209
internal_count=449903 17945 4438 3772 3317 431958 29141 1609 27532 16886 10646 402817 87206 21884
is_linear=0
shrinkage=0.05


Tree=248
num_leaves=15
num_cat=0
split_feature=16 17 3 15 16 4 18 17 16 17 10 1 16 18
split_gain=2.60417 3.62343 2.65559 2.77043 5.2799 2.96267 2.64108 2.79545 2.27046 6.5664 5.96291 2.06006 5.28291 7.38519
threshold=5.9229171276092538 5.1901714801788339 0.073324203491210951 inf 5.9401679039001474 0.017317414283752445 0.70736223459243786 5.5891180038452157 5.8636271953582773 4.6774799823760995 0.014815627597272398 13.500000000000002 5.1901714801788339 0.33364084362983709
decision_type=10 10 10 8 10 10 10 8 10 10 8 8 8 10
left_child=8 -2 3 6 -5 -6 -3 -8 11 -10 -11 -1 13 -13
right_child=1 2 -4 4 5 -7 7 -9 9 10 -12 12 -14 -15
leaf_value=-0.00079404476171304316 -0.074494576379596555 -0.077340056070262175 -0.062891093837721998 0.078187065777023113 -0.080882894904383135 0.023905877591682542 -0.083741173870963789 0.053719967889169544 0.27844333844519037 0.084520758431359561 -0.075294657147435121 0.0031294380286104439 0.013469114223352618 -0.011668888479734881
leaf_weight=1258.2565114726669 0.95583071555377586 0.4327842974806505 0.80285806110235647 1.3372810018632293 1.816616977621152 1.0728872761046941 0.38388664891233482 10.119019324876191 0.15989874001229409 0.70330275823637578 3.4310091749695601 564.00734741267127 95.961736453221988 99.127329601851443
leaf_count=55294 2647 99 1788 52 913 887 526 1503 295 1529 1457 199866 53746 129536
internal_value=0.000533173 0.0200666 0.0257279 0.0304204 -0.00395735 -0.0419743 0.0437078 0.0486957 0.000369678 -0.0359485 -0.0481079 0.000446986 0.00250408 0.00091734
internal_weight=2038.57 16.9212 15.9653 15.1625 4.22679 2.8895 10.9357 10.5029 2021.65 4.29421 4.13431 2017.35 759.096 663.135
internal_count=450138 8415 5768 3980 1852 1800 2128 2029 441723 3281 2986 438442 383148 329402
is_linear=0
shrinkage=0.05


Tree=249
num_leaves=15
num_cat=0
split_feature=18 1 14 2 3 3 17 17 0 0 3 18 16 12
split_gain=2.87578 7.40565 8.70284 7.42636 7.43803 7.25962 5.68814 7.81371 6.93015 5.90643 8.26915 9.55263 10.4216 9.41138
threshold=0.1470901817083359 14.500000000000002 1.0000000180025095e-35 2.4668344259262089 0.0076004564762115487 0.072227835655212416 5.9851942062377939 5.8622088432312021 0.71349188685417186 0.67590063810348522 0.037637472152709968 0.055223641917109496 2.5249279737472539 0.11269841343164445
decision_type=10 10 10 10 8 10 10 10 8 8 8 8 10 8
left_child=1 2 5 4 -4 -1 7 9 -8 -6 13 12 -12 -11
right_child=-2 -3 3 -5 6 -7 8 -9 -10 10 11 -13 -14 -15
leaf_value=0.0073099390841889203 -0.0013703717599743304 0.0097407774539448686 -0.054124119085759148 0.0041375141952367332 -0.052561969571290029 -0.050190189761807474 -0.036575716310810295 -0.061554701947928891 0.0095502196536165328 -0.030962242224887124 -0.030962242224887124 -0.030962242224887124 0.042038776156925049 0.011501920557472766
leaf_weight=263.9374549778712 1190.5034693276662 246.37270996577831 9.7820730740204151 116.97461498114717 8.460423865503115 5.6058844319251184 9.5516474739097799 8.5294803331367728 55.22243083414611 5.8031442406936549 3.2865201359126095 49.453663339114257 10.330780855564965 53.279055358667392
leaf_count=28513 319246 79567 113 1125 1257 5873 853 1171 3400 274 482 7143 230 949
internal_value=0.000213841 0.00244162 -0.00055449 -0.00599026 -0.011534 0.00611407 -0.00949091 -0.0151886 0.00274845 -0.0121607 -0.00936251 -0.0219536 0.015186 0.00407858
internal_weight=2037.09 846.59 600.217 330.674 213.699 269.543 203.917 139.143 64.7741 130.614 122.153 63.071 13.6173 59.0822
internal_count=450196 130950 51383 16997 15872 34386 15759 11506 4253 10335 9078 7855 712 1223
is_linear=0
shrinkage=0.05


Tree=250
num_leaves=15
num_cat=0
split_feature=16 0 16 4 16 16 18 18 2 17 1 16 12 0
split_gain=4.24848 6.50497 5.92086 5.71451 4.31037 6.07645 5.1958 4.68019 6.67174 4.30671 4.51463 3.83409 7.2786 3.77812
threshold=5.2704288959503183 0.77310383319854747 5.2443854808807382 0.013229221105575563 5.3589394092559823 5.8259956836700448 0.70736223459243786 0.64895185828208934 1.7182999253273012 5.3867835998535165 4.5000000000000009 5.4227426052093515 0.10102041065692903 0.71910580992698681
decision_type=10 8 10 8 10 10 10 10 8 10 10 10 8 10
left_child=2 4 -1 13 -2 6 7 8 -6 10 -8 12 -3 -4
right_child=1 11 3 -5 5 -7 9 -9 -10 -11 -12 -13 -14 -15
leaf_value=-0.0004504498189723221 0.010987028998491945 0.063295482223467106 -0.074522956823842398 -0.081015871359563854 -0.071432848491346609 0.010987028998491945 0.010987028998491945 0.010987028998491945 0.0031411999272573199 -0.079145003822927551 -0.070416120093240678 0.010987028998491945 0.010987028998491945 0.015936874467003537
leaf_weight=1904.3928040064916 15.094801579563379 12.830347538430287 1.5390503277178709 4.4574040909751469 4.8642549101876726 15.364122838934241 3.1317009930958744 4.2336553423631917 7.8221391108791076 6.0350427708275021 2.4108808294830055 25.935625485408963 8.4900113186453527 4.6167122510378249
leaf_count=408553 3176 781 646 1635 2416 5127 137 595 127 3415 3838 16694 2811 95
internal_value=-0.000118137 0.00961555 -0.000657999 -0.0379 -0.00146259 -0.0103205 -0.0241107 -0.00645033 -0.0254522 -0.0499204 -0.0180992 0.0234366 0.0391494 -0.0066797
internal_weight=2021.22 106.213 1915.01 10.6132 58.9566 43.8618 28.4977 16.92 12.6864 11.5776 5.54258 47.256 21.3204 6.15576
internal_count=450046 39117 410929 2376 18831 15655 10528 3138 2543 7390 3975 20286 3592 741
is_linear=0
shrinkage=0.05


Tree=251
num_leaves=15
num_cat=0
split_feature=11 18 16 0 16 9 17 17 16 16 0 9 9 16
split_gain=2.94515 3.51395 3.27693 4.98445 2.72705 2.64805 4.74483 6.95232 3.89355 3.43813 3.35285 2.97826 3.6238 4.66139
threshold=0.61250001192092907 3.8503730297088627 6.3035306930542001 0.66484495997428905 5.0968081951141366 0.63728737831115734 4.9522936344146737 4.1190040111541757 3.0677825212478642 4.135134458541871 0.60847407579422008 0.65993061661720287 0.66543051600456249 4.3372693061828622
decision_type=10 10 10 10 10 8 8 10 8 10 8 8 8 8
left_child=1 2 5 -4 -2 6 7 8 -1 -10 -8 -7 13 -13
right_child=4 -3 3 -5 -6 11 10 -9 9 -11 -12 12 -14 -15
leaf_value=0.051102435135886352 0.0096039471334122065 -0.070901526665964346 -0.074224011770502321 0.062583789801937059 0.056934227637098267 -0.029642602864556056 -0.087668415048693715 -0.020777405559499293 -0.065986966918461121 0.040785316385140956 0.018187787992927123 -0.0548275081382988 -0.00022961815035939731 0.10311406696036014
leaf_weight=6.5672027350996816 42.361904023146565 1.7382127704354378 0.79204524638637863 4.1766179649382309 3.2789372348167367 8.5999187618961042 0.75767678658442505 24.368837932767796 1.654810853641892 1.3849642309667158 58.784861998279744 0.63555301733669045 1887.3368799471871 1.7631178231316651
leaf_count=1243 3339 4868 1634 286 296 3998 1619 21447 2261 2052 56771 505 349392 440
internal_value=0.000445582 0.000158782 0.000220639 0.0407755 0.0130043 0.000119475 0.00833325 -0.00657618 0.0294463 -0.01734 0.0168408 -0.000285163 -0.000151561 0.0612658
internal_weight=2044.2 1998.56 1996.82 4.96866 45.6408 1991.85 93.5184 33.9758 9.60698 3.03978 59.5425 1898.34 1889.74 2.39867
internal_count=450151 446516 441648 1920 3635 439728 85393 27003 5556 4313 58390 354335 350337 945
is_linear=0
shrinkage=0.05


Tree=252
num_leaves=15
num_cat=0
split_feature=16 18 7 16 8 8 18 4 0 4 16 12 16 12
split_gain=3.94737 5.27616 3.87927 3.29936 5.07373 5.69398 4.54885 4.54579 4.94171 4.88265 2.81206 8.26311 5.84706 15.0976
threshold=5.7317204475402841 0.61389270424842846 48.332918167114265 1.7005987167358401 6.5000000000000009 22.500000000000004 0.016150768846273426 0.023316860198974613 0.6812523901462556 0.0081996321678161638 5.4227426052093515 0.13125512748956683 5.3254430294036874 0.10102041065692903
decision_type=10 10 8 8 8 8 8 10 8 8 10 8 10 8
left_child=3 -2 -3 4 -1 -6 -5 8 9 -7 12 -12 -8 -14
right_child=1 2 -4 6 5 7 10 -9 -10 -11 11 -13 13 -15
leaf_value=0.054428839703973747 -0.070989451394934497 -0.081393671929682443 0.025511791783365979 -0.087534356615097786 -0.10383025298274962 -0.04335123939999258 -0.00044037326673678021 -0.036624942619012731 0.046999576806702581 0.021944509934142625 -0.049872499917468407 0.0035751064122982487 0.055880706143686426 -0.029784175503477131
leaf_weight=6.7036592197846403 1.5936593071853007 0.87415776537793732 28.994467647104873 1.4984703192196196 1.1377416916948275 4.3874407409894447 1923.4064606215509 4.1929605759122515 9.3752199487162198 5.9658961092254694 11.127591055775026 20.653625279182183 14.387857405587923 8.0048437633786733
leaf_count=164 702 6932 8768 541 431 561 409218 2269 363 581 5371 8824 1669 3203
internal_value=7.99571e-05 0.0176534 0.022383 -0.000195003 0.015792 0.00545618 -0.000451584 0.010654 0.0207023 -0.00311056 -0.000385599 -0.0151386 -0.000144635 0.0252576
internal_weight=2042.3 31.4623 29.8686 2010.84 31.7629 25.0593 1979.08 23.9215 19.7286 10.3533 1977.58 31.7812 1945.8 22.3927
internal_count=449597 16402 15700 433195 4369 4205 428826 3774 1505 1142 428285 14195 414090 4872
is_linear=0
shrinkage=0.05


Tree=253
num_leaves=15
num_cat=0
split_feature=16 16 0 16 11 16 12 16 2 17 0 17 17 8
split_gain=3.13132 6.59344 7.05526 3.86904 7.36785 9.33569 7.3707 6.53287 9.30751 7.12125 5.83238 6.7189 4.1153 3.6006
threshold=5.3254430294036874 5.349482774734498 0.77310383319854747 5.2443854808807382 0.61250001192092907 5.2704288959503183 0.3364779949188233 5.1901714801788339 1.3187194466590884 5.881927728652955 0.71519094705581676 5.5032949447631845 4.0163424015045175 20.500000000000004
decision_type=10 8 8 10 10 10 8 10 8 8 10 10 8 10
left_child=3 -2 -3 7 5 12 -7 13 -9 -10 11 -8 -5 -1
right_child=1 2 -4 4 -6 6 10 8 9 -11 -12 -13 -14 -15
leaf_value=-0.00042257531202155395 0.054574415396156629 -0.0079376585641509831 0.02200108723534229 0.16863209620932348 0.068402642900776134 -0.079278391812209636 0.014605129922878771 0.061184186458796766 -0.074569881847843772 0.023211311170115878 0.048747501070090626 -0.083597085544990096 -0.076378520789871215 0.015009329403921476
leaf_weight=1873.09961475302 7.454855227492863 44.168809767145625 35.489692837158266 0.17518135222905051 2.1859742942214089 2.7225736698295009 4.3195011313511866 10.375323936246074 2.8104004060417944 5.517896197095923 5.7225106556579703 2.5752036375191096 7.9072297921324415 38.577037850722718
leaf_count=368401 1106 15835 18648 58 100 897 1291 2224 1841 550 93 1207 2255 35701
internal_value=0.000333512 0.00960885 0.00540074 -7.95811e-05 -0.0193868 -0.0275802 -0.00466673 0.000176547 0.0295832 -0.00978515 0.0114332 -0.0195372 -0.0710681 -0.000111164
internal_weight=2043.1 87.1134 79.6585 1955.99 25.6082 23.4222 15.3398 1930.38 18.7036 8.3283 12.6172 6.8947 8.08241 1911.68
internal_count=450207 35589 34483 414618 5901 5801 3488 408717 4615 2391 2591 2498 2313 404102
is_linear=0
shrinkage=0.05


Tree=254
num_leaves=15
num_cat=0
split_feature=11 16 3 9 12 1 9 1 2 3 16 3 2 1
split_gain=2.97421 2.9841 3.94775 3.63226 4.01131 5.43775 4.1583 3.55684 3.4475 4.17587 5.42738 3.95701 3.79963 5.64945
threshold=0.61250001192092907 3.5694335699081425 0.12578222155570987 0.62685751914978038 0.14854215830564502 29.500000000000004 0.64932385087013256 70.500000000000014 -0.9233013093471526 0.11127251386642457 3.9607677459716801 0.11190137267112733 -0.8320363163948058 61.500000000000007
decision_type=10 8 10 8 10 10 8 10 8 10 8 10 8 10
left_child=1 -1 3 -3 6 -6 -5 8 9 -8 11 -11 13 -10
right_child=-2 2 -4 4 5 -7 7 -9 12 10 -12 -13 -14 -15
leaf_value=0.0019412668517472483 0.012456998517264556 0.011244767705078013 -0.052568873435244523 -0.066017940323926064 0.0065853288668912095 0.066270995634366933 -0.043476695145710648 0.028425619269010972 0.063314087147578926 0.52431747165591203 -0.05294079960881707 0.12855310380523166 -0.002982386402029049 -0.054030348905031146
leaf_weight=802.97793343721901 45.946782408468152 50.723587474851342 3.848236744830273 2.6044237369178234 24.021502008591543 4.5368220704713726 8.5597197996771648 9.0651759912336711 4.6041359271416695 0.078636138810907918 0.40719684840632908 0.32089230289284387 1071.3980100521449 1.3197019161459591
leaf_count=141891 3648 63153 79647 2938 1688 748 8289 3228 3065 20 1084 266 137727 2601
internal_value=-0.000119443 -0.000410628 -0.00200905 -0.00184384 -0.00243297 0.0160671 -0.00291399 -0.002764 -0.00302418 -0.0332275 0.075521 0.206448 -0.00276159 0.0371723
internal_weight=2030.41 1984.47 1181.49 1177.64 1126.92 28.5583 1098.36 1095.75 1086.69 9.36645 0.806725 0.399528 1077.32 5.92384
internal_count=449993 446345 304454 224807 161654 2436 159218 156280 153052 9659 1370 286 143393 5666
is_linear=0
shrinkage=0.05


Tree=255
num_leaves=15
num_cat=0
split_feature=17 16 15 16 16 4 8 3 14 16 16 4 4 4
split_gain=6.17062 3.34351 3.80251 2.55155 7.83521 5.7844 6.5407 4.29427 3.93772 6.22668 8.02202 6.30686 6.93106 5.66558
threshold=6.8793365955352792 6.3035306930542001 inf 4.6001451015472421 4.5591125488281259 0.002805411815643311 5.5000000000000009 0.026645988225936893 inf 4.8789997100830087 4.9801702499389657 0.026797741651535038 0.027230352163314823 0.01957112550735474
decision_type=10 10 8 10 10 8 10 8 8 8 10 10 10 8
left_child=1 3 -3 4 -1 7 -7 -6 9 13 11 -11 -13 -5
right_child=-2 2 -4 8 5 6 -8 -9 -10 10 -12 12 -14 -15
leaf_value=-0.00051155507342253998 -0.078666617618599902 0.053524770832553928 -0.061500535217663459 0.020352141412369851 0.030819706178853684 -0.058902913702192743 0.04354982001356851 -0.072713123914333572 -0.016799593611855859 -0.043903160348203851 0.0031178145114082578 0.56846565496753887 0.021245274588166448 -0.0045998185906910407
leaf_weight=1669.3031822138796 2.495727708021831 5.1243437450260814 0.83566592171483378 91.418024562479502 4.9612316545098407 13.657095375660885 1.7583937978077617 1.2548827388625339 21.566722593339023 16.043023588436252 173.63158639144604 0.058867830433541157 3.3964251959677725 30.286546650367484
leaf_count=333620 726 1446 1998 11594 42 4315 2363 596 16283 4417 52125 43 3855 16462
internal_value=-9.43277e-05 2.11427e-06 0.0373968 -0.00010782 -0.000898999 -0.0307979 -0.0472165 0.00991894 0.00386908 0.00528492 -0.000297033 -0.0307061 0.0305683 0.0141428
internal_weight=2035.79 2033.3 5.96001 2027.34 1690.93 21.6316 15.4155 6.21611 336.401 314.834 193.13 19.4983 3.45529 121.705
internal_count=449885 449159 3444 445715 340936 7316 6678 638 104779 88496 60440 8315 3898 28056
is_linear=0
shrinkage=0.05


Tree=256
num_leaves=15
num_cat=0
split_feature=18 9 4 3 11 17 20 13 17 15 17 3 14 14
split_gain=3.3675 5.31921 4.51017 3.29517 6.66459 3.67492 5.10526 4.89064 3.28029 6.80384 3.35896 3.18123 3.13685 2.98672
threshold=1.2430758476257326 0.55750462412834179 0.0026703774929046635 0.072774559259414687 0.52272728085517894 3.7954261302948002 1.0000000180025095e-35 0.2469512224197388 4.3630783557891855 1.0000000180025095e-35 4.6774799823760995 0.063179612159729018 1.0000000180025095e-35 1.0000000180025095e-35
decision_type=10 8 8 10 8 10 10 10 10 10 8 10 8 8
left_child=-1 -2 -3 4 13 6 -6 -8 12 -10 -11 -7 -5 -4
right_child=1 2 3 8 5 11 7 -9 9 10 -12 -13 -14 -15
leaf_value=-0.00090559590624307107 -0.08259055868043394 -0.041021952728437255 -0.0050605687547096295 0.09795308335067747 0.066368642717761758 0.033830638692302982 -0.10367384495326622 0.12607646293331584 -0.05973780616373351 0.19516957646595789 0.039958038823387831 -0.066330418254236273 -0.012849967644784275 -0.066303295858633482
leaf_weight=1972.5232673193134 1.4416622803942685 3.3690855623856057 6.521740974120914 3.5151520664314821 0.97022772329302176 25.317182477405229 1.748152260417956 0.26700779299244448 1.6891888449874273 0.46600412319207851 1.3832853284326347 0.81837722527870838 0.7805920159244123 2.8654956070933517
leaf_count=411309 11165 2045 2111 2496 29 4086 880 10 7250 89 458 335 3534 4446
internal_value=-0.000577139 0.0120885 0.0148343 0.018895 0.0128813 0.0246912 -0.0278629 -0.073232 0.0484546 0.0128063 0.0790699 0.0306943 0.0778187 -0.0237552
internal_weight=2023.68 51.1532 49.7115 46.3424 38.5082 29.1209 2.98539 2.01516 7.83422 3.53848 1.84929 26.1356 4.29574 9.38724
internal_count=450243 38934 27769 25724 11897 5340 919 890 13827 7797 547 4421 6030 6557
is_linear=0
shrinkage=0.05


Tree=257
num_leaves=15
num_cat=0
split_feature=16 16 16 0 4 2 7 4 4 16 7 2 17 17
split_gain=2.91505 4.7205 8.71648 8.27021 5.55092 7.32645 5.82751 5.4627 4.39858 4.36042 7.17963 5.02546 4.50957 6.26737
threshold=5.0530509948730478 4.8789997100830087 4.8322978019714364 0.79100897908210765 0.024409174919128421 0.7800472378730775 67.918422698974624 0.0083661973476409929 0.0018285214900970461 5.0782890319824228 36.349233627319343 0.11667622253298761 6.1892895698547372 6.1559185981750497
decision_type=10 10 10 10 10 8 10 8 8 8 8 10 8 10
left_child=1 2 -1 4 5 -3 7 -7 -4 11 -11 -2 13 -12
right_child=9 3 8 -5 -6 6 -8 -9 -10 10 12 -13 -14 -15
leaf_value=-0.00041533328531272038 -0.064806837578391369 0.0096456117631677704 -0.08009411419987339 0.054645707784781096 0.015570857739806749 -0.032357040114533574 0.015570857739806749 -0.082632523984049688 0.035766849002499899 -0.072845146037199784 0.0037898529103278832 0.057080500498716505 0.020057315931226224 -0.033427403146829383
leaf_weight=1792.4969190841027 0.96133979004721126 7.8701658844622404 0.85223927992476234 3.7039389536803347 7.0836934392962396 12.578664606229838 2.3528246259199923 9.4712434369142766 21.116055794295818 2.9397269771660959 116.24921368230181 7.0281327279413404 42.294765354874556 5.616859016359796
leaf_count=370195 1398 3916 306 44 8662 1822 477 2684 4465 13893 34961 337 5843 1072
internal_value=0.000161359 -0.000419978 -3.16833e-05 -0.0167818 -0.023504 -0.0323037 -0.0458329 -0.0539522 0.0312721 0.00632876 0.00460342 0.0424143 0.00599034 0.00110826
internal_weight=2032.62 1857.53 1814.47 43.0605 39.3566 32.2729 24.4027 22.0499 21.9683 175.09 167.101 7.98947 164.161 121.866
internal_count=450075 392571 374966 17605 17561 8899 4983 4506 4771 57504 55769 1735 41876 36033
is_linear=0
shrinkage=0.05


Tree=258
num_leaves=15
num_cat=0
split_feature=21 8 16 4 12 9 4 7 17 10 8 9 3 18
split_gain=3.31655 3.07741 4.35781 3.57984 4.00076 4.6541 3.79228 3.30582 3.58089 3.19773 3.15698 6.33207 6.11711 3.48938
threshold=1.5000000000000002 20.500000000000004 6.0449604988098153 0.00037497282028198248 0.077422577887773528 0.70365771651268016 0.0034115314483642582 16.355985641479496 4.0163424015045175 0.026333848014473919 15.500000000000002 0.69466081261634838 0.036147534847259528 0.29826705157756811
decision_type=10 10 8 10 8 10 10 10 10 8 10 10 10 10
left_child=1 10 3 9 -5 6 -6 8 -8 -3 -1 12 13 -12
right_child=-2 2 -4 4 5 -7 7 -9 -10 -11 11 -13 -14 -15
leaf_value=-0.00037080138120322781 -0.081271735392005898 -0.068208581891767303 -0.084410667242110826 0.044382557534612406 -0.037949180849579989 -0.058542489255385854 0.0025327619700721269 0.026824639827764923 -0.071077733836126727 0.06387822699791558 0.024175844902374132 -0.078707018328150982 -0.078199350124884395 -0.029995623466587514
leaf_weight=1959.7718980670336 1.2650864212782824 0.50191151017099855 1.1125720269435309 6.7343203887453384 3.7465063096483453 2.8979169901576247 2.2960168283123492 16.693225548136439 2.1346785816255931 5.2622559648735168 9.150588662811705 3.7728077339447728 2.5240521653201844 4.4030491001192891
leaf_count=385193 747 2466 3393 7439 2298 1958 1741 19078 4028 41 7299 2480 1742 9675
internal_value=-0.000340331 -0.000289671 0.0132055 0.0159026 0.0098091 0.00142441 0.00841179 0.0166343 -0.0217591 0.0523768 -0.000571756 -0.0204113 -0.00673158 0.00657764
internal_weight=2022.27 2021 41.3794 40.2668 34.5027 27.7683 24.8704 21.1239 4.4307 5.76417 1979.62 19.8505 16.0777 13.5536
internal_count=449578 448831 42442 39049 36542 29103 27145 24847 5769 2507 406389 21196 18716 16974
is_linear=0
shrinkage=0.05


Tree=259
num_leaves=15
num_cat=0
split_feature=15 8 18 16 13 9 14 4 1 16 4 1 0 4
split_gain=3.30738 5.3727 6.40492 6.65054 7.81306 5.44974 5.87411 5.22049 4.34256 4.43201 4.3132 4.29935 8.50009 4.26159
threshold=1.0000000180025095e-35 11.500000000000002 0.069624941796064391 3.8815106153488164 0.084219858050346388 0.52467200160026561 1.0000000180025095e-35 0.0021896660327911381 72.500000000000014 6.151663303375245 0.00049230456352233898 2.5000000000000004 0.71519094705581676 0.00057461857795715343
decision_type=8 8 8 8 10 10 10 10 10 10 8 8 10 8
left_child=1 -1 -3 4 11 6 7 -5 9 -9 -8 12 -4 -12
right_child=-2 2 3 5 -6 -7 10 8 -10 -11 13 -13 -14 -15
leaf_value=-0.034067126207567369 0.00029767864339206684 -0.048112092253537998 -0.052300901600560827 -0.077045043535676691 -0.080503366880131585 0.051201810875360479 -0.085564217241520982 -0.026838735651369312 0.065920737165156021 0.15216457812364842 0.092904639518085141 0.019877610291716183 0.030247343344561417 -0.0027912294355953368
leaf_weight=16.257457726653691 1829.0422209323358 7.8840518073023409 6.5151686049030086 4.7438693526079438 2.2869100775157554 3.5278175003238621 1.5446510565379714 29.743699818768896 1.3809009818125719 0.34986220032905535 1.1855837070452242 51.923183792907878 5.981673634116305 62.150517562462127
leaf_count=9669 389904 4049 94 2162 840 2050 390 14033 271 109 117 10711 68 15624
internal_value=-0.000362993 -0.00654483 -0.00404819 -0.00202055 0.0103165 -0.00988632 -0.012018 -0.028149 -0.0207793 -0.0247577 -0.00301317 0.0135407 -0.0127888 -0.000999906
internal_weight=2024.52 195.475 179.218 171.334 66.7069 104.627 101.099 36.2183 31.4745 30.0936 64.8808 64.42 12.4968 63.3361
internal_count=450091 60187 50518 46469 11713 34756 32706 16575 14413 14142 16131 10873 162 15741
is_linear=0
shrinkage=0.05


Tree=260
num_leaves=15
num_cat=0
split_feature=18 16 9 3 3 18 10 10 16 16 16 16 2 4
split_gain=3.06648 4.59675 4.37246 3.71292 3.51751 2.63864 5.22253 2.68063 2.72608 2.85744 3.22901 2.6017 3.86813 2.56117
threshold=1.2769591808319094 3.9981586933135991 0.55750462412834179 0.072774559259414687 0.063179612159729018 3.3523569107055669 0.029601451009511951 0.027767428196966652 4.3241107463836679 4.424828529357911 4.5798392295837411 5.2122108936309823 -0.65752854943275441 0.016744405031204227
decision_type=10 10 8 10 10 10 8 8 10 10 10 8 10 10
left_child=-1 -2 -3 4 5 7 -7 -4 -9 -10 -11 13 -13 -5
right_child=1 2 3 11 -6 6 -8 8 9 10 -12 12 -14 -15
leaf_value=0.00032322271102426536 -0.07405723184454642 -0.080039764578379816 -0.057330534240860431 0.1084264951693768 -0.06625438230372431 0.092583830932434372 -0.081660520822180338 -0.055593536578689429 0.068915515258318322 -0.076260770576233872 0.021380911863477153 0.060840599646153806 -0.058514997647157833 0.038404357644452242
leaf_weight=2003.6336515483838 1.4697506408221261 1.1624003675739372 1.1405098513607468 2.3514713759567458 1.3970547177600554 0.57573882067545412 1.69925318431251 1.1329469795273315 3.1040204650416845 0.87304897972353757 28.073973377578113 1.5855616190476496 1.1870135550064485 2.9369160012434889
leaf_count=413448 1901 10387 6160 1565 831 1618 697 198 95 187 2507 2043 4655 4306
internal_value=0.000624507 0.0130227 0.0157331 0.0181502 0.0116114 0.0145837 -0.037564 0.01804 0.0206304 0.0233248 0.018436 0.0489719 0.00974128 0.0695396
internal_weight=2052.32 48.6897 47.2199 46.0575 37.9965 36.5995 2.27499 34.3245 33.184 32.051 28.947 8.06096 2.77258 5.28839
internal_count=450598 37150 35249 24862 12293 11462 2315 9147 2987 2789 2694 12569 6698 5871
is_linear=0
shrinkage=0.05


Tree=261
num_leaves=15
num_cat=0
split_feature=12 1 17 0 18 18 18 17 17 12 18 9 16 8
split_gain=3.05768 2.80451 5.2521 4.4505 4.27918 4.1282 4.95003 5.44376 11.4837 5.19428 9.28137 4.87722 4.72553 4.51241
threshold=0.3964285701513291 34.500000000000007 6.5169320106506357 0.58106544613838207 1.5414755344390871 0.29826705157756811 0.34178675711154943 5.2284276485443124 5.2443854808807382 0.11035007610917093 0.35988605022430425 0.84532853960990917 4.2268071174621591 5.5000000000000009
decision_type=10 10 10 8 10 8 8 10 8 10 8 8 8 8
left_child=1 3 4 -1 5 11 -7 -8 -9 12 -11 -3 -10 -13
right_child=-2 2 -4 -5 -6 6 7 8 9 10 -12 13 -14 -15
leaf_value=-0.053335126395559221 0.066558963655905676 0.0505589491805295 -0.060979149765363908 -0.0013789232097815279 0.056839657333054211 -0.056720386454425946 -0.016951179881566334 0.35619954920505903 0.2557532065217164 0.37615122673920692 0.04981592192144358 -0.095791870641255203 0.0002451016524758944 0.0085009072071105512
leaf_weight=4.1308936253237709 1.6791846167066058 6.9991964971874268 2.9328260291370034 1848.0403699644369 4.1197982826346324 4.6749896453709416 23.235001923694874 0.25324180775689065 0.18381435204264285 0.25224406681150013 1.599492061830702 1.0473073185712563 11.650389761558721 106.91098473898205
leaf_count=11905 393 2180 2111 265281 7119 8949 50276 357 42 52 877 154 17293 82758
internal_value=-0.000883944 -0.000940118 0.0053297 -0.0014948 0.00653816 0.00521658 -0.00822942 -0.00213125 0.0225719 0.0163985 0.0942694 0.0101115 0.00421377 0.00748916
internal_weight=2017.71 2016.03 163.859 1852.17 160.926 156.807 41.8492 37.1742 13.9392 13.6859 1.85174 114.957 11.8342 107.958
internal_count=449747 449354 172168 277186 170057 162938 77846 68897 18621 18264 929 85092 17335 82912
is_linear=0
shrinkage=0.05


Tree=262
num_leaves=15
num_cat=0
split_feature=16 18 18 7 18 14 16 4 0 14 18 18 16 18
split_gain=3.76528 5.3012 5.79805 4.44903 4.35871 7.81525 5.68107 6.81451 4.63581 5.67921 4.48331 6.6105 3.96121 3.8511
threshold=5.1619205474853525 2.7319251298904423 1.3140445351600649 41.642488479614265 0.4889239370822907 inf 2.9700856208801274 0.0033110678195953373 0.66750299930572521 1.0000000180025095e-35 0.62178853154182445 0.68760964274406444 3.9981586933135991 0.4512415230274201
decision_type=10 10 10 8 10 8 10 8 10 10 10 10 10 10
left_child=1 2 4 -2 13 8 -7 10 9 -6 -8 -12 -4 -1
right_child=3 -3 12 -5 5 6 7 -9 -10 -11 11 -13 -14 -15
leaf_value=-0.00054507285976648106 -0.058571643038637704 -0.090607567618831431 -0.071971418618678673 0.0088484223697723324 -0.0082798123622685044 0.022135992124301118 -0.083609126956842597 -0.058724508225576344 0.0015728844832780008 -0.048829272618398131 0.070344933911559007 -0.052729457575760912 0.027826163904256098 0.01685118625871097
leaf_weight=1661.1939979524589 2.4904077196610359 1.6398940020062571 1.0386243045374381 140.26031010889739 30.487217742830438 3.949570078922167 1.1778932663650064 17.126410574114544 105.78971159187873 11.089566215215539 2.9915203620778357 1.7173814013450508 23.312438273636488 32.434748977413847
leaf_count=301148 14559 2461 1575 34025 29038 780 500 16856 6863 19771 171 868 11048 10531
internal_value=-0.000158465 -0.000748679 -0.000670806 0.00767222 -0.000986809 -0.00851498 -0.0332649 -0.0427729 -0.00398663 -0.0181325 0.0036351 0.0254585 0.0235696 -0.000211916
internal_weight=2036.7 1893.95 1892.31 142.751 1867.96 174.329 26.9628 23.0132 147.366 41.5768 5.8868 4.7089 24.3511 1693.63
internal_count=450194 401610 399149 48584 386526 74847 19175 18395 55672 48809 1539 1039 12623 311679
is_linear=0
shrinkage=0.05


Tree=263
num_leaves=15
num_cat=0
split_feature=16 0 16 17 15 13 13 2 2 18 16 20 9 13
split_gain=4.16374 4.59166 4.55137 3.65117 2.74825 2.41267 4.95485 11.3067 9.99808 9.80739 7.58051 6.93011 6.30427 4.56616
threshold=5.9229171276092538 0.71707999706268322 6.1235833168029794 5.7636213302612314 inf 0.13714733719825747 0.09175084158778192 0.90086188912391674 0.71455958485603344 0.1789570823311806 5.2958111763000497 1.0000000180025095e-35 0.67104282975196849 0.27525253593921667
decision_type=10 10 8 10 8 10 10 10 8 10 10 8 10 10
left_child=5 2 -2 -4 -5 6 -1 8 11 -10 12 -8 -9 -7
right_child=1 -3 3 4 -6 13 7 10 9 -11 -12 -13 -14 -15
leaf_value=-0.00010221445997780803 -0.073447525875688355 0.054565354770669573 -0.04982818396746197 0.028577581963578787 -0.07277229852331113 0.011722492695907296 0.23524699681480757 -0.073887272891750372 0.058495560145011942 -0.075587399419843229 0.033637248918506821 -0.055277884871359456 0.034983616717102622 -0.0087337251384586451
leaf_weight=1851.5161208312998 1.6454907871004003 7.3669988456485944 1.6526002274275127 6.0543603940072188 0.68814156395396242 103.72729858354987 0.21340617770363224 12.745165430908687 9.0685040846174747 1.6051852801554236 2.3940121036588371 5.3801172337949623 1.4845761449541885 37.014358744473299
leaf_count=413419 2797 156 3541 1037 823 14303 35 695 676 1511 55 3515 35 7505
internal_value=0.000237006 0.0245862 0.00258981 0.0174936 0.0285776 2.77081e-05 -0.000443936 -0.0196803 0.00995482 0.0383312 -0.0486798 -0.0441937 -0.0625289 0.00634261
internal_weight=2042.56 17.4076 10.0406 8.3951 6.7425 2025.15 1884.41 32.891 16.2672 10.6737 16.6238 5.59352 14.2297 140.742
internal_count=450103 8354 8198 5401 1860 441749 419941 6522 5737 2187 785 3550 730 21808
is_linear=0
shrinkage=0.05


Tree=264
num_leaves=15
num_cat=0
split_feature=12 12 12 0 9 17 13 13 2 2 3 3 12 3
split_gain=2.94174 5.61124 5.02205 5.83708 5.06512 4.40232 5.07937 4.17826 3.85958 3.98011 3.84848 3.49811 6.16115 5.55392
threshold=0.037386443465948112 0.032795699313282974 0.043961353600025184 0.71349188685417186 0.52720084786415111 4.8789997100830087 0.16247642785310748 0.60555556416511547 2.6247798204422002 0.71455958485603344 0.061192810535430915 0.080143064260482802 0.26975052058696752 0.071626543998718276
decision_type=10 10 10 10 10 8 10 8 8 10 10 10 8 10
left_child=1 -1 3 -2 5 6 -4 11 9 -8 -10 13 -13 -7
right_child=2 -3 4 -5 -6 7 8 -9 10 -11 -12 12 -14 -15
leaf_value=-3.0588862420143965e-06 -0.03527682492893127 -0.081554650112420413 -0.074691439332287043 0.056890234767114856 0.025941401453262708 0.0040615812569489802 -0.062543123526282038 -0.090277708902248732 -0.065919442003207138 0.045162712863054955 0.083699674986366504 -0.035782818747457971 0.074561156495257352 0.047466365860244636
leaf_weight=1831.7666277730991 2.1313880174903366 2.1117096462921827 3.8749449776848541 8.8537565373244416 23.901716894053749 147.98966284348163 1.0910901146338634 1.1773791333423549 3.1263139266598681 4.0106491146631811 0.49829078659240611 10.23696883006591 1.4434110505897795 7.7562116048557064
leaf_count=412709 1470 774 1846 117 5180 10746 2026 418 990 361 6 11937 125 1226
internal_value=0.000553212 -9.69655e-05 0.00607099 0.0390076 0.00430697 0.00145329 -0.0270537 0.00358388 -0.00590012 0.0221281 -0.0453506 0.00424393 -0.022147 0.00622316
internal_weight=2049.97 1833.88 216.092 10.9851 205.107 181.205 12.6013 168.604 8.72634 5.10174 3.6246 167.426 11.6804 155.746
internal_count=449931 413483 36448 1587 34861 29681 5229 24452 3383 2387 996 24034 12062 11972
is_linear=0
shrinkage=0.05


Tree=265
num_leaves=15
num_cat=0
split_feature=12 16 16 9 12 16 16 4 18 0 4 12 18 0
split_gain=5.89671 2.99695 3.9092 5.63147 5.57088 9.53511 5.44584 5.32843 4.82186 7.82349 4.61439 3.47387 3.84028 10.6681
threshold=0.3964285701513291 5.2806591987609872 5.4227426052093515 0.45441637933254247 0.10102041065692903 5.3351285457611093 5.3254430294036874 0.009333759546279909 0.8039708435535432 0.71707999706268322 0.039066195487976081 0.15170694142580035 1.2769591808319094 0.67811429500579845
decision_type=10 10 8 10 8 8 10 8 10 10 10 10 10 10
left_child=1 -1 4 11 6 8 10 -5 9 -6 -3 12 13 -4
right_child=-2 2 3 7 5 -7 -8 -9 -10 -11 -12 -13 -14 -15
leaf_value=-0.00039866708841464215 0.070485854282955465 -0.083541635961732252 -0.075600747834690424 -0.059463633384035521 -0.081176657866180169 -0.056820365577942622 0.051228086432637501 0.050290463834972515 0.060333734794505135 0.036784044434290508 0.059930171538338878 0.041330162668808706 0.011975789792437885 -0.0045911506607475561
leaf_weight=1946.3723074208165 2.9744140589355075 1.492127361234455 6.4835103548953716 1.2703418293163196 2.1575773682410517 5.0010432993508038 16.116193396328477 8.540546458229457 5.3962526282627152 4.0330578873836203 0.89753512676165303 3.7596258291648317 15.83770960037195 28.713750275530799
leaf_count=411140 399 403 8079 2189 1274 2660 1683 6449 1590 62 240 473 10856 2679
internal_value=0.000136695 3.44272e-05 0.00848948 0.00119241 0.0219229 0.000881498 0.0407837 0.0360792 0.0257863 -0.00432795 -0.029655 -0.00505401 -0.00847102 -0.0176715
internal_weight=2049.05 2046.07 99.6993 64.6055 35.0938 16.5879 18.5059 9.81089 11.5869 6.19064 2.38966 54.7946 51.035 35.1973
internal_count=450176 449777 38637 30725 7912 5586 2326 8638 2926 1336 643 22087 21614 10758
is_linear=0
shrinkage=0.05


Tree=266
num_leaves=15
num_cat=0
split_feature=20 16 17 14 4 4 16 3 18 17 18 14 16 4
split_gain=3.7963 3.30483 5.72432 7.52945 6.48908 3.92876 3.68552 5.51619 4.0586 7.17684 4.55769 6.16952 10.7708 7.18532
threshold=1.0000000180025095e-35 5.1619205474853525 5.1619205474853525 1.0000000180025095e-35 0.0070294141769409188 0.040701776742935188 5.1029059886932382 0.024083048105239872 1.3140445351600649 3.7012257575988774 0.4889239370822907 inf 2.9700856208801274 0.0033110678195953373
decision_type=8 10 8 8 10 10 10 8 10 10 10 8 10 8
left_child=-1 6 3 4 -3 -4 8 -8 10 -10 -2 -12 -13 -14
right_child=1 2 5 -5 -6 -7 7 -9 9 -11 11 12 13 -15
leaf_value=-0.033422875346795972 0.00052652094253011076 -0.087948787887382071 0.011971794491889129 -0.070238085429658786 0.04110756240588892 -0.04939779665308975 0.0032477036791694206 -0.066251590774954267 -0.070942155728192638 0.029765731272963575 -0.0040129051957243454 0.041556298441060756 0.0059712788033581777 -0.061575224152316865
leaf_weight=8.3336097025932574 1678.8221016499945 1.2472552849654377 127.08249831078555 5.2364410912615691 4.4459952961683626 2.6625302095034717 6.2774158000246958 5.2369377965504222 1.9354074703331914 20.584740480521418 135.62780206750506 4.2944821386573251 5.1972624176472122 16.238277170090889
leaf_count=5332 308250 917 22051 10297 3354 10372 89 4671 4357 9280 52305 777 1489 16275
internal_value=0.000254429 0.000393718 0.00778501 -0.0269658 0.0128344 0.0107124 -0.000161057 -0.0283618 1.32672e-05 0.0211108 -0.000244924 -0.00827131 -0.0307181 -0.0451979
internal_weight=2023.22 2014.89 140.675 10.9297 5.69325 129.745 1874.21 11.5144 1862.7 22.5201 1840.18 161.358 25.73 21.4355
internal_count=449816 444484 46991 14568 4271 32423 397493 4760 392733 13637 379096 70846 18541 17764
is_linear=0
shrinkage=0.05


Tree=267
num_leaves=15
num_cat=0
split_feature=16 4 12 16 18 18 4 4 16 7 16 4 4 14
split_gain=4.84136 6.0575 4.95398 4.89532 4.82479 8.89758 4.77814 4.62578 5.19031 8.15107 6.82589 8.81057 5.99085 5.32812
threshold=4.6586997509002694 0.00049230456352233898 0.016001024283468727 5.1845848560333261 0.32092060148715978 0.28072521090507513 0.0045059025287628183 0.018941938877105716 4.863673448562623 36.349233627319343 4.9801702499389657 0.00095802545547485362 0.0014651119709014895 inf
decision_type=10 8 8 10 8 10 10 10 10 8 10 10 8 8
left_child=-1 2 3 -2 5 -3 -7 8 12 -10 11 -11 -6 -14
right_child=1 4 -4 -5 7 6 -8 -9 9 10 -12 -13 13 -15
leaf_value=-0.00079076780797609927 -0.074888237657854725 0.0048938460738661435 -0.062736592562146309 0.04612586455051626 -0.091134715624710982 -0.092532318579322065 -0.023547653327620037 -0.0040700944820249736 -0.09256109514379568 0.050551440582756568 0.013012972434683259 -0.041473852136400147 0.031765474698509065 -0.042387374313685652
leaf_weight=1726.7729310153018 1.1930550577585566 34.6456087073676 5.7244557749871046 2.7900095832342231 1.0696345336395143 3.717546916502668 7.7283720520629942 48.710898684283109 1.9771444870213768 3.1719038470153 138.80356761141394 11.230249758113073 52.455128701537774 2.5397614282729242
leaf_count=348091 221 5727 1379 263 663 668 2708 52351 7998 435 19474 2452 6723 966
internal_value=0.000250179 0.00594277 -0.0329422 0.00987828 0.00717616 -0.00773305 -0.0459533 0.00981961 0.0130224 0.00831161 0.00961339 -0.0231507 0.0260615 0.028341
internal_weight=2042.53 315.757 9.70752 3.98306 306.05 46.0915 11.4459 259.958 211.247 155.183 153.206 14.4022 56.0645 54.9949
internal_count=450119 102028 1863 484 100165 9103 3376 91062 38711 30359 22361 2887 8352 7689
is_linear=0
shrinkage=0.05


Tree=268
num_leaves=15
num_cat=0
split_feature=16 16 9 13 13 17 17 18 1 4 7 15 3 17
split_gain=4.57847 4.06833 4.7418 4.03282 6.95264 7.06547 13.4452 7.06056 6.61042 6.40923 5.59998 4.98164 4.81127 4.71172
threshold=4.6001451015472421 4.610145330429078 0.97896310687065136 0.02289101388305426 0.0745370388031006 6.140960931777955 5.7761018276214608 0.099244788289070143 4.5000000000000009 0.011659353971481325 57.369260787963874 1.0000000180025095e-35 0.041707724332809455 5.0401887893676767
decision_type=10 10 8 10 10 10 10 8 10 10 10 10 8 8
left_child=3 2 -2 -1 7 6 8 -5 -6 -7 11 -8 -13 -9
right_child=1 -3 -4 4 5 9 10 13 -10 -11 -12 12 -14 -15
leaf_value=-0.0021033239340092435 -0.11084766847837489 0.0041011729756415746 0.045910066362076833 -0.072651047071814634 -0.0084683378652568846 0.039594104572608868 -0.090092431428174274 -0.075901187846508983 0.016669755550312314 -0.049329352359379401 0.040346812635491079 -0.007495277683554985 -0.077779303775294684 0.046543637093335047
leaf_weight=1519.1056454832906 0.51004501144907977 338.17853632041158 8.9069476084484585 1.4624841125738637 50.264108025272158 17.996941814310961 5.501029369436087 0.82072049510284983 54.516401567666854 2.2834453447312617 1.8538075789754191 7.0895050278631961 3.7087011757512025 18.395408281868725
leaf_count=317653 387 107327 790 569 6137 645 1431 477 10604 845 255 134 952 1784
internal_value=-0.000220412 0.00500383 0.0374197 -0.00129939 0.00615217 0.00223896 -0.00227181 0.0332539 0.0046108 0.0295819 -0.0419987 -0.0513643 -0.0316347 0.041314
internal_weight=2030.59 347.596 9.41699 1683 163.893 143.214 122.934 20.6786 104.781 20.2804 18.153 16.2992 10.7982 19.2161
internal_count=449990 108504 1177 341486 23833 21003 19513 2830 16741 1490 2772 2517 1086 2261
is_linear=0
shrinkage=0.05


Tree=269
num_leaves=15
num_cat=0
split_feature=18 20 3 17 20 18 17 11 16 17 18 2 9 0
split_gain=4.6921 4.3348 3.82996 4.21884 3.55709 3.49437 4.43051 5.35119 4.17841 4.54188 4.45501 7.04226 6.85298 6.63215
threshold=1.2769591808319094 1.0000000180025095e-35 0.072774559259414687 3.7954261302948002 1.0000000180025095e-35 0.94647634029388439 5.3205649852752694 0.085144929587841048 4.6586997509002694 4.8940944671630868 0.4889239370822907 2.0991011857986455 0.49610905349254614 0.72584563493728649
decision_type=10 8 10 10 10 10 10 10 10 10 10 8 10 8
left_child=1 -1 3 4 -2 8 -7 -8 10 -10 -3 -12 -13 -14
right_child=2 5 -4 -5 -6 6 7 -9 9 -11 11 12 13 -15
leaf_value=-0.042282499550020045 0.043514072899838219 -0.00069628554340447543 0.041619500406129772 0.012801518449195623 -0.066417741314175896 -0.0077185703698348963 -0.065681098560629911 0.085041656141307639 0.064566746181908441 0.0047918417410851653 -0.03242211111687706 0.0065411032775987005 -0.066601828345159694 -0.0046320682149406959
leaf_weight=6.2974322303880541 0.96161898355512665 1576.7387971384667 10.301341250814245 38.017038578399408 3.1341676655640631 32.924998992359036 6.3125304965390105 0.64947629298026743 3.2187236061265301 250.44071933345802 28.89027820749903 50.111557028579796 7.1992642102923154 10.786195245313023
leaf_count=4099 84 289587 14291 19548 3257 15866 4854 32 703 56564 29193 6358 130 5501
internal_value=-0.000473353 -0.000865486 0.0142918 0.00760708 -0.0406077 -0.000732906 -0.0153813 -0.0516204 -0.000429759 0.00555033 -0.00133606 -0.0117371 -0.00296139 -0.0294375
internal_weight=2025.98 1973.57 52.4142 42.1128 4.09579 1967.27 39.887 6.96201 1927.39 253.659 1673.73 96.9873 68.097 17.9855
internal_count=450067 412887 37180 22889 3341 408788 20752 4886 388036 57267 330769 41182 11989 5631
is_linear=0
shrinkage=0.05


Tree=270
num_leaves=15
num_cat=0
split_feature=12 1 13 8 8 4 16 17 17 16 16 12 14 17
split_gain=2.25011 3.72456 2.65377 2.07042 1.96359 4.11158 2.35826 2.51346 2.13822 1.88484 5.08143 5.47311 4.96173 5.369
threshold=0.3964285701513291 3.5000000000000004 0.60555556416511547 29.500000000000004 27.500000000000004 0.0075450837612152108 2.8029010295867924 4.8713660240173349 5.2548844814300546 4.9801702499389657 4.8789997100830087 0.0745370388031006 1.0000000180025095e-35 4.6586997509002694
decision_type=10 8 10 10 10 10 8 10 10 10 10 8 8 10
left_child=2 -2 3 4 9 6 -6 -8 -9 10 -1 -12 13 -11
right_child=1 -3 -4 -5 5 -7 7 8 -10 12 11 -13 -14 -15
leaf_value=0.00044984890258678182 0.078096826523111812 -0.084041993477742549 -0.065252959598596075 -0.064171300848740134 0.066820684306162934 -0.041868070613468755 -0.10203467079037572 0.05865283015550278 -0.085635800590095679 0.027201625428999565 -0.073412995993728622 -0.011097738578394641 0.0082635162311841259 -0.029655434261450259
leaf_weight=1813.1846492718223 1.9760799162042197 0.43154436393395901 1.5254876973206126 1.2285040608692259 4.0934725238393801 1.7600448456507534 0.45739478898104868 1.3179526482283561 0.31888516175877146 5.4175532688415613 4.4503308350225836 16.920778143107871 171.85831889247737 17.775050190315497
leaf_count=364166 41 368 701 4273 169 6487 634 333 888 2446 2653 6935 45170 14581
internal_value=0.00072668 0.0490349 0.000669675 0.000719 0.000758125 0.0255623 0.0447423 0.001587 0.0305428 0.000660994 0.000164162 -0.0240743 0.00533396 -0.0163742
internal_weight=2042.72 2.40762 2040.31 2038.78 2037.55 7.94775 6.18771 2.09423 1.63684 2029.61 1834.56 21.3711 195.051 23.1926
internal_count=449845 409 449436 448735 444462 8511 2024 1855 1221 435951 373754 9588 62197 17027
is_linear=0
shrinkage=0.05


Tree=271
num_leaves=15
num_cat=0
split_feature=0 14 11 17 3 1 4 3 4 1 16 1 15 17
split_gain=2.60911 5.74111 6.96172 5.08185 2.54081 2.24685 3.65436 5.5324 7.82419 4.66675 7.01429 7.83004 6.44013 4.51208
threshold=0.64053869247436535 1.0000000180025095e-35 0.41428571939468389 4.6395599842071542 0.11613461375236513 36.500000000000007 0.026797741651535038 0.096157759428024306 0.035942256450653083 60.500000000000007 4.0689902305603036 66.500000000000014 1.0000000180025095e-35 5.4227426052093515
decision_type=8 10 8 10 10 10 8 10 10 10 10 10 10 10
left_child=1 4 -3 -4 -1 -2 -7 -8 9 13 -11 12 -12 -9
right_child=5 2 3 -5 -6 6 7 8 -10 10 11 -13 -14 -15
leaf_value=-0.0025311393614354583 0.00018694756007913809 -0.051791625078256548 -0.069058030439966264 -0.0025311393614354583 -0.036005487572304963 0.0043560071961065375 -0.0025311393614354583 0.16495623328557679 -0.00077679448053466743 0.1128409248924617 -0.0025311393614354583 -0.0025311393614354583 0.70186447738835256 0.042499551028398863
leaf_weight=144.26097823093062 1761.9297459573115 13.694103083625505 2.943198831006387 18.998286075989839 5.8639684163244672 76.398621034551581 3.25479774835184 0.99611385925504503 3.5285393869311932 0.72728609449586645 0.034491502142373065 0.067981836860553813 0.16459877404304279 3.0724141847954343
leaf_count=45915 220798 23541 4330 11692 93139 33688 1784 888 11380 529 212 280 96 1459
internal_value=9.73135e-06 -0.00563917 -0.0238178 -0.00635873 -0.00253114 0.00057689 0.00836263 0.0342021 0.0563788 0.0962129 0.193314 0.412458 0.571354 0.0724811
internal_weight=2035.94 185.761 35.6356 21.9415 150.125 1850.17 88.2448 11.8462 8.59143 5.06289 0.994358 0.267072 0.19909 4.06853
internal_count=449731 178617 39563 16022 139054 271114 50316 16628 14844 3464 1117 588 308 2347
is_linear=0
shrinkage=0.05


Tree=272
num_leaves=15
num_cat=0
split_feature=16 7 8 1 18 18 12 18 4 16 16 12 4 2
split_gain=4.09844 4.83012 4.41195 4.41124 6.33032 5.6354 7.96044 5.45769 8.88915 10.6965 9.91012 7.30235 5.51844 9.45979
threshold=4.6586997509002694 36.101871490478523 11.500000000000002 23.500000000000004 0.32420571148395544 0.26417154073715216 0.048199767246842391 0.081102162599563613 0.0063078999519348153 3.4811217784881596 3.4498615264892583 0.08876050636172296 0.0034115314483642582 0.57469287514686596
decision_type=10 8 10 10 10 10 8 8 10 8 10 10 10 8
left_child=3 2 -2 7 5 -5 -7 8 9 10 11 -1 13 -9
right_child=1 -3 -4 4 -6 6 -8 12 -10 -11 -12 -13 -14 -15
leaf_value=-0.021925776611009942 -0.075956292315157381 0.0066047334399131161 -0.013624013541586722 0.0059588188112299212 -0.01932711119606105 0.087608193031945572 0.012518588065959331 -0.039712619263329516 0.00072143326732606065 -0.076915210105500467 0.076318641418545011 0.033381108079753551 -0.0027020578066050487 0.0056117255815722154
leaf_weight=84.521526524526195 3.6350817380513831 305.39024499926836 3.9248851209384448 206.76981669358659 23.072525125722848 5.1930443050914619 11.018271169390831 11.848554002956687 111.25907029224757 7.5710579278388641 2.871686720895922 6.4216602905094069 844.98327057381766 405.53738848366629
leaf_count=4932 7015 77638 17286 112239 53448 2393 12760 1843 16079 684 74 128 118673 24899
internal_value=0.000364036 0.0056274 -0.0338528 -0.000593027 0.00560473 0.00818451 0.0365724 -0.0016269 -0.00903731 -0.0197464 -0.0151327 -0.0180205 -0.000378626 0.00432508
internal_weight=2034.02 312.95 7.55997 1721.07 246.054 222.981 16.2113 1475.01 212.645 101.386 93.8149 90.9432 1262.37 417.386
internal_count=450091 101939 24301 348152 180840 127392 15153 167312 21897 5818 5134 5060 145415 26742
is_linear=0
shrinkage=0.05


Tree=273
num_leaves=15
num_cat=0
split_feature=21 0 14 7 18 3 11 18 16 18 1 1 14 1
split_gain=3.43204 2.80874 5.1787 5.40862 4.29845 2.81232 5.81708 6.74949 5.28434 3.58576 4.3914 5.0737 4.10461 7.58819
threshold=1.5000000000000002 0.61528271436691295 1.0000000180025095e-35 29.224341392517093 0.11541344597935678 1.0000000180025095e-35 inf 0.11735317856073381 2.9174053668975835 0.79109200835227977 4.5000000000000009 14.500000000000002 1.0000000180025095e-35 27.500000000000004
decision_type=10 8 8 10 8 8 8 10 10 8 8 8 8 8
left_child=1 2 -1 4 -4 6 7 -3 -9 -7 -11 -12 13 -13
right_child=-2 5 3 -5 -6 9 -8 8 -10 10 11 12 -14 -15
leaf_value=-0.0043421205614820567 -0.082139104957318354 0.023971029826153099 -0.023325549924766664 -0.0043421205614820567 -0.060480682803719293 0.00066801979399732248 -0.0043421205614820567 0.030705249785187995 -0.0043421205614820567 0.015975012051526686 -0.0043421205614820567 0.055716298654226996 0.0032122705454113547 -0.0025318162468035061
leaf_weight=45.883607703028261 1.2600940557238107 37.541541878616044 6.7162750366800088 4.5217107849161584 12.906616372555879 1446.9272502122446 164.31604527219315 11.962857567174067 96.122926815426581 90.435173139931536 45.745153808516946 11.905568157833949 58.529901906317278 10.542473597377372
leaf_count=59564 754 639 8522 1097 48112 252332 1854 220 1552 1989 6272 2482 45319 19252
internal_value=0.000352759 0.000403612 -0.00943695 -0.0290707 -0.042309 0.000752704 -0.00362022 0.00570634 -0.000637555 0.00156718 0.0075583 0.00155176 0.0101837 0.0283607
internal_weight=2045.32 2044.06 70.0282 24.1446 19.6229 1974.03 309.943 145.627 108.086 1664.09 217.158 126.723 80.9779 22.448
internal_count=449960 449206 117295 57731 56634 331911 4265 2411 1772 327646 75314 73325 67053 21734
is_linear=0
shrinkage=0.05


Tree=274
num_leaves=15
num_cat=0
split_feature=7 8 18 4 12 15 2 2 0 12 16 18 17 11
split_gain=2.99307 2.53728 2.76245 6.65614 3.13188 6.07481 3.16364 2.94135 4.72209 6.81082 6.02313 6.1744 7.98872 5.20152
threshold=126.08965301513673 22.500000000000004 0.031050826422870163 0.024898648262023929 0.11035007610917093 inf 3.478630900382996 -0.43228083848953242 0.66882583498954784 0.086335405707359328 1.8688347935676577 0.47779673337936407 4.424828529357911 1.0000000180025095e-35
decision_type=10 10 8 8 10 8 8 8 8 10 8 10 10 8
left_child=1 2 3 4 5 -1 -7 -4 9 10 13 -12 -13 -9
right_child=-2 -3 7 -5 -6 6 -8 8 -10 -11 11 12 -14 -15
leaf_value=-0.066819321337655502 0.018646421616613569 0.0095222114457504219 0.0080366145377997605 -0.076767415010429774 0.0095222114457504219 0.0095222114457504219 -0.067549425152541837 -0.011779245877857055 0.0010410384330965426 -0.061803690165564362 -0.0022821397612808494 -0.0022821397612808494 -0.044820583882741703 -0.085953180775209512
leaf_weight=4.5606284491354927 22.722379965096707 30.785208384404996 117.48913892094967 3.8598091696467511 3.7068696010173872 11.113423001480246 1.5038789877262431 5.5153218633337646 1527.4854418960383 5.3030135008243624 265.52712984127754 23.630664738401435 19.802344915865433 4.136048278252475
leaf_count=1038 3502 33729 128066 3511 46 1086 268 972 156436 3423 84511 12696 20162 442
internal_value=0.000600551 0.000398001 0.000156397 -0.0164458 -0.00529748 -0.017363 0.000513375 0.00036505 -0.000121785 -0.00560532 -0.00466994 -0.0034549 -0.0213919 -0.0435661
internal_weight=2047.14 2024.42 1993.63 24.7446 20.8848 17.1779 12.6173 1968.89 1851.4 323.915 318.612 308.96 43.433 9.65137
internal_count=449888 446386 412657 5949 2438 2392 1354 406708 278642 122206 118783 117369 32858 1414
is_linear=0
shrinkage=0.05


Tree=275
num_leaves=15
num_cat=0
split_feature=11 1 11 2 2 18 4 4 18 2 1 3 17 16
split_gain=2.96428 3.05903 6.57741 6.37291 7.90359 6.15765 5.30494 11.8292 4.70437 4.69734 7.57614 7.79619 7.33409 10.1919
threshold=0.61250001192092907 1.5000000000000002 1.0000000180025095e-35 2.4668344259262089 2.6247798204422002 0.74159991741180431 0.00022849440574645999 0.0018285214900970461 1.80305951833725 2.8114801645278935 3.5000000000000004 0.061192810535430915 6.2255475521087655 5.3351285457611093
decision_type=10 8 8 10 10 10 10 10 8 10 8 8 10 8
left_child=1 2 5 -4 -5 -1 -6 -8 -9 10 11 12 -3 -14
right_child=-2 9 3 4 6 -7 7 8 -10 -11 -12 -13 13 -15
leaf_value=0.0056168296133696253 0.012261292506862937 -0.0096192549408745612 0.028134115326146316 -0.077401350843875533 0.039282666159788093 -0.040107244667226281 -0.065236736790273225 -0.0078956321140883096 -0.047658350965780742 0.0068576625666378691 0.00050101722421562597 0.041333136857517903 -0.092893548681094618 0.028467860246695228
leaf_weight=123.11753493649752 44.629495459917734 193.76594588260554 9.2605349570512754 4.8479341696947804 4.7816992895677677 7.8315479128796133 10.544827913981861 126.28408273094101 7.9041527428198597 220.43825043814013 1250.3273199579005 7.2045618293739713 5.9212086897168748 2.4439999098249254
leaf_count=2123 3606 3357 42 50 13 170 88 1587 133 2288 433630 2675 190 18
internal_value=-0.000481531 -0.000769531 -0.0054694 -0.0121533 -0.0145702 0.00288225 -0.012533 -0.0142449 -0.0102378 5.44986e-05 -0.000972915 -0.00977647 -0.0115982 -0.0574363
internal_weight=2019.3 1974.67 294.572 163.623 154.363 130.949 149.515 144.733 134.188 1680.1 1459.66 209.336 202.131 8.36521
internal_count=449970 446364 4206 1913 1871 2293 1821 1808 1720 442158 439870 6240 3565 208
is_linear=0
shrinkage=0.05


Tree=276
num_leaves=15
num_cat=0
split_feature=9 8 8 12 18 13 18 10 2 12 14 18 2 0
split_gain=2.43729 1.94021 1.88287 1.84216 2.93366 2.69156 1.79183 3.84206 6.60904 4.56673 2.77233 2.36503 6.86315 9.30732
threshold=0.31836010515689855 22.500000000000004 10.500000000000002 0.3964285701513291 0.46711665391922003 0.60555556416511547 0.022422431036829952 0.031017072498798374 2.2195549011230473 0.12390350922942163 inf 0.031050826422870163 1.0388943552970888 0.71910580992698681
decision_type=8 10 10 10 8 10 8 8 10 10 8 8 8 10
left_child=1 2 -1 5 -5 6 7 -2 9 10 -9 12 13 -8
right_child=3 -3 -4 4 -6 -7 11 8 -10 -11 -12 -13 -14 -15
leaf_value=-0.061686782327443214 0.057725330593150798 -0.038249536487556926 0.046203124936338325 -0.099875356373547747 0.073180715622976081 -0.06615051266625048 -0.039639348367583996 -0.075944398564505966 0.0374620892931418 0.073125221465448073 0.016003497165178671 -0.00022378313662407102 -0.057754513957852333 0.068098493950478942
leaf_weight=0.43427316720388365 4.1658414084750461 0.93916331455335811 5.8765012082378369 0.28649853184535223 1.6863617777094362 1.5500793291519119 4.2841909746231277 3.7569443102597102 6.1960441808914766 0.80023696801117683 1.0485981888754166 1980.7019672329943 6.6895521819324122 3.7673872794694034
leaf_count=2754 915 8664 9003 214 161 651 2033 1774 49 26 385 421981 1207 67
internal_value=-0.000138088 0.0288004 0.0387787 -0.000242212 0.0480495 -0.000289542 -0.000238786 0.0164439 0.00187231 -0.0374649 -0.0558808 -0.000372283 -0.0203255 0.0107719
internal_weight=2022.18 7.24994 6.31077 2014.93 1.97286 2012.96 2011.41 15.9677 11.8018 5.60578 4.80554 1995.44 14.7411 8.05158
internal_count=449884 20421 11757 429463 375 429088 428437 3149 2234 2185 2159 425288 3307 2100
is_linear=0
shrinkage=0.05


Tree=277
num_leaves=15
num_cat=0
split_feature=18 18 15 16 17 3 1 20 17 13 17 16 3 16
split_gain=2.71925 5.04538 4.84728 3.62852 3.59755 3.74539 2.96901 3.24326 6.14967 2.90465 4.79809 5.62418 7.35614 7.39665
threshold=1.5414755344390871 1.4868993163108828 1.0000000180025095e-35 6.1235833168029794 5.7822844982147226 0.051734060049057014 46.500000000000007 1.0000000180025095e-35 3.7954261302948002 0.018693221732974056 6.4653663635253915 3.8606742620468144 0.034436732530593879 4.7140145301818857
decision_type=10 10 8 10 10 8 10 8 10 10 10 10 10 10
left_child=1 3 -2 9 -5 -6 7 -4 -9 10 -1 -12 13 -13
right_child=2 -3 6 4 5 -7 -8 8 -10 -11 11 12 -14 -15
leaf_value=-0.00077267288991257025 -0.055836441553681983 -0.079725163797590134 0.073426412860191789 0.081944759847942944 0.036237321631229828 -0.072831862105618081 0.060736872065304925 -0.067865842283768116 0.01651445697854129 0.004984748792295466 -0.06425712201831589 -0.0079163656880088164 0.015380385486491111 -0.081660763699042793
leaf_weight=1739.6378395186186 2.310726201979584 2.0038672198356826 2.0803475484354976 2.6346929414165876 2.8985268247342906 1.0805255138378553 3.7826968623129096 2.3875053554106342 22.588976428279338 217.41246201429499 5.8570800426692022 9.1318622561560989 14.015226929358922 5.4175581537584483
leaf_count=378676 3149 1667 703 36 76 972 4750 3790 14999 34600 1816 741 2900 1024
internal_value=-0.000191293 -0.0004267 0.0140118 -0.000347172 0.0366264 0.00661921 0.0192453 0.0134446 0.00844853 -0.000469962 -0.00113844 -0.019624 -0.0104722 -0.0353755
internal_weight=2033.24 2000.09 33.1503 1998.09 6.61375 3.97905 30.8395 27.0568 24.9765 1991.47 1774.06 34.4217 28.5646 14.5494
internal_count=449899 422508 27391 420841 1084 1048 24242 19492 18789 419757 385157 6481 4665 1765
is_linear=0
shrinkage=0.05


Tree=278
num_leaves=15
num_cat=0
split_feature=0 16 8 11 10 0 18 18 13 1 18 16 18 0
split_gain=2.57491 2.59731 2.50102 2.35635 2.74525 2.44417 2.4274 2.89186 2.19056 2.65509 2.46649 2.69596 2.42566 3.04989
threshold=0.58106544613838207 2.1383330821990971 3.5000000000000004 0.61250001192092907 0.02968991827219725 0.77310383319854747 0.10101749375462533 0.12286201864480974 0.12372449040412904 36.500000000000007 0.10101749375462533 4.2835628986358651 0.62178853154182445 0.72841995954513561
decision_type=8 8 8 10 10 10 8 8 10 10 8 10 10 10
left_child=1 -1 -3 5 8 -2 -7 -8 9 12 -11 -12 13 -5
right_child=3 2 -4 4 -6 6 7 -9 -10 10 11 -13 -14 -15
leaf_value=-0.011190326878319806 -8.8633249488442645e-05 -0.011190326878319806 -0.054833503540873955 -0.011190326878319806 0.061592702671993786 0.003092187464766057 0.035179258742614711 0.0084195113695747694 0.056949637986196448 -0.011190326878319806 0.06192307029024996 -0.011190326878319806 0.050471688920604434 0.012317895250505653
leaf_weight=2.6559628233271129 1818.4675957831855 1.2496669751417213 7.5413518723371489 14.653006730764757 2.616358191931794 23.491279081521498 10.944630557751223 130.22026372992696 2.2470726590968289 0.71000925865564468 5.0638299345392852 0.59435441945632295 2.3041075947285199 18.181681810976443
leaf_count=2145 394861 274 46686 1594 48 375 117 1892 140 365 614 464 101 277
internal_value=0.000566707 -0.0230807 -0.0415667 0.000700086 0.0118418 0.000439566 0.00627301 0.0104942 0.00886681 0.00626374 0.035969 0.0487503 0.000880253 -0.00259973
internal_weight=2040.94 11.447 8.79102 2029.49 46.3704 1983.12 164.656 141.165 43.7541 41.507 6.36819 5.65818 35.1388 32.8347
internal_count=449953 49105 46960 400848 3603 397245 2384 2009 3555 3415 1443 1078 1972 1871
is_linear=0
shrinkage=0.05


Tree=279
num_leaves=15
num_cat=0
split_feature=15 8 3 16 16 2 12 12 1 9 16 16 1 3
split_gain=3.04767 5.4246 6.04527 10.517 7.35775 6.66364 6.09793 5.72443 5.35596 5.6087 5.08667 7.38087 4.6777 5.3479
threshold=1.0000000180025095e-35 3.5000000000000004 0.017360478639602665 2.8029010295867924 3.1567740440368657 2.6247798204422002 0.083874460309743895 0.13125512748956683 46.500000000000007 0.71952766180038463 3.9415346384048466 3.1984648704528813 43.500000000000007 0.068741142749786391
decision_type=8 8 8 10 10 10 8 8 8 10 8 8 8 10
left_child=1 -1 3 -3 -5 -6 -4 -8 12 10 11 -10 13 -9
right_child=-2 2 6 4 5 -7 7 8 9 -11 -12 -13 -14 -15
leaf_value=-0.043610452256776087 -8.4092362075596902e-05 -0.074853114445319224 0.016804377078622423 0.04431548142553713 -0.063987127033394417 -0.0081992189137257039 -0.070479266675005911 0.0045525608073091351 -0.074645265610333952 0.069437156703692798 -0.065458437242848458 0.019663931469553 0.064332423148327988 -0.03786657813039452
leaf_weight=9.4476418708482282 1819.5516185229062 7.376835195231279 40.858498164076117 5.4085150227765544 6.519179598777554 29.914382708200719 3.3481447568067679 63.004118084782021 3.0720248535383847 1.3714005076151909 7.8180438074862186 6.3899205951096869 2.8996100011580088 8.4235952215420706
leaf_count=2878 389811 115 14868 45 263 349 1996 4699 4140 947 16019 5132 993 7805
internal_value=-0.000721995 -0.0066484 -0.00477503 -0.0198078 -0.0101032 -0.0181815 0.000618369 -0.00624717 -0.00393419 -0.0278903 -0.0356145 -0.0109556 0.00207725 -0.000450002
internal_weight=2015.4 195.852 186.404 49.2189 41.8421 36.4336 137.185 96.3269 92.9787 18.6514 17.28 9.46195 74.3273 71.4277
internal_count=450060 60249 57371 772 657 612 56599 41731 39735 26238 25291 9272 13497 12504
is_linear=0
shrinkage=0.05


Tree=280
num_leaves=15
num_cat=0
split_feature=1 18 4 14 0 4 4 4 4 18 2 1 14 11
split_gain=2.19957 4.26056 5.84849 4.66533 8.57283 6.61713 4.61599 4.2552 4.54962 5.53077 8.31827 6.71531 6.91959 5.81984
threshold=21.500000000000004 2.5270615816116337 0.013894289731979372 1.0000000180025095e-35 0.64722684025764476 0.00893184542655945 0.014717459678649904 0.054132074117660529 0.01841378211975098 0.079318631440401091 0.34744761884212499 24.500000000000004 1.0000000180025095e-35 0.75000000000000011
decision_type=10 10 10 10 8 10 10 10 8 10 8 10 10 8
left_child=1 3 -3 -1 5 -5 -4 8 -2 -10 11 -11 -13 -14
right_child=7 2 6 4 -6 -7 -8 -9 9 10 -12 12 13 -15
leaf_value=0.0022632646851138811 0.00088830382476453966 -0.082700135822772525 0.083643442173054125 -0.023253123851317035 -0.0023975009898168699 -0.086772171504192364 -0.040754290993106936 -0.056381165073077694 0.032814489079168639 -0.069988544374783787 0.062923739738287451 -0.024291042193103685 -0.027467908210379234 0.028991403600643617
leaf_weight=802.8816446555212 231.32062531444939 3.690708526131032 1.2710476549954139 7.0442968144898241 891.68896039587378 5.4467683022503053 1.8043394093238303 2.9021397911315594 27.64159095389855 3.3424664167344238 5.5731708041774928 14.750329519818356 5.6892911392670014 23.084085499194856
leaf_count=134967 85047 2741 132 763 74063 4424 4883 77839 9893 2703 565 30577 9396 12187
internal_value=3.75812e-05 -0.000667569 -0.0402657 -0.000510618 -0.00297373 -0.0441087 0.0106589 0.00388261 0.00444424 0.0147159 0.00517582 -0.00169137 0.00355361 0.0178278
internal_weight=2028.13 1713.83 6.7661 1707.06 904.18 12.4911 3.07539 314.304 311.402 80.0809 52.4393 46.8662 43.5237 28.7734
internal_count=450180 221973 7756 214217 79250 5187 5015 228207 150368 65321 55428 54863 52160 21583
is_linear=0
shrinkage=0.05


Tree=281
num_leaves=15
num_cat=0
split_feature=12 18 18 2 18 18 4 3 17 4 2 2 16 17
split_gain=2.52201 12.4763 5.23496 7.90012 6.58288 8.29043 7.1359 6.15346 5.86388 5.863 5.32748 7.5505 7.67907 5.47148
threshold=0.012579114176332952 0.21624764800071719 0.17104249447584155 0.59417927265167247 0.13556218147277835 0.10290532559156419 0.0095446109771728533 0.040469348430633552 4.9593360424041757 0.0063078999519348153 0.051749780774116523 0.87491023540496837 3.9607677459716801 5.8622088432312021
decision_type=8 8 10 8 10 10 10 10 10 8 10 8 8 10
left_child=1 2 4 7 5 10 9 -4 -7 -6 -1 13 -13 -12
right_child=-2 -3 3 -5 6 8 -8 -9 -10 -11 11 12 -14 -15
leaf_value=-0.063269187081179026 0.0011829959710272285 0.0029186924469177772 0.090011177633477518 -0.073239567065255876 -0.0076948864603338402 0.0067812474131784574 -0.03457294996965176 -0.032177796180818077 -0.08471479753571276 0.062406428383122853 0.07122315509020824 -0.04070981650957195 0.058511977778445995 -0.061730774129620969
leaf_weight=3.9965362766799357 1818.4156129615369 167.4797689292518 1.4516079893801341 10.356872675235136 5.3545268282523475 2.2254180397105747 6.2146530464887908 3.5507754042384079 8.2167322644411751 6.7335427746575087 4.6264729891362322 9.9191792450365028 2.4271509095328847 0.92925152398447597
leaf_count=4288 376931 55345 41 1774 656 468 2817 2983 2861 403 476 508 29 387
internal_value=0.000554872 -0.00433711 -0.0227485 -0.048318 -0.0149937 -0.0285549 0.00896888 0.0032794 -0.0652153 0.0313544 -0.0110738 0.000578594 -0.0212039 0.0489853
internal_weight=2051.9 233.482 66.0027 15.3593 50.6435 32.3407 18.3027 5.00238 10.4422 12.0881 21.8986 17.9021 12.3463 5.55572
internal_count=449967 73036 17691 4798 12893 9017 3876 3024 3329 1059 5688 1400 537 863
is_linear=0
shrinkage=0.05


Tree=282
num_leaves=15
num_cat=0
split_feature=1 16 16 1 18 0 16 11 3 3 3 14 18 17
split_gain=3.63351 4.56976 5.11125 4.55665 7.28114 5.50406 5.60197 5.14837 7.7989 5.42613 7.25937 5.26757 10.0682 6.35557
threshold=23.500000000000004 5.2443854808807382 5.7317204475402841 25.500000000000004 0.14293887466192248 0.73506504297256481 2.2499048709869389 0.47222222387790685 0.053358048200607307 0.057799786329269416 0.061192810535430915 1.0000000180025095e-35 0.91013106703758251 6.0879099369049081
decision_type=10 10 10 10 10 8 8 8 10 8 8 10 8 8
left_child=-1 3 -3 4 -2 6 -5 -8 -9 -10 -11 12 -12 -13
right_child=1 2 -4 5 -6 -7 7 8 9 10 11 13 -14 -15
leaf_value=-0.0010576452414379756 0.039233366533038702 -0.058846069047231511 0.015027075895526943 0.025165228200356743 -0.0067202213435875917 0.047961509691576476 -0.011486851349953758 -0.028328200466636307 0.025165228200356743 -0.038469170804851786 -0.034226206813522994 0.021201374572647678 0.025165228200356743 -0.012010141511952246
leaf_weight=1751.2917980871534 23.658959655472394 5.7389576354772185 3.9552432211209521 19.195017538879899 13.560463320356254 6.8150416505231695 66.722152481620199 15.411446074860576 14.711540870703169 8.8218908396156568 16.014071178376998 67.623406457943574 4.0873684377358748 18.304293059814171
leaf_count=230508 2564 10042 4657 7515 5439 383 105831 2759 1785 1721 30941 31893 5836 8242
internal_value=-0.000206102 0.00503352 -0.0287058 0.00622321 0.0224907 0.00367609 0.00236895 6.80903e-06 0.0052966 0.00929626 0.00511047 0.00873641 -0.0143053 0.0141267
internal_weight=2035.91 284.62 9.6942 274.926 37.2194 237.706 230.891 211.696 144.974 129.563 114.851 106.029 20.1014 85.9277
internal_count=450116 219608 14699 204909 8003 196906 196523 189008 83177 80418 78633 76912 36777 40135
is_linear=0
shrinkage=0.05


Tree=283
num_leaves=15
num_cat=0
split_feature=21 1 13 17 4 2 1 0 17 12 2 2 17 2
split_gain=5.06351 3.1242 5.9853 4.42242 5.08723 4.92593 8.56256 7.34202 5.21342 4.17618 4.16587 3.93039 3.53346 5.35792
threshold=1.5000000000000002 14.500000000000002 0.31414473056793218 6.1892895698547372 0.001194119453430176 -0.4447167813777923 51.500000000000007 0.72347849607467662 6.5169320106506357 0.19803921878337863 2.2195549011230473 0.59417927265167247 4.9236173629760751 3.478630900382996
decision_type=10 10 10 10 10 8 8 10 10 10 8 8 10 10
left_child=1 2 9 -3 -5 6 8 -7 -6 11 -4 -1 13 -12
right_child=-2 3 10 4 5 7 -8 -9 -10 -11 12 -13 -14 -15
leaf_value=-0.072254970884297623 -0.087766344131563812 0.0055959721252048884 -0.06035493525518279 -0.063223144351979885 0.075750417318051766 -0.038168549079994701 -0.039973411695865463 0.026580191567501632 -0.060441027863566449 0.049209821843695885 -0.092327993278981779 -6.2687119801741557e-05 0.0024628244799761081 0.030432779593345023
leaf_weight=1.8876693051949907 1.6186885148822501 442.86477653100758 6.4112755361183815 4.3817279628710883 5.4990105150955886 14.94218251443481 3.4132188935576062 6.1926779852560676 0.80563730295116887 4.2969589765446008 2.7199325230766673 1539.004487586423 11.002313852346445 1.3202667524237766
leaf_count=4674 766 243913 712 877 1355 6066 4719 336 452 443 1151 182719 1680 54
internal_value=0.000631682 0.000701661 -0.000378018 0.00423957 -0.0128092 -0.00564936 0.0238139 -0.0191967 0.0583472 -1.38602e-05 -0.0266061 -0.000151126 -0.012222 -0.0522119
internal_weight=2046.36 2044.74 1566.64 478.099 35.2345 30.8527 9.71787 21.1349 6.30465 1545.19 21.4538 1540.89 15.0425 4.0402
internal_count=449917 449151 191433 257718 13805 12928 6526 6402 1807 187836 3597 187393 2885 1205
is_linear=0
shrinkage=0.05


Tree=284
num_leaves=15
num_cat=0
split_feature=18 3 16 18 3 0 3 3 4 18 4 4 3 17
split_gain=2.37289 3.99207 3.23774 2.82948 5.62486 6.55873 2.73221 2.59856 2.94467 2.59007 11.755 9.31428 4.49818 3.90074
threshold=0.022422431036829952 0.053358048200607307 1.7005987167358401 0.031050826422870163 0.095606595277786269 0.74748975038528453 0.10038292407989503 0.012984067201614382 0.010143846273422243 0.040764128789305694 0.0066692829132080087 0.00037497282028198248 1.0000000180025095e-35 5.5194568634033212
decision_type=8 10 8 8 10 10 8 10 10 8 8 10 8 10
left_child=1 2 -1 4 5 -2 -6 8 -4 10 11 -5 -12 -13
right_child=3 -3 7 9 6 -7 -8 -9 -10 -11 12 13 -14 -15
leaf_value=0.049283930343783193 -0.06059310188820987 -0.038690282545318394 -0.091928388520276474 0.051260019693117914 0.10904459305533798 0.032107708060949279 -0.032814674304722312 0.027886317134966188 0.02867962809813911 -0.00090495236255862905 -0.081809941126682967 -0.019228272423267096 0.032717093564834605 -0.095315858536467124
leaf_weight=8.1262168128107781 7.9186979092015388 2.5538526630421066 1.2725225939170752 2.3000230436628311 1.0590469757416927 2.5137713839649223 0.49951392502623559 3.1122077381005511 0.8402619535005299 1963.8301236443563 0.8860367714441989 2.8182096989971797 26.485917225436083 4.1870896683240062
leaf_count=470 2047 1894 265 59 66 37 1310 114 529 437805 34 254 4261 628
internal_value=-0.000652203 0.0185845 0.0295402 -0.000804233 -0.02502 -0.0382562 0.0635791 -0.00116642 -0.0439621 -0.000659084 0.0125055 -0.0360424 0.0290098 -0.0647061
internal_weight=2028.4 15.9051 13.3512 2012.5 11.991 10.4325 1.55856 5.22499 2.11278 2000.51 36.6773 9.30532 27.372 7.0053
internal_count=449773 3272 1378 446501 3460 2084 1376 908 794 443041 5236 941 4295 882
is_linear=0
shrinkage=0.05


Tree=285
num_leaves=15
num_cat=0
split_feature=3 3 16 8 12 1 3 1 8 4 4 1 10 0
split_gain=2.53501 2.64357 1.97656 4.51613 3.87824 3.36496 5.87076 3.33627 4.35011 3.22496 3.76718 4.16641 2.72994 2.52764
threshold=0.15457502007484439 0.15371754765510562 1.7005987167358401 2.5000000000000004 0.10582306981086732 21.500000000000004 0.017360478639602665 1.5000000000000002 24.500000000000004 0.023316860198974613 0.0081996321678161638 26.500000000000004 0.029892162419855598 0.67306089401245128
decision_type=10 10 8 8 8 10 10 10 10 10 10 10 10 10
left_child=1 2 3 -1 -5 6 7 8 12 10 11 -7 -6 -8
right_child=-2 -3 -4 4 5 9 13 -9 -10 -11 -12 -13 -14 -15
leaf_value=0.067044228767619285 -0.055005917441968914 0.1502135354931935 0.00040431531113582628 -0.094743582473703708 -0.054167918518333427 0.06220183625173617 -0.074233838717720796 0.043954463749475141 0.074092163498493471 -0.077394620903488365 0.065290172463202775 -0.071408346555366292 0.057162133470980842 -0.011811862137288983
leaf_weight=3.4519761991323321 2.0504062607510596 0.29527469068852852 2026.212441740648 0.91671507234832461 3.3013621204504049 1.0822393513444661 2.9828364034476627 6.1838397047395119 1.1709693366469762 0.59128882341087852 5.7678506364372879 1.2660499719713696 0.6608676926116458 3.5540227146857433
leaf_count=47 82802 1302 362769 197 685 50 460 26 149 606 364 375 15 135
internal_value=0.000561898 0.000617276 0.000595803 0.0131401 0.00636828 0.00985797 -0.00257038 0.0192202 -0.0105766 0.0353413 0.0435545 -0.00983237 -0.035599 -0.0402957
internal_weight=2059.49 2057.44 2057.14 30.93 27.478 26.5613 17.8539 11.317 5.1332 8.70743 8.11614 2.34829 3.96223 6.53686
internal_count=449982 367180 365878 3109 3062 2865 1470 875 849 1395 789 425 700 595
is_linear=0
shrinkage=0.05


Tree=286
num_leaves=15
num_cat=0
split_feature=16 4 18 18 0 11 17 16 4 7 8 18 0 18
split_gain=3.30073 4.47498 3.97868 6.44534 4.63847 4.42958 7.19619 4.09195 6.01525 4.07818 3.71625 3.59773 3.51895 3.36368
threshold=2.8029010295867924 0.019274204969406131 0.10290532559156419 0.065661303699016585 0.62136629223823558 inf 5.0466406345367441 2.4414010047912602 0.036783903837203986 72.443149566650405 4.5000000000000009 0.3560424149036408 0.71187499165534984 0.39598989486694341
decision_type=8 10 10 10 10 8 10 10 8 8 8 8 8 8
left_child=1 11 3 9 -4 -5 -7 8 -6 -3 -9 -1 13 -2
right_child=12 2 4 5 7 6 -8 10 -10 -11 -12 -13 -14 -15
leaf_value=0.0019648378500856495 -0.0066920380697664157 -0.038537661682354354 -0.070822108832980013 0.059175881803640799 0.050939302467317621 -0.069058856423344778 0.055497187779371404 0.0355797633367727 -0.025802039541218166 0.016450112080577943 -0.032351706479966026 -0.043053804620661815 0.00064863934828680435 -0.0016410994839286435
leaf_weight=241.44654052563993 480.02731053788705 4.0424226703653545 2.1549447723509472 14.943694150346348 7.9028343903014511 1.9804897179951684 2.7977438329002098 2.4770208355912473 3.7723996125064341 20.328361449943049 7.3744715056913019 4.5210646753371284 982.77137056016886 251.86568268443
leaf_count=17177 147657 2720 7606 4244 375 1309 535 110 737 9015 1979 746 141805 114148
internal_value=-0.000443311 0.0042719 0.0156478 0.0245261 -0.000882634 0.0457766 0.003871 0.0061187 0.0261433 0.0073292 -0.0176129 0.00113736 -0.00130608 -0.00393084
internal_weight=2028.41 313.742 67.7744 44.0927 23.6817 19.7219 4.77823 21.5267 11.6752 24.3708 9.85149 245.968 1714.66 731.893
internal_count=450163 46553 28630 17823 10807 6088 1844 3201 1112 11735 2089 17923 403610 261805
is_linear=0
shrinkage=0.05


Tree=287
num_leaves=15
num_cat=0
split_feature=11 9 9 17 11 3 13 4 13 14 16 17 4 4
split_gain=3.00264 3.3626 5.67812 3.66719 3.45107 2.58584 7.08771 5.4673 6.41901 7.5419 8.3584 11.7434 9.32076 6.78535
threshold=0.085144929587841048 0.68860173225402843 0.57513555884361278 5.0336952209472665 0.17156863212585452 1.0000000180025095e-35 0.32738095521926885 0.0016718804836273196 0.15301003307104113 1.0000000180025095e-35 3.5408543348312382 4.6959142684936532 0.0037783086299896245 0.014979779720306398
decision_type=10 10 10 8 10 8 10 10 10 8 8 8 10 10
left_child=5 2 3 -2 -5 6 7 -1 9 -9 12 -12 -11 -13
right_child=1 -3 -4 4 -6 -7 -8 8 -10 10 11 13 -14 -15
leaf_value=0.012334852913167835 -0.052024197636762762 0.057387249561309667 -0.096278149124003856 0.052723726194501025 0.0089667327853936961 0.0005966335432852337 -0.072502462023570927 0.0015851791790395923 0.025435639997056853 -0.080879206806091966 -0.092104552810272244 -0.030532089628155068 0.0089314975260442828 -0.000412827376144206
leaf_weight=45.536962295659578 2.2704735403368792 3.6593103105398077 1.2772124812116761 4.9365069967993795 51.679925235634627 1670.0647956241319 3.7791736323561045 102.78638683386271 14.782660593067702 3.1264376610051832 6.098144335584947 54.598426197291701 38.026391221988888 28.4392879377192
leaf_count=251 514 171 80 361 4607 440314 134 1825 148 43 93 432 662 596
internal_value=0.000178227 0.0108515 0.00802112 0.0102833 0.012782 -0.000168049 -0.00446543 -0.00358905 -0.00651463 -0.00854106 -0.0165298 -0.0251348 0.00210845 -0.0202167
internal_weight=2031.06 63.8234 60.1641 58.8869 56.6164 1967.24 297.174 293.395 247.858 233.075 130.289 89.1359 41.1528 83.0377
internal_count=450231 5733 5562 5482 4968 444498 4184 4050 3799 3651 1826 1121 705 1028
is_linear=0
shrinkage=0.05


Tree=288
num_leaves=15
num_cat=0
split_feature=4 2 12 2 2 11 2 16 2 17 3 2 17 3
split_gain=3.91844 4.37658 2.58346 2.43104 6.78279 4.35212 3.85764 4.57954 3.98282 5.47402 5.02174 5.01257 6.89933 5.48597
threshold=1.0000000180025095e-35 3.0663039684295659 0.3964285701513291 -0.4133929163217544 -0.57874876260757435 0.47222222387790685 -0.95729222893714894 1.7005987167358401 -0.62133637070655812 3.7494349479675297 0.082326889038085951 -0.70578578114509571 5.1901714801788339 0.061192810535430915
decision_type=8 10 10 8 8 10 10 8 10 8 8 10 8 10
left_child=1 -1 3 4 6 -6 -2 -8 10 -10 11 -9 -13 -14
right_child=2 -3 -4 -5 5 -7 7 8 9 -11 -12 12 13 -15
leaf_value=-0.061802032043098122 0.012884674412030431 0.0885056238479449 0.060966024679883039 -0.0011083339613033891 0.018037743120877244 0.074286729425419737 0.054672586275196847 -0.010384279116779881 0.16864682176694509 -0.060893810450197261 -0.025245961749829012 -0.062878981669253264 -0.012478976485687195 0.075425970889640342
leaf_weight=0.61174285127191241 30.150187914210157 2.3246704936027527 1.7020408162875345 1890.3382171246094 34.295421056598784 3.8220828276085106 2.674763772892752 16.179856476543595 0.27195187872410898 5.7808867734637701 21.999334767990199 1.5607482317109287 2.4532310547037923 6.4186554530260764
leaf_count=264 20053 2 393 314200 34917 317 930 7718 336 9429 58237 1006 484 1216
internal_value=-0.000524775 0.057192 -0.000608774 -0.000660761 0.00607504 0.0236779 -0.00159418 -0.00920744 -0.0123331 -0.0505806 -0.00757078 0.00704049 0.0340644 0.0511187
internal_weight=2020.58 2.93641 2017.65 2015.95 125.607 38.1175 87.4896 57.3394 54.6647 6.05284 48.6118 26.6125 10.4326 8.87189
internal_count=449502 266 449236 448843 134643 35234 99409 79356 78426 9765 68661 10424 2706 1700
is_linear=0
shrinkage=0.05


Tree=289
num_leaves=15
num_cat=0
split_feature=1 2 4 9 9 11 0 18 10 18 4 3 14 3
split_gain=3.62146 9.79753 4.19451 3.80542 6.88069 4.90756 9.66608 5.88962 3.52577 3.45289 3.79231 3.30342 3.07557 2.94726
threshold=9.5000000000000018 1.0388943552970888 0.054132074117660529 0.57720834016799938 0.49416258931159979 inf 0.65018436312675487 0.4414565116167069 0.025407550856471065 1.438001871109009 0.0026703774929046635 0.093271404504776015 inf 0.10882988572120668
decision_type=10 8 8 10 10 8 8 10 10 10 8 10 8 8
left_child=1 -1 3 4 9 7 11 -5 -8 13 -11 -7 -12 -2
right_child=2 -3 -4 5 -6 6 8 -9 -10 10 12 -13 -14 -15
leaf_value=-0.085264192036126729 0.0016741434654266589 -0.0010329451958641697 -0.041716667883612814 0.036802443952024554 -0.082739274040166344 -0.10187217137463661 -0.025926613907508212 -0.076957918102884562 0.03392390564067746 -0.072698455890158747 0.04396369450578793 -0.025926613907508212 -0.059047583998897091 0.018617941707031974
leaf_weight=3.4608593840682573 549.37708819392606 1398.0580096185288 5.1301755709476984 24.524185792049 2.3480304976548032 2.9094479521263543 0.9888805128032353 1.1930961429231945 8.2538980332965348 0.84777251447607405 10.599047573796069 0.88639115081244302 0.77776709011584522 26.922463033993949
leaf_count=4608 113097 165894 94709 1281 940 349 188 881 243 919 4870 691 1925 59458
internal_value=0.000178109 -0.00124094 0.00331131 0.0036782 0.00268268 0.0188559 -0.00613201 0.0315248 0.0214568 0.00302348 0.0293193 -0.07331 0.0369214 0.00246569
internal_weight=2036.28 1401.52 634.758 629.628 590.872 38.7559 13.0386 25.7173 9.24278 588.524 12.2246 3.79584 11.3768 576.3
internal_count=450053 170502 279551 184842 181209 3633 1471 2162 431 180269 7714 1040 6795 172555
is_linear=0
shrinkage=0.05


Tree=290
num_leaves=15
num_cat=0
split_feature=16 8 18 14 3 0 16 18 17 4 16 17 16 4
split_gain=2.62312 4.13439 3.07645 5.81554 8.60374 5.99448 4.85367 5.61022 4.38042 4.37717 4.47096 4.14567 4.11299 5.56904
threshold=2.8029010295867924 27.500000000000004 0.79109200835227977 1.0000000180025095e-35 1.0000000180025095e-35 0.71707999706268322 5.0530509948730478 2.3579193353652959 4.0163424015045175 0.02178868651390076 4.5053346157073983 5.1209788322448739 3.2384861707687382 0.0068258643150329599
decision_type=8 10 10 8 8 10 10 8 8 8 10 8 8 10
left_child=1 -1 8 -4 11 6 7 9 12 -6 -11 -5 -2 -14
right_child=2 -3 3 4 5 -7 -8 -9 -10 10 -12 -13 13 -15
leaf_value=0.0040075072473366967 -0.047805541076549898 0.04960418353128062 0.018565098783129279 -0.081993556310039559 -0.073362536754332519 0.025897662750697242 0.0053189282641423682 0.0093787821672272568 -0.00054505045727824787 0.0093787821672272568 -0.073663989289832685 -0.0091790061642606363 0.053304412604343224 -0.04235314625385684
leaf_weight=316.24999647533156 9.4754407306940003 5.050872277239761 60.329851912730575 4.6435032264271294 6.5627283085158288 20.415565066170473 27.289863848227082 2.2248222717082209 1568.3426315000504 3.7697526674448207 2.079684198417965 3.3759694357577255 3.0048270243751185 3.0822958067483484
leaf_count=45426 4473 1113 25127 96 7335 824 25999 2227 321803 5909 6965 52 484 2340
internal_value=0.000578319 0.00472429 -0.000198601 0.00717458 -0.00259191 0.00367893 -0.0071401 -0.0303693 -0.000806979 -0.0453303 -0.0138798 -0.0513407 -0.0272033 0.00486693
internal_weight=2035.9 321.301 1714.6 130.692 70.3619 62.3424 41.9269 14.637 1583.91 12.4122 5.84944 8.01947 15.5626 6.08712
internal_count=450173 46539 403634 74534 49407 49259 48435 22436 329100 20209 12874 148 7297 2824
is_linear=0
shrinkage=0.05


Tree=291
num_leaves=15
num_cat=0
split_feature=16 16 4 0 11 0 2 17 2 16 10 18 18 2
split_gain=2.48187 4.15731 9.6554 8.76561 6.46079 5.12577 4.37805 5.60548 3.9547 3.95386 4.54393 4.07706 8.67226 4.91665
threshold=4.6001451015472421 4.5485858917236337 0.0029361546039581303 0.70582419633865368 1.0000000180025095e-35 0.72347849607467662 -0.87942245602607716 4.1026091575622567 3.478630900382996 4.6200466156005868 0.03201024420559407 0.32092060148715978 0.30777397751808172 3.0663039684295659
decision_type=10 10 8 10 8 8 8 10 10 10 8 8 8 10
left_child=1 -1 3 -3 5 -4 7 -6 -8 10 -2 12 -11 -14
right_child=9 2 4 -5 6 -7 8 -9 -10 11 -12 -13 13 -15
leaf_value=-0.00051840221753434823 -0.10629182527165892 -0.077328533198720878 -0.06276003507383858 0.046552984151254584 0.39842228706860716 0.028668670768576873 -0.085416089242930648 -0.055450489489324545 0.0064700931555684797 -0.003256740631249404 0.039348323544689506 0.0053890051327212772 -0.092831933649663329 0.04570647952372834
leaf_weight=1662.128725999263 0.56256350411138101 1.788868328863076 2.399915352017902 7.0772369684564183 0.113442515238944 4.2436390527626315 8.6905540737780118 0.16992681884974559 1.3533432602052933 55.252478702581584 11.157924528984889 275.8421721772055 4.2536017781099664 0.75393928731500626
leaf_count=332869 613 685 2716 85 15 1828 3253 241 31 9396 1393 95882 1318 13
internal_value=-3.52908e-05 -0.000827775 -0.0207302 0.021558 -0.042823 -0.004359 -0.0675669 0.12625 -0.0730351 0.0038106 0.0323578 0.0028151 -0.00896703 -0.0719735
internal_weight=2035.79 1687.97 25.8369 8.86611 16.9708 6.64355 10.3273 0.283369 10.0439 347.823 11.7205 336.102 60.26 5.00754
internal_count=450338 341723 8854 770 8084 4544 3540 256 3284 108615 2006 106609 10727 1331
is_linear=0
shrinkage=0.05


Tree=292
num_leaves=15
num_cat=0
split_feature=1 2 12 2 11 0 12 2 18 16 4 16 18 4
split_gain=2.80449 9.25431 14.483 10.5764 4.24189 4.32679 3.9997 4.8082 4.33391 7.05277 7.51749 11.5168 10.5076 7.01064
threshold=11.500000000000002 1.0703201889991762 0.072077922523021712 0.92762622237205516 0.15587044507265094 0.66955703496932995 0.033615820109844215 1.0104647278785708 0.60566774010658275 4.3241107463836679 0.04005208611488343 5.0906732082366952 0.39178271591663366 0.035942256450653083
decision_type=8 8 8 10 8 8 10 10 10 10 8 10 10 10
left_child=1 2 3 -1 5 -4 8 -8 9 -2 -11 -12 -13 -10
right_child=6 -3 4 -5 -6 -7 7 -9 13 10 11 12 -14 -15
leaf_value=0.068671031896356538 0.0018453701733019 -0.0009379395795263124 -0.073485543024666686 -0.07052220773118377 -0.084890685314330819 0.0067559681843012325 0.012916298545252742 -0.070443437024772335 0.01595860026913121 -0.0039844081435668781 -0.058349136317266605 0.044045178519156319 -0.065754312458998779 -0.059633271832846418
leaf_weight=4.6579131806603726 565.99775679051265 1170.5029538581935 3.2111661701439553 1.9302625747250486 8.3155590160047836 3.5232724560980841 100.81304880732296 1.7600561477601093 68.886425791646829 71.504710676643668 18.058448088639498 6.7506020803701272 3.2174457460987469 3.2101764534358059
leaf_count=1225 227848 36308 4799 690 3286 814 32803 206 49095 33031 18570 903 2132 38131
internal_value=2.23798e-05 -0.00153691 -0.0339376 0.027889 -0.0610023 -0.0315054 0.00223482 0.0114859 0.000948374 -0.000313064 -0.0125873 -0.034536 0.00860455 0.0125928
internal_weight=2032.34 1192.14 21.6382 6.58818 15.05 6.73444 840.199 102.573 737.626 665.529 99.5312 28.0265 9.96805 72.0966
internal_count=449841 47122 10814 1915 8899 5613 402719 33009 369710 282484 54636 21605 3035 87226
is_linear=0
shrinkage=0.05


Tree=293
num_leaves=15
num_cat=0
split_feature=7 11 17 16 18 18 12 14 16 16 3 11 11 14
split_gain=2.12348 2.54555 2.30245 1.89087 1.73847 2.95972 6.49428 4.20148 3.49399 7.87595 5.79253 3.86251 2.70384 8.95353
threshold=126.08965301513673 0.52272728085517894 4.6774799823760995 1.7005987167358401 0.79109200835227977 0.69702500104904186 1.0000000180025095e-35 1.0000000180025095e-35 5.1619205474853525 5.0906732082366952 0.0076004564762115487 0.75000000000000011 0.52272728085517894 1.0000000180025095e-35
decision_type=10 10 8 8 10 10 8 8 10 10 8 10 8 8
left_child=4 2 -2 -4 5 8 -7 -8 9 -1 -11 -12 13 -6
right_child=1 -3 3 -5 12 6 7 -9 -10 10 11 -13 -14 -15
leaf_value=-0.0005170713344272716 0.08130532041529448 0.085311661989699639 0.070538155588068349 0.0075227865268895121 0.0075227865268895121 0.0075227865268895121 -0.0089062294330975785 -0.052606835334100405 0.0075227865268895121 0.0040600930252091784 -0.077779657133902683 0.0075227865268895121 0.0075227865268895121 -0.039081062370202417
leaf_weight=1758.9483973649287 1.1107598041263091 1.2254336975088325 1.1905650515473123 19.070843474358242 27.322509607314849 8.4977338662920232 10.742397635709333 11.270527159525903 80.732953343484951 4.5877821489702812 7.2399801481326529 0.56150270823582094 91.126220264919169 13.702942099621628
leaf_count=343192 118 25 16 3337 14249 2688 4572 6041 11941 33 3093 38 34274 25932
internal_value=-1.27098e-05 0.0152292 0.0112109 0.00752279 -0.000183666 -0.000572804 -0.016019 -0.0312808 -0.000318347 -0.000796884 -0.0405228 -0.0667405 0.00535984 -0.0058875
internal_weight=2037.33 22.5976 21.3722 20.2614 2014.73 1882.58 30.5107 22.0129 1852.07 1771.34 12.3893 7.80148 132.152 41.0255
internal_count=449549 3496 3471 3353 446053 371598 13301 10613 358297 346356 3164 3131 74455 40181
is_linear=0
shrinkage=0.05


Tree=294
num_leaves=15
num_cat=0
split_feature=21 11 18 8 9 18 18 4 18 4 1 2 18 18
split_gain=4.96513 2.30833 3.64226 3.39824 3.34865 3.40324 2.66249 8.0209 5.04926 3.75165 2.61148 3.50175 2.39699 2.78084
threshold=1.5000000000000002 0.085144929587841048 3.8503730297088627 15.500000000000002 0.68860173225402843 0.21624764800071719 0.20291370898485186 0.0061430633068084725 0.30777397751808172 0.012024760246276857 44.500000000000007 -0.57317656278610218 0.19842813909053805 0.13556218147277835
decision_type=10 10 10 10 10 10 10 10 8 10 10 10 10 8
left_child=1 2 -1 4 6 -6 9 -8 -9 -3 12 -12 13 -11
right_child=-2 3 -4 -5 5 -7 7 8 -10 10 11 -13 -14 -15
leaf_value=-0.00079367682034519054 -0.089025890769764263 0.02136955209469267 -0.074543392415499496 -0.10105659923619148 -0.011649386134829649 0.086699299932247925 -0.080993431595351661 -0.068216412997353787 0.028781510499161212 -0.0091479298724537594 -0.058492613404850693 0.09099700995922351 0.079516674352069147 -0.067407061980119851
leaf_weight=1950.9675811227341 1.5871328488756251 33.174045182600885 1.675571108437224 0.69438268226949063 1.3085968916784616 2.6832932896695638 3.2441824008346876 1.6460878561180408 7.2545767451525984 6.7931558559628469 0.57095071088036764 1.2480931451240724 0.56167882931004065 2.9324682376658311
leaf_count=438946 763 1108 4818 283 76 69 406 614 1096 870 576 82 22 481
internal_value=-0.000624756 -0.000555118 -0.000856962 0.00893417 0.0101777 0.0544592 0.00709951 -0.0136889 0.0108427 0.0126753 -0.011149 0.0440761 -0.0209141 -0.0267142
internal_weight=2016.34 2014.75 1952.64 62.1115 61.4171 3.99189 57.4252 12.1448 8.90066 45.2804 12.1063 1.81904 10.2873 9.72562
internal_count=450210 449447 443764 5683 5400 145 5255 2116 1710 3139 2031 658 1373 1351
is_linear=0
shrinkage=0.05


Tree=295
num_leaves=15
num_cat=0
split_feature=4 0 2 17 3 0 4 18 1 17 17 17 15 11
split_gain=4.08172 4.07688 2.38946 5.45902 4.66601 4.22521 6.15645 3.99167 3.34254 4.6741 3.78069 7.57749 4.73155 3.69812
threshold=1.0000000180025095e-35 0.75353601574897777 -0.4133929163217544 3.7954261302948002 0.092177301645278945 0.6383643150329591 0.0047592818737030038 3.8503730297088627 40.500000000000007 5.4868674278259286 5.8735244274139413 5.9545402526855478 inf inf
decision_type=8 10 8 8 10 10 8 10 10 10 10 10 8 8
left_child=1 -1 3 4 -2 6 -5 -4 9 -7 -10 12 -12 -14
right_child=2 -3 7 5 -6 8 -8 -9 10 -11 11 -13 13 -15
leaf_value=-0.060770346971906447 0.075638687704203095 0.089369489209198794 -0.00074562051872872773 -0.042419461038406825 -0.0582702707491356 0.11508961555399244 0.00141520331391412 -0.078092782479075612 0.00141520331391412 0.014817117503372883 0.034906266079635762 0.007875283089399103 0.00141520331391412 0.1393894549106626
leaf_weight=0.56403523827802304 4.4800070131459782 2.2792057394981384 1893.3832391747492 10.158515992914582 0.7610358580676041 1.7967462901172115 34.571873066448717 1.6695090661053189 45.989675622453056 3.2906804461749743 4.3400670647544075 21.219434950779409 0.29018675993495735 2.4835036237190025
leaf_count=257 826 12 310928 9269 4466 468 76638 3908 29371 689 1483 10995 208 552
internal_value=-0.000280841 0.0595851 -0.00036492 0.00620927 0.0561942 0.00409897 -0.00819166 -0.000813762 0.0110221 0.0502307 0.00833822 0.0228469 0.0675052 0.118514
internal_weight=2027.28 2.84324 2024.43 129.382 5.24104 124.141 44.7304 1895.05 79.4103 5.08743 74.3229 28.3332 7.11376 2.77369
internal_count=450070 269 449801 134965 5292 129673 85907 314836 43766 1157 42609 13238 2243 760
is_linear=0
shrinkage=0.05


Tree=296
num_leaves=15
num_cat=0
split_feature=11 16 11 16 16 16 0 18 17 18 11 18 10 18
split_gain=2.55731 3.05986 2.17067 3.10955 3.46043 2.58589 2.73223 2.08775 3.1598 2.20804 2.05722 3.8557 2.07363 2.05252
threshold=0.61250001192092907 5.0968081951141366 0.17156863212585452 3.7012257575988774 5.5891180038452157 3.3842465877532963 0.7388729751110078 0.41412591934204107 4.6200466156005868 0.040764128789305694 0.085144929587841048 0.14293887466192248 0.03008369263261557 0.37961073219776159
decision_type=10 10 10 10 10 10 10 10 10 8 10 10 10 10
left_child=2 7 10 5 -5 6 -4 9 -9 -2 -1 -12 -13 -11
right_child=1 -3 3 4 -6 -7 -8 8 -10 13 11 12 -14 -15
leaf_value=0.00010024456882798292 -0.071808212166465768 0.054130561700040172 -0.071943790161221211 -0.079041247461867872 0.054978681587279636 0.045606508359008945 0.0025735476698654364 0.077092921277031962 -0.074821746124976801 0.010423845190405252 0.053957982433750308 -0.076241812062844777 0.075098171849822315 0.082551651978506627
leaf_weight=1972.1933068286337 0.7959303500662277 3.9515963057116883 1.780660730703955 3.1985040401711875 0.56703670625111602 1.9933831705011469 3.9785354981286218 0.43782562178739626 1.5687595244878876 37.287973324032706 4.2257146826088592 1.0464975326374668 0.28880559094250191 1.0131277675374111
leaf_count=444284 142 299 530 839 39 164 19 27 262 2874 182 290 2 70
internal_value=0.000326625 0.0121061 5.98302e-05 -0.021583 -0.0588598 -0.0034772 -0.0204661 0.00806598 -0.0416748 0.0106188 0.000185875 0.0305543 -0.0435093 0.0123317
internal_weight=2034.33 45.0552 1989.27 11.5181 3.76554 7.75258 5.7592 41.1036 2.00659 39.097 1977.75 5.56102 1.3353 38.3011
internal_count=450023 3674 446349 1591 878 713 549 3375 289 3086 444758 474 292 2944
is_linear=0
shrinkage=0.05


Tree=297
num_leaves=15
num_cat=0
split_feature=18 13 18 3 2 4 17 3 0 4 3 18 18 0
split_gain=2.95467 7.16995 6.90777 9.01101 7.87823 7.26804 9.27612 10.752 7.12601 5.97099 5.84532 5.70074 5.37028 5.80676
threshold=0.1336697340011597 0.043244507163763053 0.14518338441848758 0.012984067201614382 -0.48864066600799555 0.0023365318775177006 5.4049246311187753 0.085112959146499648 0.66882583498954784 0.039066195487976081 0.14133140444755557 0.15485298633575442 0.13556218147277835 0.77310383319854747
decision_type=8 8 8 8 8 8 10 8 8 8 10 8 8 10
left_child=1 -1 3 -2 -5 -6 -7 9 11 12 -3 -4 -8 -14
right_child=2 10 8 4 5 6 7 -9 -10 -11 -12 -13 13 -15
leaf_value=-0.027318634205497284 -0.016889243916925707 -0.0020233584462535622 -0.046113981032461449 -0.05902036250194051 0.0612809820887672 0.037379214113849167 0.040168363115053562 -0.082215270935633453 0.0023243241601363335 0.08024698327979625 0.056057721232886062 -0.0054911538591935179 -0.042792434932302996 0.064378308995725955
leaf_weight=28.40483222248065 16.965174295429904 561.93920373865865 8.9429701718380112 2.7320679017616385 12.804087782937129 28.520426383096861 4.8597544722324573 3.8354766979335571 1080.1074869592201 2.6008063721737917 4.3655549946872716 251.90148439554969 7.5836763618754048 1.5167041504755614
leaf_count=8350 222 64903 4841 3008 462 3154 145 2587 163186 103 19549 178712 741 9
internal_value=0.000154318 -0.00280517 0.00139172 0.0155327 0.0240667 0.0277445 0.0189663 -0.00678063 0.000533124 0.0106899 -0.00157562 -0.00688389 -0.0022688 -0.0249309
internal_weight=2017.08 594.71 1422.37 81.4182 64.453 61.7209 48.9168 20.3964 1340.95 16.5609 566.305 260.844 13.9601 9.10038
internal_count=449972 92802 357170 10431 10209 7201 6739 3585 346739 998 84452 183553 895 750
is_linear=0
shrinkage=0.05


Tree=298
num_leaves=15
num_cat=0
split_feature=3 11 18 13 16 13 18 2 18 4 4 13 16 12
split_gain=3.40683 2.99782 3.20764 3.83616 1.88777 2.18628 3.63857 2.54169 2.20974 2.13602 4.28828 1.79569 5.14488 5.45493
threshold=0.14899858832359317 0.61250001192092907 0.040764128789305694 1.0000000180025095e-35 5.0968081951141366 0.11852502077817918 0.41412591934204107 2.0991011857986455 0.29237808287143713 0.01809787750244141 0.02178868651390076 0.4301948100328446 4.8481087684631357 0.29289215803146368
decision_type=10 10 10 8 10 8 8 10 8 10 10 10 10 8
left_child=1 11 3 -3 5 7 8 -4 9 -7 -11 -1 13 -13
right_child=-2 2 4 -5 -6 6 -8 -9 -10 10 -12 12 -14 -15
leaf_value=0.00073917171524483444 -0.055954635228645112 0.075447906932527925 -0.081747741954689673 -0.059945010876696209 0.051057300723725989 0.022958546350326989 -0.075307260144501606 0.019232654345856557 0.061036221403210869 -0.10030643303565497 0.009292373075588339 -0.057910165162283922 0.051941329790005632 0.020124508470611334
leaf_weight=1989.1411935329938 2.6378579700490254 0.65061269864054339 1.240281635559086 2.6709091060531303 3.8362360481692113 24.133606499241072 1.0249121083221542 1.2523556934793303 3.0319410361414603 1.0842772132818925 5.0462546942420943 7.014692463108446 2.1558195477800615 3.2898267227882254
leaf_count=352446 91384 31 337 299 255 939 161 22 206 136 790 1516 599 543
internal_value=0.000831115 0.000904343 0.0138186 -0.0334245 0.0176789 0.0142006 0.0174843 -0.031013 0.0203406 0.0162636 -0.0100918 0.000620642 -0.0183012 -0.0329968
internal_weight=2048.21 2045.57 43.9714 3.32152 40.6499 36.8136 34.321 2.49264 33.2961 30.2641 6.13053 2001.6 12.4603 10.3045
internal_count=449664 358280 3176 330 2846 2591 2232 359 2071 1865 926 355104 2658 2059
is_linear=0
shrinkage=0.05


Tree=299
num_leaves=15
num_cat=0
split_feature=3 1 3 17 1 16 16 3 4 16 3 10 0 17
split_gain=2.3465 2.15914 1.96315 2.87304 1.5819 5.25527 7.16272 8.71871 7.1775 6.35777 5.68172 5.35317 5.29304 4.62696
threshold=0.14357569813728335 18.500000000000004 0.14133140444755557 5.7914869785308847 9.5000000000000018 5.1901714801788339 5.4094088077545175 0.050893813371658332 0.0056386590003967294 5.0968081951141366 0.060571700334548957 0.028393077664077285 0.69440013170242321 5.7761018276214608
decision_type=10 10 10 10 8 10 10 8 8 10 8 10 10 10
left_child=2 -2 4 -4 -1 9 8 -8 -7 11 13 -6 -10 -9
right_child=1 -3 3 -5 5 6 7 10 12 -11 -12 -13 -14 -15
leaf_value=-0.0010118054119355882 0.037438252299777479 -0.056214783771462211 -0.058769173865896362 0.1079530642619832 0.00016387500322563605 -0.027401220730691473 -0.073424644237515199 -0.072477281950094563 0.02130328202257634 -0.048063746745240235 -0.0037537002479250577 0.020054838635270401 0.06112186647716631 0.064714053619907383
leaf_weight=1144.7951975894937 0.761666893006541 3.205334483067908 0.35710211489265364 0.93490741497078034 778.240910131281 4.9530982778048402 3.8047434232139485 0.69130960077927994 21.30290434176942 6.6489882762299422 25.62608605573142 35.362120243491518 13.72171942873433 5.537590267143969
leaf_count=34388 11959 88209 3042 579 267728 2127 744 337 8704 6024 24308 746 769 286
internal_value=0.00018407 -0.0382333 0.000258705 0.0618722 0.000219696 0.00179335 0.0144042 -0.00188725 0.0289361 0.000630465 0.00665714 0.00102841 0.0369031 0.049488
internal_weight=2045.94 3.967 2041.98 1.29201 2040.68 895.889 75.6375 35.6597 39.9777 820.252 31.855 813.603 35.0246 6.2289
internal_count=449950 100168 349782 3621 346161 311773 37275 25675 11600 274498 24931 268474 9473 623
is_linear=0
shrinkage=0.05


Tree=300
num_leaves=15
num_cat=0
split_feature=13 16 18 18 2 2 2 18 13 18 16 16 18 18
split_gain=2.16483 5.53412 3.80512 4.63974 2.10452 2.08415 4.90604 4.5901 5.15453 5.22019 4.768 4.34239 4.22317 6.33186
threshold=0.4301948100328446 4.8481087684631357 0.39598989486694341 1.153967082500458 1.1017122864723208 -0.4133929163217544 -0.52294558286666859 0.10290532559156419 0.22401433438062671 0.040764128789305694 3.8606742620468144 1.2424533367156985 0.14121587574481967 0.043516134843230254
decision_type=10 10 8 10 10 8 10 8 8 10 8 10 10 10
left_child=5 2 -2 -4 -3 6 7 8 -1 11 -9 -10 13 -8
right_child=1 4 3 -5 -6 -7 12 10 9 -11 -12 -13 -14 -15
leaf_value=-0.057869383482377051 -0.0069495968865880197 -0.066026541490749421 -0.0835920725283123 0.056940663367689298 0.071744768678276324 -9.3569807108515043e-05 0.043174421917488139 -0.025097541773177176 0.053852147646622772 0.029868059754593654 0.0031818795365502481 -0.064299416934524678 0.043305158131126183 -0.029999408853015209
leaf_weight=2.1608222865074254 5.9736593883255376 0.32396894879451155 4.5386338020686532 0.67462545476706726 1.919639154752417 1897.715275277337 5.4326635635438851 22.005558171570513 1.0708192490737176 26.89121975825843 46.193760672769955 2.8405589904416502 14.865443082894187 6.4859092846317594
leaf_count=2063 1466 669 949 98 45 312740 2099 35928 296 11846 59032 2320 15919 4621
internal_value=0.000190212 -0.0198176 -0.0341912 -0.0654063 0.0518511 0.000322868 0.0064995 0.00146161 0.0167811 0.0220179 -0.00594291 -0.031953 0.0255275 0.00335432
internal_weight=2039.09 13.4305 11.1869 5.21326 2.24361 2025.66 127.947 101.163 32.9634 30.8026 68.1993 3.91138 26.784 11.9186
internal_count=450091 3227 2513 1047 714 446864 134124 111485 16525 14462 94960 2616 22639 6720
is_linear=0
shrinkage=0.05


Tree=301
num_leaves=15
num_cat=0
split_feature=13 17 17 3 16 2 10 17 4 9 14 0 0 16
split_gain=1.90296 3.99246 6.11902 4.4285 10.1427 12.3097 6.10283 4.56579 5.88949 4.29077 4.13298 3.71932 3.69843 3.18617
threshold=0.13896551728248599 6.2906424999237069 6.1213951110839853 0.028953254222869877 4.8242976665496835 1.9278427958488467 0.030787452124059204 4.1666352748870858 0.0043656826019287118 0.66543051600456249 1.0000000180025095e-35 0.77310383319854747 0.79100897908210765 4.9870197772979745
decision_type=10 10 10 10 10 10 10 10 10 10 8 8 10 10
left_child=-1 2 3 4 5 6 -2 -7 -9 13 -6 -12 -4 -5
right_child=1 -3 12 9 10 7 -8 8 -10 -11 11 -13 -14 -15
leaf_value=-0.00042154440832015914 -0.080658095029954135 0.028074987729621595 -0.073623173634042346 0.013898440248115632 -0.06019613172584995 -0.053998091046124699 0.05911685448920824 0.028443591025331241 -0.013989889390907362 0.058871772941358737 -0.02908138417738302 0.047915235689059296 0.04910615469768928 -0.030696464860782497
leaf_weight=1881.9482916578431 8.4142267007202882 17.291553578782327 3.8694110185800517 50.092893548063294 1.1549254310185197 4.0146505750890347 0.86082521453499872 13.291054561617782 21.252279230244312 4.9684180232054578 1.7958110555482552 12.386112140166862 0.72959048375196278 4.3534293733546781
leaf_count=427173 5089 935 1027 10129 578 59 10 99 332 181 65 1943 7 2444
internal_value=2.9893e-06 0.00553301 0.00246826 0.00459253 -0.00462411 -0.0159689 -0.0676855 -0.00352859 0.00233701 0.0143917 0.0307584 0.0381654 -0.0541533 0.0103327
internal_weight=2026.42 144.475 127.184 122.585 63.1699 47.833 9.27505 38.558 34.5433 59.4147 15.3368 14.1819 4.599 54.4463
internal_count=450071 22898 21963 20929 8175 5589 5099 490 431 12754 2586 2008 1034 12573
is_linear=0
shrinkage=0.05


Tree=302
num_leaves=15
num_cat=0
split_feature=16 15 2 4 2 1 4 2 10 16 3 2 14 3
split_gain=2.58415 3.20219 4.42929 4.99781 3.05963 6.93449 5.74837 5.61505 6.63644 6.67364 10.7212 5.39781 4.56295 4.23258
threshold=2.6020033359527592 1.0000000180025095e-35 1.6528360843658449 0.03633087873458863 0.10554751753807069 28.500000000000004 0.0039139986038208016 1.7182999253273012 0.025486319325864319 2.5249279737472539 0.046258896589279182 -0.27475339174270624 inf 0.050893813371658332
decision_type=8 8 10 10 8 10 8 8 10 10 10 10 8 8
left_child=1 2 3 -1 5 -3 -7 8 9 10 -6 -8 13 -12
right_child=-2 4 -4 -5 7 6 11 -9 -10 -11 12 -13 -14 -15
leaf_value=-0.078913421670110673 -0.00031926368989089557 0.068558962383289498 0.011672643917576275 0.05917646715730257 -0.08725085935871861 -0.046981020705321799 0.030932063315713146 0.0093794389886623364 0.023971072438210249 0.020998496232497079 0.041732008216326937 -0.032274263668675023 -0.076339836406399159 -0.018972413918596259
leaf_weight=4.0378295740508747 1822.7734026691376 6.1810253813038676 4.7103243938472588 0.78215644317208433 6.9933562875958186 3.8222474320430164 18.404238074882304 127.67156741613599 9.9672112098821781 6.8634301725754758 3.7798513416200885 4.1371316047886912 2.5620807337203351 11.948443244081886
leaf_count=1665 419042 1110 84 772 471 1240 9866 7930 362 760 96 2410 1388 2648
internal_value=0.000288234 0.00551493 -0.0228085 -0.0565051 0.00684903 0.0208928 0.00971737 0.00415711 -0.0116746 -0.0227265 -0.034596 0.0193315 -0.0144633 -0.00438382
internal_weight=2034.63 211.861 9.53031 4.81999 202.331 32.5446 26.3636 169.786 42.1144 32.1472 25.2837 22.5414 18.2904 15.7283
internal_count=449844 30802 2521 2437 28281 14626 13516 13655 5725 5363 4603 12276 4132 2744
is_linear=0
shrinkage=0.05


Tree=303
num_leaves=15
num_cat=0
split_feature=15 13 3 17 16 16 10 10 3 17 3 2 12 1
split_gain=3.38008 9.12128 10.6619 6.61537 7.46433 7.11226 6.02806 4.52711 5.48354 8.81639 6.10074 6.05357 6.03533 4.70905
threshold=1.0000000180025095e-35 0.077935222536325469 0.0076004564762115487 5.5314092636108407 5.0336952209472665 4.3241107463836679 0.011696306522935631 0.015504807699471714 0.017360478639602665 4.2972624301910409 0.037637472152709968 2.3373203277587895 0.10762548446655275 4.5000000000000009
decision_type=8 8 8 8 8 10 8 8 10 10 10 8 8 10
left_child=1 2 -1 5 -5 -4 -7 -3 9 -9 -10 -11 -13 -12
right_child=-2 7 3 4 -6 6 -8 8 10 11 13 12 -14 -15
leaf_value=-0.054805725760243368 0.00057317032402078635 0.03957814308955121 0.053945238112423959 -0.039062349035080171 0.026055870698331207 0.10171707114364957 -0.066644089893937553 -0.092273348513826181 0.0092405680234699146 -0.093294906256840254 -0.07688364384281661 -0.070192575775382057 -0.010063962048241169 -0.013275467246138879
leaf_weight=5.0440137735567978 1836.9863629001068 4.1126944304414934 17.703878920822692 7.2104672111158932 11.293413389713121 0.68609944446760096 2.3618987538850855 4.6189311560650586 37.840354139596457 2.6719764240551749 3.0820845009245366 4.6253272714445473 42.701732802508275 52.020956840335629
leaf_count=97 389758 16318 2008 3876 3390 158 2289 492 1233 148 420 504 4906 24208
internal_value=-9.27391e-05 -0.00633473 0.013625 0.0224177 0.000681043 0.0417997 -0.0287463 -0.0121644 -0.0136065 -0.02618 -0.00621774 -0.0200743 -0.0159404 -0.0168333
internal_weight=2032.96 195.974 44.2998 39.2558 18.5039 20.7519 3.048 151.674 147.561 54.618 92.9434 49.999 47.3271 55.103
internal_count=449805 60047 11818 11721 7266 4455 2447 48229 31911 6050 25861 5558 5410 24628
is_linear=0
shrinkage=0.05


Tree=304
num_leaves=15
num_cat=0
split_feature=18 4 1 12 17 2 7 2 18 17 2 4 12 11
split_gain=2.38022 3.29549 3.2812 3.2092 3.33199 6.47459 3.81195 3.46379 3.11413 3.08201 2.47809 4.42118 3.61725 3.21073
threshold=1.2769591808319094 0.0026703774929046635 2.5000000000000004 0.059714796021580703 5.5032949447631845 -0.52294558286666859 28.09250640869141 -0.51156762242317189 3.8503730297088627 5.3589394092559823 0.73600098490715038 0.002805411815643311 1.0000000180025095e-35 1.0000000180025095e-35
decision_type=10 8 8 10 10 10 10 10 8 8 10 10 8 8
left_child=-1 2 -2 4 5 6 -3 -7 9 10 11 -9 13 -13
right_child=1 3 -4 -5 -6 7 -8 8 -10 -11 -12 12 -14 -15
leaf_value=-0.00043184291513752619 0.024310458550711067 -0.064834900929612818 -0.071836277690925446 -0.053948049162054396 0.045882681365524321 0.091817042381724751 0.024905811081752893 0.22104767683663462 -0.072659674169932478 -0.056233438904662786 0.027511324573840087 0.083328121315768444 -0.064637273269255474 -0.06621460802628866
leaf_weight=1979.2969679711427 1.4443002340850122 4.0649703154233512 2.3012142182545858 1.6806272260993314 7.9373761191498309 1.5506405679543878 1.6692722026399307 0.19062960237376003 0.97580480287511662 1.3334141014811134 24.781099129845316 1.0583566549021979 2.3730728778619437 0.54313031864705874
leaf_count=413001 25 17808 2693 3046 2132 127 2799 16 978 303 1663 979 4121 552
internal_value=-0.000154673 0.0104149 -0.0347613 0.0139285 0.0163829 0.0103074 -0.0387108 0.0188754 0.0152566 0.0180899 0.0215136 -0.0141705 -0.0254522 0.032612
internal_weight=2031.2 51.9039 3.74551 48.1584 46.4778 38.5404 5.73424 32.8061 31.2555 30.2797 28.9463 4.16519 3.97456 1.60149
internal_count=450243 37242 2718 34524 31478 29346 20607 8739 8612 7634 7331 5668 5652 1531
is_linear=0
shrinkage=0.05


Tree=305
num_leaves=15
num_cat=0
split_feature=2 2 16 3 17 17 0 1 4 16 16 3 4 4
split_gain=2.45902 3.36222 5.13211 4.48098 3.58519 4.428 5.5413 4.65408 5.47065 5.84239 9.3979 5.7034 4.71696 4.50138
threshold=-0.43228083848953242 -0.52294558286666859 5.2122108936309823 0.11127251386642457 6.4922387599945077 6.3035337924957284 0.68774256110191356 47.500000000000007 0.0045997798442840585 3.979637980461121 4.2121002674102792 0.073887944221496596 0.036783903837203986 0.034177929162979133
decision_type=8 10 8 8 10 10 8 8 10 10 10 10 8 8
left_child=1 4 3 -3 5 7 -7 -1 9 -9 11 -11 13 -10
right_child=-2 2 -4 -5 -6 6 -8 8 12 10 -12 -13 -14 -15
leaf_value=-0.028877053322243038 -0.0015908844772258676 0.036395398994636945 -0.061034779260754873 -0.057680707373581587 -0.059256044510819339 0.031735060241698886 0.20664729042046273 -0.038848077492061366 0.014213427687714782 0.096201664873878573 -0.0327921391999366 -0.058111048832458184 -0.037499022458268021 0.10649052435424265
leaf_weight=11.513230768938522 1874.2617518403026 19.151762398484344 1.6675506414863353 1.3553452998179185 2.3460825295694852 4.2258381089330603 0.50714681424415164 12.487626252550458 56.24987275730922 3.4291845917614392 4.9370493049551101 0.72545987430049752 4.3701621708123772 1.3533923059613489
leaf_count=6258 319044 5456 2383 11232 1717 1740 247 8041 42288 524 4718 855 43628 2060
internal_value=-0.00113919 0.00567062 0.0233185 0.0301778 0.00183944 0.00327568 0.0504772 0.000925687 0.00503238 -0.0166493 0.0138412 0.0692565 0.012582 0.0163815
internal_weight=1998.58 124.32 22.1747 20.5071 102.145 99.799 4.73298 95.066 83.5527 21.5793 9.09169 4.15464 61.9734 57.6033
internal_count=450191 131147 19071 16688 112076 110359 1987 108372 102114 14138 6097 1379 87976 44348
is_linear=0
shrinkage=0.05


Tree=306
num_leaves=15
num_cat=0
split_feature=16 16 17 17 16 15 1 16 14 11 17 13 17 16
split_gain=3.40512 5.60168 4.87611 4.23782 6.79769 7.14153 4.31624 5.56751 4.2506 8.02816 12.6989 10.6148 10.5349 5.4521
threshold=3.8606742620468144 3.9019216299057011 6.0991966724395761 6.0026509761810312 2.7403194904327397 1.0000000180025095e-35 5.5000000000000009 3.65057384967804 1.0000000180025095e-35 0.2264957278966904 4.9015574455261239 0.23904761672019961 5.0005793571472177 2.3502402305603032
decision_type=10 8 10 10 10 10 8 10 10 8 8 8 8 8
left_child=2 -2 3 8 -5 -6 -7 -8 -1 10 -10 12 -12 -11
right_child=1 -3 -4 4 5 6 7 -9 9 13 11 -13 -14 -15
leaf_value=0.0010600594765269847 0.021299951982531633 0.0014044899132006992 -0.016396493891465538 -0.090878544568435915 0.043585145431157324 -0.069746318187639725 0.021395548225385932 -0.083601765558337648 -0.072745448320988282 -0.042756698693274565 0.082557772546262981 -0.0060737965405165076 -0.085491102533071989 -0.0011116058081383372
leaf_weight=607.01296445004391 36.956684721286699 828.94182197112525 55.180034071669525 1.3948577458952538 16.797691381070109 2.1922981130810522 9.3402343577954507 1.4598739242219103 9.6506122393950289 8.0327553674242136 1.0641628875154054 74.471131699787705 7.5442185638078323 363.67363635878718
leaf_count=148700 6268 223340 10446 544 2239 78 804 315 6251 1559 167 13303 3394 32560
internal_value=-0.000118003 0.00225363 -0.00189169 -0.00116581 0.0170035 0.0220549 -0.00578133 0.00720283 -0.00169463 -0.00529499 -0.0184565 -0.0121502 -0.064717 -0.00201158
internal_weight=2023.71 865.899 1157.81 1102.63 31.185 29.7901 12.9924 10.8001 1071.45 464.437 92.7301 83.0795 8.60838 371.706
internal_count=449968 229608 220360 209914 3980 3436 1197 1119 205934 57234 23115 16864 3561 34119
is_linear=0
shrinkage=0.05


Tree=307
num_leaves=15
num_cat=0
split_feature=12 9 9 18 13 16 4 16 18 2 18 18 1 17
split_gain=1.91576 1.8544 2.30716 2.06313 3.65795 3.33852 2.76507 2.65322 6.1443 14.5828 6.02579 5.40445 4.9588 4.89929
threshold=0.3964285701513291 0.31836010515689855 0.35308061540126806 1.2769591808319094 0.087922707200050368 3.9981586933135991 0.0026703774929046635 3.5408543348312382 0.095509681850671782 2.8114801645278935 0.10644709691405298 0.10471741482615472 24.500000000000004 6.5826978683471689
decision_type=10 8 8 10 10 8 8 8 8 10 8 10 10 10
left_child=1 -1 -3 7 5 -5 -7 12 9 13 11 -10 -4 -9
right_child=-2 2 3 4 -6 6 -8 8 10 -11 -12 -13 -14 -15
leaf_value=0.024505838486070738 0.054026271408720267 -0.041825496176634197 -0.00040461863938476283 -0.073280005580209237 -0.058642785724624107 -0.030585954696362612 0.017263528443366729 -0.050754344491237127 0.0067820423359837194 0.036578315734096471 -0.0024319828565423848 0.051319437838557538 0.010445753466399525 -0.0012715075446772066
leaf_weight=7.3049696845041794 1.6039186205957765 3.4098314722999206 660.67133586132036 1.1216037449636598 1.9053274366639943 3.2404225033599188 44.223128379127857 21.95096932800141 25.381321413075412 8.0975736121836217 1093.9331567689164 9.3099681106062899 125.26490608779181 6.4785813325768933
leaf_count=20409 401 6817 60108 1773 2944 2162 26315 5723 2660 87 247897 559 70998 1299
internal_value=-0.000596867 -0.000640405 -0.000732023 -0.000662017 0.00931682 0.0119819 0.0139968 -0.000920251 -0.00243458 -0.0226174 -0.00178138 0.0187344 0.00132475 -0.0394781
internal_weight=2013.9 2012.29 2004.99 2001.58 50.4905 48.5852 47.4636 1951.09 1165.15 36.5271 1128.62 34.6913 785.936 28.4296
internal_count=450152 449751 429342 422525 33194 30250 28477 389331 258225 7109 251116 3219 131106 7022
is_linear=0
shrinkage=0.05


Tree=308
num_leaves=15
num_cat=0
split_feature=1 10 11 17 17 17 4 12 17 16 17 9 15 17
split_gain=2.392 2.86183 2.83899 4.54324 9.8871 7.58061 6.05159 4.12155 6.81055 5.73789 5.38016 4.9935 4.46503 4.13603
threshold=1.5000000000000002 0.032654678449034698 inf 5.747798204421998 5.9674272537231454 5.6716020107269296 0.01366052031517029 0.09175084158778192 5.8507635593414316 2.9174053668975835 4.7749040126800546 0.85154426097869884 inf 5.6784632205963144
decision_type=8 10 8 8 8 10 8 8 10 10 10 10 8 10
left_child=2 -2 7 5 6 -4 -5 12 9 11 -11 -9 -1 -12
right_child=1 -3 3 4 -6 -7 -8 8 -10 10 13 -13 -14 -15
leaf_value=-0.059213873272771701 0.0011227772139190543 0.055850544687659945 -0.0072124833485328887 -0.078459138651539306 -0.006705367121797829 0.035089946519141782 -0.0081886144188971256 0.025362327978049767 0.030470352879070756 -0.030687474317332097 0.0064863335876292269 -0.035615065666985933 -0.0059045161090036441 -0.032328939998803125
leaf_weight=5.179578341107117 1723.9328435395671 2.3920503882691255 94.92392918960104 9.6523025912465492 35.452866064224509 11.920357452647293 4.4885806713427892 26.57428653797621 21.582800146316004 19.465611222549342 42.584155740801179 3.8429566381273608 16.25368523508951 8.1816573262985894
leaf_count=95 445706 55 1210 101 360 76 115 334 257 372 741 262 253 115
internal_value=0.00048237 0.00119861 -0.00363776 -0.00829813 -0.0208049 -0.0024929 -0.056154 0.00143697 0.00498329 -0.000482084 -0.00833871 0.0176584 -0.0187873 0.000230681
internal_weight=2026.43 1726.32 300.103 156.438 49.5937 106.844 14.1409 143.665 122.231 100.649 70.2314 30.4172 21.4333 50.7658
internal_count=450052 445761 4291 1862 576 1286 216 2429 2081 1824 1228 596 348 856
is_linear=0
shrinkage=0.05


Tree=309
num_leaves=15
num_cat=0
split_feature=16 4 8 9 1 13 18 18 18 13 18 16 17 3
split_gain=2.54056 3.25686 3.60272 2.91315 2.68339 2.28092 5.09694 4.95982 4.37491 4.0587 6.09473 8.48673 8.79381 7.4069
threshold=1.7005987167358401 0.023316860198974613 2.5000000000000004 0.50994381308555614 3.5000000000000004 0.13714733719825747 0.061552813276648528 0.082845937460660948 0.031050826422870163 0.0745370388031006 0.1789570823311806 3.7494349479675297 5.6886675357818612 0.030923604965209964
decision_type=8 8 8 10 8 10 8 8 8 10 8 10 10 10
left_child=1 2 -1 4 -3 8 -7 -8 -2 -10 11 12 13 -11
right_child=5 3 -4 -5 -6 6 7 -9 9 10 -12 -13 -14 -15
leaf_value=0.080181594475287304 -0.031190999399679786 0.0041732044066347803 0.016560705969624081 0.023882467204174699 -0.080939067551558067 0.036565015579498712 -0.062571428324084591 0.0044586681596358617 -4.1209568013917271e-05 0.030254775417131143 -0.032106728062348336 0.035718403426506132 -0.091684760648999525 -0.078186453918463128
leaf_weight=2.4977017555866041 11.625555623976963 1.6086548524708626 20.39650393505341 2.6014976077731262 2.1824280246188437 12.391886934110653 2.819779595909945 129.57893720961201 1795.6905788191416 6.1771420967773754 24.618346736314891 10.863567342795958 3.5231783189672674 2.1134064285161003
leaf_count=16 4370 47 1528 291 2483 669 629 21674 408350 303 7686 867 761 711
internal_value=7.11298e-05 0.0146909 0.0235016 -0.0168633 -0.0448237 -0.000143018 0.00590108 0.00303109 -0.000614884 -0.00042201 -0.01488 0.00382126 -0.0255104 0.0026112
internal_weight=2028.69 29.2868 22.8942 6.39258 3.79108 1999.4 144.791 132.399 1854.61 1842.99 47.2956 22.6773 11.8137 8.29055
internal_count=450385 4365 1544 2821 2530 446020 22972 22303 423048 418678 10328 2642 1775 1014
is_linear=0
shrinkage=0.05


Tree=310
num_leaves=15
num_cat=0
split_feature=18 3 1 1 3 18 2 17 17 1 17 15 17 18
split_gain=2.1904 6.25043 5.61093 4.14582 3.85961 5.07798 4.98937 4.49399 4.25451 5.73345 4.32358 2.48604 5.53712 3.81856
threshold=0.040764128789305694 0.095606595277786269 41.500000000000007 1.5000000000000002 0.050893813371658332 0.031050826422870163 0.98174065351486217 6.0879099369049081 6.1974613666534433 2.5000000000000004 5.349482774734498 1.0000000180025095e-35 5.8507635593414316 0.037684800103306777
decision_type=8 8 8 10 10 8 8 10 10 8 10 10 10 10
left_child=1 2 3 -1 6 -6 -5 -7 9 -8 -11 13 -13 -3
right_child=-2 11 -4 4 5 7 8 -9 -10 10 -12 12 -14 -15
leaf_value=-0.038961369227654301 2.1482890836384981e-05 0.029753232906191918 -0.06575358845623315 0.04445866888692554 -0.071162566017415371 0.022933799800981113 0.025609620395538692 -0.084397271421266296 0.03617338545380621 0.0029940729594654502 -0.080682412280809745 0.078121179192440562 -0.064494061235311304 -0.086510873329286503
leaf_weight=4.8166217133360183 1955.5086324126121 8.837183692207855 3.0069055187536824 11.869006752211133 2.9755239906789912 6.2467995497299862 4.7602725203141789 1.1556916688423369 6.025539170135743 2.5925458594574602 3.8160176161909476 5.5895363055370799 0.77496217574937976 0.76757583884511937
leaf_count=82 438187 6792 1051 326 792 419 49 218 98 59 206 189 589 1113
internal_value=0.00031765 0.00947659 0.000339208 0.00482958 0.0101774 -0.0159973 0.0195239 0.00617706 0.00231178 -0.0159564 -0.0468316 0.0365209 0.0607559 0.0204618
internal_weight=2018.74 63.2342 47.2649 44.258 39.4414 10.378 29.0634 7.40249 17.1944 11.1688 6.40856 15.9693 6.3645 9.60476
internal_count=450170 11983 3300 2249 2167 1429 738 637 412 314 265 8683 778 7905
is_linear=0
shrinkage=0.05


Tree=311
num_leaves=15
num_cat=0
split_feature=1 2 4 9 16 8 4 17 17 8 17 4 18 18
split_gain=3.33208 9.79376 7.47894 8.48885 3.2791 4.81963 3.39773 3.15949 4.99473 3.08316 4.55504 3.51434 3.30937 8.68167
threshold=8.5000000000000018 1.3992249965667727 0.016417562961578373 0.41869585216045385 2.4414010047912602 1.5000000000000002 0.00012230873107910159 5.4227426052093515 6.6153953075408944 23.500000000000004 5.7219483852386483 0.017317414283752445 0.12656915187835696 0.14121587574481967
decision_type=8 10 10 8 8 10 10 8 10 10 8 10 8 8
left_child=1 2 3 -1 5 -3 -6 -4 -9 12 11 -11 -2 -14
right_child=9 4 7 -5 6 -7 -8 8 -10 10 -12 -13 13 -15
leaf_value=0.059387703145176274 -0.0023437574848122287 0.013887645937616001 0.014642518258813384 -0.0717103405042675 0.024766190156125613 -0.018810606308597152 -0.0020881000354637741 -0.062633919056947471 0.065534570772564638 0.043461331204104552 -0.067263166672160521 -0.058869478042360403 0.02322104672612205 0.0022766042764804512
leaf_weight=1.3771112908234497 294.6613414693395 69.555321915612979 7.9800357521210232 11.948835734385577 11.924061935045755 13.448447395732726 966.92070821005018 3.7864875565324292 0.95105576763933175 11.042281267520375 1.1805970513807587 0.90800887232026717 54.125800632162012 576.09375504162165
leaf_count=12 74226 1249 4454 1574 129 285 23757 2798 41 7881 8330 13118 11630 300311
internal_value=0.000188085 -0.00169482 -0.0319872 -0.0581626 -0.000951856 0.00858981 -0.00176097 -0.00455965 -0.0369043 0.00237186 0.0264299 0.035686 0.00203029 0.0040754
internal_weight=2025.9 1087.89 26.0435 13.3259 1061.85 83.0038 978.845 12.7176 4.73754 938.012 13.1309 11.9503 924.881 630.22
internal_count=449795 34299 8879 1586 25420 1534 23886 7293 2839 415496 29329 20999 386167 311941
is_linear=0
shrinkage=0.05


Tree=312
num_leaves=15
num_cat=0
split_feature=14 17 11 2 2 15 2 11 15 2 16 2 10 18
split_gain=1.69745 5.96894 15.4153 6.4913 8.42682 6.7356 5.8892 5.54518 7.04306 6.97399 7.52464 10.7321 7.801 7.19022
threshold=1.0000000180025095e-35 4.9015574455261239 0.75000000000000011 0.82619047164917003 -0.22901704162359235 1.0000000180025095e-35 -0.66321146488189686 inf inf 2.0106205940246586 5.1445789337158212 1.9278427958488467 0.02560362778604031 0.18756044656038287
decision_type=10 8 8 8 8 10 10 8 8 8 8 8 10 10
left_child=7 2 -2 4 5 -4 -7 -1 -9 10 11 12 13 -10
right_child=1 -3 3 -5 -6 6 -8 8 9 -11 -12 -13 -14 -15
leaf_value=0.0046904779013514537 -0.059857282642581167 -0.0004201241694778189 -0.057631836710429388 0.0059621345347815402 -0.070839253304116986 -0.058554848126722181 0.079637576100341209 -0.026876055089024471 0.0045809239481331967 0.0040771194193703229 0.028338219861354076 -0.099917360314709588 -0.058592626263941308 -0.022990180007292711
leaf_weight=549.21706994683234 15.283547742014205 1038.5737111362746 2.5097797367162542 44.145465584979192 7.186407697083693 1.019247807389206 3.1647529503475766 29.054118751979004 51.627946974578293 218.3719976610069 11.021498663881898 3.5998163247001704 8.2985982918478935 43.630877408469829
leaf_count=177087 15673 142891 4533 6046 3074 759 532 16667 14968 27058 5118 201 1264 34154
internal_value=-8.08909e-05 -0.00139343 -0.0151823 -0.00341522 -0.0332396 0.00712723 0.0459731 0.00151438 -0.0032568 -0.00121777 -0.0110017 -0.015048 -0.0120978 -0.00804732
internal_weight=2026.7 1111.88 73.3092 58.0257 13.8802 6.69378 4.184 914.822 365.605 336.551 118.179 107.157 103.557 95.2588
internal_count=450025 173508 30617 14944 8898 5824 1291 276517 99430 82763 55705 50587 50386 49122
is_linear=0
shrinkage=0.05


Tree=313
num_leaves=15
num_cat=0
split_feature=18 9 16 4 13 1 7 4 16 8 14 1 1 16
split_gain=3.0745 4.97799 3.6123 2.96746 2.47041 2.71339 4.68541 3.4071 3.20581 4.68059 3.06493 4.176 2.44861 2.16685
threshold=1.2769591808319094 0.55750462412834179 3.9981586933135991 0.0026703774929046635 0.077935222536325469 3.5000000000000004 49.563634872436531 0.0056386590003967294 5.2548844814300546 1.5000000000000002 1.0000000180025095e-35 2.5000000000000004 2.5000000000000004 4.6491756439208993
decision_type=10 8 10 8 10 10 8 8 10 10 8 8 8 10
left_child=-1 -2 -3 12 5 7 -7 13 9 10 11 -9 -4 -5
right_child=1 2 3 4 -6 6 -8 8 -10 -11 -12 -13 -14 -15
leaf_value=-0.00033793896826917543 -0.082485444540965625 -0.075493857620189689 0.016816086857667747 0.043765933107209665 -0.042895670693696736 -0.079661521147041406 0.037612494914836703 0.023052450505918778 0.033231657151634966 0.038334002440230518 -0.09258015120460375 -0.085764458971742674 -0.0689003244924737 -0.11397588217662083
leaf_weight=1977.98115669608 1.3570357064609799 1.0894645585628797 1.5622960887849324 0.290116807297635 1.5161069624992354 0.88404229162496506 23.276887491994017 2.7364927727539925 9.9310762458298694 3.4318647201641284 1.6678734745239578 1.3007689196510908 1.7852071939266236 0.8722807785304667
leaf_count=412146 10624 1690 23 81 1945 572 12125 46 3920 2837 543 337 1794 566
internal_value=-2.3321e-05 0.0120132 0.0145605 0.0165523 0.0198664 0.0220099 0.0333215 0.00850067 0.0135669 -0.00780691 -0.0355625 -0.0120074 -0.0288961 -0.0746059
internal_weight=2029.68 51.7015 50.3445 49.255 45.9075 44.3914 24.1609 20.2305 19.0681 9.137 5.70514 4.03726 3.3475 1.1624
internal_count=449249 37103 26479 24789 22972 21027 12697 8330 7683 3763 926 383 1817 647
is_linear=0
shrinkage=0.05


Tree=314
num_leaves=15
num_cat=0
split_feature=8 13 17 9 9 4 4 17 8 4 17 8 17 3
split_gain=2.14109 1.98571 1.74128 1.711 1.92339 6.1708 3.26638 2.55241 1.99846 3.06822 2.28102 1.78494 2.05435 4.51259
threshold=29.500000000000004 0.60555556416511547 6.7912056446075448 0.31836010515689855 0.41407802700996404 0.00893184542655945 0.017837196588516239 5.5392990112304696 28.500000000000004 0.0075450837612152108 4.8081026077270517 26.500000000000004 3.1984648704528813 1.0000000180025095e-35
decision_type=10 10 10 8 8 8 10 8 10 8 10 8 10 8
left_child=1 3 -3 11 5 -5 7 -7 -6 10 -10 -1 13 -13
right_child=-2 2 -4 4 8 6 -8 -9 9 -11 -12 12 -14 -15
leaf_value=0.030183358910878845 -0.068060484722872502 -0.065106840124650511 0.048955601674159716 -0.076231365816063226 -0.00040985574406701128 0.047507666568674591 -0.046245733842518982 -0.047758250317665563 -0.031390792439567605 -0.060910008127454819 0.075015729551794877 -3.3590718204355419 -0.067610189349860669 -0.050228550981816146
leaf_weight=6.7003086756187429 1.170505765570623 1.990813009501607 0.40219472890748864 3.4709566365774664 1988.4416309865785 3.7212089882485211 2.0627337820789968 0.86688856361479327 0.62008987925298686 0.68976068232802834 2.6822530149402155 0.0015211736317722871 0.38082051529634775 0.0031939464487038549
leaf_count=15805 4288 957 13 4482 404001 1628 11069 1784 170 1754 278 1 3132 234
internal_value=-0.000456097 -0.000416768 -0.0459363 -0.000362565 -0.000449348 -0.0221901 0.00601312 0.0295078 -0.000338903 0.0350023 0.0550355 0.0241637 -0.080453 -1.11771
internal_weight=2013.2 2012.03 2.39301 2009.64 2002.56 10.1218 6.65083 4.5881 1992.43 3.9921 3.30234 7.08584 0.385536 0.00471512
internal_count=449596 445308 970 444338 425166 18963 14481 3412 406203 2202 448 19172 3367 235
is_linear=0
shrinkage=0.05


Tree=315
num_leaves=15
num_cat=0
split_feature=18 2 2 2 18 9 15 16 4 0 4 17 17 2
split_gain=2.19719 5.26556 6.42987 3.34224 3.25971 3.33021 3.03628 2.38656 4.07719 2.16414 4.91135 3.22027 4.54006 4.03464
threshold=0.040764128789305694 1.2048814296722414 -0.59441286325454701 1.7182999253273012 0.037684800103306777 0.97896310687065136 1.0000000180025095e-35 1.8688347935676577 0.00893184542655945 0.71707999706268322 0.0026703774929046635 5.7153801918029794 6.6153953075408944 -0.47636991739273066
decision_type=8 10 8 8 8 8 8 8 8 8 10 10 10 10
left_child=1 2 -1 -3 5 -5 -4 -7 -9 10 -8 -12 13 -13
right_child=-2 3 6 4 -6 7 9 8 -10 -11 11 12 -14 -15
leaf_value=-0.059633379311327728 -0.00077893954913082391 -0.072160114437751416 -0.058211407636607419 -0.050538042656830755 -0.058080721552554164 0.042226899648248106 -0.072870169722331846 -0.062504130949614517 0.01763395004303913 0.037822986040738089 0.025880129516797086 0.025880129516797086 0.025880129516797086 -0.077851511021736916
leaf_weight=2.4478623171911806 1966.8088025757384 2.0839460910339085 1.0942283887937236 2.4217056130037236 2.513610448821054 4.6117235102647145 1.4966323849491541 2.119953869492746 6.3153310834852627 19.604504534053717 11.380346088524449 0.76021360134774374 1.9622746591098801 2.7686206109343621
leaf_count=2509 437950 310 1712 35 67 75 266 65 152 2833 2149 237 195 1366
internal_value=-0.000487754 0.0088123 0.0189772 -0.0122176 -0.00527092 0.00331048 0.0239028 0.0133055 -0.00250633 0.026269 0.0139373 0.0216378 -0.0131253 -0.048845
internal_weight=2028.39 61.581 41.5147 20.0663 17.9823 15.4687 39.0668 13.047 8.43528 37.9726 18.3681 16.8715 5.49111 3.52883
internal_count=449921 11971 11267 704 394 327 8758 292 217 7046 4213 3947 1798 1603
is_linear=0
shrinkage=0.05


Tree=316
num_leaves=15
num_cat=0
split_feature=1 18 18 18 18 18 18 16 18 14 0 17 0 14
split_gain=2.15035 3.39986 3.75423 3.15385 7.94642 7.90394 10.9843 8.49914 7.30671 6.04049 8.27334 9.24198 5.98001 5.89309
threshold=9.5000000000000018 2.9904708862304692 1.8892496228218081 0.081102162599563613 0.091962411999702467 0.10101749375462533 0.097476877272129073 4.3107767105102548 0.077483613044023528 1.0000000180025095e-35 0.69539004564285289 5.3399362564086923 0.68866166472435009 1.0000000180025095e-35
decision_type=10 10 10 8 8 8 10 10 10 8 10 10 8 10
left_child=3 2 -2 8 9 6 -6 -8 -1 -5 11 -11 13 -7
right_child=1 -3 -4 4 5 12 7 -9 -10 10 -12 -13 -14 -15
leaf_value=-0.0049179734585300559 0.0026126130888553126 0.059137037767457871 -0.061655565556137659 0.042004503686040209 -0.006347226564034969 -0.0045581153400656533 -0.087067100787239671 0.067890580499507358 -0.051272208654084252 -0.0048439035738555083 0.021434568119240448 -0.087549695674668818 0.0014154381588017992 -0.028897850404021458
leaf_weight=146.30128010342463 628.29629207351616 2.6496275718226334 2.2805664386562503 18.23583459666412 22.100191533634192 175.11401811582013 8.4368501369542024 0.98857424677226013 9.0257242503401738 5.9241935080718786 27.101907957855474 4.4223276167148811 953.54713456587456 28.98483427311038
leaf_count=14843 272053 2977 4576 1759 1669 14669 1082 22 1146 432 381 829 130519 3261
internal_value=0.000199844 0.00261767 0.00238018 -0.000893606 -5.53782e-05 -0.000919829 -0.0256215 -0.0708146 -0.00761152 0.0184055 0.00691376 -0.0311224 -0.000247141 -0.00801469
internal_weight=2033.41 633.226 630.577 1400.18 1244.86 1189.17 31.5256 9.42542 155.327 55.6843 37.4484 10.3465 1157.65 204.099
internal_count=450218 279606 276629 170612 154623 151222 2773 1104 15989 3401 1642 1261 148449 17930
is_linear=0
shrinkage=0.05


Tree=317
num_leaves=15
num_cat=0
split_feature=11 16 3 16 13 0 3 16 16 16 2 16 13 1
split_gain=1.8136 3.25485 3.67391 4.29353 3.29061 2.24662 2.05813 3.42156 2.62601 4.29473 2.3051 2.05826 3.8052 2.43877
threshold=0.61250001192092907 3.9019216299057011 0.14590966701507571 3.113268375396729 0.16247642785310748 0.68523636460304271 0.012984067201614382 4.5900437831878671 4.3107767105102548 5.0005793571472177 3.0663039684295659 5.3008110523223886 1.0000000180025095e-35 2.5000000000000004
decision_type=10 8 8 8 10 8 10 8 8 8 10 8 8 8
left_child=-1 2 4 -4 5 -2 7 10 -8 -10 -3 -11 -13 -14
right_child=1 6 3 -5 -6 -7 8 -9 9 11 -12 12 13 -15
leaf_value=-7.7342109020438638e-05 -0.067191756175581138 -0.082166472459015844 0.070462025608621415 -0.089657232318768029 0.066023475792463135 -0.012195688690582494 0.050947231998297086 0.03510659568496749 -0.067132073349309346 0.05779092336403735 0.00097372020550680707 0.079910766103317321 0.090487334988953311 -0.081877074086934565
leaf_weight=1967.2603912839036 2.1536880561225233 1.4786873962393117 2.6529741703602663 0.49711509578870039 1.2036381427155891 13.478689655776179 9.0122485623157864 3.5163677760101564 1.4326541254584135 2.9958155193010043 1.9113079902817842 0.84235555472474744 0.2461591698229314 1.2338651200928439
leaf_count=445996 700 88 145 229 30 524 694 90 596 176 32 48 2 268
internal_value=0.000143819 0.0103437 -0.00436602 0.0451936 -0.0136388 -0.0197726 0.0233122 0.000551702 0.0332844 0.00970488 -0.0352913 0.0304038 -0.00492499 -0.0532092
internal_weight=2009.92 42.6556 19.9861 3.15009 16.836 15.6324 22.6695 6.90636 15.7631 6.75085 3.39 5.3182 2.32238 1.48002
internal_count=449618 3622 1628 374 1254 1224 1994 210 1784 1090 120 494 318 270
is_linear=0
shrinkage=0.05


Tree=318
num_leaves=15
num_cat=0
split_feature=18 2 3 3 9 18 10 2 2 16 4 2 10 0
split_gain=1.93598 4.57095 5.81304 8.84486 3.90488 6.44154 3.86974 3.52131 2.82915 2.51718 6.70869 2.59385 2.44472 2.40116
threshold=0.040764128789305694 1.2048814296722414 0.050893813371658332 0.07849708199501039 0.88215267658233654 0.037684800103306777 0.025486319325864319 -0.59441286325454701 0.87491023540496837 2.2499048709869389 0.0026703774929046635 0.75797206163406383 0.031269090250134475 0.61577999591827404
decision_type=8 10 10 10 8 8 8 8 10 10 10 10 8 10
left_child=1 2 9 6 -3 -6 -4 -5 -8 10 -1 -12 -11 -9
right_child=-2 4 3 7 5 -7 8 13 -10 12 11 -13 -14 -15
leaf_value=-0.080146280184991536 -0.00045613503052449291 -0.06602586311245949 0.061715513829144281 -0.054983348379312194 0.0096053564142266623 -0.076163879088035791 -0.071358440513500529 -0.070742803481919234 0.016330039159598898 -0.066153936798607205 0.041994107198449926 -0.096955680324832053 0.046386726054058844 0.048682300270786488
leaf_weight=1.6548644596229021 1953.3008900174673 2.7460335874839075 0.76297737308777869 1.0818340194706193 15.991193471438242 2.536312986639131 5.6503405511903138 0.44770173085094978 1.0986963812501924 0.49636809241648905 5.597732352641799 0.35730642298585724 17.344080122573363 7.0282070941676125
leaf_count=464 437737 66 6 2041 542 97 1261 1697 82 1722 1592 39 514 1853
internal_value=-0.000178331 0.00846323 0.0181194 -0.00542481 -0.010383 -0.00213598 -0.0450172 0.0293296 -0.0570834 0.0329856 0.00890913 0.033657 0.0432555 0.0415304
internal_weight=2016.09 62.7936 41.5201 16.0698 21.2735 18.5275 7.51201 8.55774 6.74904 25.4504 7.6099 5.95504 17.8404 7.47591
internal_count=449713 11976 11271 6940 705 639 1349 5591 1343 4331 2095 1631 2236 3550
is_linear=0
shrinkage=0.05


Tree=319
num_leaves=15
num_cat=0
split_feature=13 0 8 8 14 8 16 17 17 16 16 17 4 15
split_gain=2.74576 4.17534 3.91081 4.21547 12.0116 5.13725 3.80133 5.46809 3.94388 7.91493 6.86599 9.39031 6.15581 5.99836
threshold=0.4301948100328446 0.65853589773178112 19.500000000000004 9.5000000000000018 1.0000000180025095e-35 7.5000000000000009 3.0201274156570439 4.9732735157012948 5.9776182174682626 4.4484992027282724 3.9981586933135991 5.4227426052093515 0.005279332399368287 1.0000000180025095e-35
decision_type=8 10 10 10 10 10 10 8 10 10 10 10 10 10
left_child=2 6 3 5 -5 -1 -2 -8 10 -10 11 -9 -11 -13
right_child=1 -3 -4 4 -6 -7 7 8 9 12 -12 13 -14 -15
leaf_value=0.0024382962834254198 -0.0025931030095836575 0.00020822958327819087 0.036385530149079838 -0.078682215818760573 0.033334179148378711 0.050623200104755621 -0.0025931030095836575 -0.014228436121215812 -0.0025931030095836575 -0.064103109424885951 -0.0068192801863987892 -0.034893133597820272 -0.0025931030095836575 -0.081850404460881404
leaf_weight=412.4428585484884 202.22877719183452 1101.3130839859805 8.5977957021831894 5.5267988550669767 4.2209118468030837 5.6067665738021892 92.988551381963035 39.975546137047999 38.36648559669139 9.305481314127972 57.983548095744254 19.518937550402413 5.5763057207619644 10.437670258493087
leaf_count=74810 69019 71310 10752 5026 4792 1898 91970 23817 11408 2366 56618 16506 7363 2437
internal_value=-0.000512548 -0.00148348 0.00299766 0.00232664 -0.0301774 0.00308454 -0.00539444 -0.00954296 -0.0147812 -0.00334703 -0.019541 -0.0300891 -0.0390851 -0.0512543
internal_weight=2014.09 1577.69 436.395 427.797 9.74771 418.05 476.381 274.153 181.164 53.2483 127.916 69.9322 14.8818 29.9566
internal_count=450092 352814 97278 86526 9818 76708 281504 212485 120515 21137 99378 42760 9729 18943
is_linear=0
shrinkage=0.05


Tree=320
num_leaves=15
num_cat=0
split_feature=2 17 4 16 16 3 15 0 15 12 12 17 4 0
split_gain=2.33021 4.83089 4.07476 3.8592 5.68519 7.99534 5.33269 8.5035 5.15277 4.19083 6.63588 4.71215 8.97312 6.27621
threshold=-0.4447167813777923 3.7954261302948002 0.0078622400760650652 4.2972624301910409 4.2555875778198251 0.05491957068443299 inf 0.70719042420387279 1.0000000180025095e-35 0.031754031777381904 0.045333655551075942 5.6002705097198495 0.00012230873107910159 0.65792641043663036
decision_type=8 8 10 8 10 10 8 10 10 10 10 10 8 10
left_child=1 2 -1 4 9 6 -6 -8 -7 11 -11 12 -2 -13
right_child=3 -3 -4 -5 5 8 7 -9 -10 10 -12 13 -14 -15
leaf_value=-0.064396085506222722 -0.080496549487775057 0.0042579461864854498 0.071601173122777487 0.0023975703219752697 -0.096986428204121206 -0.067406717914895081 -0.072832661883669644 0.027519646688508828 0.050337597850656425 0.044894290105569556 0.0033245483454103957 -0.022341786337991471 -0.00051655896971440564 -0.0046123005336075633
leaf_weight=0.63029482306196172 3.5219806391635862 118.8215025445929 4.3661938294825191 632.54928646344888 4.2764176876171405 1.217950857217686 4.7913466909708706 3.7735119706339901 3.9190343695044021 10.623385694990914 99.683769691013381 61.588675572181728 817.84616386831271 263.39047470745322
leaf_count=1093 546 123631 3957 134126 463 1410 1093 78 310 697 11775 24961 130991 14803
internal_value=-0.000363674 0.00628319 0.0544455 -0.000795202 -0.00237965 -0.0302976 -0.051387 -0.0286194 0.0224211 -0.00198024 0.00732802 -0.00287593 -0.000859509 -0.00797232
internal_weight=2031 123.818 4.99649 1907.18 1274.63 17.9783 12.8413 8.56486 5.13699 1256.65 110.307 1146.35 821.368 324.979
internal_count=449934 128681 5050 321253 187127 3354 1634 1171 1720 183773 12472 171301 131537 39764
is_linear=0
shrinkage=0.05


Tree=321
num_leaves=15
num_cat=0
split_feature=0 16 4 17 2 13 1 2 18 16 1 15 16 4
split_gain=2.56761 2.68924 2.52219 2.28687 5.82779 6.81546 6.3804 3.72424 3.84311 3.55376 3.05399 2.77609 2.54361 2.32898
threshold=0.70582419633865368 2.4414010047912602 0.0014651119709014895 5.962292194366456 -0.50596338510513295 0.12060606107115747 18.500000000000004 0.23605428636074069 0.13016201555728915 2.9700856208801274 2.5000000000000004 inf 6.2125558853149423 0.03108581900596619
decision_type=10 8 10 10 10 8 10 10 10 10 10 8 10 10
left_child=3 2 -2 12 9 -6 10 8 -8 -5 -7 -10 -1 -11
right_child=1 -3 -4 4 5 6 7 -9 11 13 -12 -13 -14 -15
leaf_value=-0.00072611791575234134 8.4488875043352293e-05 0.0012807628954309702 0.019473031955018524 -0.072407383674518863 -0.065010801974627386 -0.036016760278303826 -0.049824118256616291 -0.07468030637661098 8.4488875043352293e-05 8.4488875043352293e-05 8.4488875043352293e-05 -0.058306144294737489 -0.073535016143713897 -0.059753904924811641
leaf_weight=950.60953168348965 3.4113686345517626 880.26304224599562 39.172443029030546 1.7285241190640039 7.0790262334201657 5.9128055915391604 7.2897531011142878 4.7771947070363572 5.5093271902815388 74.690381799830107 32.750428582243558 2.0378488877201804 1.2010753887886938 1.8543954428768348
leaf_count=370719 72 26845 817 2106 3728 162 4414 1103 1931 19192 3802 2293 2985 9783
internal_value=-6.85768e-05 0.00187442 0.0141461 -0.00170544 -0.00758642 -0.0186835 -0.0130561 -0.0362839 -0.0239211 8.44889e-05 -0.00127247 8.44889e-05 -0.000817994 8.44889e-05
internal_weight=2018.29 922.847 42.5838 1095.44 143.63 65.3564 58.2774 19.6141 14.8369 78.2733 38.6632 7.54718 951.811 76.5448
internal_count=449952 27734 889 422218 48514 17433 13705 9741 8638 31081 3964 4224 373704 28975
is_linear=0
shrinkage=0.05


Tree=322
num_leaves=15
num_cat=0
split_feature=18 1 3 3 1 0 4 14 16 4 17 4 0 18
split_gain=2.73 3.57671 3.57794 6.18049 3.47207 3.72582 4.81688 3.03842 3.36456 3.96473 3.02807 3.55809 2.98323 4.52685
threshold=0.040764128789305694 49.500000000000007 0.07849708199501039 0.053358048200607307 11.500000000000002 0.71707999706268322 0.0039139986038208016 inf 1.7005987167358401 0.0078622400760650652 4.6395599842071542 0.050381958484649665 0.65853589773178112 0.04598850570619107
decision_type=8 10 8 10 10 10 10 8 10 8 10 10 10 8
left_child=1 2 3 4 7 6 -6 8 -1 -10 -5 -12 13 -2
right_child=12 -3 -4 10 5 -7 -8 -9 9 -11 11 -13 -14 -15
leaf_value=0.02741039981777766 -0.050243533321905502 -0.057805000248412092 0.031092977521701495 0.045853210626944862 -0.080992130514543792 0.056699631919952968 0.026752092956470561 0.043990281171266431 -0.066625602765196301 -0.004611479319444391 -0.073306547231151972 0.060538692403479082 0.00033948242865934522 -0.0035460893584738835
leaf_weight=4.5894669388717153 5.2388875965429014 1.8800884121969534 17.506513760405653 0.81127038272097607 1.3225562563166002 7.1122198584489524 4.8099886914133094 3.1852193055092348 3.6344377637142289 8.861276239498693 4.4297555296579958 0.55922017025659432 1394.3524775395074 553.78609612484604
leaf_count=61 2545 2840 7185 41 151 70 207 63 135 225 934 31 97692 337948
internal_value=-0.000578473 0.0100457 0.0122907 0.00391837 0.0121655 0.0320746 0.00351577 -0.000843219 -0.0092016 -0.0226486 -0.0437354 -0.0583037 -0.000897746 -0.00398371
internal_weight=2012.08 58.702 56.8219 39.3154 33.5152 13.2448 6.13254 20.2704 17.0852 12.4957 5.80025 4.98898 1953.38 559.025
internal_count=450128 11943 9103 1918 912 428 358 484 421 360 1006 965 438185 340493
is_linear=0
shrinkage=0.05


Tree=323
num_leaves=15
num_cat=0
split_feature=11 8 1 2 10 0 2 14 11 16 1 4 16 13
split_gain=2.75618 3.16815 2.89327 5.01585 2.68521 3.21186 4.8622 4.2469 4.2538 3.11329 2.6758 2.52468 3.27509 3.23802
threshold=0.61250001192092907 15.500000000000002 3.5000000000000004 2.6247798204422002 0.024560959078371528 0.61528271436691295 1.7182999253273012 1.0000000180025095e-35 0.61250001192092907 2.6735538244247441 74.500000000000014 0.016166955232620243 6.151663303375245 0.41885964572429663
decision_type=10 8 10 10 8 10 10 8 8 10 10 10 10 8
left_child=2 -2 -1 4 -4 6 7 -6 -9 -10 11 12 -7 -13
right_child=1 -3 3 -5 5 10 -8 8 9 -11 -12 13 -14 -15
leaf_value=-0.0022753598038723786 0.062071734113427146 0.0086609862500987532 0.027269222692566382 0.035823642030593988 -0.0041630606308459177 -0.0003674629751012732 -0.07592762856575197 -0.053197226889804043 -0.069770608930059624 -0.0041630606308459177 0.065877555645212624 -0.0041630606308459177 0.045578860004987509 0.0083855751060689428
leaf_weight=971.88900262012828 2.973387967019562 41.917276811808733 9.7709998773070783 10.563419318263184 40.835435360020796 653.14809404395749 2.6777101049647163 9.0314585404775887 1.8189993661585493 8.5657577163464662 1.6200185639765994 48.770418430888633 3.9016527533742638 213.80893540425313
leaf_count=144178 155 3490 6544 129 56877 75526 245 36862 2797 16099 945 25516 507 80110
internal_value=-5.22057e-05 0.0121987 -0.000330465 0.00155127 0.00118703 0.000928082 -0.0100007 -0.00707081 -0.0281017 -0.0062766 0.00167462 0.00156152 -9.46273e-05 0.00570567
internal_weight=2021.29 44.8907 1976.4 1004.51 993.949 984.178 62.9294 60.2517 19.4162 10.3848 921.249 919.629 657.05 262.579
internal_count=449980 3645 446335 302157 302028 295484 112880 112635 55758 18896 182604 181659 76033 105626
is_linear=0
shrinkage=0.05


Tree=324
num_leaves=15
num_cat=0
split_feature=18 2 18 18 17 12 17 13 12 17 10 17 2 16
split_gain=3.87352 3.65158 2.78996 4.7562 8.08661 6.04541 5.62726 3.78888 3.38672 5.11164 3.90203 3.85066 4.17613 3.37778
threshold=0.022422431036829952 2.2195549011230473 1.2769591808319094 0.94647634029388439 4.1026091575622567 0.069366481155157103 4.2268071174621591 0.077935222536325469 0.072077922523021712 4.7578821182250985 0.03065047133713961 4.6774799823760995 2.0991011857986455 3.9981586933135991
decision_type=8 8 10 10 10 8 10 10 8 10 10 10 10 10
left_child=1 -1 3 -2 -5 -6 -7 13 -8 11 -11 12 -10 -4
right_child=2 -3 7 4 5 6 8 -9 9 10 -12 -13 -14 -15
leaf_value=-0.0043741654330426236 -9.6884851852018397e-05 0.048711759924710697 -0.075492571680692747 0.019632425549270631 -0.07598469186633236 -0.085651640880079399 0.060649182129258565 -0.05505254053831117 -0.065574897656382261 -0.051945511574872816 0.039738355448410964 0.078715026610812117 0.026162930164070564 0.016314515859501392
leaf_weight=5.5070752887289398 1910.04283901388 7.8668075802308124 1.0237300264186746 10.415537906949146 6.1036746203770065 2.8086365210419038 1.564990443969748 2.0502112849294951 1.8876437800062849 8.5826258914857814 1.3419507227226848 1.8136941908795021 3.6188840465474641 46.959407722514179
leaf_count=2093 388451 1176 1834 3676 5074 894 94 3466 3349 7347 31 818 62 31851
internal_value=3.29286e-05 0.0268521 -0.00014657 -0.000445978 -0.0179296 -0.0320421 -0.0196354 0.0115117 -0.00977805 -0.0161694 -0.0395485 0.0155273 -0.0052849 0.0143558
internal_weight=2011.59 13.3739 1998.21 1948.18 38.1376 27.7221 21.6184 50.0333 18.8098 17.2448 9.92458 7.32022 5.50653 47.9831
internal_count=450216 3269 446947 409796 21345 17669 12595 37151 11701 11607 7378 4229 3411 33685
is_linear=0
shrinkage=0.05


Tree=325
num_leaves=15
num_cat=0
split_feature=18 2 2 18 4 2 18 17 2 18 18 15 11 18
split_gain=3.40811 3.88466 4.4376 3.32056 3.25456 3.04515 5.2746 5.62886 5.59088 4.68336 5.29182 6.0306 3.85532 4.43287
threshold=0.040764128789305694 -0.59441286325454701 1.0388943552970888 0.037684800103306777 0.0016718804836273196 -0.26707570254802698 0.29826705157756811 6.4922387599945077 -0.39429208636283869 0.34178675711154943 0.34536664187908178 1.0000000180025095e-35 0.47222222387790685 0.26155626773834234
decision_type=8 8 10 8 10 8 8 10 8 8 8 10 10 10
left_child=1 -1 -3 4 -4 6 7 12 9 -8 -11 -12 13 -2
right_child=5 2 3 -5 -6 -7 8 -9 -10 10 11 -13 -14 -15
leaf_value=-0.057678821770865002 0.0085203246551799356 0.02488633836122707 -0.0650392762168851 -0.051936192330359315 0.010246881621720662 -0.0006723068728417442 -0.056181839856393148 -0.059544004081829797 -0.056860975535744943 0.16233709992625817 -0.015862727122231132 0.026810251348286736 0.051080487339223095 0.045121749226336001
leaf_weight=1.9442805774710477 91.580967601604712 36.712646749600225 1.5592228079913244 3.0330702243759324 18.090082084846017 1815.4721718613091 3.5511614826373981 2.6467650569448713 5.1758086074867355 0.5204620399747818 20.122085575590333 14.06743830488446 6.6694522078180389 9.0937705487348079
leaf_count=2469 66349 8617 35 138 680 280846 7229 1717 11131 501 54693 6367 1162 7960
internal_value=0.000260915 0.0118673 0.0141438 -0.00324348 0.00427273 -0.00010067 0.00666336 0.0124893 -0.008089 -0.00149133 0.00410403 0.00169527 0.0142654 0.0118265
internal_weight=2030.24 61.3393 59.395 22.6824 19.6493 1968.9 153.428 109.991 43.437 38.2611 34.71 34.1895 107.344 100.675
internal_count=449894 11939 9470 853 715 437955 157109 77188 79921 68790 61561 61060 75471 74309
is_linear=0
shrinkage=0.05


Tree=326
num_leaves=15
num_cat=0
split_feature=13 18 13 18 1 10 13 9 3 18 3 0 3 1
split_gain=2.42581 5.1434 3.93278 4.86783 5.91241 5.65129 5.28413 6.15798 6.67293 4.12802 6.46325 4.65576 3.82201 3.73399
threshold=0.018693221732974056 0.22583156824111941 0.037386443465948112 0.32420571148395544 1.5000000000000002 0.03152930177748204 0.12372449040412904 0.67104282975196849 0.059911966323852546 0.35988605022430425 0.0076004564762115487 0.65550386905670177 0.076796233654022231 1.5000000000000002
decision_type=10 8 8 8 10 10 10 10 10 8 8 8 10 10
left_child=-1 -2 -3 4 5 -4 7 8 -5 -8 13 -12 -10 -11
right_child=1 2 3 6 -6 -7 9 -9 12 10 11 -13 -14 -15
leaf_value=-0.0003873611615830459 0.013112385048247827 0.052326009299262267 -0.079072936975620969 -0.063531022664598577 -0.008189659932867294 0.042379686020388233 0.034745471794823776 0.042220759013281955 0.038723311781159189 -0.0088524842481317364 -0.049888252288225993 0.014946077406472875 -0.060865165098291589 -0.071608603071802363
leaf_weight=1804.2517194161755 105.99804196418845 3.2233989509826841 6.1830114241425376 8.6810882301594798 21.392392515404524 1.1333654232803381 12.313595496388617 2.9559941835988175 3.3767695050580633 5.9361755112295267 2.962414260510335 42.407390706888521 1.3480137503981344 3.9458368143532425
leaf_count=411821 11945 453 1382 2443 3463 30 1017 433 518 141 4188 9314 2771 44
internal_value=0.000219313 0.00515308 -0.00212876 -0.00368714 -0.0214594 -0.060259 0.00239218 -0.0231026 -0.0375064 0.00856608 0.00273165 0.0107127 0.01031 -0.0339107
internal_weight=2026.11 221.857 115.859 112.636 28.7088 7.31638 83.9273 16.3619 13.4059 67.5654 55.2518 45.3698 4.72478 9.88201
internal_count=449963 38142 26197 25744 4875 1412 20869 6165 5732 14704 13687 13502 3289 185
is_linear=0
shrinkage=0.05


Tree=327
num_leaves=15
num_cat=0
split_feature=18 2 2 4 13 11 9 4 18 9 4 15 17 12
split_gain=1.89322 3.96005 4.52562 3.7194 4.29242 2.50746 3.11202 2.48803 2.28848 4.29206 2.30558 2.07811 2.06771 5.89137
threshold=0.040764128789305694 1.2048814296722414 -0.59441286325454701 0.0026703774929046635 0.16247642785310748 0.61250001192092907 0.68860173225402843 0.0029361546039581303 0.037684800103306777 0.88215267658233654 0.0063078999519348153 1.0000000180025095e-35 5.8622088432312021 0.08876050636172296
decision_type=8 10 8 8 10 10 10 8 8 8 10 8 10 10
left_child=1 2 -1 4 -4 -2 -7 -5 9 -3 -10 -9 -13 -14
right_child=5 8 3 7 -6 6 -8 11 10 -11 -12 12 13 -15
leaf_value=-0.057173430105700668 2.4996862806394671e-07 -0.080153993591232056 -0.073169932040580449 0.064728263272008424 0.048873552580239704 0.0086973836212823688 0.063499062410518323 -0.054176844771335754 -0.0016070301462305276 0.006453344595378158 -0.089273900057948108 0.033081710836175116 -0.022084473998251291 0.06041379346964481
leaf_weight=1.8955682766441411 1933.7355540778801 1.5825717562274801 2.0394708840063624 3.8193485255405895 1.1139949842472558 39.867792484236702 2.7705937585627671 0.87069076644162635 1.3814569631940679 14.889805007175601 1.640691402937591 20.78275886568759 6.5435597772643614 3.2333693925510829
leaf_count=2486 435062 51 639 75 12 3385 84 1542 28 550 88 3948 2478 56
internal_value=0.000529895 0.00929529 0.0182449 0.0219675 -0.0300568 0.000264706 0.0122583 0.0266217 -0.00920522 -0.00186739 -0.0492004 0.021991 0.0241612 0.00519888
internal_weight=2036.17 59.7933 40.2988 38.4032 3.15347 1976.37 42.6384 35.2497 19.4945 16.4724 3.02215 31.4304 30.5597 9.77693
internal_count=450484 11953 11236 8750 651 438531 3469 8099 717 601 116 8024 6482 2534
is_linear=0
shrinkage=0.05


Tree=328
num_leaves=15
num_cat=0
split_feature=18 18 2 2 2 3 3 10 4 2 2 3 2 4
split_gain=2.21223 3.94097 9.09894 6.99788 6.46847 8.30304 5.03614 4.46402 3.34958 3.18004 4.16732 5.61086 3.20849 3.15876
threshold=0.040764128789305694 0.050749074667692191 -0.45772269368171686 2.2195549011230473 0.17509431391954425 0.045233905315399177 0.085112959146499648 0.021388417109847072 0.00073683261871337901 -0.59441286325454701 0.10554751753807069 0.060571700334548957 0.041197286918759353 0.00037497282028198248
decision_type=8 8 8 8 10 10 10 8 8 8 10 8 10 10
left_child=9 2 6 4 5 -4 -2 -7 -5 -1 12 13 -11 -12
right_child=1 -3 3 8 -6 7 -8 -9 -10 10 11 -13 -14 -15
leaf_value=-0.056793720991590205 0.05696453246455363 0.00024335496872651769 0.077770668367972404 -0.10517069808016655 -0.072978833385076936 0.087251592516042503 -0.059012023484725909 -0.074201827254869221 0.0012217930820297796 0.020672841518866374 0.059749872366713655 -0.068871011606748078 0.073816088960699855 0.0022235997760626093
leaf_weight=1.7475606008944877 5.5486591897824837 1926.7607901663196 1.9191551858094467 0.77639871603605826 10.589142320338508 0.49844757981475141 1.1260011740160534 3.0346234696987158 15.689551158355483 19.013264105710679 2.5872892190236589 2.6522983506787901 3.3389418570533271 30.717482658736117
leaf_count=2509 425 431263 31 52 1279 4 1511 1428 2018 6761 24 1572 192 923
internal_value=0.000212892 -7.58835e-05 -0.0157743 -0.0266924 -0.0501961 -0.00594808 0.0373995 -0.0514239 -0.0037948 0.00966588 0.0116577 0.00111875 0.0286113 0.00669254
internal_weight=2026 1965.94 39.182 32.5073 16.0414 5.45223 6.67466 3.53307 16.4659 60.0568 58.3093 35.9571 22.3522 33.3048
internal_count=449992 438011 6748 4812 2742 1463 1936 1432 2070 11981 9472 2519 6953 947
is_linear=0
shrinkage=0.05


Tree=329
num_leaves=15
num_cat=0
split_feature=2 2 17 17 4 4 3 4 4 3 2 2 18 17
split_gain=1.92601 5.67262 4.3188 4.65172 4.08406 4.6977 3.61039 3.49832 3.49203 3.44064 2.83772 3.45454 2.7829 3.75583
threshold=-0.4133929163217544 -0.38807214796543116 3.7954261302948002 4.6395599842071542 0.026797741651535038 0.04409462213516236 0.092177301645278945 0.0078622400760650652 0.021026849746704105 0.15371754765510562 -0.42008388042449946 -0.47636991739273066 0.12838672101497653 4.2972624301910409
decision_type=8 8 8 8 10 10 8 10 8 10 10 10 10 10
left_child=2 -2 6 12 8 10 7 -1 -5 -7 11 -6 13 -4
right_child=1 -3 3 4 5 9 -8 -9 -10 -11 -12 -13 -14 -15
leaf_value=-0.063045108619148457 -0.06270250588105751 -0.00026498964116280984 0.03774673012341858 0.0051492096129909792 0.038596331269456441 -0.059165058031882801 -0.058028460731820858 0.080426261079361377 -0.037817476191997684 0.063896780161831812 0.12543614436534054 -0.064149055559162227 -0.040962784605640012 -0.061832700808103228
leaf_weight=0.47320061627848531 3.6447709791877045 1888.111202543573 3.1316703910310606 88.263550350974768 15.389025424615237 2.3315298987606918 0.67458408031960448 4.1610922567142552 4.9965341274569957 0.7509069988381788 0.87766637222865185 0.86403042308265376 8.5666390692509093 1.3573080113147851
leaf_count=526 4920 309679 745 44822 13754 12690 4478 316 6146 25643 126 1178 22982 1441
internal_value=2.19306e-05 -0.000385286 0.00586513 0.00401143 0.00726331 0.0276384 0.0500451 0.0657766 0.00284721 -0.0291862 0.0378632 0.0331343 -0.0242523 0.00763744
internal_weight=2023.59 1891.76 131.838 126.529 113.473 20.2132 5.30888 4.63429 93.2601 3.08244 17.1307 16.2531 13.0556 4.48898
internal_count=449446 314599 134847 129527 104359 53391 5320 842 50968 38333 15058 14932 25168 2186
is_linear=0
shrinkage=0.05


Tree=330
num_leaves=15
num_cat=0
split_feature=1 16 17 0 16 2 17 9 9 1 4 3 15 10
split_gain=2.7822 4.36445 8.92492 8.63933 6.04874 11.6116 12.974 10.1259 9.26126 7.29699 7.19228 6.01197 7.10286 4.7427
threshold=3.5000000000000004 3.5694335699081425 3.7494349479675297 0.77310383319854747 4.2972624301910409 2.8114801645278935 5.2067463397979745 0.74725049734115612 0.62940672039985668 2.5000000000000004 0.023971259593963627 0.0076004564762115487 1.0000000180025095e-35 0.031039468012750152
decision_type=10 10 8 10 8 8 10 8 10 10 10 10 8 8
left_child=1 -1 -3 4 5 6 8 -8 -4 10 -9 -11 -13 -7
right_child=-2 2 3 -5 -6 13 7 9 -10 11 -12 12 -14 -15
leaf_value=0.0018542389849924247 0.0019672052195755948 -0.090166124871108241 0.00072735698298132749 0.008827156506815868 -0.0014644691419868879 -0.034630920811940163 0.00072735698298132749 -0.11724204187516006 -0.096912148812515642 0.00072735698298132749 -0.01331871818430838 0.00072735698298132749 -0.086949126902023957 -0.0042057421057393289
leaf_weight=456.56080998029029 1025.8047355099532 3.0437236670701919 21.46755949604567 101.5302298837687 216.95495467366948 13.991580887734996 2.2464103540223732 8.9452689199242759 2.574098583070735 4.4153700498864064 2.0455898558827821 2.2920349629271186 8.1666086360504533 151.48304111266953
leaf_count=44491 305150 2727 858 1282 63268 23396 66 189 65 40 239 59 488 7369
internal_value=0.000139691 -0.00174304 -0.00478924 -0.00430453 -0.00737244 -0.0132622 -0.0338345 -0.0568972 -0.00686801 -0.0670053 -0.0979001 -0.0441763 -0.0648826 -0.00677832
internal_weight=2021.52 995.717 539.156 536.113 434.583 217.628 52.1529 28.1113 24.0417 25.8649 10.9909 14.874 10.4586 165.475
internal_count=449687 144537 100046 97319 96037 32769 2004 1081 923 1015 428 587 547 30765
is_linear=0
shrinkage=0.05


Tree=331
num_leaves=15
num_cat=0
split_feature=16 0 2 10 3 11 9 2 18 3 18 11 1 1
split_gain=3.01845 4.71858 6.55089 3.25587 1.84054 1.79113 3.50996 2.74298 4.67416 3.97538 3.03171 2.31306 1.93038 4.03385
threshold=1.7005987167358401 0.6812523901462556 0.051749780774116523 0.030507040210068229 0.017360478639602665 0.34313726425170904 0.68860173225402843 -0.2894719243049621 0.164396807551384 0.075589925050735488 0.075486235320568099 0.29285715520381933 16.500000000000004 9.5000000000000018
decision_type=8 8 10 8 10 10 10 8 10 10 8 10 10 10
left_child=1 2 -1 -4 -5 11 7 8 10 12 -7 -2 13 -9
right_child=5 -3 3 4 -6 6 -8 9 -10 -11 -12 -13 -14 -15
leaf_value=0.016913681442240279 2.7060483230422807e-05 0.038057442778334893 0.016913681442240279 -0.01701788654116182 -0.080215489050332378 -0.062744986165201522 0.065898862491811316 0.0046232863947145144 -0.059715178076113408 -0.063878310257734772 0.059284215162331358 -0.079228440366351072 0.032395109100465766 -0.071106469671627481
leaf_weight=6.6728023952648261 1949.9054640497145 13.409961750233832 1.0996340384645007 1.7193359457887707 3.4919327217924661 0.5544707019470535 2.6065557632812206 32.602289991219926 1.1513537202997595 2.2151257172769325 6.2038068465886198 0.92102979614014557 5.5167105053988044 1.8586888323334267
leaf_count=2367 441191 1071 61 22 848 290 112 773 902 1323 676 209 241 236
internal_value=0.000456673 0.0172552 -0.00423008 -0.0423723 -0.0593649 0.000235378 0.00933036 0.00638742 0.0334079 0.00132205 0.0492725 -1.03579e-05 0.00493474 0.000538723
internal_weight=2029.93 26.3937 12.9837 6.3109 5.21127 2003.54 52.709 50.1024 7.90963 42.1928 6.75828 1950.83 39.9777 34.461
internal_count=450322 4369 3298 931 870 445953 4553 4441 1868 2573 966 441400 1250 1009
is_linear=0
shrinkage=0.05


Tree=332
num_leaves=15
num_cat=0
split_feature=16 4 16 2 2 2 18 18 17 16 2 18 4 2
split_gain=2.30778 20.6307 9.75566 3.39189 3.75914 4.81119 3.23743 3.09097 3.05226 3.8339 2.9503 2.54004 3.50534 3.63409
threshold=2.4414010047912602 0.00082460045814514171 1.8688347935676577 -1.0083959698677061 -0.71062982082366932 -0.68445599079132069 0.12491610646247865 0.084770541638135924 3.1984648704528813 1.7005987167358401 2.4668344259262089 0.18532143533229831 0.0021896660327911381 3.478630900382996
decision_type=8 10 10 8 8 8 10 10 10 10 10 10 10 10
left_child=1 2 6 7 -5 -6 -1 -3 9 -7 -11 12 13 -10
right_child=-2 3 -4 4 5 8 -8 -9 11 10 -12 -13 -14 -15
leaf_value=-0.043216383395548855 -0.00064993161711814247 -0.059534370560331597 -0.085253771873242068 -0.05929540472574938 0.096962950720728108 -0.089764466560311382 0.023987779589995581 0.095184525949214893 -0.036262417001347066 -0.084681496448464622 0.036538441023772406 0.033653623321957093 0.012550321249363772 0.060439127164001516
leaf_weight=3.2393883686205234 1882.0275690813455 0.38328494519078082 8.3779456397007817 1.8669890711702235 1.6512818539131897 1.6625106984636193 4.0108714223024435 2.0459701927708238 6.6793184222025266 0.66576308961794017 2.0399726760515478 12.746545425030432 101.70277652822421 1.136935096234083
leaf_count=405 426663 351 1225 2751 355 102 38 151 559 334 23 1054 15985 5
internal_value=-0.000176869 0.00583028 -0.0485042 0.012235 0.0111424 0.0121676 -0.00603878 0.0707732 0.0110618 -0.0300063 0.00671152 0.0125291 0.0100705 -0.0221964
internal_weight=2030.24 148.21 15.6282 132.581 130.152 128.285 7.25026 2.42926 126.634 4.36825 2.70574 122.266 109.519 7.81625
internal_count=450001 23338 1668 21670 21168 18417 443 502 18062 459 357 17603 16549 564
is_linear=0
shrinkage=0.05


Tree=333
num_leaves=15
num_cat=0
split_feature=1 3 2 4 15 17 4 3 17 17 4 16 3 10
split_gain=3.29354 3.66698 3.07372 4.32818 4.16851 9.35305 11.8256 10.3612 8.1756 7.21578 5.66691 7.50579 4.92887 3.91922
threshold=3.5000000000000004 0.059197127819061286 2.8114801645278935 0.00073683261871337901 inf 5.4868674278259286 0.009162485599517824 0.040469348430633552 5.4049246311187753 5.962292194366456 0.005279332399368287 4.6395599842071542 0.037637472152709968 0.03201024420559407
decision_type=8 8 10 10 8 8 10 8 10 8 10 8 10 8
left_child=1 2 3 -1 12 8 9 13 -6 10 11 -7 -5 -8
right_child=-2 -3 -4 4 5 6 7 -9 -10 -11 -12 -13 -14 -15
leaf_value=-0.03747014591878893 0.0018194473568234248 0.028201572789179414 -0.00044530510029489533 0.0037090888904460712 -0.0082536431355218296 -0.088982627729879873 -0.025729461514090481 0.016323534460030455 0.038783371088115665 0.017176863043698233 0.0068187482083004363 -0.0072412919249048502 -0.043844224197585893 -0.10219820444915693
leaf_weight=11.364600099879452 1303.8602506294906 9.6770877118810841 476.85199241832379 104.0316971205466 68.919395182347216 6.4948676980566278 2.0312163708731532 2.9366527085658172 10.667995913099729 12.097465462982653 5.8617724943323983 4.9477534005418429 5.7503054947010233 9.5708917828742361
leaf_count=173 437277 3094 5978 1223 1294 85 27 149 88 99 57 37 258 313
internal_value=0.000313131 -0.00237289 -0.00278295 -0.00733884 -0.00587114 -0.0121717 -0.0306879 -0.0675748 -0.00194874 -0.0124479 -0.0331585 -0.0536379 0.00121828 -0.0888106
internal_weight=2035.06 731.204 721.527 244.675 233.31 123.528 43.9406 14.5388 79.5874 29.4019 17.3044 11.4426 109.782 11.6021
internal_count=450152 12875 9781 3803 3630 2149 767 489 1382 278 179 122 1481 340
is_linear=0
shrinkage=0.05


Tree=334
num_leaves=15
num_cat=0
split_feature=18 18 16 2 2 4 11 11 18 18 4 13 2 2
split_gain=1.98485 6.95347 10.857 6.62995 7.48901 9.11375 8.96385 6.75227 6.60311 6.26073 6.14659 4.73474 5.02129 4.90228
threshold=0.1470901817083359 0.1336697340011597 4.3630783557891855 -0.48864066600799555 2.0106205940246586 0.011385053396224977 inf inf 0.11541344597935678 0.13751790672540667 0.001194119453430176 inf 1.855892062187195 0.7800472378730775
decision_type=10 10 8 8 10 10 8 8 10 10 8 8 10 8
left_child=1 8 3 -3 -5 7 9 -6 -1 -7 -10 12 -12 -13
right_child=-2 2 -4 4 5 6 -8 -9 10 -11 11 13 -14 -15
leaf_value=0.0019586135157757941 -0.0014709974319691214 -0.057836423559008525 -0.086454599653635777 0.029292937684903039 -0.0033736730834875955 0.027621142090899706 0.047198527567361231 -0.081447174943124256 -0.057594644503008247 -0.098651553468235675 -0.073112079128429194 0.015680073484121544 -0.0075536397229290456 -0.011795761912118747
leaf_weight=637.54026874939598 1187.9288701869232 2.8342651837622128 2.586397139713525 62.073011451972576 6.5697360397316524 1.8088019320712168 10.687468428397551 4.7874720020918184 6.8456607972287093 2.1465434814954278 5.4839404377905563 22.417391286947304 6.2490611972671104 58.860209979165958
leaf_count=101702 318958 3358 583 7938 53 51 124 84 645 126 2650 8779 109 4680
internal_value=-0.000159818 0.00171478 0.0145605 0.0174345 0.0198568 -0.00267139 0.0233995 -0.0362845 8.60886e-05 -0.0409063 -0.0118692 -0.00850376 -0.0381953 -0.00421758
internal_weight=2018.82 830.89 93.4937 90.9073 88.073 26 14.6428 11.3572 737.397 3.95535 99.8563 93.0106 11.733 81.2776
internal_count=449840 130882 12317 11734 8376 438 301 137 118565 177 16863 16218 2759 13459
is_linear=0
shrinkage=0.05


Tree=335
num_leaves=15
num_cat=0
split_feature=18 15 4 1 18 4 1 2 2 4 0 2 12 4
split_gain=3.19435 5.69629 6.9725 4.96257 5.00134 8.48691 5.84404 5.33547 5.53047 5.0511 4.64114 4.38077 3.92218 3.88173
threshold=0.071466688066720976 1.0000000180025095e-35 0.0042276680469512948 66.500000000000014 0.069624941796064391 0.020199328660964969 5.5000000000000009 -0.78898045420646656 -0.45772269368171686 0.0040537118911743173 0.64279186725616466 -0.36866384744644159 0.075779326260089888 0.0057838559150695809
decision_type=8 8 8 10 10 8 10 8 8 10 10 8 10 10
left_child=1 2 -1 4 7 6 -6 -3 -9 -8 -5 -10 13 -13
right_child=-2 3 -4 10 5 -7 9 8 11 -11 -12 12 -14 -15
leaf_value=0.020950040976033209 -0.0013068956768540847 -0.061704659239604158 -0.066461533686266491 -0.062918069278013453 -0.11370225949656693 0.060140968360525383 0.055144687367118028 0.033717706124491952 -0.071327992830600914 -0.057190384227186059 0.077778626417477514 -0.0081636197350733707 0.031134784780146987 0.0074099643233464657
leaf_weight=3.7210490965753698 1793.9413084714447 3.0980935576781121 5.8963454211590198 0.68561666305572444 1.2232321439050764 10.038858932484231 2.5207987135763688 14.879928714252996 2.0145920620535662 1.6594163544696128 4.0395538046535648 69.114003509568647 11.437736736585974 95.02309189608755
leaf_count=740 414361 1763 4390 1935 105 838 110 4694 1274 265 583 4064 575 14183
internal_value=-0.000602059 0.00500887 -0.0326413 0.0066873 0.0055525 0.0329464 -0.0175773 0.00338943 0.00443722 0.0105511 0.0573637 0.00198386 0.00282506 0.00085232
internal_weight=2019.29 225.352 9.61739 215.735 211.01 15.4423 5.40345 195.567 192.469 4.18022 4.72517 177.589 175.575 164.137
internal_count=449880 35519 5130 30389 27871 1318 480 26553 24790 375 2518 20096 18822 18247
is_linear=0
shrinkage=0.05


Tree=336
num_leaves=15
num_cat=0
split_feature=3 4 18 14 17 0 17 13 13 17 18 0 4 4
split_gain=3.00291 6.24014 5.15027 8.69078 12.0062 6.60544 6.18571 5.77589 5.06908 4.8269 4.74984 5.96684 4.56848 4.51808
threshold=1.0000000180025095e-35 0.0016718804836273196 0.46711665391922003 1.0000000180025095e-35 5.6365721225738534 0.70864582061767589 4.9015574455261239 0.28370222449302679 0.22086720913648608 4.1666352748870858 0.37961073219776159 0.71910580992698681 0.019274204969406131 0.013444721698760988
decision_type=8 10 8 8 10 10 8 10 10 10 10 10 10 10
left_child=1 -1 7 5 12 6 -4 8 9 -3 -11 -12 -5 -9
right_child=-2 2 3 4 -6 -7 -8 13 -10 10 11 -13 -14 -15
leaf_value=0.012474853162418248 0.00090067125464346671 0.025496017076970013 -0.097173211185917124 -0.08316090644140138 0.01032890803322032 0.007561067209417684 -0.019443938795009261 -0.1169680445657134 0.050587828520833093 -0.0089302251361736053 -0.029945685722687687 0.031688041890972546 -0.034531413422516852 -0.010902471771876279
leaf_weight=45.799911348647413 1740.5638336277636 13.298757545642728 3.4172792450990519 11.106934753959655 8.0983559298620076 27.834638901309518 3.6889875791966915 1.9667573261540372 4.4345333751480203 148.8179623501328 5.2189658535644439 15.861389258629059 8.5454026695333578 2.0511180411413079
leaf_count=250 445871 212 68 174 84 461 42 20 38 2424 52 164 213 86
internal_value=0.000104202 -0.00451465 -0.00757399 -0.0200142 -0.0409035 -0.00342347 -0.0464489 -0.00350462 -0.00223442 -0.00351306 -0.00578374 0.0164291 -0.0620154 -0.0628218
internal_weight=2040.7 300.141 254.341 62.6916 27.7507 34.9409 7.10627 191.649 187.632 183.197 169.898 21.0804 19.6523 4.01788
internal_count=450159 4288 4038 1042 471 571 110 2996 2890 2852 2640 216 387 106
is_linear=0
shrinkage=0.05


Tree=337
num_leaves=15
num_cat=0
split_feature=18 4 2 18 18 2 2 11 8 8 9 9 3 9
split_gain=2.61419 3.82918 3.3476 2.43523 3.00855 2.44976 2.34699 2.1195 2.04117 7.17115 6.02769 3.21098 4.15986 3.88348
threshold=2.9904708862304692 0.0068258643150329599 3.0663039684295659 2.5270615816116337 2.3579193353652959 4.1596052646636972 2.0991011857986455 0.52272728085517894 20.500000000000004 15.500000000000002 0.69466081261634838 0.24574234336614612 0.012984067201614382 0.39805106818676
decision_type=10 10 10 10 10 10 8 8 10 10 10 8 8 10
left_child=3 -2 7 4 8 -5 -6 -3 9 -1 11 -11 -13 -14
right_child=1 2 -4 5 6 -7 -8 -9 -10 10 -12 12 13 -15
leaf_value=0.00049006070330270433 -0.06700839932811635 -0.064278529456467184 -0.10469288637913719 -0.079259800339766706 -0.071251248356142216 0.063242677974231609 0.065926813563579517 0.064228082291719779 0.011894371668061277 0.058792230424421638 -0.08115073784826643 0.0079451684026282249 0.0055438103460181002 -0.077343701795989678
leaf_weight=1980.0405709251725 0.85243641024601835 0.34248496202038037 0.34416538034565736 1.6937579342995825 0.35249803272833358 0.36692627071170125 2.7009004633080456 5.0827620336199644 38.045314894919784 1.346776374310817 4.5156889307675661 5.857896147703376 2.0973430772560322 4.3317516425250595
leaf_count=376824 1779 3447 16 3133 630 8 924 2890 40361 1635 2311 72 5288 10706
internal_value=0.000542939 0.0319079 0.0465229 0.000441195 0.000496092 -0.0538858 0.0500904 0.0561157 0.000421724 0.000203286 -0.0310828 -0.0144996 -0.0225331 -0.0503036
internal_weight=2047.97 6.62185 5.76941 2041.35 2039.29 2.06068 3.0534 5.42525 2036.24 1998.19 18.1495 13.6338 12.287 6.42909
internal_count=450024 8132 6353 441892 438751 3141 1554 6337 437197 396836 20012 17701 16066 15994
is_linear=0
shrinkage=0.05


Tree=338
num_leaves=15
num_cat=0
split_feature=18 18 16 4 4 16 3 10 16 17 10 2 4 3
split_gain=2.99008 9.2134 5.43946 6.3664 5.66583 5.2374 10.3132 5.08742 4.76242 4.26495 4.20974 4.18819 4.16154 4.49703
threshold=0.28365816175937658 0.29237808287143713 4.6586997509002694 0.00022849440574645999 0.00012230873107910159 4.5591125488281259 0.057112306356430061 0.016001024283468727 4.0859410762786874 5.0720391273498544 0.032262260094285018 3.0663039684295659 0.03037214279174805 0.012984067201614382
decision_type=10 10 8 8 8 8 10 8 10 10 10 8 8 8
left_child=10 7 4 -4 8 -6 11 -2 -3 -8 -1 -7 13 -12
right_child=1 2 3 -5 5 6 9 -9 -10 -11 12 -13 -14 -15
leaf_value=0.0010445540143813471 0.18434745780482972 -0.076191836699031956 -0.073226630790412556 0.0043388589428044353 -0.0047103334599568301 -0.064176141959873131 -0.061193872380028658 -0.042633542795876951 0.07513827717985283 0.043671881038769012 0.019270953729972794 -0.018818583926091342 0.043564070833584073 -0.033005726983562592
leaf_weight=1364.6803514270878 0.25061160366006163 0.61095895543588596 2.6714469655352806 271.65249513862528 313.05988189140237 11.980289792663816 1.1688697250706734 16.510554800016553 3.4881119194615167 5.6869763409232092 16.636864676569534 8.8483069166895962 11.375347206498189 5.4652894603204905
leaf_count=230471 885 280 908 94186 107289 833 2393 3997 229 3240 187 4000 841 37
internal_value=0.000181405 -0.0026611 -0.00167089 0.0035835 -0.00585078 -0.00655372 -0.0273991 -0.0392397 0.0525828 0.0257931 0.00147427 -0.0449076 0.0189912 0.00634429
internal_weight=2034.09 635.929 619.167 274.324 344.843 340.744 27.6844 16.7612 4.09907 6.85585 1398.16 20.8286 33.4775 22.1022
internal_count=449776 218240 213358 95094 118264 117755 10466 4882 509 5633 231536 4833 1065 224
is_linear=0
shrinkage=0.05


Tree=339
num_leaves=15
num_cat=0
split_feature=1 2 4 12 18 8 4 3 18 18 1 4 18 3
split_gain=2.56108 4.23508 7.13323 9.53501 10.1345 7.62706 9.31702 7.82285 6.71129 6.30936 5.3778 5.18596 5.55519 4.79593
threshold=23.500000000000004 0.57469287514686596 0.011385053396224977 0.11269841343164445 0.067586600780487074 7.5000000000000009 0.012717723846435549 0.057112306356430061 0.050749074667692191 0.66698172688484203 15.500000000000002 0.001194119453430176 0.677992343902588 0.06637099385261537
decision_type=10 8 10 8 10 8 10 10 8 10 10 8 8 10
left_child=1 2 3 -1 8 -4 7 -7 -5 -6 -3 -11 -13 -8
right_child=-2 10 5 4 9 6 13 -9 -10 11 -12 12 -14 -15
leaf_value=0.010221252817091612 0.0042341694501937541 -0.00080451325812549383 0.074063969370532876 -0.080864077588742311 -0.063373430334199329 0.081286797880508299 -0.045125364425103467 -0.027261523719474684 0.019475765304236885 0.15769060419452086 0.013536619296490915 0.22197878445738436 -0.062332003533790196 -0.0028101661152192927
leaf_weight=14.473403628859158 294.73304933122108 1562.3125349950815 3.5022915508771035 2.0331900258340783 22.578203510893619 5.2862825956399311 8.9401055876951414 2.4194982640885883 9.2395400220812007 0.56623070300633904 68.224462319916938 0.20052162256979489 1.1999894084518132 26.676692302856473
leaf_count=1676 219469 190106 363 262 4186 126 1555 478 519 110 5565 13 651 24929
internal_value=-7.37044e-05 -0.000808616 -0.0109522 -0.0240278 -0.0378673 0.00309126 -0.00264633 0.0472043 0.00137811 -0.0558916 -0.000204456 0.0300004 -0.0216251 -0.0134316
internal_weight=2022.39 1727.65 97.1159 50.2911 35.8177 46.8249 43.3226 7.70578 11.2727 24.5449 1630.54 1.96674 1.40051 35.6168
internal_count=450008 230539 34868 7417 5741 27451 27088 604 781 4960 195671 774 664 26484
is_linear=0
shrinkage=0.05


Tree=340
num_leaves=15
num_cat=0
split_feature=11 9 12 3 3 1 2 17 3 3 12 12 17 3
split_gain=2.06412 3.93055 2.17752 2.00396 4.38772 3.68392 2.75722 3.92786 1.87868 6.09675 1.83084 7.69213 4.36065 4.17331
threshold=0.61250001192092907 0.68860173225402843 0.094494048506021514 0.075589925050735488 0.11002695560455324 16.500000000000004 1.7867692112922671 5.4227426052093515 0.055648028850555427 0.073324203491210951 0.11566332355141641 0.13125512748956683 4.6001451015472421 0.10882988572120668
decision_type=10 10 10 10 10 10 8 8 10 10 8 8 10 10
left_child=2 3 -1 5 -5 6 7 -2 -7 -10 13 12 -12 -4
right_child=1 -3 10 4 -6 8 -8 -9 9 -11 11 -13 -14 -15
leaf_value=-0.00095299747047947365 0.022620307188817506 0.072258657271408677 0.013258193284967291 -0.061271372409244129 0.036128927882460672 0.060293702280548603 0.0089494470334090751 -0.079034001722102301 -0.068385475319713035 0.081940186835618725 0.030965437880754385 0.0093178350168965241 -0.053509935699927617 0.15624167911124154
leaf_weight=1887.2611284345337 1.6351577402819271 2.4362904328912682 37.986312313852032 2.9621300908111143 1.8966060492280972 4.8936030597542404 23.293647595085645 2.2687155723106116 1.3216085617605133 1.3774873453148755 1.8666290127118941 50.025509640797956 8.4129791435043071 0.51727731483953832
leaf_count=429713 74 83 3822 1071 1334 84 475 253 207 49 468 8707 2057 1518
internal_value=-0.000341979 0.0106157 -0.000574175 0.00682798 -0.0232512 0.0110288 0.00243211 -0.0364556 0.0418226 0.00833344 0.00666138 0.00122299 -0.0381704 0.0151791
internal_weight=2028.16 42.0852 1986.07 39.649 4.85874 34.7902 27.1975 3.90387 7.5927 2.6991 98.8087 60.3051 10.2796 38.5036
internal_count=449915 3630 446285 3547 2405 1142 802 327 340 256 16572 11232 2525 5340
is_linear=0
shrinkage=0.05


Tree=341
num_leaves=15
num_cat=0
split_feature=2 17 3 3 0 17 17 17 1 1 17 12 2 7
split_gain=2.8997 5.02243 4.65016 4.25886 3.94636 3.77444 3.57156 3.7282 3.54701 4.56381 4.36965 5.99137 5.79955 4.06704
threshold=-0.26707570254802698 3.7954261302948002 0.11613461375236513 0.092177301645278945 0.58106544613838207 6.5169320106506357 6.1974613666534433 6.1664671897888192 29.500000000000004 24.500000000000004 5.3008110523223886 0.0745370388031006 0.30470028519630438 53.069854736328132
decision_type=8 8 10 10 8 10 10 10 10 10 8 8 10 10
left_child=1 3 4 -1 -2 6 7 -3 9 -6 12 -12 -11 -10
right_child=2 5 -4 -5 8 -7 -8 -9 13 10 11 -13 -14 -15
leaf_value=0.062978279352786659 -0.050066075914541187 0.0047660496333436541 -0.053605416949930776 -0.056830813440552942 6.0854851389661615e-05 -0.058733256412089832 0.031426691570339789 -0.059086728017999114 -0.016879009031539792 -0.023396241079371355 -0.024934008274907622 0.027362468002557906 0.053308337380323478 0.053535277437079476
leaf_weight=6.1118270907298813 3.9131753982531441 143.26356290325629 4.0403817324004185 0.84419745256636947 1756.1965091974948 2.2870024968202065 12.668256020608736 2.323084678668919 43.534798249771256 13.138842085844205 5.8002604210531672 43.257689408186025 3.0331851276350781 2.1520478939273735
leaf_count=1017 2833 145183 56917 5275 202446 2020 6251 1684 14864 4534 1585 4949 305 102
internal_value=0.000540285 0.0068435 -2.27749e-05 0.048438 9.2934e-05 0.00504128 0.00596291 0.00374717 0.000198059 0.000543208 0.0135297 0.0209598 -0.00900972 -0.0135622
internal_weight=2042.56 167.498 1875.07 6.95602 1871.03 160.542 158.255 145.587 1867.11 1821.43 65.23 49.0579 16.172 45.6868
internal_count=449965 161430 288535 6292 231618 155138 153118 146867 228785 213819 11373 6534 4839 14966
is_linear=0
shrinkage=0.05


Tree=342
num_leaves=15
num_cat=0
split_feature=18 16 4 16 3 16 14 17 1 18 2 4 18 4
split_gain=2.8309 5.87876 3.10773 2.18334 4.5667 2.09307 8.07498 5.8396 4.18752 5.86288 5.09781 7.64459 6.03906 11.0132
threshold=2.9904708862304692 5.2012517452239999 0.0068258643150329599 6.3035306930542001 0.073324203491210951 2.7403194904327397 1.0000000180025095e-35 4.5163240432739267 14.500000000000002 0.14121587574481967 1.9278427958488467 0.049160122871398933 0.055223641917109496 0.0045059025287628183
decision_type=10 10 10 10 8 8 10 10 10 8 8 10 10 10
left_child=3 -2 -3 5 -5 6 -1 -8 9 10 11 -9 -12 -14
right_child=1 2 -4 4 -6 -7 7 8 -10 -11 12 -13 13 -15
leaf_value=0.0082464543975677655 -0.08185846929839187 -0.061592767027338735 0.062825810742420038 0.059121755857993299 -0.078146928453260545 -0.0011171931984682477 -0.065595114322380341 -0.081875091162296326 0.0068305496754158482 0.082517267051363807 0.0036051980139041317 0.055086103846892477 -0.10195848025840958 0.0089102417686550764
leaf_weight=216.92079873765533 0.97227689525700078 0.55478956899221987 5.264141338492843 3.5116344203288241 0.73223799608560813 1734.5609278801548 4.630165567484581 6.225469272283136 28.58939872373287 1.3743080666390586 18.39425970447299 1.2181856738653776 4.4741336385231971 4.4856142499414204
leaf_count=33505 2051 1345 4769 145 1263 398814 1241 639 5092 10 697 207 180 226
internal_value=-0.000280124 0.0319478 0.0509635 -0.0003882 0.0354374 -0.000463434 0.00349722 -0.0113491 -0.00747071 -0.0187741 -0.0227745 -0.0594608 -0.0127913 -0.0464531
internal_weight=2031.91 6.79121 5.81893 2025.12 4.24387 2020.87 286.312 69.3915 64.7614 36.172 34.7977 7.44365 27.354 8.95975
internal_count=450184 8165 6114 442019 1408 440611 41797 8292 7051 1959 1949 846 1103 406
is_linear=0
shrinkage=0.05


Tree=343
num_leaves=15
num_cat=0
split_feature=16 16 16 1 7 16 11 16 2 12 16 10 15 16
split_gain=2.90349 4.75643 5.58699 5.86449 5.3828 4.20154 4.3205 6.54499 5.57657 3.77039 5.92951 3.67394 3.55957 3.00934
threshold=6.3035306930542001 5.4227426052093515 5.2704288959503183 22.500000000000004 103.33502578735353 5.2443854808807382 0.61250001192092907 5.2548844814300546 1.9278427958488467 0.15470086038112643 5.7698810100555429 0.031408416107296951 1.0000000180025095e-35 5.1901714801788339
decision_type=10 10 10 10 8 10 10 8 10 8 10 10 10 10
left_child=1 2 5 4 -4 13 7 -7 -9 10 11 -3 -2 -1
right_child=12 9 3 -5 -6 6 -8 8 -10 -11 -12 -13 -14 -15
leaf_value=-0.00040038739210847025 -0.029464229514320203 -0.061360134009854787 -0.086061634381209451 -0.059832142756638534 0.026554233012647463 -0.080799137473418409 0.058400192242527675 -0.069852926872919135 0.046590258593738644 -0.0033186568255471564 -0.0040347989370281079 0.066285502761418716 0.057898974787531678 0.018651280580172725
leaf_weight=1904.9915226044916 1.5905470977398568 11.290956542001677 1.0929306286486626 2.2502188355276891 36.411797055039635 5.1750892191035396 1.186633075387818 1.6585513547030899 2.7053712113895472 28.815002339245847 10.990239571007995 0.59333936561597589 4.3676773481892326 20.955427292770764
leaf_count=404041 3165 5686 3083 3508 1831 997 42 1309 48 14805 6607 12 250 4662
internal_value=-0.000275204 -0.000377594 1.39897e-05 0.0185686 0.0232725 -0.000366888 -0.0315742 -0.0427668 0.00233489 -0.0153504 -0.0305068 -0.0549873 0.0345774 -0.000193094
internal_weight=2034.08 2028.12 1976.43 39.7549 37.5047 1936.67 10.7256 9.53901 4.36392 51.6895 22.8745 11.8843 5.95822 1925.95
internal_count=450046 446631 419521 8422 4914 411099 2396 2354 1357 27110 12305 5698 3415 408703
is_linear=0
shrinkage=0.05


Tree=344
num_leaves=15
num_cat=0
split_feature=11 9 11 16 18 11 18 18 15 2 2 1 1 18
split_gain=3.10938 2.71274 2.66073 3.968 3.16414 2.44238 4.51271 2.40504 3.4421 3.22075 2.25101 6.61655 3.68576 3.89758
threshold=0.61250001192092907 0.68860173225402843 0.17156863212585452 3.7012257575988774 0.640058994293213 0.085144929587841048 0.14293887466192248 0.063709881156682982 1.0000000180025095e-35 3.0663039684295659 -0.94732162356376637 61.500000000000007 60.500000000000007 0.17309308797121051
decision_type=10 10 10 10 10 10 10 10 10 10 8 10 10 8
left_child=2 -2 5 7 -5 10 -7 9 -9 -4 12 -12 -1 -14
right_child=1 -3 3 4 -6 6 -8 8 -10 -11 11 -13 13 -15
leaf_value=-0.058560185298914463 0.0105499840518347 0.06323122667478763 -0.07583977588908436 -0.0821774036748531 0.028556798860731994 0.056965021530027055 -0.056949634064447488 -0.077088360326130395 0.061676813023520488 0.013941117914697421 0.00022905339590851268 -0.055057134830318433 0.035672789937996122 0.00012378210471126761
leaf_weight=1.6904249073570543 41.749308547496867 2.5955509158609393 1.7744651850922872 3.504108645394048 0.79067161321351864 4.3077381026434365 1.0892284165832427 0.55506286474056343 2.2931604444459879 2.2855292646127054 1943.7277406746437 5.4268634570398708 14.889603704362104 15.991515767519216
leaf_count=1137 3546 81 384 708 160 182 297 199 130 7 386825 36631 6001 13750
internal_value=0.00053805 0.0136335 0.00024745 -0.0240512 -0.0617912 0.000384441 0.0339745 -0.000588613 0.0346342 -0.0252986 0.000292963 7.51248e-05 0.0133289 0.017264
internal_weight=2042.67 44.3449 1998.33 11.203 4.29478 1987.12 5.39697 6.90822 2.84822 4.05999 1981.73 1949.15 32.5715 30.8811
internal_count=450038 3627 446411 1588 868 444823 479 720 329 391 444344 423456 20888 19751
is_linear=0
shrinkage=0.05


Tree=345
num_leaves=15
num_cat=0
split_feature=1 4 13 18 14 12 18 15 9 8 4 4 14 10
split_gain=3.22 3.90805 4.36602 4.46018 10.1676 4.92811 5.59607 5.16381 3.27197 5.136 5.58307 7.18854 5.57654 5.54619
threshold=1.5000000000000002 0.0016718804836273196 0.18019481003284457 0.086623918265104308 1.0000000180025095e-35 0.099019609391689314 0.50039246678352367 1.0000000180025095e-35 0.81092095375061046 5.5000000000000009 0.0053938627243042001 0.0045997798442840585 inf 0.031076865270733837
decision_type=10 8 10 8 10 8 8 10 10 8 8 8 8 10
left_child=1 2 3 4 -1 6 -5 -8 9 -3 11 12 -11 -12
right_child=-2 8 -4 5 -6 -7 7 -9 -10 10 13 -13 -14 -15
leaf_value=0.032716596546896279 0.0013481717600009404 -0.032880711307529092 -0.064042813074393121 -0.091716679984245875 -0.11074323219866833 0.02568693845411046 -0.085355309788589337 0.11092845548746677 0.0086729917482531223 -0.022879405578682597 -0.0034724907304848071 -0.08017044670112769 0.028591602314770832 0.044252471022975172
leaf_weight=2.8218646962366725 1473.2025716646763 16.577903847793657 1.8574395130355572 1.9808713157915465 2.1964490047103027 34.805926085420367 0.53337420601565078 0.90126337161291303 44.266021775023205 32.474547831847275 407.41295490290543 4.6754173396875549 6.2799894611490563 6.1799045657535308
leaf_count=596 313555 8753 341 530 142 4242 735 131 10998 6422 100017 1920 1082 75
internal_value=0.000119034 -0.00309746 0.0110196 0.014244 -0.0300739 0.0200628 -0.0372505 0.0379534 -0.00432681 -0.00554186 -0.00455018 -0.0216043 -0.0145388 -0.00275938
internal_weight=2036.17 562.964 45.0972 43.2397 5.01831 38.2214 3.41551 1.43464 517.867 473.601 457.023 43.43 38.7545 413.593
internal_count=449539 135984 6717 6376 738 5638 1396 866 129267 118269 109516 9424 7504 100092
is_linear=0
shrinkage=0.05


Tree=346
num_leaves=15
num_cat=0
split_feature=1 10 18 3 18 18 9 4 15 4 3 18 4 3
split_gain=2.61089 4.76014 3.34469 6.26639 4.73496 6.56564 4.93978 4.75965 5.2781 5.04248 7.79277 4.97317 4.49124 4.2161
threshold=8.5000000000000018 0.027281052432954315 0.071466688066720976 0.032802313566207893 0.069624941796064391 0.067586600780487074 0.88215267658233654 0.00049230456352233898 1.0000000180025095e-35 0.0026703774929046635 0.080759972333908095 0.052987761795520789 0.03542867302894593 0.050893813371658332
decision_type=8 8 8 8 10 10 10 8 8 8 8 10 8 8
left_child=1 -1 3 -2 5 7 -7 -5 -9 10 -10 -12 -6 -11
right_child=2 -3 -4 4 12 6 -8 8 9 13 11 -13 -14 -15
leaf_value=-0.054967712616852196 -0.050264930763061627 -0.0013900449006762142 0.00076629761563570581 0.049299037317481989 0.0081484874746229653 -0.078576013149414564 0.057825628459847261 -0.057852935613517467 -0.058928932853859188 0.032308292009279857 -0.065055938032439309 0.10446026492733584 0.067957390357524822 0.0071778216625461369
leaf_weight=4.1615703126482799 4.2965619582675805 1083.1666412327575 809.24846792555059 7.3264742788596839 5.8525064994696523 3.4847915691158695 0.81993023329232517 2.9892363680502072 5.7737598740022653 21.241411721712211 0.61550159675130123 1.4565154142342178 6.7696610922521367 77.886257217667151
leaf_count=381 265 33963 382753 469 797 1530 18 4387 817 690 463 240 693 22549
internal_value=7.69155e-05 -0.0015951 0.00199516 0.00917467 0.0110775 0.00805169 -0.0525953 0.0102775 0.00767766 0.00950883 -0.0290775 0.0541047 0.0402259 0.0125629
internal_weight=2035.09 1087.33 947.761 138.513 134.216 121.594 4.30472 117.289 109.963 106.973 7.84578 2.07202 12.6222 99.1277
internal_count=450015 34344 415671 32918 32653 31163 1548 29615 29146 24759 1520 703 1490 23239
is_linear=0
shrinkage=0.05


Tree=347
num_leaves=15
num_cat=0
split_feature=2 16 2 3 1 1 1 0 16 3 3 2 16 8
split_gain=2.88307 4.15886 4.42926 4.66157 4.53991 3.59587 3.41911 3.62266 3.57285 3.18546 4.1835 3.11704 2.76588 2.71006
threshold=-0.94732162356376637 4.1026091575622567 -1.0623880624771116 0.053358048200607307 71.500000000000014 61.500000000000007 60.500000000000007 0.64331755042076122 2.7403194904327397 0.11674374341964723 0.11735597252845766 -0.97661203145980824 3.8815106153488164 20.500000000000004
decision_type=8 10 10 10 10 10 10 10 10 10 10 8 10 10
left_child=1 6 -3 -4 9 13 -1 8 -8 -5 -11 -10 -9 -2
right_child=5 2 3 4 -6 -7 7 12 11 10 -12 -13 -14 -15
leaf_value=-0.059106887649376452 -0.00098599559014069123 -0.05964056086201313 0.28187996533273207 -0.05585754498777893 0.06337757521279079 -0.039942442736386814 0.024427592308505462 0.029982224919388092 -0.046873592441292605 0.29470945203387677 -0.05180054291391472 0.024427592308505462 0.078567707855642682 0.012610076240495477
leaf_weight=1.199296234465925 1940.6692179182155 3.5296446954792629 0.15691733064886459 2.4629996204477043 1.958251450736437 5.8635944114821532 5.9140680134472081 10.478773564796255 4.064437505614741 0.15912481841405668 0.19245969123588225 0.77598467007427974 4.0658658428073968 37.357003378275294
leaf_count=655 350058 3767 65 2850 1000 36920 1959 3599 4393 32 1165 1122 873 41566
internal_value=-0.000594301 0.0136399 -0.016883 0.0137309 0.00491494 -0.000845119 0.023384 0.0272945 0.00529118 -0.0357605 0.105028 -0.0271374 0.043564 -0.00072922
internal_weight=2018.85 34.9578 8.4594 4.92975 4.77284 1983.89 26.4984 25.2991 10.7545 2.81458 0.351585 4.84042 14.5446 1978.03
internal_count=450024 21480 8879 5112 5047 428544 12601 11946 7474 4047 1197 5515 4472 391624
is_linear=0
shrinkage=0.05


Tree=348
num_leaves=15
num_cat=0
split_feature=10 16 14 3 3 16 17 3 13 13 16 16 16 3
split_gain=3.61165 5.09773 2.02815 1.91449 2.49699 5.30913 1.90475 1.69523 2.17185 4.7253 3.43544 6.85532 2.5516 1.607
threshold=0.014815627597272398 1.8688347935676577 inf 0.15457502007484439 0.14133140444755557 3.1567740440368657 4.7050054073333749 0.12125149369239809 0.056079665198922164 0.05505050532519818 4.930863857269288 4.9380581378936776 2.2499048709869389 0.11432093381881715
decision_type=8 8 8 10 10 8 10 10 8 10 10 10 8 10
left_child=1 2 -1 4 7 6 -6 13 9 10 -9 -12 -10 -2
right_child=3 -3 -4 -5 5 -7 -8 8 12 -11 11 -13 -14 -15
leaf_value=-0.056564462962694101 0.00022538980420747673 -0.052218553330189148 0.086936577736687476 -0.05444651902886255 -0.057244598355758937 -0.054194095100733954 0.077647917299039457 -0.054785933238413569 0.02958248594195613 0.31040170622453284 0.59612628531160106 -0.05187247602833972 -0.055157164587985787 0.021000147633670318
leaf_weight=0.3207526687970127 1996.806516544573 6.4887086636259106 1.0596877792850137 1.5966474536987778 0.28424745186875755 1.2097768392005503 3.2991067453115193 0.65138069835921897 1.1184481261196513 0.14166058574932094 0.066097049279051134 0.10670596617745076 4.3178031564070665 9.3522065489137258
leaf_count=636 209472 86343 204 82913 2307 16217 2492 3878 1207 21 5 1167 29654 13737
internal_value=0.000151021 -0.0336566 0.0535933 0.000282791 0.000326107 0.0363717 0.0669476 0.00024026 -0.0254478 0.0436429 -0.00220753 0.195987 -0.0377229 0.000322236
internal_weight=2026.82 7.86915 1.38044 2018.95 2017.35 4.79313 3.58335 2012.56 6.4021 0.965844 0.824184 0.172803 5.43625 2006.16
internal_count=450253 87183 840 363070 280157 21016 4799 259141 35932 5071 5050 1172 30861 223209
is_linear=0
shrinkage=0.05


Tree=349
num_leaves=15
num_cat=0
split_feature=12 1 3 12 15 1 17 1 13 16 16 16 12 16
split_gain=2.56209 3.60936 7.0523 4.41572 4.04605 3.3237 3.2353 2.92216 2.72312 2.65543 3.12174 3.75947 3.03838 6.45549
threshold=0.13125512748956683 29.500000000000004 0.047225087881088264 0.2806250005960465 inf 51.500000000000007 3.7494349479675297 14.500000000000002 0.97222220897674572 4.2835628986358651 4.4005842208862314 5.4574534893035898 0.19399641454219821 2.4414010047912602
decision_type=10 10 10 10 8 10 8 10 10 10 8 10 8 8
left_child=8 2 7 6 5 -3 -4 9 -1 12 -11 -12 13 -2
right_child=1 4 3 -5 -6 -7 -8 -9 -10 10 11 -13 -14 -15
leaf_value=-0.00055925797627290688 0.061993061973423483 0.062775652021256956 0.1203684624372843 0.053292704108439816 -0.061276903822927845 -0.057949690253164092 -0.060861676884450933 0.053529248152945387 -0.089737279700988229 0.059661911587796018 -0.01692797448077139 0.045762434037878767 0.016662417303369974 -0.051130375753644444
leaf_weight=1983.3708719177218 1.5922625444017056 6.8553225853101907 0.25619135750938227 1.125752593222529 0.86854588324187343 0.6218322794077088 6.3524584752727087 4.2320451335399403 0.85640355639452437 4.4099114239443766 5.7713281996104087 4.0835892360061301 7.850294988975973 6.0644606533918477
leaf_count=441174 35 570 34 179 1812 576 1465 72 174 108 1322 533 1007 1054
internal_value=-0.000315837 0.0108529 0.00485086 -0.0382434 0.0408702 0.0527356 -0.0538361 0.0146529 -0.000597748 0.00912667 0.0246958 0.0090491 -0.00519533 -0.0276057
internal_weight=2034.31 50.084 41.7383 7.7344 8.3457 7.47715 6.60865 34.0039 1984.23 29.7718 14.2648 9.85492 15.507 7.65672
internal_count=450115 8767 5809 1678 2958 1146 1499 4131 441348 4059 1963 1855 2096 1089
is_linear=0
shrinkage=0.05


Tree=350
num_leaves=15
num_cat=0
split_feature=18 4 4 17 4 16 18 17 14 16 17 17 18 0
split_gain=2.28436 4.75541 6.21362 5.04954 3.56468 2.94934 5.66934 10.9043 9.66181 5.01663 4.96936 9.31769 5.21356 5.19845
threshold=0.043516134843230254 0.00037497282028198248 0.0024572014808654789 5.3958952426910409 0.0030968487262725834 3.8606742620468144 0.33364084362983709 4.7050054073333749 1.0000000180025095e-35 3.8176519870758061 4.2696731090545663 4.4005842208862314 1.153967082500458 0.77310383319854747
decision_type=8 8 8 10 8 8 10 8 10 8 10 10 8 10
left_child=1 -1 3 -3 -4 6 -2 8 9 10 12 -12 13 -8
right_child=5 2 4 -5 -6 -7 7 -9 -10 -11 11 -13 -14 -15
leaf_value=0.060614406943584109 -0.0009164686472785742 0.029576038829958486 0.048060898477840064 -0.081621886502438748 0.0062516089543833107 0.0017507419697513167 -0.0023429452753979964 -0.094674321049905544 -0.073367415014483003 0.04074933982214151 -0.080907348947621111 -0.0079605285823520153 -0.085542692281425095 0.059909402627697443
leaf_weight=4.2012852446041498 867.45899557164341 1.4536309411830632 5.6125991939024962 3.4298094322848556 55.623007479348345 1004.8518972526698 44.77252427797135 4.0291453249282645 5.6754828512757305 5.391045495889272 6.2449080385085365 14.640123286011677 1.7493962016553215 3.6250531198384115
leaf_count=163 146945 209 271 648 12445 255365 16625 2308 3985 1406 3030 5111 1493 47
internal_value=0.000178471 0.00903271 0.00575515 -0.0485221 0.0100837 -0.000139452 -0.00213126 -0.0143664 -0.0104251 -0.0057508 -0.00927997 -0.0297726 -0.000745267 0.00231985
internal_weight=2028.76 70.3203 66.119 4.88344 61.2356 1958.44 953.587 86.1277 82.0985 76.4231 71.032 20.885 50.147 48.3976
internal_count=450051 13736 13573 857 12716 436315 180950 34005 31697 27712 26306 8141 18165 16672
is_linear=0
shrinkage=0.05


Tree=351
num_leaves=15
num_cat=0
split_feature=3 3 3 18 12 3 18 2 18 4 12 3 11 16
split_gain=2.14935 7.73916 5.04958 3.44004 4.89721 3.69363 3.48674 8.57903 7.28308 3.66631 3.32855 2.63414 3.96381 3.67002
threshold=0.09110239148139955 0.088881790637969985 0.092177301645278945 0.10818327590823175 1.0000000180025095e-35 0.093271404504776015 0.099244788289070143 0.29001103341579443 0.077483613044023528 0.019274204969406131 0.26975052058696752 0.098540544509887709 1.0000000180025095e-35 2.3502402305603032
decision_type=10 10 10 10 10 10 10 10 10 10 10 10 8 10
left_child=1 -1 -2 4 5 -4 7 8 9 11 -5 -7 13 -13
right_child=2 -3 3 10 -6 6 -8 -9 -10 -11 -12 12 -14 -15
leaf_value=0.00014048888710285404 0.042678333903197273 -0.047217580087199368 -0.072324721124161384 -0.0066921151053819516 -0.06357940847408966 0.037346847769977591 0.055065611192538992 -0.078565621747937409 -0.04151085639280442 0.045187411419607623 0.068055201857568873 -0.063911445455884827 -0.062690329434192379 0.075681761906394349
leaf_weight=1913.9158648344646 9.2097135249933313 8.6657826151579211 1.0829246128414585 51.344658784633303 1.8969975563186725 3.4517606285526288 6.3627136575836749 2.2962980342891361 3.9173885344047497 16.766201504273212 1.533866080293065 0.70092175508375509 2.5246987126017757 1.4344352118166623
leaf_count=242840 2482 4851 532 157925 2301 738 3632 5228 7200 18527 362 1333 1685 462
internal_value=0.000303184 -7.29713e-05 0.00735713 0.00387103 0.0148496 0.0187103 0.0213424 0.0144411 0.021858 0.0318363 -0.00452389 0.00424095 -0.020281 0.0298609
internal_weight=2025.1 1922.58 102.523 93.3129 40.4343 38.5373 37.4544 31.0917 28.7954 24.878 52.8785 8.11182 4.66006 2.13536
internal_count=450098 247691 202407 199925 41638 39337 38805 35173 29945 22745 158287 4218 3480 1795
is_linear=0
shrinkage=0.05


Tree=352
num_leaves=15
num_cat=0
split_feature=18 16 13 17 4 16 16 16 16 12 1 15 1 17
split_gain=2.47872 3.4269 2.65313 2.48832 5.65554 8.43188 4.25421 3.01104 3.53001 7.86473 4.26509 3.16917 3.12227 2.70255
threshold=1.2769591808319094 3.9981586933135991 0.087922707200050368 5.5032949447631845 0.0061430633068084725 5.1029059886932382 4.7492611408233651 4.424828529357911 5.059420347213746 1.0000000180025095e-35 59.500000000000007 1.0000000180025095e-35 60.500000000000007 4.1190040111541757
decision_type=10 10 10 10 10 10 10 10 10 8 10 8 10 10
left_child=-1 -2 3 4 5 6 -3 -6 9 13 -11 -10 -12 -9
right_child=1 2 -4 -5 7 -7 -8 8 11 10 12 -13 -14 -15
leaf_value=-0.0013816245539492397 -0.075817053595859329 -0.054265324074571554 -0.049585652332084229 0.039372258993380684 0.047539369145008614 -0.082865624245241354 0.041179898091780492 -0.072435491940537597 -0.087738920505825144 -0.054599322131628825 0.28054991969786353 0.031148650914390053 -0.054326500863886511 0.07047931607695794
leaf_weight=1964.8382946514953 1.1429094294564652 1.6431998129469017 1.7028528819749684 8.0052965000579004 7.2034649840268257 3.7765915593419095 4.0326803950571559 0.37791604646182753 0.58462162590686262 5.9516775107335853 0.16900228142126383 13.612482532700961 0.11834746821154596 2.6530362078058118
leaf_count=413005 1905 1250 3298 2293 2224 3391 1147 708 1495 4885 45 12993 585 986
internal_value=-0.00109922 0.00978625 0.0117496 0.0139198 0.0088415 -0.0249726 0.013548 0.0192628 0.010583 -0.0134158 -0.0455157 0.026253 0.142628 0.0526599
internal_weight=2015.81 50.9741 49.8312 48.1283 40.123 9.45247 5.67588 30.6705 23.4671 9.26998 6.23903 14.1971 0.28735 3.03095
internal_count=450210 37205 35300 32002 29709 5788 2397 23921 21697 7209 5515 14488 630 1694
is_linear=0
shrinkage=0.05


Tree=353
num_leaves=15
num_cat=0
split_feature=18 17 16 3 14 17 16 0 0 10 16 17 18 18
split_gain=2.67933 4.4776 4.21745 3.89985 5.32176 3.73605 4.05964 3.50456 3.15436 3.75762 3.62474 3.29399 2.62997 11.919
threshold=0.89316681027412426 4.1190040111541757 4.4367339611053476 0.021053433418273929 1.0000000180025095e-35 3.7494349479675297 3.5694335699081425 0.66685906052589428 0.71349188685417186 0.032654678449034698 4.8481087684631357 5.3589394092559823 0.28365816175937658 0.29237808287143713
decision_type=10 10 10 10 10 8 10 8 8 10 10 8 8 8
left_child=12 3 -3 5 -5 6 -2 -7 9 11 -10 -4 -1 -14
right_child=1 2 8 4 -6 7 -8 -9 10 -11 -12 -13 13 -15
leaf_value=0.00044440689249998716 0.015415162169452868 -0.042396905661247021 2.1559342954445904e-05 0.04485215474823908 -0.069025641119443634 -0.12698011639851345 -0.079783229266313677 0.029659037167717492 0.038893295344884032 -0.34223179072095994 0.0042100268914948861 -0.045089430487924534 -0.046673824808882346 -0.0024080522695504271
leaf_weight=1256.3267485197732 2.1280450608615764 5.2867252991074016 23.93781436352528 17.190363823475941 1.0910415951284402 0.37465645209886211 2.363821162167552 7.6141707139192576 10.163939464281681 0.084138768754200011 29.104046173232362 4.8699256419985231 15.572532334347114 647.92244515497907
leaf_count=206216 326 2775 16464 7869 1234 25 2701 3624 3727 8 20182 4297 4856 175816
internal_value=-0.000476635 0.00733161 0.000624074 0.0233463 0.0380559 0.00180005 -0.0346825 0.022313 0.00396094 -0.00857892 0.0131873 -0.00760442 -0.000900469 -0.00344699
internal_weight=2024.03 104.209 73.4466 30.7621 18.2814 12.4807 4.49187 7.98883 68.1599 28.8919 39.268 28.8077 1919.82 663.495
internal_count=450120 63232 47453 15779 9103 6676 3027 3649 44678 20769 23909 20761 386888 180672
is_linear=0
shrinkage=0.05


Tree=354
num_leaves=15
num_cat=0
split_feature=18 18 7 17 17 18 13 12 14 2 1 2 17 16
split_gain=3.28081 7.7099 5.12242 3.89809 5.37867 5.494 4.29354 6.79394 5.60967 3.79539 4.39229 3.79395 3.72548 3.67513
threshold=0.28365816175937658 0.29237808287143713 45.29559516906739 5.6542406082153329 5.4049246311187753 0.29826705157756811 0.2469512224197388 0.15894736349582675 1.0000000180025095e-35 -0.8320363163948058 56.500000000000007 1.1017122864723208 6.5345129966735849 3.8176519870758061
decision_type=8 8 10 10 10 8 10 8 8 8 10 10 8 8
left_child=-1 2 -2 4 5 -3 8 -8 9 10 -6 -11 -5 -7
right_child=1 3 -4 12 6 13 7 -9 -10 11 -12 -13 -14 -15
leaf_value=0.001211975437585682 -0.046556774178035637 0.033707059471279902 0.064016063134122739 0.004932852202930979 0.42784290006145365 -0.011533864002828352 0.065087718595443711 -0.090727109457927335 -0.030164743663322703 -0.058916924485985282 -0.051618561944456021 0.015800174832509242 -0.065174913875903212 -0.0010394617706057832
leaf_weight=1264.7491878328383 13.998127483843914 10.227714367653773 1.1321265278816088 177.64277502676603 0.11329478684638161 106.57156542698189 3.2129449182573993 0.8943210648750356 44.542813740334154 2.0204027362604267 0.082585671161531593 10.679976001017733 1.915347027788896 384.10985783740364
leaf_count=206049 4464 2044 425 34604 14 38605 475 349 13486 6045 372 395 645 141994
internal_value=-0.000346387 -0.00294951 -0.0382831 -0.00222903 -0.00427665 -0.00256275 -0.0182256 0.0311604 -0.021757 0.00728265 0.225696 0.00391402 0.00418501 -0.00331875
internal_weight=2021.89 757.144 15.1303 742.014 562.455 500.909 61.5463 4.10727 57.4391 12.8963 0.19588 12.7004 179.558 490.681
internal_count=449966 243917 4889 239028 203779 182643 21136 824 20312 6826 386 6440 35249 180599
is_linear=0
shrinkage=0.05


Tree=355
num_leaves=15
num_cat=0
split_feature=18 8 7 0 4 18 13 18 14 4 9 18 16 11
split_gain=2.89237 3.17151 6.11032 3.61684 3.44618 2.52598 6.9862 2.66151 2.57426 3.01086 2.34868 2.32127 2.28773 1.98154
threshold=1.2769591808319094 12.500000000000002 39.399969100952156 0.70460382103919994 0.0026703774929046635 1.1252530217170718 0.16247642785310748 1.153967082500458 inf 0.0015740096569061281 0.65993061661720287 2.087257027626038 4.6959142684936532 inf
decision_type=10 8 10 10 8 10 10 10 8 10 10 10 10 8
left_child=5 2 3 -2 -3 -1 8 -8 13 -10 -6 12 -4 -7
right_child=1 4 11 -5 10 6 7 -9 9 -11 -12 -13 -14 -15
leaf_value=-0.00019402891260964915 -0.094116312770217994 -0.044260676038610169 0.079577620769484714 -0.015032128796569037 0.018071239483166617 -0.027588082849714413 -0.089002724867162042 0.060718849292914691 0.059336384130610514 -0.07695846781883936 0.077070523425315965 0.065655618423446208 -0.015032128796569037 -0.077387913559231303
leaf_weight=1968.4649571134744 2.6793608943887701 2.1538847438011581 0.65559109365131041 1.8203892081946831 38.579871405642777 3.6495786196564373 0.33375821330206834 2.6822814410577465 1.1565964063626104 0.62371360713262536 1.7639516933504342 2.0299787725443181 1.7246339831293367 4.4126455167089498
leaf_count=404763 6403 2117 45 81 25554 3049 113 343 182 1786 1536 535 964 2611
internal_value=-3.45165e-05 0.0116745 -0.0154483 -0.0564403 0.017361 -0.00033832 -0.0224273 0.0441505 -0.0428286 0.0115869 0.0206509 0.0263761 -0.00712359 -0.0548447
internal_weight=2032.73 51.4077 8.90995 4.49975 42.4977 1981.32 12.8586 3.01604 9.84253 1.78031 40.3438 4.4102 2.38023 8.06222
internal_count=450082 37235 8028 6484 29207 412847 8084 456 7628 1968 27090 1544 1009 5660
is_linear=0
shrinkage=0.05


Tree=356
num_leaves=15
num_cat=0
split_feature=2 12 2 16 16 12 16 4 1 1 2 1 15 1
split_gain=1.62401 6.22047 4.77134 3.92124 4.61599 3.54016 3.42918 3.46445 3.20587 2.84897 3.45698 5.29115 3.80722 5.26814
threshold=-0.94732162356376637 0.038838613778352744 -0.90792450308799733 4.1026091575622567 4.8481087684631357 0.040408162400126464 4.9380581378936776 0.0023365318775177006 71.500000000000014 60.500000000000007 -1.0204169154167173 67.500000000000014 1.0000000180025095e-35 62.500000000000007
decision_type=8 8 8 8 8 8 8 10 10 10 10 10 8 10
left_child=1 -1 -2 5 -5 -3 7 -6 -8 -7 -11 12 13 -12
right_child=2 3 -4 4 6 9 8 -9 -10 10 11 -13 -14 -15
leaf_value=-0.056810875430194113 -0.056838842033707364 0.26969413779326068 -0.00012427266752071861 -0.057765632753242861 0.32255218135183772 -0.058998329537556585 -0.05447846032393619 0.061572717908552448 0.025646995499391742 0.01736569028345376 0.38021936106563875 -0.055357404468839445 0.068818035572418654 -0.054499908655754881
leaf_weight=3.0961578624066703 3.7153617566801529 0.15259892917310935 1990.4604361417787 3.2035067351035886 0.14994399100214728 0.90071442436784721 1.8233102901370157 0.83700269830615071 3.9590064120719504 13.434151841964772 0.22400908674717357 0.84289046328406403 5.4072548815046764 0.10116475771656042
leaf_count=3911 6228 10 422359 4165 33 507 2412 246 802 5475 50 2236 1395 132
internal_value=-4.48426e-05 0.0107695 -0.000229938 0.0175114 -0.00831723 0.0297408 0.0150839 0.101223 0.000381418 0.0279896 0.0319053 0.0616115 0.0788105 0.244974
internal_weight=2028.31 34.1317 1994.18 31.0356 9.97277 21.0628 6.76926 0.986947 5.78232 20.9102 20.0095 6.57532 5.73243 0.325174
internal_count=449961 21374 428587 17463 7658 9805 3493 279 3214 9795 9288 3813 1577 182
is_linear=0
shrinkage=0.05


Tree=357
num_leaves=15
num_cat=0
split_feature=1 2 18 18 18 2 0 2 14 18 16 16 16 16
split_gain=1.88664 4.96851 5.93624 5.25621 8.23788 4.92759 7.45839 4.87547 8.6898 9.0973 5.91027 4.95584 7.49773 4.85604
threshold=4.5000000000000009 1.855892062187195 0.084770541638135924 0.1789570823311806 0.25088548660278326 1.9278427958488467 0.71026176214218151 1.7867692112922671 1.0000000180025095e-35 0.14121587574481967 3.4175922870635991 5.1619205474853525 5.0968081951141366 4.863673448562623
decision_type=8 10 8 10 8 10 10 10 10 8 8 10 10 10
left_child=1 2 -1 -4 -5 7 -7 11 -9 10 -10 12 -2 -3
right_child=5 13 3 4 -6 6 -8 8 9 -11 -12 -13 -14 -15
leaf_value=-0.055129526593241357 0.00077338017538043592 -0.0008971493557978767 0.048171698578699462 -0.12528432639359546 0.016837480802153044 -0.0030281138680110153 0.031037878497982757 0.004315377687555042 -0.069592997294704764 -0.081220295385581676 0.021723459895519756 0.012328290361344448 -0.059099273211019349 -0.014380268686129316
leaf_weight=2.3700293577741318 987.26209585473225 737.39460449681178 13.479678089852031 1.1567357595560537 8.6009614944493791 30.191129099905083 34.345539221001673 21.311425967614468 2.5805677132739229 8.230710529302085 5.6547851394243489 96.445694118202482 5.2567734105105037 73.429137112089393
leaf_count=292 377277 12695 792 432 1339 915 486 753 105 422 88 47223 5312 1563
internal_value=0.000386777 -0.00143336 0.0202511 0.0279393 -1.04878e-05 0.00166475 0.0151013 0.000895135 -0.0167635 -0.0440451 -0.00689077 0.00150773 0.000456271 -0.0021182
internal_weight=2027.71 836.431 25.6074 23.2374 9.7577 1191.28 64.5367 1126.74 37.7775 16.4661 8.23535 1088.96 992.519 810.824
internal_count=449694 17113 2855 2563 1771 432581 1401 431180 1368 615 193 429812 382589 14258
is_linear=0
shrinkage=0.05


Tree=358
num_leaves=15
num_cat=0
split_feature=1 11 18 13 8 17 17 17 2 17 16 18 17 14
split_gain=3.44424 6.8138 5.09291 4.48064 4.1413 4.20659 10.0433 7.62652 8.1449 11.6262 7.30617 4.88925 4.29734 9.67628
threshold=1.5000000000000002 inf 0.12656915187835696 0.15301003307104113 4.5000000000000009 5.5548937320709237 4.9732735157012948 5.747798204421998 3.478630900382996 5.9674272537231454 3.1567740440368657 0.17309308797121051 5.4227426052093515 1.0000000180025095e-35
decision_type=8 8 8 10 10 10 10 10 10 10 10 10 10 10
left_child=1 2 -1 4 5 6 10 11 9 -9 -3 -7 13 -8
right_child=-2 3 -4 -5 -6 7 12 8 -10 -11 -12 -13 -14 -15
leaf_value=0.023163324644747033 0.00051496093030546414 -0.032558322020143061 -0.0018393706245799172 0.016968388800018802 0.01526937102607556 -0.012130598130228024 -0.026719650272427193 -0.10342365046227681 0.006030403317209841 -0.018631341538452747 0.0085403014965532553 0.037383301721178368 -0.021793211199339375 -0.097085876756418041
leaf_weight=24.876516869305362 1738.3772511057552 19.839955467410618 112.36086819744742 11.753873712943458 10.34614682162646 8.4915082237566839 9.8613123613322422 5.6073057118337628 15.405614184826844 14.487579900305716 23.768890842751716 12.076091075723523 10.396095084433908 9.6827998248336371
leaf_count=557 445351 279 1873 142 164 75 172 86 213 98 303 88 100 148
internal_value=-0.000325266 -0.00538015 0.00269278 -0.0126826 -0.0151726 -0.0176025 -0.0254671 -0.007286 -0.0213222 -0.0422919 -0.0101576 0.0169411 -0.0477658 -0.0615814
internal_weight=2027.33 288.955 137.237 151.717 139.963 129.617 73.5491 56.0681 35.5005 20.0949 43.6088 20.5676 29.9402 19.5441
internal_count=449649 4298 2430 1868 1726 1562 1002 560 397 184 582 163 420 320
is_linear=0
shrinkage=0.05


Tree=359
num_leaves=15
num_cat=0
split_feature=18 10 13 2 10 17 4 10 4 18 4 2 18 2
split_gain=1.66358 3.69379 3.1027 2.33176 4.05625 3.54295 4.47034 6.00124 2.99499 2.58456 2.6363 2.2822 3.96589 3.37629
threshold=1.2769591808319094 0.032654678449034698 0.087922707200050368 1.9278427958488467 0.031253816559910781 5.5032949447631845 0.0078622400760650652 0.028270967304706577 0.0026703774929046635 1.4868993163108828 0.0056386590003967294 1.3590692877769472 1.3929351568222048 1.0703201889991762
decision_type=10 10 10 8 8 8 8 10 10 10 10 10 8 10
left_child=-1 2 3 4 -2 6 -5 -8 -6 -7 -11 12 -10 -14
right_child=1 -3 -4 5 8 9 7 -9 11 10 -12 -13 13 -15
leaf_value=0.00051668738861919254 -0.076011534387823959 -0.23027018261727578 -0.057135325272611059 0.019562985029681304 -0.062674984426304273 0.059584095658259228 -0.063252762777246063 0.012699712036733111 -0.067252094579882182 -0.11223684345753615 0.036732416547859317 0.054646245671246485 0.034381144059210632 -0.076772800019926243
leaf_weight=2006.6229519213261 0.97040191765770878 0.15967110592464351 1.6338161979921668 8.2132741853015254 0.86832249483165824 3.7969209561882016 5.8765246526289125 4.6655417280703659 1.183626049949013 0.50015181559797361 0.73114055225337893 7.3682469570073854 12.466795395444501 0.72277968710378182
leaf_count=412833 1257 25 3326 3076 1073 625 13625 119 1981 205 501 364 10623 297
internal_value=0.000739307 0.00982677 0.0106092 0.012946 0.0240878 0.00189955 -0.00809259 -0.0296389 0.028384 0.0391704 -0.023779 0.0320208 0.0204221 0.02829
internal_weight=2055.78 49.1572 48.9975 47.3637 23.5802 23.7836 18.7553 10.5421 22.6098 5.02821 1.23129 21.7414 14.3732 13.1896
internal_count=449930 37097 37072 33746 15595 18151 16820 13744 14338 1331 706 13265 12901 10920
is_linear=0
shrinkage=0.05


Tree=360
num_leaves=15
num_cat=0
split_feature=9 14 18 9 4 3 15 12 0 1 7 2 4 12
split_gain=2.1167 3.84052 5.06886 3.60079 3.10779 3.36961 2.87042 2.39404 3.0221 3.16429 2.35505 2.28936 2.28405 2.16888
threshold=0.49846872687339788 1.0000000180025095e-35 0.94647634029388439 0.50295361876487743 0.0029361546039581303 0.024083048105239872 1.0000000180025095e-35 0.14854215830564502 0.66034364700317394 29.500000000000004 14.812377452850344 0.90086188912391674 inf 0.2806250005960465
decision_type=8 8 10 8 8 8 8 10 8 10 10 8 8 10
left_child=1 4 -3 -2 -1 -6 -7 -5 -9 11 12 13 -8 -10
right_child=3 2 -4 7 5 6 10 8 9 -11 -12 -13 -14 -15
leaf_value=-0.07413145151609804 -0.094460169588120563 0.029510289727943919 -0.081022729464846524 -0.00056215544653506581 -0.031791224961579413 -0.058931226267244445 -0.086973117405959324 -0.060597651737918083 -0.022280146374598717 0.050190073157750717 0.035116522205466828 0.013854361964806822 0.0023605213302088563 0.078471094284143714
leaf_weight=1.5410023330292837 1.0166164915126286 22.366800939304223 1.0876466697589986 1958.22878653783 5.5489208683138758 1.1510631788171608 0.93591249388288367 1.3403805547403518 1.8792520005440696 5.5953911904344968 8.4072242350904585 23.893134405891036 0.70340516615681292 0.60935427155163768
leaf_count=2075 1011 23582 9169 385091 91 9056 2022 1794 404 745 12575 2086 111 20
internal_value=-0.000150617 0.0109926 0.0243846 -0.000384055 -0.00618305 6.95114e-05 0.015858 -0.000336032 0.0129543 0.0160374 0.0244268 0.0087938 -0.0303955 -0.0222801
internal_weight=2034.3 41.742 23.4544 1992.56 18.2875 16.7465 11.1976 1991.55 33.3175 31.9771 10.0465 26.3817 1.63932 2.48861
internal_count=449832 58681 32751 391151 25930 23855 23764 390140 5049 3255 14708 2510 2133 424
is_linear=0
shrinkage=0.05


Tree=361
num_leaves=15
num_cat=0
split_feature=1 4 10 3 1 13 4 3 18 13 13 18 1 15
split_gain=1.75161 8.49842 2.87578 3.24223 2.64187 8.39002 2.85475 3.95264 4.10319 2.53185 4.26669 4.20274 6.15911 7.23268
threshold=23.500000000000004 0.046451747417449958 0.025001953355968002 0.091639608144760146 22.500000000000004 0.19782608747482303 0.01043909788131714 0.069918721914291396 0.18311307579278949 0.22086720913648608 0.18301435559988025 0.164396807551384 28.500000000000004 inf
decision_type=10 8 8 10 10 10 8 10 8 10 10 10 10 8
left_child=4 2 3 -2 -1 6 -6 8 -8 10 11 12 13 -4
right_child=1 -3 9 -5 5 -7 7 -9 -10 -11 -12 -13 -14 -15
leaf_value=0.00052819729817199198 0.040362947664489723 -0.06011005806523715 0.0028742354092169344 -0.057818172240742739 -0.069957550539106114 0.066025547531004924 0.053689713493689187 -0.070479148659941634 -0.072913721094574391 0.025532701141778559 -0.061780660368228019 -0.0035141399337448075 0.0030813326179247522 0.042386299619581715
leaf_weight=1731.7050451010989 9.3668671123082259 5.0066561768204556 21.101454342326065 0.92379902395429425 4.80137980450196 2.1841448891529458 2.2935564362342133 2.0644071199947547 0.88768335968779855 13.811032733264879 2.4735329638484123 107.00025377602887 116.48251247046215 25.672965554799219
leaf_count=226003 1141 84452 1893 2606 1047 140 122 2723 240 3459 1140 82228 39974 2627
internal_value=0.000973316 0.00449004 0.00557964 0.0315492 0.000364645 -0.0227914 -0.0420995 -0.0166007 0.0183627 0.00464699 0.00358934 0.00418764 0.00923547 0.0245611
internal_weight=2045.78 301.839 296.832 10.2907 1743.94 12.2312 10.047 5.24565 3.18124 286.542 272.731 270.257 163.257 46.7744
internal_count=449795 219520 135068 3747 230275 4272 4132 3085 362 131321 127862 126722 44494 4520
is_linear=0
shrinkage=0.05


Tree=362
num_leaves=15
num_cat=0
split_feature=2 1 1 18 1 11 18 18 1 17 8 17 18 3
split_gain=2.68735 3.21851 3.11405 3.10726 4.5676 3.54958 3.37918 3.95527 6.70974 4.4085 3.29314 3.76626 3.05404 2.99504
threshold=-0.94732162356376637 61.500000000000007 60.500000000000007 0.17309308797121051 71.500000000000014 0.75000000000000011 0.15485298633575442 0.10290532559156419 68.500000000000014 4.3241107463836679 3.5000000000000004 4.5485858917236337 0.055223641917109496 0.053358048200607307
decision_type=8 10 10 8 10 8 10 8 10 10 8 10 8 10
left_child=2 -2 -1 5 13 10 7 8 -7 -9 -4 -12 -3 -5
right_child=1 12 3 4 -6 6 -8 9 -10 -11 11 -13 -14 -15
leaf_value=-0.057158505140139586 -0.0004082061387573133 0.043442482688072742 0.074626515195297324 0.10509005604024386 0.025146533496747954 0.065355413789765726 0.092313539030559 0.080870031116387436 -0.061688654650866925 -0.057987511868146491 0.073307692271171107 -0.059775077651213399 -0.055493353315972209 -0.037407386860965924
leaf_weight=1.49704295964215 2000.1103510666489 0.94016328755823941 0.90466360330265161 0.39025506594771187 8.2779236104937421 7.3772723776014537 2.7320361821575707 0.78528686628044519 1.2097112127721059 2.1005969988924846 0.66539526553777095 2.6444106817166499 4.5794539104088958 6.6905703117800783
leaf_count=1163 391387 1772 16 201 4152 1056 448 36 684 1316 230 2434 35189 9631
internal_value=-0.000272808 -0.000513426 0.013408 0.0165355 -7.1864e-05 0.0303833 0.042339 0.0304385 0.0474578 -0.0202026 -0.00991332 -0.0330204 -0.0386415 -0.0295537
internal_weight=2040.91 2005.63 35.2752 33.7781 15.3587 18.4194 14.2049 11.4729 8.58698 2.88588 4.21447 3.30981 5.51962 7.08083
internal_count=449715 428348 21367 20204 13984 6220 3540 3092 1740 1352 2680 2664 36961 9832
is_linear=0
shrinkage=0.05


Tree=363
num_leaves=15
num_cat=0
split_feature=1 17 2 2 3 2 18 18 17 17 17 3 1 1
split_gain=2.16129 3.86415 3.33865 4.28909 3.27736 3.01586 3.235 3.3911 3.00335 4.18759 4.31193 4.12338 3.59574 4.64841
threshold=37.500000000000007 3.7954261302948002 -0.22901704162359235 -0.23693571239709851 0.092177301645278945 -0.30359432101249689 0.061552813276648528 0.059487128630280502 6.5169320106506357 6.1974613666534433 6.0366761684417733 0.049996048212051399 51.500000000000007 66.500000000000014
decision_type=10 8 10 10 10 8 8 8 10 10 10 8 8 10
left_child=5 4 3 8 -2 6 7 -1 9 10 -3 -12 -11 -14
right_child=1 2 -4 -5 -6 -7 -8 -9 -10 12 11 -13 13 -15
leaf_value=-0.06565213063292101 0.055839532953222908 0.0045570884488961095 -0.065698669345871805 0.091088036267134048 -0.056763638528948425 -0.00024349210496315104 -0.05957792402138308 0.10282839240533076 -0.057685390647659707 0.050536968054249058 0.11110556011103573 -0.041143608985714543 -0.056763143675119525 0.048255449836692457
leaf_weight=0.51022685060081552 5.8159386176307057 127.66102381706473 1.6945864892777809 1.4290200432162397 0.72696444295652884 1872.7664491299518 4.0593250148728544 0.72028103542015753 1.9443006708498547 8.6650783732810375 0.47134281648322662 7.8723638382441985 2.1692938268729458 2.0488918091729076
leaf_count=227 979 136501 2197 346 5225 286923 3259 13 1950 2317 73 6596 2585 1102
internal_value=0.000125954 0.00569503 0.00409566 0.00487244 0.0433285 -0.00034998 -0.03805 0.0329684 0.00405561 0.00486188 0.00228105 -0.0325429 0.0321069 -0.00575265
internal_weight=2038.56 160.499 153.956 152.261 6.5429 1878.06 5.28983 1.23051 150.832 148.888 136.005 8.34371 12.8833 4.21819
internal_count=450293 159871 153667 151470 6204 290422 3499 240 151124 149174 143170 6669 6004 3687
is_linear=0
shrinkage=0.05


Tree=364
num_leaves=15
num_cat=0
split_feature=2 0 4 4 2 2 13 1 1 3 4 16 4 4
split_gain=2.28246 3.53333 4.42666 10.6953 3.34213 3.89386 4.13435 3.16149 3.12276 2.90083 6.66272 6.35416 5.44104 3.66963
threshold=-1.1001785993576048 0.67163389921188366 0.009162485599517824 0.009333759546279909 -0.94732162356376637 -0.89299434423446644 0.2469512224197388 60.500000000000007 73.500000000000014 0.10882988572120668 0.012214094400405886 3.5408543348312382 0.011385053396224977 0.023597419261932377
decision_type=8 8 10 8 8 8 10 10 8 8 10 8 8 10
left_child=1 -1 -3 -4 7 6 -6 -2 9 10 11 12 -9 -11
right_child=4 2 3 -5 5 -7 -8 8 -10 13 -12 -13 -14 -15
leaf_value=-0.048029391168103751 -0.056040485736630577 -0.015968678320025978 0.35523096032260626 0.022253254308474659 -0.055989305539478562 -0.00039286083408876537 0.12500947056792419 0.055955952557392399 -0.064180479506863661 -0.052467722405303507 -0.043632149194501146 -0.0077620508895133271 0.24814437734026892 0.08277187947533246
leaf_weight=5.9975643691942162 1.3112852276531146 1.3831767467854672 0.28149688382109128 1.6828762522584384 4.782874495843414 1993.9705372304832 0.33777873529631453 6.4844519648954781 0.95584789916103119 0.579539689484874 3.3928968247787443 4.8736587215087193 0.39044513568660466 3.7295774866293101
leaf_count=4561 1149 875 14 721 8611 419588 215 1251 2352 1584 2827 3229 50 2798
internal_value=-0.000406758 -0.0250602 0.016092 0.0699693 -0.000292749 -0.000504688 -0.0440499 0.019216 0.0240518 0.0283878 0.0180869 0.0359109 0.0668709 0.0645833
internal_weight=2030.15 9.34511 3.34755 1.96437 2020.81 1999.09 5.12065 21.7177 20.4064 19.4506 15.1415 11.7486 6.8749 4.30912
internal_count=449825 6171 1610 735 443654 428414 8826 15240 14091 11739 7357 4530 1301 4382
is_linear=0
shrinkage=0.05


Tree=365
num_leaves=15
num_cat=0
split_feature=1 2 0 3 18 18 18 4 13 16 18 18 4 16
split_gain=2.38441 5.78331 4.05996 5.44183 3.56455 4.30752 5.84982 5.30024 3.12254 3.3907 3.27278 2.582 2.33849 2.63029
threshold=9.5000000000000018 1.0388943552970888 0.71707999706268322 0.051734060049057014 0.037684800103306777 0.12286201864480974 0.14293887466192248 0.0043656826019287118 0.20169491320848468 5.1901714801788339 0.28949874639511114 0.89316681027412426 0.00012230873107910159 5.1845848560333261
decision_type=10 8 8 10 10 10 10 10 8 8 8 10 8 10
left_child=1 -1 -2 4 -4 -6 -7 -8 11 10 -10 -9 -3 -14
right_child=2 12 3 -5 5 6 7 8 9 -11 -12 -13 13 -15
leaf_value=-0.075432111434373381 -5.8360045561192233e-05 0.018533361623184096 0.046905573414643541 0.0049283393839128792 0.0049283393839128792 0.060808600301622523 0.0049283393839128792 0.0049283393839128792 0.042191451943102143 0.074235277214106873 0.0049283393839128792 0.073812269972456587 -0.0012593931958958708 -0.010336359130323694
leaf_weight=2.6585064043551867 508.92799351127366 14.252359745389354 10.85121563682304 59.604901877620705 15.273105132800991 9.072095867013557 12.069026751094496 2.0448765929031656 9.9404648828203825 5.734774066717363 1.4792442577891058 1.5620194078655911 1280.1495637765518 85.117403521638607
leaf_count=4613 271998 755 186 5501 571 132 620 204 273 45 160 29 139557 25439
internal_value=-0.000590783 -0.00175694 0.00194133 0.00991504 0.0206332 0.0156471 0.0252696 0.015449 0.033446 0.0428667 0.0271139 0.00492834 -0.00161496 -0.0018253
internal_weight=2018.74 1382.18 636.56 127.632 68.0268 57.1756 41.9025 32.8304 20.7614 17.1545 11.4197 3.6069 1379.52 1365.27
internal_count=450083 170364 279719 7721 2220 2034 1463 1331 711 478 433 233 165751 164996
is_linear=0
shrinkage=0.05


Tree=366
num_leaves=15
num_cat=0
split_feature=4 1 2 2 13 18 16 16 11 18 12 18 4 7
split_gain=5.59476 3.38809 7.77611 5.24053 8.39001 6.31184 5.08901 7.87401 6.17929 6.02325 5.39381 4.71589 5.18912 4.51979
threshold=1.0000000180025095e-35 4.5000000000000009 2.0991011857986455 1.855892062187195 0.18301435559988025 0.084770541638135924 5.1619205474853525 5.0968081951141366 0.52272728085517894 0.69702500104904186 0.096006143838167204 0.677992343902588 0.032696813344955451 43.968309402465827
decision_type=8 8 10 10 8 8 10 10 8 10 8 10 8 8
left_child=-1 3 6 4 -2 -6 7 -3 9 10 -8 12 -12 -10
right_child=1 2 -4 -5 5 -7 8 -9 13 -11 11 -13 -14 -15
leaf_value=-0.080078823993531986 -0.073127337564960621 0.00019636595653794997 0.027368299136979909 -0.0032973323888596685 -0.075259406844041282 0.035442314779155167 -0.070824720660256968 -0.060452086867480319 -0.080594225470983591 -0.064566704609897399 -0.038254504424412687 0.13151846228979924 0.045403156621735274 0.018013418538176791
leaf_weight=2.1925940258046515 2.2119473915078345 1059.1902396023752 28.454784406004819 813.55394032398408 1.369329304057884 21.57842001598241 1.9781220866705471 5.3789363655814659 1.1779991392003379 4.7514868477620693 3.3353867717082739 0.86512468039737189 4.1724515032826517 86.00509293631039
leaf_count=272 499 379357 507 14304 271 2135 1982 5293 7916 17941 1610 177 1620 16074
internal_value=-0.000252199 -0.000166149 0.00154322 -0.00260229 0.0198723 0.0288366 0.000913454 -0.000110072 0.0115661 -0.0179611 0.00343238 0.0209757 0.00823791 0.0166811
internal_weight=2036.22 2034.02 1195.31 838.714 25.1597 22.9477 1166.85 1064.57 102.286 15.1026 10.3511 8.37296 7.50784 87.1831
internal_count=449958 449686 432477 17209 2905 2406 431970 384650 47320 23330 5389 3407 3230 23990
is_linear=0
shrinkage=0.05


Tree=367
num_leaves=15
num_cat=0
split_feature=18 12 13 7 13 18 13 2 8 8 9 18 18 14
split_gain=2.85489 2.50078 4.02665 9.67335 3.06915 2.50536 6.36025 2.59545 2.26227 2.68701 6.249 3.99048 6.77256 3.16401
threshold=1.2769591808319094 0.094494048506021514 0.2469512224197388 38.84837722778321 0.12701612710952762 1.1252530217170718 0.16247642785310748 2.6247798204422002 27.500000000000004 15.500000000000002 0.70365771651268016 0.36371473968029028 0.92810064554214489 1.0000000180025095e-35
decision_type=10 10 10 10 10 10 10 10 10 10 10 8 10 8
left_child=1 2 5 -4 -3 8 7 -7 9 -1 11 -11 -13 -12
right_child=-2 4 3 -5 -6 6 -8 -9 -10 10 13 12 -14 -15
leaf_value=-4.6387408453079862e-06 0.01220941077002294 -0.095345252031891425 -0.072452348829848662 0.07519141517437955 0.0085443896363698157 -0.064269409660222626 0.064952642511206693 -0.013609607218274592 0.025242704841670616 0.0059907610257102636 -0.028784966136744777 -0.058634222150516779 0.054041328770299817 -0.097765910623680688
leaf_weight=1821.6140716034822 48.709189764407711 0.71618663483515277 5.0284069221151801 1.4234449148432586 96.469365774748425 4.9549480901987391 1.7445833241893058 5.1624571544525679 8.7200534978273918 24.519448753449929 4.1692172349720513 6.2840135110709019 1.6929002340359742 2.7646570935907846
leaf_count=339307 37131 450 1164 174 14112 7491 57 64 10014 19582 1822 15019 2083 1653
internal_value=0.000250396 -4.30226e-05 -0.000445637 -0.0398783 0.0077788 -0.000310428 -0.0232166 -0.03842 -0.000165108 -0.000284158 -0.0131975 -0.00400296 -0.0347217 -0.0562889
internal_weight=2033.97 1985.26 1888.08 6.45185 97.1856 1881.63 11.862 10.1174 1869.76 1861.04 39.4302 32.4964 7.97691 6.93387
internal_count=450123 412992 398430 1338 14562 397092 7612 7555 389480 379466 40159 36684 17102 3475
is_linear=0
shrinkage=0.05


Tree=368
num_leaves=15
num_cat=0
split_feature=2 12 2 2 17 17 4 18 2 11 2 3 3 3
split_gain=2.90939 5.83248 4.41315 4.71929 5.16869 4.53384 5.39797 3.32877 3.2063 4.08601 4.04767 4.89189 6.77635 3.79417
threshold=-0.94732162356376637 0.038838613778352744 -0.8522207736968993 -0.8320363163948058 5.3107368946075448 5.3205649852752694 0.00893184542655945 1.5414755344390871 -0.78898045420646656 0.75000000000000011 -0.76583394408226002 0.065090626478195204 0.12516096234321597 0.12578222155570987
decision_type=8 8 8 8 10 10 10 10 8 10 8 10 10 10
left_child=1 -1 7 4 -4 -6 -7 -2 9 -5 11 -10 -13 -14
right_child=2 -3 3 8 5 6 -8 -9 10 -11 -12 12 13 -15
leaf_value=-0.055750404012470924 -0.042379436710111885 0.019658893949306665 -0.054699235042255212 -0.057389662910300988 0.40472348183344931 0.11795599680031275 -0.056523730560422682 0.079724258579547597 0.087508583279186855 0.069216864030940281 -0.0010170643451660091 -0.056143750306388344 0.42400544944995966 0.078829581269676707
leaf_weight=2.7893549608321493 9.032825626948604 31.758932043001138 0.78336122569323441 4.5788557728293746 0.11078566153574376 1.929210369884004 0.57552221984472129 0.59493330493816365 2.8454315170565678 0.74030967621229127 1974.6632457812259 1.9391616602180763 0.090235022086630923 0.67620746076457294
leaf_count=3945 15612 17462 2301 8880 9 375 1122 701 262 70 394431 2124 39 2671
internal_value=-0.000815363 0.0135705 -0.00106405 -0.000900576 0.057966 0.0917099 0.0778651 -0.0348342 -0.00100134 -0.0397688 -0.000897209 0.0417387 -0.00639654 0.119468
internal_weight=2033.11 34.5483 1998.56 1988.93 3.39888 2.61552 2.50473 9.62776 1985.53 5.31917 1980.21 5.55104 2.7056 0.766442
internal_count=450004 21407 428597 412284 3807 1506 1497 16313 408477 8950 399527 5096 4834 2710
is_linear=0
shrinkage=0.05


Tree=369
num_leaves=15
num_cat=0
split_feature=2 2 0 17 2 4 4 10 2 16 2 16 17 17
split_gain=2.33727 4.67044 5.32596 5.54914 5.7994 4.21914 5.57655 4.745 4.0794 5.33606 3.53748 3.43626 3.0946 3.22071
threshold=-0.27475339174270624 0.041197286918759353 0.6997659206390382 5.6886675357818612 -0.1133776195347309 0.016417562961578373 0.0020553171634674077 0.026284319348633293 0.051749780774116523 1.7005987167358401 -0.029054401442408558 3.3140207529067998 6.5169320106506357 5.830414056777955
decision_type=8 8 10 8 10 10 10 8 8 10 10 8 10 10
left_child=12 2 5 4 -4 6 -2 -8 9 -3 -6 -7 13 -1
right_child=1 8 3 -5 10 11 7 -9 -10 -11 -12 -13 -14 -15
leaf_value=0.0019188835872499606 -0.0066781312230013356 0.078902077501191187 -0.0066781312230013356 -0.0066781312230013356 0.089248590136213168 -0.04959396616148954 -0.0066781312230013356 -0.058245500613986395 -0.00015846286328339524 -0.032594623867817911 0.0050272514133107354 -0.0066781312230013356 -0.057696393700739139 0.017314279550913532
leaf_weight=115.15682113326291 6.9452775371568931 3.5102424762462778 2.2156955637460953 7.4523183812000307 4.5157726535691154 4.7991494860878765 1.7024714569727732 18.266031776788683 1810.7657467864437 1.5455784580878882 1.7222961416167626 10.779098892639984 1.9014480085534433 48.185846796269416
leaf_count=133181 2102 90 544 1567 296 8650 249 9580 243253 1172 232 22021 1990 24828
internal_value=2.17478e-05 -0.000480848 -0.0143988 0.010281 0.0400357 -0.0236372 -0.0357642 -0.0495549 -3.32363e-05 0.0448172 0.0659955 -0.00667813 0.00572226 0.0064605
internal_weight=2039.46 1874.22 58.3981 15.9061 8.45376 42.492 26.9138 19.9685 1815.82 5.05582 6.23807 15.5782 165.244 163.343
internal_count=449755 289756 45241 2639 1072 42602 11931 9829 244515 1262 528 30671 159999 158009
is_linear=0
shrinkage=0.05


Tree=370
num_leaves=15
num_cat=0
split_feature=18 18 16 13 2 10 2 1 14 18 0 18 1 2
split_gain=2.00793 4.05397 3.21727 2.86986 2.61491 3.77266 2.61925 4.20532 3.38591 2.42275 2.48307 2.24801 2.2256 4.83568
threshold=1.2769591808319094 1.1252530217170718 4.2835628986358651 0.087922707200050368 1.855892062187195 0.030787452124059204 1.3590692877769472 11.500000000000002 1.0000000180025095e-35 1.5414755344390871 0.63254058361053478 1.3140445351600649 2.5000000000000004 2.3373203277587895
decision_type=10 10 10 10 8 8 10 8 8 10 8 10 8 10
left_child=1 -1 -2 4 5 -4 7 -7 -9 -10 -11 -6 -3 -14
right_child=2 12 3 -5 11 6 -8 8 9 10 -12 -13 13 -15
leaf_value=0.00013015474136454831 -0.045148734527245438 -0.056145000783883771 -0.081142009193694187 -0.05163400078596117 0.05170708247612793 -0.076836317186461944 0.056394672333894551 0.052131345964577885 -0.065279028175217177 -0.056397050403555887 0.031948799130559785 -0.0018191377379973258 -0.036052976553828109 0.060085091299663142
leaf_weight=1984.6204374655013 2.4797768536189642 4.6849733154102013 0.76507967082617334 1.6385174567805254 2.1787574716646345 1.0524243305371221 7.1961062457510243 6.6140911157038778 1.1322123541811606 0.97868372172584717 4.2456824439663592 19.678046682472353 5.1110945095953904 1.75785757758058
leaf_count=404893 3434 86 1092 3241 636 689 323 3392 2074 3933 1684 16619 7959 30
internal_value=0.000201131 -4.17695e-05 0.0103112 0.0133351 0.0157633 0.027939 0.031872 0.019288 0.0270874 0.00102883 0.0153989 0.00351653 -0.0295732 -0.0114499
internal_weight=2044.13 1996.17 47.9594 45.4796 43.8411 21.9843 21.2192 14.0231 12.9707 6.35658 5.22437 21.8568 11.5539 6.86895
internal_count=450085 412968 37117 33683 30442 13187 12095 11772 11083 7691 5617 17255 8075 7989
is_linear=0
shrinkage=0.05


Tree=371
num_leaves=15
num_cat=0
split_feature=1 16 4 16 1 15 0 18 18 4 0 16 4 4
split_gain=2.67075 3.51367 3.47187 3.40769 5.10227 4.85653 4.32896 4.09855 5.07105 5.01297 7.44984 6.28698 5.44365 4.62123
threshold=8.5000000000000018 5.9229171276092538 0.055941730737686164 2.8029010295867924 7.5000000000000009 inf 0.68866166472435009 0.17104249447584155 0.25883655250072485 0.0085085928440094011 0.7388729751110078 4.2835628986358651 0.005943387746810914 0.017837196588516239
decision_type=8 10 10 8 10 8 10 8 8 10 10 10 10 10
left_child=1 3 -2 4 5 -1 -5 -8 9 10 12 -11 -9 -13
right_child=2 -3 -4 6 -6 -7 7 8 -10 11 -12 13 -14 -15
leaf_value=-0.015331748614166824 0.00192421803660601 0.034033545144982524 -0.036085453005909367 -0.010440788881797005 -0.044454757705233758 0.010610202109382384 -0.0060568393217335552 -0.0060568393217335552 -0.0021421310639905713 -0.0060568393217335552 0.031871199300195066 -0.0060568393217335552 0.016441593678762131 0.040383325597632469
leaf_weight=21.246854699261803 934.36545599315605 6.7388372427633376 6.0466717142080588 172.65684568794359 5.0501370442823363 119.56749274821362 231.02106186255497 25.126103906339267 390.76116036909025 42.212721947239487 41.50432022032328 6.7547397196176489 11.860371885937637 13.197484134867407
leaf_count=500 288388 283 127328 15070 480 2970 4466 367 8001 1320 279 140 109 411
internal_value=-0.000271531 -0.00195865 0.00167982 -0.00218303 0.00492499 0.00669594 -0.0032918 -0.00167289 0.000788252 0.00892926 0.0173297 -0.00167731 0.00101199 0.0230553
internal_weight=2028.11 1087.7 940.412 1080.96 145.864 140.814 935.095 762.438 531.417 140.656 78.4908 62.1649 36.9865 19.9522
internal_count=450112 34396 415716 34113 3950 3470 30163 15093 10627 2626 755 1871 476 551
is_linear=0
shrinkage=0.05


Tree=372
num_leaves=15
num_cat=0
split_feature=18 18 13 17 2 2 1 9 2 9 9 1 9 4
split_gain=2.01554 2.74612 6.34522 4.41995 3.00965 2.82207 7.4736 2.67315 2.35202 2.13736 3.726 7.38638 5.34015 3.4503
threshold=1.2769591808319094 1.1252530217170718 0.16247642785310748 5.7822844982147226 2.4668344259262089 0.11667622253298761 22.500000000000004 0.55750462412834179 2.6247798204422002 0.62940672039985668 0.69162255525589 10.500000000000002 0.64932385087013256 0.01957112550735474
decision_type=10 10 10 10 8 10 8 8 10 8 8 10 10 10
left_child=1 9 3 5 -4 6 -3 -2 -5 13 11 -11 -13 -1
right_child=7 2 4 8 -6 -7 -8 -9 -10 10 -12 12 -14 -15
leaf_value=0.012711471613108713 -0.077703361533455029 0.3693158575595632 0.060234728414793874 -0.074792930550265799 -0.10125859895473271 -0.070801284168953371 -0.028232311514882914 0.011654205548926072 0.065408393552961408 -0.037055135080679515 -0.00021661457096502362 -0.086796647763881823 0.046035941977392511 -0.012567463780582461
leaf_weight=67.609146225296527 0.85200728977492535 0.12580014345924651 2.6022946250155696 0.38841667098831223 0.32447260305120584 6.7443761575241652 1.9619240306822403 47.362908382849177 1.3014888055622575 17.247191671265316 1877.961589681976 0.88428425911239017 5.2413401707264882 16.865523951228326
leaf_count=29705 10686 19 259 354 186 1213 5962 26502 5 7966 324911 329 573 41413
internal_value=-2.66648e-05 -0.000270285 -0.0227879 -0.0409012 0.042331 -0.0550764 -0.00427722 0.0100752 0.0331838 -0.000117785 -0.000463545 -0.0203039 0.0268605 0.00766449
internal_weight=2047.47 1999.26 13.4488 10.522 2.92677 8.8321 2.08772 48.2149 1.68991 1985.81 1901.33 23.3728 6.12562 84.4747
internal_count=450083 412895 7998 7553 445 7194 5981 37188 359 404897 333779 8868 902 71118
is_linear=0
shrinkage=0.05


Tree=373
num_leaves=15
num_cat=0
split_feature=8 18 16 16 18 9 9 3 9 17 3 16 7 9
split_gain=1.69637 3.05104 4.94132 4.42088 5.76487 5.10247 3.79398 2.83101 2.8075 2.58648 2.49147 2.33608 2.22309 2.1128
threshold=20.500000000000004 0.677992343902588 4.3757371902465829 3.979637980461121 0.084770541638135924 0.65738853812217724 0.38499106466770178 0.024083048105239872 0.46764935553073889 4.8242976665496835 0.059197127819061286 3.7494349479675297 19.705788612365726 0.50295361876487743
decision_type=10 10 8 10 10 8 8 10 8 10 8 8 10 8
left_child=-1 2 3 4 6 12 -2 -3 -8 -5 -11 -7 -6 -10
right_child=1 7 -4 9 5 11 8 -9 13 10 -12 -13 -14 -15
leaf_value=4.5844398683583228e-05 -0.088573618251649222 0.052893977705237155 -0.058905445621545573 -0.070598862621495326 -0.031708135210204123 -0.065206565560422036 0.084203084789890331 -0.067801705024881018 -0.084543330975335257 0.07250031299210144 -0.059802964006367143 -0.23494467814411296 0.013272472158783114 0.031375689967511389
leaf_weight=2009.7116221357071 0.58145298405526802 5.7290921509561201 2.8045671208649976 0.397813167480776 4.3592088130196256 2.5636505344328095 2.7637479895087154 0.53086505821213492 0.43095146444062493 4.4831793071352877 0.38651879207962725 0.2201114842909816 7.4270064430048635 4.4739198443686927
leaf_count=407394 1602 12128 9956 670 3836 1207 737 854 298 57 3676 228 5699 1589
internal_value=0.000241553 0.0108283 0.0043782 0.0106971 0.00116671 -0.0177439 0.0345637 0.0426586 0.0439003 0.051985 0.0619991 -0.0786277 -0.0033639 0.0211908
internal_weight=2046.86 37.1521 30.8921 28.0876 22.82 14.57 8.25007 6.25996 7.66862 5.26751 4.8697 2.78376 11.7862 4.90487
internal_count=449931 42537 29555 19599 15196 10970 4226 12982 2624 4403 3733 1435 9535 1887
is_linear=0
shrinkage=0.05


Tree=374
num_leaves=15
num_cat=0
split_feature=1 18 18 2 18 18 7 16 7 16 0 4 18 2
split_gain=2.35674 3.79304 5.09863 3.28053 3.70041 5.02019 4.55938 3.07965 5.11597 3.19124 3.03939 2.98512 2.89022 8.40046
threshold=1.5000000000000002 0.04598850570619107 0.061552813276648528 3.478630900382996 0.13188001513481143 0.16251036524772647 33.647214889526374 3.8176519870758061 103.33502578735353 4.3630783557891855 0.64837542176246654 0.011385053396224977 0.17104249447584155 2.6247798204422002
decision_type=8 8 8 10 8 8 10 8 8 8 10 8 10 10
left_child=1 -1 -3 -2 6 -6 -5 11 -9 -10 -4 -7 -12 -14
right_child=3 2 10 4 5 7 -8 8 9 -11 12 -13 13 -15
leaf_value=-0.041934773540525751 0.00021344985898631293 0.03132092370263536 -0.050619442333235502 -0.040408437164440057 0.063988878403927016 0.012339919688879368 0.01647959866460301 -0.007199138572479568 0.059176618286304529 0.01888068644353981 -0.011094795831820671 -0.030808418613766427 0.035496926361007361 -0.0035359266102706331
leaf_weight=6.5034919170273033 1686.2284158455525 10.245064804788852 3.541009870110428 6.8446926531469199 5.2735652519913847 10.215132089564579 7.2557575194514357 9.9003694038547092 8.841863492081762 11.05835267252405 94.647386312984963 6.5971634411980622 15.01682332344353 167.93563482392074
leaf_count=119 445327 110 70 60 44 74 46 108 57 75 1511 113 83 2374
internal_value=-5.75659e-05 -0.0041691 -0.00332621 0.000641426 0.0115779 0.0177503 -0.0111352 0.0125191 0.0221723 0.0367846 -0.00458878 -0.00459154 -0.00400162 -0.000332092
internal_weight=2050.1 297.889 291.386 1752.22 65.9869 51.8864 14.1005 46.6129 29.8006 19.9002 281.141 16.8123 277.6 182.952
internal_count=450171 4267 4148 445904 577 471 106 427 240 132 4038 187 3968 2457
is_linear=0
shrinkage=0.05


Tree=375
num_leaves=15
num_cat=0
split_feature=8 8 12 4 3 4 4 3 18 17 18 16 4 16
split_gain=3.15045 5.80465 8.78823 4.49039 4.03908 7.89168 7.01776 4.51118 3.91923 3.24924 3.17181 3.95909 2.8963 2.69546
threshold=6.5000000000000009 7.5000000000000009 inf 0.017317414283752445 0.049996048212051399 0.015666365623474125 0.012024760246276857 0.041707724332809455 0.043516134843230254 3.4811217784881596 1.1806839704513552 3.9415346384048466 0.0023365318775177006 4.182021141052247
decision_type=10 8 8 10 8 8 10 8 10 8 10 8 8 8
left_child=10 2 -2 4 5 7 8 13 -6 -5 -1 -12 -13 -3
right_child=1 3 -4 9 6 -7 -8 -9 -10 -11 11 12 -14 -15
leaf_value=-0.0014572518738199672 -0.087148601467332151 0.0058123114039147668 0.047153069913015905 -0.1015101519700959 -0.067998894667306534 0.067568680155840458 -0.072205683904756221 -0.058980435186916286 0.03546160559691082 -0.011337737490505656 -0.074102158251247857 -0.03341461557134278 0.016186594867679874 -0.023228398049676607
leaf_weight=1854.7274891127433 1.3321570622307346 38.746615792377305 14.225492424178901 1.0396542836549443 0.95160452233972748 4.1447867418792148 1.744503371716404 3.4950121512520118 24.031816279234697 25.561840432602835 1.333203918887002 3.1337350831162185 48.36986168838424 10.065979596853138
leaf_count=323036 1121 435 3120 835 2945 33 7377 179 27665 58434 1660 1593 21480 215
internal_value=-0.000608582 0.00707022 0.0356532 0.00301961 0.00873821 0.00115693 0.0247507 -0.00410545 0.0315209 -0.0148619 -0.00111313 0.0109666 0.0131686 -0.000176372
internal_weight=2032.9 125.339 15.5576 109.782 83.1803 56.4524 26.7279 52.3076 24.9834 26.6015 1907.56 52.8368 51.5036 48.8126
internal_count=450128 102359 4241 98118 38849 862 37987 829 30610 59269 347769 24733 23073 650
is_linear=0
shrinkage=0.05


Tree=376
num_leaves=15
num_cat=0
split_feature=9 9 11 2 17 13 4 14 17 0 17 9 4 2
split_gain=2.22469 3.35646 2.952 3.63117 4.20578 3.79661 3.44416 2.9512 4.00362 5.30241 4.10811 4.02917 4.69347 3.38263
threshold=0.60257732868194591 0.59810286760330211 1.0000000180025095e-35 1.3590692877769472 5.5314092636108407 0.25462962687015539 0.0034115314483642582 1.0000000180025095e-35 5.8930234909057626 0.74292179942131054 5.830414056777955 0.31836010515689855 0.00022849440574645999 2.4668344259262089
decision_type=8 8 8 8 10 8 8 8 10 10 10 8 8 8
left_child=1 2 3 4 6 -5 -1 13 10 -10 11 -9 -13 -4
right_child=-2 -3 7 5 -6 -7 -8 8 9 -11 -12 12 -14 -15
leaf_value=-0.093125557852047 -0.00028766702950016416 0.061593410213478132 -0.091126256167102029 0.038939091710513539 -0.045002917543957834 -0.0021670545519585295 0.059188161647385322 0.046974228382437956 -0.093317657717871982 0.050614733864980221 0.068494096263013157 0.14814213245287206 -0.021249088899303561 -0.013259787080190575
leaf_weight=0.38798310049170392 1962.4721036687117 2.8678840669856092 1.9174222761222051 7.1155925334615109 1.2597993550099165 26.675662789994238 8.5527907476218008 3.641908561038008 2.1095159877707093 0.91847678292833723 2.7656506375314498 0.42662842854543193 9.8592593471803234 5.1165076526141462
leaf_count=190 368492 947 1265 8759 933 30554 3212 4426 3852 16 614 125 11823 14861
internal_value=3.24345e-05 0.00856588 0.0064163 0.0143814 0.040527 0.00648887 0.0525785 -0.00668015 0.00323715 -0.0496588 0.0128319 0.00177898 -0.0142232 -0.0344859
internal_weight=2036.09 73.6151 70.7472 43.9918 10.2006 33.7913 8.94077 26.7554 19.7214 3.02799 16.6934 13.9278 10.2859 7.03393
internal_count=450069 81577 80630 43648 4335 39313 3402 36982 20856 3868 16988 16374 11948 16126
is_linear=0
shrinkage=0.05


Tree=377
num_leaves=15
num_cat=0
split_feature=1 18 1 16 17 0 2 4 4 9 1 4 17 1
split_gain=3.45105 3.19109 5.75104 4.53913 7.97046 5.57542 4.18331 5.30752 6.44586 4.59263 3.78799 3.82724 3.58391 4.86186
threshold=8.5000000000000018 1.2430758476257326 6.5000000000000009 5.1901714801788339 5.9362151622772226 0.7388729751110078 1.447990953922272 0.0030968487262725834 0.0033110678195953373 0.41869585216045385 4.5000000000000009 0.025468051433563236 5.1503930091857919 4.5000000000000009
decision_type=8 10 8 10 10 10 10 10 10 8 10 10 8 10
left_child=1 3 12 6 5 -5 7 -1 -9 -10 11 -7 13 -3
right_child=-2 2 -4 4 -6 10 -8 8 9 -11 -12 -13 -14 -15
leaf_value=-0.078790561352426194 0.0018765662738667961 0.0014837760484574549 0.063739831484826912 -0.081311293341437593 -0.0014207072434070502 -0.051932174858415163 -0.0014315147960393163 0.080224435159370888 0.059932169444627106 -0.025075253629340467 0.025428490269598883 0.011036904489362903 0.038647947148983383 -0.086654564363835784
leaf_weight=3.4394750278922031 951.69437173205324 13.999844253547357 4.9167226815842602 6.5564170391736551 26.827589922271272 4.9240977945737523 988.5479298423553 1.7407492692182156 1.7050785643743891 23.312375964129021 2.9561124378524255 2.6268428090479574 5.456928668132746 1.7614989233098857
leaf_count=423 415548 543 426 587 679 71 22261 19 241 8377 61 85 197 350
internal_value=-0.000322816 -0.00224529 0.0150152 -0.00266981 -0.0184136 -0.0451301 -0.00199151 -0.0203235 -0.0128082 -0.0192815 -0.0225531 -0.0413373 0.00372461 -0.00836663
internal_weight=2040.47 1088.77 26.135 1062.64 43.8911 17.0635 1018.75 30.1977 26.7582 25.0175 10.5071 7.55094 21.2183 15.7613
internal_count=449868 34320 1516 32804 1483 804 31321 9060 8637 8618 217 156 1090 893
is_linear=0
shrinkage=0.05


Tree=378
num_leaves=15
num_cat=0
split_feature=11 11 2 1 16 16 1 14 1 2 16 16 2 16
split_gain=2.29424 3.72383 2.71198 3.86786 2.61399 2.99964 2.90164 5.63579 2.82979 4.5591 4.25418 3.2352 2.98753 2.4734
threshold=0.2264957278966904 0.17156863212585452 -0.2894719243049621 23.500000000000004 4.9522936344146737 4.182021141052247 3.5000000000000004 1.0000000180025095e-35 1.5000000000000002 0.69295841455459606 4.0859410762786874 3.7012257575988774 1.7867692112922671 6.3198683261871347
decision_type=10 10 8 10 8 8 10 8 10 8 10 10 10 10
left_child=1 13 -2 4 5 8 -6 -8 -4 -10 11 12 -11 -1
right_child=2 -3 3 -5 6 -7 7 -9 9 10 -12 -13 -14 -15
leaf_value=-0.0010083973637961326 0.035687097293152413 -0.073792031788373166 0.029546492701752067 -0.065822908443619751 0.043647280221763396 -0.034937054556538845 0.066080589767118822 -0.077178006045501471 0.044755587808068091 -0.076906686309342748 0.046112019605237344 -0.080138572550375001 -0.0024115843652469 -0.058186391446959244
leaf_weight=1962.9581204731739 8.2943409789713538 1.7616091218048939 9.1549784484271139 1.870780640145411 8.1929583620086301 5.0645937513771448 1.2081382576725439 1.5900769528713494 3.6579111560942867 1.6493861888734196 2.1701342232390752 2.5307932023420667 7.3131902360983077 1.8931949010921005
leaf_count=441943 2024 234 282 874 143 493 7 261 328 259 47 172 116 3079
internal_value=-0.000852756 -0.00112864 0.00944288 0.00454053 0.00763548 0.000318233 0.0286335 -0.0153257 0.00706212 -0.00482167 -0.0180942 -0.0302174 -0.0161209 -0.00106349
internal_weight=2019.31 1966.61 52.6973 44.4029 42.5322 31.541 10.9912 2.79822 26.4764 17.3214 13.6635 11.4934 8.96258 1964.85
internal_count=450262 445256 5006 2982 2108 1697 411 268 1204 922 594 547 375 445022
is_linear=0
shrinkage=0.05


Tree=379
num_leaves=15
num_cat=0
split_feature=16 16 16 17 16 1 3 18 3 17 1 0 9 18
split_gain=1.62064 5.17914 7.14039 4.62767 4.57704 5.20797 3.90883 5.07673 3.94789 4.3292 4.13633 4.08094 3.97117 3.9382
threshold=5.0530509948730478 4.8789997100830087 4.9015574455261239 5.1269311904907235 5.0782890319824228 2.5000000000000004 0.10882988572120668 3.3523569107055669 0.036147534847259528 6.5169320106506357 6.5000000000000009 0.6804817020893098 0.83917236328125011 1.7281802296638491
decision_type=8 8 10 10 8 10 10 8 10 10 10 10 8 8
left_child=1 -1 -3 -4 5 -2 8 -8 9 -6 12 13 -10 -12
right_child=4 2 3 -5 6 -7 7 -9 10 -11 11 -13 -14 -15
leaf_value=0.00022068269219908054 -0.033100880151528969 -0.077669737884029907 -0.059909541747933032 -0.0046402944844287008 0.0068593344367310323 0.056549443446168648 -0.053734521205013958 0.064030047182468547 0.037164688655314429 -0.056170928873559837 -0.050830782762595887 0.0054641587178870434 -0.04196248973310758 -0.0074881407014713939
leaf_weight=1684.2797669019556 2.0567069348305989 4.3778620164899271 4.2311914580381318 36.104895141819974 193.18846877795681 7.6286466239855883 1.1223413372830213 4.9574632889936892 1.8265331357827106 2.7632335421789653 6.7207439558977198 59.381904691628392 12.023372406385304 23.80191818198
leaf_count=348678 676 1662 5523 10413 35233 1042 12839 10121 129 597 6361 6904 1226 8279
internal_value=0.000376125 -0.000225196 -0.0170205 -0.010438 0.00367177 0.037512 0.00259992 0.0422905 0.00179477 0.00597051 -0.00609158 -0.0021732 -0.0315272 -0.0170317
internal_weight=2044.47 1728.99 44.7139 40.3361 315.471 9.68535 305.786 6.0798 299.706 195.952 103.754 89.9046 13.8499 30.5227
internal_count=449683 366276 17598 15936 83407 1718 81689 22960 58729 35830 22899 21544 1355 14640
is_linear=0
shrinkage=0.05


Tree=380
num_leaves=15
num_cat=0
split_feature=16 11 13 12 8 1 2 16 0 2 2 16 7 2
split_gain=4.54426 2.52851 1.96847 4.41122 2.03063 1.59369 3.26887 2.83574 1.58716 3.10202 1.47775 1.32494 3.80144 3.8495
threshold=5.9686551094055185 0.085144929587841048 0.077935222536325469 0.053342817351222045 22.500000000000004 74.500000000000014 -1.1901349425315855 4.0689902305603036 0.65428900718688976 -1.253903806209564 3.478630900382996 3.8606742620468144 45.992448806762702 2.6247798204422002
decision_type=10 10 8 8 10 10 8 10 10 10 10 8 10 8
left_child=5 2 3 4 10 6 -1 8 9 -7 -2 12 -8 -14
right_child=1 -3 -4 -5 -6 7 11 -9 -10 -11 -12 -13 13 -15
leaf_value=-0.058525506201540616 -0.075194655370226127 0.056947065930675937 -0.077173051817973431 0.093747988348046332 0.06239261906331877 0.050620360307847605 -0.0021201153166171857 -0.072283589584973759 0.081769653030564618 -0.062361233397779652 0.018560887921177629 0.0011624008839335122 0.029643838530091435 0.0046510115899603315
leaf_weight=2.3997653198404691 2.6107482535398008 0.64066225700969415 3.055006342212514 0.66473333969797455 0.37960349415297745 2.0178678101116247 970.66230927017352 0.61982866433183215 1.5969741000344582 0.82350935004925085 0.50092988181859244 997.42602594235996 19.424966917628588 35.31867616602414
leaf_count=1584 2883 35 4033 20 479 226 179116 2640 138 4561 6 243075 1214 9985
internal_value=-0.000281067 -0.0382459 -0.0467034 -0.0243057 -0.0467829 -0.000134247 -0.000204256 0.0278964 0.0418869 0.0194711 -0.0601015 -0.000135067 -0.00139713 0.0114221
internal_weight=2038.14 7.85168 7.21102 4.15601 3.49128 2030.29 2025.23 5.05818 4.43835 2.84138 3.11168 2022.83 1025.41 54.7436
internal_count=449995 7456 7421 3388 3368 442539 434974 7565 4925 4787 2889 433390 190315 11199
is_linear=0
shrinkage=0.05


Tree=381
num_leaves=15
num_cat=0
split_feature=8 16 14 9 8 16 1 9 10 1 10 15 17 11
split_gain=2.31314 2.31802 4.86719 3.53024 2.95922 2.5168 2.28774 2.11306 2.6408 2.08959 3.18411 4.08987 1.99594 1.81434
threshold=20.500000000000004 3.979637980461121 inf 0.64472645521163952 21.500000000000004 3.7494349479675297 2.5000000000000004 0.6070123314857484 0.025407550856471065 2.5000000000000004 0.027214052155613903 1.0000000180025095e-35 5.059420347213746 0.52272728085517894
decision_type=10 10 8 8 10 10 8 10 10 8 10 8 10 10
left_child=13 2 3 -2 12 -5 -7 -4 -9 -6 11 -11 -3 -1
right_child=1 4 7 5 9 6 -8 8 -10 10 -12 -13 -14 -15
leaf_value=-0.00017429595126265262 -0.0062520048207268687 -0.069082415850089868 0.039873760938438085 -0.063480327501265629 -0.02504464477705631 -0.48715132760497526 -0.061202548275159668 -0.075673808173464419 0.016062551087383525 0.052422508925079096 0.065123837973132329 -0.063372387700424235 0.087930882286802237 0.010433512381254409
leaf_weight=1955.6127487142792 9.0695090465875534 0.21941139498361772 8.3926965614923308 2.0931218484427059 2.2136802297791274 0.069042672868817934 0.058008871450994093 0.95569800202721822 4.3794237687288842 1.5223784536661427 3.3318706973367398 1.52785124202323 2.6108942131114503 41.157864947415419
leaf_count=403504 12366 929 3178 1745 57 5 254 771 72 4231 66 17383 1477 3537
internal_value=0.000272193 0.0127556 0.00423354 -0.0200855 0.0314147 -0.0765961 -0.292673 0.0242334 -0.000370486 0.0168137 0.0313326 -0.00557882 0.0757589 4.43545e-05
internal_weight=2033.21 36.4436 25.0175 11.2897 11.4261 2.22017 0.127052 13.7278 5.33512 8.59578 6.3821 3.05023 2.83031 1996.77
internal_count=449575 42534 18391 14370 24143 2004 259 4021 843 21737 21680 21614 2406 407041
is_linear=0
shrinkage=0.05


Tree=382
num_leaves=15
num_cat=0
split_feature=9 9 9 2 2 4 18 16 16 4 2 4 7 11
split_gain=2.1589 5.7946 4.22728 4.0508 5.77217 5.04856 4.58002 4.37645 4.25484 4.12391 4.00921 3.87301 3.83814 3.59393
threshold=0.62940672039985668 0.73956727981567394 0.75086069107055675 0.73600098490715038 2.8114801645278935 0.01957112550735474 0.091962411999702467 3.3140207529067998 3.65057384967804 0.026797741651535038 1.7182999253273012 0.022855848073959354 11.207987308502199 1.0000000180025095e-35
decision_type=8 8 8 8 8 8 8 10 10 10 10 10 8 8
left_child=-1 3 -3 13 6 -6 -5 -8 -9 10 -10 -7 -4 -2
right_child=1 2 12 4 5 11 7 8 9 -11 -12 -13 -14 -15
leaf_value=0.0080756835188645192 0.048042648844112287 0.03965488069970078 -0.072033499546525812 0.011646006040631388 0.0096375996520140141 -0.078067450196767793 -0.10305519604804721 0.019343985527668806 -0.015375096594062013 0.035134290513494801 -0.10134467591160345 -0.0099118061955343652 0.00017154134554703881 -0.071166593558412969
leaf_weight=82.646441379976423 3.6612351254521229 6.7792510438519571 1.8422387978033894 2.8466296026199442 15.502282448704223 3.5587839191234689 3.8670203761466828 2.2942292739417081 1.9912819858272994 1.0065793024823504 4.2518706980044954 5.0313144203411895 1903.7501586309486 0.76422253751932334
leaf_count=86832 976 1592 575 78 6434 1455 195 80 97 229 86 8147 342707 648
internal_value=0.00015992 -0.000174347 0.000241951 -0.0179545 -0.0229351 -0.00740026 -0.0459563 -0.0581831 -0.0400018 -0.0587822 -0.0739243 -0.0381479 0.000101737 0.0274567
internal_weight=2039.79 1957.15 1912.37 44.7754 40.35 24.0924 16.2576 13.411 9.54396 7.24973 6.24315 8.5901 1905.59 4.42546
internal_count=450131 363299 344874 18425 16801 16036 765 687 492 412 183 9602 343282 1624
is_linear=0
shrinkage=0.05


Tree=383
num_leaves=15
num_cat=0
split_feature=8 12 9 4 9 18 18 4 4 2 0 18 13 1
split_gain=5.11118 3.38384 4.44446 5.50183 3.09305 4.21872 3.73568 3.49442 3.49695 2.91911 3.58107 6.09226 2.85571 3.93927
threshold=20.500000000000004 0.077422577887773528 0.6070123314857484 0.01809787750244141 0.36899065971374517 0.20931983739137652 0.23336686939001086 0.010143846273422243 0.0045059025287628183 -0.43228083848953242 0.61528271436691295 0.11919860914349557 0.087922707200050368 34.500000000000007
decision_type=10 8 10 10 8 10 8 10 8 8 8 8 8 10
left_child=9 -2 4 -4 5 -3 -6 8 -8 -1 11 -11 -13 -14
right_child=1 2 3 -5 6 -7 7 -9 -10 10 -12 12 13 -15
leaf_value=0.0061452305928646894 0.046729527998619146 -0.086478354752818135 1.6736622589357856e-05 -0.095829408941583732 0.046501576617769519 0.028398657405608492 -0.070336233730503961 -0.070771945217468976 0.054895880387574592 -0.0087049111863639946 -0.0011954835993987023 -0.0087049111863639946 -0.053185568013028865 -0.0087049111863639946
leaf_weight=132.97887296127971 7.8250344660021067 1.3980832143223554 8.8069444046374752 1.8039486348883489 12.368723919693682 1.8657087968403763 0.74094883459252914 1.4466231211570475 2.2507699340056888 15.470428876262449 1820.4267238972072 3.8883575219186906 17.440308868948545 3.7753875786235183
leaf_count=129750 9059 4387 2470 3614 5220 7469 1399 7133 1808 9255 224828 5275 24161 13982
internal_value=-0.000663104 0.0173799 0.00989458 -0.016278 0.0237313 -0.0208102 0.0323809 -0.0069706 0.0238801 -0.00101154 -0.00152293 -0.0162143 -0.0351216 -0.0427967
internal_weight=2032.49 38.5068 30.6818 10.6109 20.0709 3.26379 16.8071 4.43834 2.99172 1993.98 1861 40.5745 25.1041 21.2157
internal_count=449810 42559 33500 6084 27416 11856 15560 10340 3207 407251 277501 52673 43418 38143
is_linear=0
shrinkage=0.05


Tree=384
num_leaves=15
num_cat=0
split_feature=16 9 12 3 10 17 16 9 0 3 0 10 10 17
split_gain=2.88913 4.18809 4.29885 4.26568 4.23816 4.26279 3.93482 6.50838 5.20944 9.41318 5.32728 4.03198 5.15922 3.92039
threshold=4.1971738338470468 0.76516231894493114 0.016001024283468727 0.06253755092620851 0.03201024420559407 6.3315002918243417 4.388237953186036 0.70365771651268016 0.71349188685417186 0.034436732530593879 0.70325118303298961 0.031645495444536216 0.031408416107296951 4.5271940231323251
decision_type=8 10 10 10 8 10 8 8 8 10 8 10 10 10
left_child=-1 6 3 4 5 -3 7 -2 9 10 13 12 -8 -9
right_child=1 2 -4 -5 -6 -7 11 8 -10 -11 -12 -13 -14 -15
leaf_value=-0.001689360656236981 0.057267173043510249 -0.057278251981824374 0.027716897100772533 0.02598329867960153 -0.01014124812920373 0.033142375712873283 0.0014573852445212171 -0.03610014421807687 0.017319249227536578 0.0063531693736316357 -0.0012205383257637744 -0.047791656484739133 0.070489786452967024 -0.09537438419303694
leaf_weight=1307.4306482956563 7.2655872528474017 11.948302304716227 5.5360881900422489 4.4769668365224495 17.681628814400067 1.4630748437376713 563.41620439363942 1.8087475790529879 66.863454892373184 33.985043676045592 4.4798262508120397 4.1303844975573147 2.7196262265526903 5.2251926963072037
leaf_count=254525 5365 7367 844 973 412 307 157468 71 3256 19209 84 94 36 360
internal_value=-0.000281839 0.00223558 -0.0132689 -0.0196479 -0.0262182 -0.0474141 0.00315939 0.0114039 0.00843827 -0.00461291 -0.0438375 0.0014299 0.00178901 -0.0709798
internal_weight=2038.43 731 41.1061 35.57 31.093 13.4114 689.894 119.628 112.362 45.4988 11.5138 570.266 566.136 7.03394
internal_count=450371 195846 9903 9059 8086 7674 185943 28345 22980 19724 515 157598 157504 431
is_linear=0
shrinkage=0.05


Tree=385
num_leaves=15
num_cat=0
split_feature=2 2 13 3 4 4 4 18 13 2 3 4 18 3
split_gain=2.44985 3.62248 3.69555 3.01524 5.12141 4.71827 5.17016 3.2252 2.94036 3.07976 3.28747 4.99115 2.66527 3.87626
threshold=-0.94732162356376637 -0.89299434423446644 0.2469512224197388 0.09794142842292787 0.014717459678649904 0.009162485599517824 0.009333759546279909 0.19410523772239688 0.087922707200050368 -1.0334874391555784 0.058535218238830573 0.0050748288631439218 0.16064619272947314 0.11368924379348756
decision_type=8 8 10 10 8 8 8 10 8 10 8 8 10 10
left_child=3 2 -2 4 8 -5 -7 12 -1 10 -10 -12 13 -8
right_child=1 -3 -4 5 -6 6 7 -9 9 -11 11 -13 -14 -15
leaf_value=-0.055263783517982092 -0.056083849025615008 -0.00050470840317059357 0.10757066092150445 -0.054667556529621603 -0.061466317983475252 0.3582663040473863 0.060332244332170597 -0.018996667435056923 0.042992285495962602 0.042218107274486188 -0.06317272022042307 0.013354538600108655 0.13179914437963511 -0.055805826471271837
leaf_weight=1.5432618631498372 4.5175832136468834 1996.1030853879126 0.37347371314893596 1.2842810896511991 2.7276989265365037 0.13202207547624212 5.5430554720692271 1.6999648485926497 3.4753773974698623 7.3151100205686896 3.3176983581079176 5.9548219051280293 1.0347429642680337 0.82545288039440823
leaf_count=1550 8595 419681 211 2114 2456 77 817 5298 460 2526 1782 1833 549 1950
internal_value=-0.000381105 -0.000610016 -0.0435874 0.0127611 0.00309166 0.0351285 0.0476158 0.0431105 0.0112418 0.0163575 0.00151792 -0.0140268 0.0573718 0.045279
internal_weight=2035.85 2000.99 4.89106 34.8535 24.334 10.5195 9.23524 9.10322 21.6063 20.063 12.7479 9.27252 7.40325 6.36851
internal_count=449899 428487 8806 21412 10607 10805 8691 8614 8151 6601 4075 3615 3316 2767
is_linear=0
shrinkage=0.05


Tree=386
num_leaves=15
num_cat=0
split_feature=1 2 4 12 3 2 2 3 1 14 2 1 4 15
split_gain=2.57579 5.70508 3.31958 4.96172 3.90952 2.89074 3.23381 2.9669 4.52968 2.66126 2.4414 2.37596 2.27871 2.24641
threshold=48.500000000000007 -0.57874876260757435 0.0024572014808654789 0.038838613778352744 0.067535698413848891 -0.54481303691864003 -0.53941726684570301 0.057112306356430061 64.500000000000014 inf -1.0623880624771116 67.500000000000014 0.0026703774929046635 1.0000000180025095e-35
decision_type=10 8 8 8 10 10 10 10 10 8 10 8 10 10
left_child=1 -1 3 4 13 7 -7 8 -5 12 -11 -10 -4 -2
right_child=2 -3 9 5 -6 6 -8 -9 11 10 -12 -13 -14 -15
leaf_value=-0.042463742976190003 0.10468611875757601 -0.00023749570465874111 0.14373684400036085 -0.060308385878040799 -0.053650734890744511 0.21116693328180186 -0.066246447750210116 -0.049646972191174213 0.1133097718960219 0.029823036702497252 -0.041217441150650048 -0.012429472019036146 0.014014784354833094 -0.062002549978223381
leaf_weight=8.0321342847750241 1.6816593171397474 1940.3612180232092 0.34010583391682203 1.2857764060317989 0.69742935391830929 0.25665853921532289 0.17784217367780186 7.9594927154075634 0.99362050038507699 1.709323583502268 4.1350321132478589 0.60412002620614669 73.245918658812712 0.22973595798248414
leaf_count=4265 325 333405 288 567 1057 20 228 5963 80 838 21534 114 80939 99
internal_value=-2.29109e-05 -0.000411571 0.00809206 -0.0144623 0.0476784 -0.0288373 0.097621 -0.0339048 0.00954908 0.0120351 -0.0204399 0.0657666 0.0146143 0.0846513
internal_weight=2041.71 1948.39 93.3167 13.8863 2.60882 11.2775 0.434501 10.843 2.88352 79.4304 5.84436 1.59774 73.586 1.9114
internal_count=449722 337670 112052 8453 1481 6972 248 6724 761 103599 22372 194 81227 424
is_linear=0
shrinkage=0.05


Tree=387
num_leaves=15
num_cat=0
split_feature=12 2 2 0 17 12 18 16 13 17 17 2 17 13
split_gain=2.0961 2.74583 6.54615 5.23986 4.82305 3.84107 2.43373 3.9628 2.40698 2.40451 4.44559 4.56134 4.65929 5.81357
threshold=0.094494048506021514 0.10554751753807069 0.33381259441375738 0.74292179942131054 5.2652740478515634 0.11035007610917093 0.20291370898485186 3.113268375396729 0.12701612710952762 5.478551149368287 5.5194568634033212 2.8114801645278935 6.2906424999237069 0.15470086038112643
decision_type=10 8 8 10 10 8 10 10 10 10 10 8 10 10
left_child=-1 3 -3 4 -2 -6 7 -7 -4 -10 -11 12 13 -12
right_child=1 2 8 -5 5 6 -8 -9 9 10 11 -13 -14 -15
leaf_value=-0.00050284996910699461 -0.060118169223312284 -0.075528318102625225 -0.093273709752158859 0.082397744594353131 -0.060101514601562593 0.046757553184776701 0.046757553184776701 -0.04579877621879333 0.014007458171104218 -0.11415682137288996 0.062436524815240903 0.017478661363190599 0.032680690746806261 -0.043776423748503684
leaf_weight=1944.5564030871851 1.9839865408850119 2.5483730840368981 0.60808821995023166 3.2820934673363817 1.1664407237095824 1.8828920747542937 5.0110898339101482 1.9775251594431607 46.721125083192071 0.88165514452991445 1.4437844230081989 17.446685062111598 3.4676834996396328 11.965539424580234
leaf_count=433437 3194 722 338 42 728 143 1722 820 5857 209 39 1947 114 771
internal_value=-0.000139133 0.00690628 0.00339917 0.0264041 0.0111174 0.025197 0.0364122 0.00407224 0.00583617 0.0065718 -0.00329608 -0.000448456 -0.0189807 -0.0323405
internal_weight=2044.94 100.387 85.0829 15.304 12.0219 10.0379 8.87151 3.86042 82.5346 81.9265 35.2053 34.3237 16.877 13.4093
internal_count=450083 16646 9997 6649 6607 3413 2685 963 9275 8937 3080 2871 924 810
is_linear=0
shrinkage=0.05


Tree=388
num_leaves=15
num_cat=0
split_feature=10 4 17 17 8 17 17 17 10 8 10 12 18 1
split_gain=1.96957 12.1729 3.60254 3.58566 3.87595 3.17049 3.49219 3.34257 4.54046 6.49093 2.94951 2.65855 2.54161 3.20906
threshold=0.02560362778604031 0.034701704978942878 5.2755572795867929 5.8449916839599618 15.500000000000002 4.5695295333862314 4.1510088443756112 4.1026091575622567 0.015749008394777778 4.5000000000000009 0.025957931764423851 1.0000000180025095e-35 0.031050826422870163 28.500000000000004
decision_type=8 8 8 10 8 10 10 10 10 10 8 8 8 8
left_child=1 2 5 -4 -5 6 7 11 9 -9 -2 -1 13 -12
right_child=10 -3 3 4 -6 -7 -8 8 -10 -11 12 -13 -14 -15
leaf_value=0.099421313862875643 -0.079690233140850664 -0.050254734796649714 -0.018242393640485806 0.036828039328800667 -0.06099424264759995 0.046042423450471937 -0.064148868918239135 0.78640407892415376 0.067478676831160864 -0.050947780554053572 -0.0094960087948322402 -0.061647928327566194 -0.00060299061416385646 -0.063726670095020158
leaf_weight=0.34765239655989433 1.1848412681176723 7.1278432972167556 8.6879562132925177 8.8678225490449432 1.143147395372863 15.587418934058048 1.5024166435549942 0.054482042067547587 0.93893827870442692 0.040235257661066726 15.308557791003922 0.97376273876065134 1957.2290796737718 3.3193907151662492
leaf_count=513 449 56129 22173 6052 6205 17370 5543 10 94 439 1585 3721 326799 3147
internal_value=-0.000589108 0.00972249 0.0209303 0.00526073 0.0256578 0.0359987 -0.00458625 0.0334117 0.100762 0.430703 -0.00082523 -0.0192721 -0.000777938 -0.0191596
internal_weight=2022.31 45.2717 38.1438 18.6989 10.011 19.4449 3.85749 2.35507 1.03366 0.0947173 1977.04 1.32142 1975.86 18.6279
internal_count=450229 118249 62120 34430 12257 27690 10320 4777 543 449 331980 4234 331531 4732
is_linear=0
shrinkage=0.05


Tree=389
num_leaves=15
num_cat=0
split_feature=16 16 15 0 8 17 3 13 3 17 3 3 12 17
split_gain=2.65237 4.80101 4.1743 4.21882 4.14755 3.78844 4.72411 5.92015 5.62599 6.85172 6.57277 6.17456 6.70965 7.66938
threshold=4.6001451015472421 4.5591125488281259 inf 0.74292179942131054 6.5000000000000009 5.3683068752288827 0.036147534847259528 0.32738095521926885 0.051734060049057014 6.2255475521087655 0.049054056406021125 0.054146409034729011 0.083874460309743895 6.0461888313293466
decision_type=8 10 8 10 8 8 8 10 8 8 8 8 8 10
left_child=1 -1 4 -4 -3 -2 -7 8 9 -8 -11 -10 -13 -14
right_child=5 2 3 -5 -6 6 7 -9 11 10 -12 12 13 -15
leaf_value=-0.00072595202088492094 0.013471183463296676 0.036407376716361468 -0.034536412817481502 0.030936600168026563 -0.071229521505443788 0.006247725338715507 -0.045010630181776812 0.036448412051945524 0.034489882808913408 0.0043859451112802641 -0.079428169485978001 0.010189870719373311 -0.0054908920456970206 -0.043744553661347704
leaf_weight=1531.0283119927062 75.918084889244739 1.0437955890319015 5.6886079208205533 4.3356235656319768 6.2770053111965112 222.27003354881515 18.662229021967534 8.4237187220654146 10.970090235743553 21.588742940715751 2.6233709853549945 47.558415321490237 61.647387284387705 16.638940364682313
leaf_count=308029 48020 182 4878 58 2221 3406 1944 1597 741 1268 359 23990 43122 9890
internal_value=-1.05896e-05 -0.00102229 -0.0271802 -0.0062184 -0.0558827 0.00321066 0.00131253 -0.00451878 -0.0064393 -0.0222436 -0.00469527 -0.00148661 -0.00462274 -0.0136213
internal_weight=2034.67 1548.37 17.345 10.0242 7.3208 486.301 410.383 188.113 179.689 42.8743 24.2121 136.815 125.845 78.2863
internal_count=449705 315368 7339 4936 2403 134337 86317 82911 81314 3571 1627 77743 77002 53012
is_linear=0
shrinkage=0.05


Tree=390
num_leaves=15
num_cat=0
split_feature=3 4 0 4 2 12 17 17 12 11 18 18 16 18
split_gain=2.36732 3.94188 6.023 4.78602 6.40907 4.70558 3.8941 7.65364 8.63986 8.59596 9.60631 11.7297 5.18205 7.05318
threshold=1.0000000180025095e-35 0.00082460045814514171 0.67590063810348522 0.0010783374309539797 3.478630900382996 0.096006143838167204 5.4315338134765634 5.1328485012054452 0.037386443465948112 1.0000000180025095e-35 0.12656915187835696 0.14293887466192248 3.5114340782165532 0.29524835944175726
decision_type=10 8 8 8 10 8 10 8 8 8 8 8 8 8
left_child=1 2 -1 4 -3 -4 7 -5 -9 -10 -11 -12 -13 -14
right_child=-2 3 5 6 -6 -7 -8 8 9 10 11 12 13 -15
leaf_value=-0.086117459182329339 0.00097023226606455116 -0.10357525419510816 -0.03178161321783201 -0.0019124781510566373 0.042658024851485364 0.028661802846763153 0.0012685439560025879 -0.073653051766556635 0.0053179960479010783 -0.07756713331091257 0.045202984945109548 -0.089066183151394168 0.0033836482433608167 -0.044732862900306175
leaf_weight=1.3484349904862565 1475.6189516853999 2.5726208634603998 1.2742035113489008 197.46935417599707 1.0571831506676974 22.14750079219397 243.33850926137308 6.8431953113072197 31.299100358370204 8.2154170063022871 6.1693939438717953 3.3195640301502172 13.724195059633105 17.112885850309077
leaf_count=22 314219 904 763 56737 4 2621 49479 4657 11147 1263 200 275 1517 6439
internal_value=-7.73717e-05 -0.00285825 0.0166384 -0.00376752 -0.0609847 0.0225542 -0.00337379 -0.00734932 -0.0197347 -0.0151133 -0.0282872 -0.0182477 -0.0297082 -0.0233184
internal_weight=2031.51 555.892 24.7701 531.121 3.6298 23.4217 527.492 284.153 86.6838 79.8406 48.5415 40.326 34.1566 30.8371
internal_count=450247 136028 3406 132622 908 3384 131714 82235 25498 20841 9694 8431 8231 7956
is_linear=0
shrinkage=0.05


Tree=391
num_leaves=15
num_cat=0
split_feature=10 3 2 16 12 4 2 0 10 4 3 4 3 2
split_gain=2.61287 2.37893 5.09358 4.26912 3.18327 4.34196 4.111 3.04835 3.36435 4.5456 5.74851 2.69318 4.74642 7.31829
threshold=0.012422839645296337 0.026645988225936893 4.1596052646636972 2.6020033359527592 0.10102041065692903 0.0010783374309539797 2.4668344259262089 0.70582419633865368 0.028198256157338623 0.0035821795463562016 0.028953254222869877 0.0087243616580963152 0.044042706489562995 0.4544628262519837
decision_type=8 8 10 10 8 10 10 10 10 10 10 8 8 10
left_child=-1 3 7 4 5 -2 -7 11 9 10 -9 12 13 -3
right_child=1 2 -4 -5 -6 6 -8 8 -10 -11 -12 -13 -14 -15
leaf_value=-0.053615452208177754 0.033270096321388033 -0.054748474170068277 0.058380969196450097 -0.0038866751374471626 0.0081940015257223071 -0.089500768922269103 -0.014526644662210975 0.05599989934415231 0.024572035778788845 0.0021308837326086635 0.010282567168329928 0.0011891052552206981 -0.00044039219505148528 -0.0093022984001885651
leaf_weight=2.2973066413414909 2.9624590296298274 10.236584699385643 3.8776409710699218 698.06356468917511 123.2909954721938 2.5984176825731975 6.1696073213570344 7.760478046257048 20.478729867564653 260.68199155912691 60.327616432550712 592.07953811542552 173.60566622832542 65.796013912004128
leaf_count=38440 15 2266 35 10138 1433 108 91 112 451 16667 3205 303437 69930 3551
internal_value=-0.000321986 -0.000261613 0.00116834 -0.00231252 0.00582592 -0.0190634 -0.0367453 0.000982067 0.00490914 0.00368435 0.0154933 -0.000647368 -0.00500302 -0.0154209
internal_weight=2030.23 2027.93 1194.84 833.085 135.021 11.7305 8.76803 1190.97 349.249 328.77 68.0881 841.718 249.638 76.0326
internal_count=449879 411439 399654 11785 1647 214 199 399619 20435 19984 3317 379184 75747 5817
is_linear=0
shrinkage=0.05


Tree=392
num_leaves=15
num_cat=0
split_feature=11 8 16 8 2 2 3 17 0 1 0 2 16 17
split_gain=2.44495 3.01891 2.43874 3.62939 3.28263 6.12844 8.45959 5.63302 5.28914 5.25257 7.6254 3.63658 3.58239 6.53345
threshold=0.085144929587841048 12.500000000000002 2.7403194904327397 26.500000000000004 0.36232811212539678 0.6523132622241975 0.071626543998718276 4.1190040111541757 0.74748975038528453 25.500000000000004 0.61885589361190807 0.6726386845111848 2.2499048709869389 4.9732735157012948
decision_type=10 10 10 10 8 8 8 10 8 10 10 8 8 8
left_child=2 -2 3 4 9 6 8 -8 -6 10 -1 -7 -11 -14
right_child=1 -3 -4 -5 5 11 7 -9 -10 12 -12 -13 13 -15
leaf_value=-0.059460954237958864 0.012101557006081476 -0.071271828738305967 -0.0006117126115817639 0.042328936527293831 -0.078592194690127515 0.051237670400542883 0.039806326745126352 -0.081977271595157455 0.053468364189316865 0.022588385189634339 0.038738870506154995 0.0016270452672468611 -0.047087884273007981 0.0046303189946410644
leaf_weight=2.1563060246272157 58.5945821573887 1.106264472100732 1573.2077186283013 5.992376377314371 7.239855177089022 3.7397065745162212 4.5690094392303999 1.1986124952625514 0.84688021242618639 18.222850585585093 23.758337271215197 301.49619085364429 7.2717884325738558 38.10856715912864
leaf_count=1968 5342 337 377653 2395 907 196 1142 1192 4 7494 2289 23500 8024 17505
internal_value=0.000586774 0.0105566 0.000287344 0.00369883 0.0031323 0.000758605 -0.0317661 0.0144976 -0.0647622 0.0115935 0.0305679 0.00223487 0.00386249 -0.00365705
internal_weight=2047.51 59.7008 1987.81 414.6 408.608 319.09 13.8544 5.76762 8.08674 89.5178 25.9146 305.236 63.6032 45.3804
internal_count=449948 5679 444269 66616 64221 26941 3245 2334 911 37280 4257 23696 33023 25529
is_linear=0
shrinkage=0.05


Tree=393
num_leaves=15
num_cat=0
split_feature=16 11 18 2 4 18 4 4 0 2 2 12 1 2
split_gain=2.89154 6.12155 6.49074 6.26326 7.04534 6.02465 5.84014 6.72956 5.38026 4.59414 6.30961 4.5122 6.77442 4.47892
threshold=5.1445789337158212 0.47222222387790685 0.74159991741180431 2.0106205940246586 0.005279332399368287 0.59725365042686474 0.0072727501392364511 0.017076551914215091 0.74748975038528453 0.87491023540496837 0.69295841455459606 0.018019480630755428 3.5000000000000004 0.61243486404418956
decision_type=10 8 8 10 10 10 10 10 10 10 10 10 10 10
left_child=-1 2 5 9 8 -2 -6 -8 -5 10 13 -11 -13 -3
right_child=1 3 -4 4 6 -7 7 -9 -10 11 -12 12 -14 -15
leaf_value=-0.00073749159694593567 -0.01954574445386606 0.0078731296548475577 -0.049276341732806428 -0.10225704533410795 0.048968725629786929 0.037262046026172217 -0.042611205231973787 0.019177399455592384 -0.0074706231630363371 0.037890033151274718 -0.076521834523237742 0.056351282846726393 -0.073708197485947952 0.063099363556549354
leaf_weight=1889.2144644603318 12.396355552599376 47.363734561480271 9.0302454545837936 3.1291825401713167 5.4834657630126484 7.4854571460319113 8.3739811496343481 9.3013323272089092 2.8703853846527636 32.562410709118325 2.0875729727119099 1.754896431866199 2.3312669481276203 3.9798109752408655
leaf_count=399574 4233 23192 18340 68 37 2370 107 263 36 1076 405 15 270 216
internal_value=-0.000210006 0.00651651 -0.0141239 0.0115212 -0.00862039 0.00184226 0.00388916 -0.010096 -0.0569082 0.018041 0.00868931 0.0316751 -0.0178512 0.0121539
internal_weight=2037.36 148.15 28.9121 119.238 29.1583 19.8818 23.1588 17.6753 5.99957 90.0797 53.4311 36.6486 4.08616 51.3435
internal_count=450202 50628 24943 25685 511 6603 407 370 104 25174 23813 1361 285 23408
is_linear=0
shrinkage=0.05


Tree=394
num_leaves=15
num_cat=0
split_feature=2 2 18 18 11 2 18 4 4 12 18 10 18 4
split_gain=2.6567 6.72417 7.66259 10.2969 6.04985 5.33551 4.40532 4.30345 5.03815 4.0098 5.31151 3.98556 4.08344 4.48605
threshold=1.134118974208832 1.2789837718009951 0.29524835944175726 0.22583156824111941 inf 1.0703201889991762 0.69702500104904186 0.0042276680469512948 0.0047592818737030038 0.18274582922458651 1.0000000180025095e-35 0.031076865270733837 0.055223641917109496 0.00037497282028198248
decision_type=10 8 10 10 8 10 10 10 10 8 10 10 8 8
left_child=5 2 3 7 -5 11 9 -2 -9 10 -7 12 13 -1
right_child=1 -3 -4 4 -6 6 -8 8 -10 -11 -12 -13 -14 -15
leaf_value=0.059702385523132555 -0.078087251126356047 -0.0010541917964739661 -0.068505002482783753 -0.074979186030850895 0.056620329760911282 0.083931629696083074 -0.080196677229141408 0.064570669125724414 -0.027710359101095886 0.033475855240232 -0.071255763811096606 0.031472799174145069 -0.00028824365647062654 0.0087954783038873205
leaf_weight=4.6088932500399897 3.732355962725598 1139.3459183203347 7.3775755112927603 1.0090881974114712 6.491176309319826 0.75368194409057343 0.99311226861770663 1.6378814992931463 15.253249316143565 24.559214148957089 2.0540810848603996 10.73645436251263 759.84931433267752 70.916098649424072
leaf_count=235 323 30163 2105 302 246 30 352 41 2023 1707 444 145 391937 20106
internal_value=-0.000168741 -0.00172191 -0.023151 -0.0112535 0.0389149 0.00191793 0.0232506 -0.0294986 -0.0187621 0.0270046 -0.0295991 0.0012029 0.000813864 0.0119021
internal_weight=2049.32 1174.85 35.5013 28.1238 7.50026 874.471 28.3601 20.6235 16.8911 27.367 2.80776 846.111 835.374 75.525
internal_count=450159 35203 5040 2935 548 414956 2533 2387 2064 2181 474 412423 412278 20341
is_linear=0
shrinkage=0.05


Tree=395
num_leaves=15
num_cat=0
split_feature=3 17 18 16 4 2 2 14 3 4 1 2 2 3
split_gain=2.28847 3.92619 5.058 5.45512 9.68611 4.06272 8.99124 5.94773 5.87965 5.49286 5.03012 4.6896 4.99473 5.82447
threshold=0.021053433418273929 4.2696731090545663 0.89316681027412426 2.2499048709869389 0.023971259593963627 0.26196622848510748 0.17509431391954425 1.0000000180025095e-35 0.036147534847259528 0.0050748288631439218 25.500000000000004 0.062177266925573356 0.041197286918759353 0.077922344207763686
decision_type=8 10 10 10 8 10 10 10 10 8 10 10 10 8
left_child=-1 2 3 5 -5 6 9 -7 -9 -2 -8 12 13 -11
right_child=1 -3 -4 4 -6 7 10 8 -10 11 -12 -13 -14 -15
leaf_value=-0.0025717883528384379 -0.04878093090304348 0.0019965396483742201 0.016332403139752105 -0.043154970830301641 0.0010525092637167141 0.0032632552871212982 0.069350621544439758 -0.0022139855342539223 -0.048759903752406353 -0.042435863363784604 -0.073961695623284127 -0.074233471185394084 0.076920082798410838 0.018486891681739469
leaf_weight=724.79419323736852 5.2643996209057553 1138.0790526802605 21.973544677830802 27.006620247177636 22.895162774348776 33.846834601722065 7.2841260693472512 12.222839644644411 15.249184202506198 5.064585370768337 0.66847078072453303 1.6631863691244735 2.6842357923509317 17.407549414641842
leaf_count=9283 3261 366153 19569 10011 15963 3626 482 315 1841 1476 125 783 169 17231
internal_value=-0.000317093 0.000929135 -0.00608343 -0.00933984 -0.0228724 -0.00267716 0.00971148 -0.010766 -0.0280507 -0.00208526 0.0573042 0.00708062 0.0124566 0.00475662
internal_weight=2036.1 1311.31 173.231 151.257 49.9018 101.355 40.0366 61.3189 27.472 32.084 7.9526 26.8196 25.1564 22.4721
internal_count=450288 441005 74852 55283 25974 29309 23527 5782 2156 22920 607 19659 18876 18707
is_linear=0
shrinkage=0.05


Tree=396
num_leaves=15
num_cat=0
split_feature=1 2 0 3 4 12 3 16 4 0 16 16 7 4
split_gain=2.77789 2.84025 4.73159 4.65779 2.83212 4.84775 3.44185 2.66424 2.76168 8.4058 4.64272 9.16918 9.09949 6.33909
threshold=48.500000000000007 -0.5838748812675475 0.68365874886512767 0.06935021281242372 0.0024572014808654789 0.038838613778352744 0.067535698413848891 4.5379471778869638 0.022440135478973392 0.6723390817642213 4.8789997100830087 4.9801702499389657 47.550605773925788 0.015666365623474125
decision_type=10 8 8 10 10 8 10 10 10 10 10 8 8 10
left_child=1 2 -1 -4 5 6 -2 -3 10 -10 13 -12 -13 -9
right_child=4 7 3 -5 -6 -7 -8 8 9 -11 11 12 -14 -15
leaf_value=-0.060357996304607746 0.077301951486787257 -0.0013170200909337041 0.081229878162136088 -0.019881970625525255 0.011814512015635936 -0.027281655334917266 -0.053306122604574901 0.0073722614691945788 -0.059597141282713789 0.00045985098909491441 -0.03727922535633299 -0.065686393841568921 0.0052656247330657513 0.036761961433246802
leaf_weight=4.9266706309412598 2.1304609930689371 1574.0127983346006 1.5954973309999334 1.2533259395145249 80.869528283489515 11.179583001666598 0.66089738870557813 122.81411525142553 6.6975156799929598 44.789248794928625 15.335299595011987 4.6545300940129621 155.01447492078529 21.5698601363232
leaf_count=3030 418 240097 187 691 103934 6981 1050 13494 41055 7203 3697 10290 15332 2873
internal_value=-0.000133418 -0.000539299 -0.0306984 0.0205941 0.00822323 -0.0125646 0.0463785 -0.000418725 0.00339368 -0.0073525 0.00512601 -0.000349588 0.00319729 0.0117629
internal_weight=2047.5 1952.66 7.77549 2.84882 94.8405 13.9709 2.79136 1944.89 370.875 51.4868 319.388 175.004 159.669 144.384
internal_count=450332 337949 3908 878 112383 8449 1468 334041 93944 48258 45686 29319 25622 16367
is_linear=0
shrinkage=0.05


Tree=397
num_leaves=15
num_cat=0
split_feature=11 9 9 10 0 18 9 3 3 18 18 18 17 2
split_gain=2.34829 2.40941 3.52531 5.40743 3.46508 3.42852 3.27736 2.71066 2.64941 2.55655 3.66521 3.13622 4.05545 4.47376
threshold=0.61250001192092907 0.49846872687339788 0.47192774713039404 0.03008369263261557 0.63565751910209667 0.30454054474830633 0.522617667913437 0.054146409034729011 0.026645988225936893 0.98531568050384533 0.96507561206817638 0.1470901817083359 5.059420347213746 3.0663039684295659
decision_type=10 8 10 8 8 8 8 10 8 10 10 10 8 8
left_child=1 2 3 4 -1 7 -3 -4 -7 10 11 12 13 -8
right_child=-2 6 5 -5 -6 8 9 -9 -10 -11 -12 -13 -14 -15
leaf_value=-0.077129585549987667 0.011474338735931436 -0.042973562481847201 0.023452683567634497 -0.059616039322385253 0.014149461263270486 -0.016247017601968457 0.014744946824479572 -0.081022597895121631 0.083263330178230455 0.0085128911367744371 -0.070993527834965306 -0.0024445432256586432 -3.5639739251975649e-05 -0.0037998101339876142
leaf_weight=1.0837078485296174 43.798925598013739 4.5265191613488085 4.5776336863456342 3.0711429500566956 25.606536761338958 0.79770725961134381 105.47716733832877 0.71826729309353243 4.142044285350325 77.620895949129135 1.8550769399330409 1072.9860668441099 647.89598194061773 47.018601186714363
leaf_count=3004 3636 5393 1955 334 49389 13 17517 222 3610 41697 1341 226275 91768 3744
internal_value=2.17472e-05 -0.000229388 0.011919 0.00321367 0.0104432 0.0372308 -0.000477628 0.00928301 0.0671937 -0.000379126 -0.000747191 -0.000677631 0.00169105 0.00902709
internal_weight=2041.18 1997.38 39.997 29.7614 26.6902 10.2357 1957.38 5.2959 4.93975 1952.85 1875.23 1873.38 800.392 152.496
internal_count=449898 446262 58527 52727 52393 5800 387735 2177 3623 382342 340645 339304 113029 21261
is_linear=0
shrinkage=0.05


Tree=398
num_leaves=15
num_cat=0
split_feature=8 8 12 14 10 3 0 4 4 9 17 9 8 9
split_gain=1.52631 1.51668 5.7149 5.54296 3.5815 3.97693 3.11512 3.05145 3.01586 2.56848 2.45763 1.93097 2.20363 4.46625
threshold=29.500000000000004 20.500000000000004 0.077422577887773528 1.0000000180025095e-35 0.0242319330573082 0.030923604965209964 0.66226702928543102 0.019274204969406131 0.0076526701450347909 0.65738853812217724 6.01249122619629 0.23629503697156909 13.500000000000002 0.7693164348602296
decision_type=10 10 8 8 10 8 8 8 10 8 10 8 10 10
left_child=1 11 3 -3 -4 8 7 -7 -6 -10 -5 -1 -13 -14
right_child=-2 2 4 10 5 6 -8 -9 9 -11 -12 12 13 -15
leaf_value=0.052531042484484251 -0.064151444304895097 0.071415635846526757 -0.058559719148944346 -0.079450309582005135 0.011873382654275835 -0.07837423314011871 0.034702052538125118 0.0036428168292119006 -0.014235157363339837 -0.078509223312499252 0.043044109628034281 0.00011031704375417809 -0.0089510356219562499 -0.090259134955188891
leaf_weight=1.7461794107066468 0.92306302234987825 5.9550111522493339 2.3926640428543804 1.0295008779134898 5.5061513438122365 1.4858364870172924 11.388711080155531 0.96710042472495406 4.1768669888842851 2.4755603511002846 0.67989198235774484 1976.8554842813357 21.766130372590705 1.8310209889461138
leaf_count=3794 4274 2920 28923 4589 80 148 423 468 92 29 645 376168 26268 1476
internal_value=0.000128807 0.000157918 0.0103214 0.0486342 -2.074e-05 0.00536629 0.0236938 -0.0274164 -0.0154982 -0.0381534 -0.0307295 -2.51155e-05 -7.09914e-05 -0.0152601
internal_weight=2039.18 2038.26 36.0573 7.6644 28.3929 26.0002 13.8416 2.45294 12.1586 6.65243 1.70939 2002.2 2000.45 23.5972
internal_count=450297 446023 38317 8154 30163 1240 1039 616 201 121 5234 407706 403912 27744
is_linear=0
shrinkage=0.05


Tree=399
num_leaves=15
num_cat=0
split_feature=16 3 4 8 1 16 4 16 15 1 16 16 1 2
split_gain=2.57811 4.30227 4.36855 3.9022 3.57137 3.32187 6.09556 4.96777 6.64964 8.18594 7.7504 6.38337 8.06069 5.01377
threshold=2.8029010295867924 0.10882988572120668 0.013229221105575563 26.500000000000004 74.500000000000014 4.2972624301910409 0.022440135478973392 4.3107767105102548 1.0000000180025095e-35 2.5000000000000004 4.3241107463836679 4.7405652999877939 7.5000000000000009 2.8114801645278935
decision_type=10 10 10 10 10 8 8 10 8 8 8 10 8 10
left_child=1 3 -3 4 -1 -2 -7 -8 9 13 -11 12 -10 -9
right_child=5 2 -4 -5 -6 6 7 8 11 10 -12 -13 -14 -15
leaf_value=0.0018933169474049821 -0.0022161547696670793 -0.05637995309997218 0.041539213468633256 0.04104957803442931 0.058041045733227437 0.0058000633114959387 0.058620761498343027 0.065016485126694445 0.0047646832592568092 0.061446965117790159 -0.071386340729374179 0.00617882437264491 -0.035847428650695706 -0.032891658205821565
leaf_weight=429.22905453043529 1058.7951863118335 1.2614822187775931 11.736022775485415 6.5837195295103461 2.8509216816555627 394.6436008283913 2.883025823870212 2.620242549953236 22.503512328677488 1.2171983885880999 11.224899185083208 70.477021540964117 26.731713300508446 2.610079243502696
leaf_count=39930 223291 2836 26915 2372 190 65409 1451 48 1828 213 13037 44004 28405 80
internal_value=0.000351384 0.0036859 0.0320356 0.00284591 0.00226379 -0.000593628 0.00261798 -0.00633484 -0.00769793 -0.0363279 -0.0583914 -0.00347146 -0.0172852 0.0161575
internal_weight=2045.37 451.661 12.9975 438.664 432.08 1593.71 534.911 140.268 137.385 17.6724 12.4421 119.712 49.2352 5.23032
internal_count=450009 72243 29751 42492 40120 377766 154475 89066 87615 13378 13250 74237 30233 128
is_linear=0
shrinkage=0.05


end of trees

feature_importances:
len_ratio=698
log_doc_tokens=647
z_cos=548
q_margin=516
gap_top1=508
log_q_tokens=399
rrf_prior=346
rank_dense=338
cos=296
numeric_literal_overlap=214
bm25_norm=200
const_jaccard=179
rank_lex=163
tc_loop_expected=143
out_literal_recall=136
io_shape_compat=124
bm25=121
dup_cluster_size=13
parse_ok=11

parameters:
[boosting: gbdt]
[objective: lambdarank]
[metric: ndcg]
[tree_learner: serial]
[device_type: cpu]
[data_sample_strategy: bagging]
[data: ]
[valid: ]
[num_iterations: 400]
[learning_rate: 0.05]
[num_leaves: 15]
[num_threads: 0]
[seed: 0]
[deterministic: 1]
[force_col_wise: 0]
[force_row_wise: 1]
[histogram_pool_size: -1]
[max_depth: -1]
[min_data_in_leaf: 50]
[min_sum_hessian_in_leaf: 0.001]
[bagging_fraction: 0.9]
[pos_bagging_fraction: 1]
[neg_bagging_fraction: 1]
[bagging_freq: 1]
[bagging_seed: 7719]
[bagging_by_query: 0]
[feature_fraction: 0.8]
[feature_fraction_bynode: 1]
[feature_fraction_seed: 2437]
[extra_trees: 0]
[extra_seed: 11797]
[early_stopping_round: 0]
[early_stopping_min_delta: 0]
[first_metric_only: 0]
[max_delta_step: 0]
[lambda_l1: 0]
[lambda_l2: 0]
[linear_lambda: 0]
[min_gain_to_split: 0]
[drop_rate: 0.1]
[max_drop: 50]
[skip_drop: 0.5]
[xgboost_dart_mode: 0]
[uniform_drop: 0]
[drop_seed: 21238]
[top_rate: 0.2]
[other_rate: 0.1]
[min_data_per_group: 100]
[max_cat_threshold: 32]
[cat_l2: 10]
[cat_smooth: 10]
[max_cat_to_onehot: 4]
[top_k: 20]
[monotone_constraints: 1,0,0,0,0,0,0,1,0,0,0,0,0,0,0,0,0,0,0,0,0,0]
[monotone_constraints_method: basic]
[monotone_penalty: 0]
[feature_contri: ]
[forcedsplits_filename: ]
[refit_decay_rate: 0.9]
[cegb_tradeoff: 1]
[cegb_penalty_split: 0]
[cegb_penalty_feature_lazy: ]
[cegb_penalty_feature_coupled: ]
[path_smooth: 0]
[interaction_constraints: ]
[verbosity: -1]
[saved_feature_importance_type: 0]
[use_quantized_grad: 0]
[num_grad_quant_bins: 4]
[quant_train_renew_leaf: 0]
[stochastic_rounding: 1]
[linear_tree: 0]
[max_bin: 255]
[max_bin_by_feature: ]
[min_data_in_bin: 3]
[bin_construct_sample_cnt: 200000]
[data_random_seed: 38]
[is_enable_sparse: 1]
[enable_bundle: 1]
[use_missing: 1]
[zero_as_missing: 0]
[feature_pre_filter: 1]
[pre_partition: 0]
[two_round: 0]
[header: 0]
[label_column: ]
[weight_column: ]
[group_column: ]
[ignore_column: ]
[categorical_feature: ]
[forcedbins_filename: ]
[precise_float_parser: 0]
[parser_config_file: ]
[objective_seed: 8855]
[num_class: 1]
[is_unbalance: 0]
[scale_pos_weight: 1]
[sigmoid: 1]
[boost_from_average: 1]
[reg_sqrt: 0]
[alpha: 0.9]
[fair_c: 1]
[poisson_max_delta_step: 0.7]
[tweedie_variance_power: 1.5]
[lambdarank_truncation_level: 20]
[lambdarank_norm: 1]
[label_gain: ]
[lambdarank_position_bias_regularization: 0]
[eval_at: 10]
[multi_error_top_k: 1]
[auc_mu_weights: ]
[num_machines: 1]
[local_listen_port: 12400]
[time_out: 120]
[machine_list_filename: ]
[machines: ]
[gpu_platform_id: -1]
[gpu_device_id: -1]
[gpu_device_id_list: ]
[gpu_use_dp: 0]
[num_gpu: 1]

end of parameters

pandas_categorical:null
