tree
version=v4
num_class=1
num_tree_per_iteration=1
label_index=0
max_feature_idx=28
objective=lambdarank
feature_names=cos rank_dense z_cos gap_top1 q_margin cos_prf rank_prf bm25 rank_lex bm25_norm rrf_prior out_literal_recall numeric_literal_overlap const_jaccard io_shape_compat tc_loop_expected log_doc_tokens log_q_tokens len_ratio is_truncated parse_ok dup_cluster_size cos2 rank_dense2 z_cos2 symbol_hits symbol_coverage symbol_idf n_channels
monotone_constraints=1 0 0 0 0 0 0 1 0 0 0 0 0 0 0 0 0 0 0 0 0 0 1 0 0 0 0 0 0
feature_infos=[0.11400707811117172:0.8746979832649231] [1:300] [-5.0770583152770996:5.540245532989502] [0:0.67348700761795044] [0:0.31374979019165039] none none [0.87487566471099854:1520.79345703125] [1:200] [0.0051117236725986004:1] [0.0038461538497358561:0.032786883413791656] [0:1] [0:1] [0:1] [0:1] [0:1] [0.69314718246459961:9.2121391296386719] [2.0794415473937988:7.6680936813354492] [0.00046772684436291456:357.75] none [0:1] [1:2] [-0.065258175134658813:0.92163026332855225] [1:8765] [-3.7792181968688965:6.7666187286376953] [0:19] [0:1] [0:93.123489379882812] [1:4]
tree_sizes=1792 1795 1790 1782 1777 1787 1793 1782 1792 1802 1785 1792 1783 1787 1793 1790 1775 1790 1785 1790 1793 1786 1778 1791 1795 1803 1805 1794 1789 1784 1800 1792 1795 1786 1795 1785 1794 1792 1785 1785 1793 1792 1792 1799 1782 1796 1785 1786 1777 1802 1785 1801 1790 1791 1796 1796 1800 1787 1788 1800 1789 1790 1797 1803 1795 1808 1789 1794 1802 1795 1807 1800 1790 1791 1805 1796 1804 1795 1799 1801 1805 1801 1808 1813 1808 1795 1816 1818 1819 1818 1807 1808 1813 1794 1811 1808 1795 1799 1791 1796 1823 1814 1809 1801 1798 1803 1812 1815 1820 1806 1820 1816 1810 1815 1823 1807 1811 1795 1803 1784 1797 1782 1814 1796 1800 1802 1806 1799 1819 1815 1836 1801 1818 1814 1817 1796 1826 1813 1811 1826 1835 1835 1806 1803 1808 1799 1825 1781 1833 1839 1821 1793 1808 1810 1808 1795 1799 1821 1818 1807 1823 1793 1814 1817 1787 1790 1808 1802 1785 1802 1810 1786 1828 1813 1814 1795 1803 1790 1795 1785 1796 1801 1807 1787 1826 1777 1771 1822 1820 1783 1816 1813 1816 1809 1794 1786 1806 1810 1825 1785 1803 1787 1793 1805 1825 1792 1787 1817 1796 1800 1826 1802 1814 1805 1811 1796 1796 1816 1809 1811 1822 1795 1807 1821 1824 1793 1796 1796 1775 1821 1804 1812 1784 1789 1784 1806 1800 1784 1811 1812 1797 1795 1803 1797 1824 1810 1786 1806 1790 1793 1827 1799 1828 1790 1766 1825 1802 1787 1801 1795 1782 1809 1816 1785 1809 1805 1795 1794 1799 1797 1793 1795 1818 1801 1806 1799 1821 1801 1802 1774 1797 1778 1809 1781 1774 1818 1802 1792 1813 1807 1820 1811 1806 1813 1803 1801 1798 1800 1787 1823 1806 1813 1822 1806 1785 1805 1814 1784 1788 1804 1799 1816 1821 1820 1809 1797 1811 1783 1769 1783 1805 1800 1796 1786 1809 1795 1807 1783 1810 1807 1801 1818 1793 1819 1802 1805 1806 1777 1802 1810 1814 1819 1795 1823 1830 1802 1814 1799 1821 1792 1797 1806 1757 1778 1799 1807 1800 1806 1806 1793 1818 1804 1807 1791 1819 1820 1822 1812 1794 1812 1788 1826 1809 1817 1819 1815 1801 1793 1810 1791 1804 1807 1814 1819 1776 1780 1808 1818 1772 1812 1816 1785 1802 1809 1794 1775 1801 1764 1771 1790

Tree=0
num_leaves=15
num_cat=0
split_feature=23 3 22 22 3 23 3 3 22 1 22 1 23 18
split_gain=59208.9 4279.36 760.397 490.464 296.303 221.654 218.18 167.909 115.463 63.6725 52.2443 51.029 41.0796 40.6163
threshold=14.500000000000002 0.11639323830604555 0.63338744640350353 0.69894883036613475 0.11042261123657228 4.5000000000000009 0.075504183769226088 0.057560086250305183 0.64364916086196911 4.5000000000000009 0.63839575648307811 4.5000000000000009 4.5000000000000009 0.10191553458571435
decision_type=10 10 10 10 10 8 10 8 10 8 10 8 10 10
left_child=1 5 7 10 11 -1 9 -2 -8 -7 -3 -4 -5 -13
right_child=2 3 4 12 -6 6 8 -9 -10 -11 -12 13 -14 -15
leaf_value=0.098824625184427861 -0.059301226491920357 -0.09423937734690109 0.068122272580467963 0.074595496867560424 -0.059301226491920357 0.09326707373911651 -0.051043850999224476 -0.098915987852497889 0.049907972520088419 0.060509344857348574 -0.036667856632286007 0.043117573229614292 -0.0035404077729342775 -0.013253544979956403
leaf_weight=7910.6362454602786 149.87399420307338 320.57192778888566 46.223462865833426 54.371005150198471 148.30506196272472 429.65041450534773 48.691261116488022 8006.4474588316589 67.713245699880645 226.56727309781854 44.928980917786248 50.436207541519252 24.357228015986038 87.200438829866471
leaf_count=11496 30856 80483 1112 2217 38569 2334 10991 2025840 4889 9209 8823 4279 3863 13353
internal_value=0.00018492 0.0885844 -0.0948691 -0.0627792 -0.0207133 0.0963281 0.0707664 -0.0978891 0.00768047 0.0819571 -0.0871624 0.0226684 0.0504215 0.00740335
internal_weight=17616 9127.49 8488.49 444.229 332.165 8683.26 772.622 8156.32 116.405 656.218 365.501 183.86 78.7282 137.637
internal_count=2248314 134305 2114009 95386 57313 38919 27423 2056696 15880 11543 89306 18744 6080 17632
is_linear=0
shrinkage=0.05


Tree=1
num_leaves=15
num_cat=0
split_feature=23 23 3 22 22 3 4 3 1 18 3 26 3 24
split_gain=63168.2 4407.19 2034.1 1069.43 775.839 268.741 216.309 215.926 215.533 148.548 145.634 114.963 112.851 111.661
threshold=14.500000000000002 2.5000000000000004 0.061360150575637824 0.63338744640350353 0.62046942114830028 0.11042261123657228 0.039200365543365485 0.057560086250305183 1.5000000000000002 0.34547665715217596 0.039593756198883064 0.097619049251079573 0.15368023514747622 1.1450402140617373
decision_type=10 8 8 10 10 10 10 8 10 10 10 8 10 10
left_child=1 10 8 7 11 13 9 -2 -3 -6 -1 -4 -13 -5
right_child=3 2 4 5 6 -7 -8 -9 -10 -11 -12 12 -14 -15
leaf_value=0.089814298497078185 -0.054907271065960175 0.082589482998437047 -0.088267906365991633 -0.054907271065960175 0.029420938142163566 -0.054907271065960175 -0.03243828442541901 -0.089869720610765966 0.043422916945024558 -0.026478873684564121 0.072449801146693291 -0.03243828442541901 -0.087234875677693322 0.016845137349509758
leaf_weight=9385.4936682736734 241.30075279873563 578.07027185068 348.41188939139829 48.887840361945564 547.41817899540183 244.05089538515313 125.7629659640952 10899.439446620672 895.22154547000537 151.80383138451725 1385.759420949209 119.69378121866612 100.86992562637897 321.70678265247261
leaf_count=4385 30858 749 61017 4760 11674 38657 8903 2027202 7776 6018 4314 9427 20124 13930
internal_value=-0.000297472 0.0729158 0.0178264 -0.0852389 -0.025469 -0.0210333 0.00550904 -0.0887812 0.0587906 0.0172849 0.0875803 -0.0703856 -0.042138 0.00605161
internal_weight=25393.9 13638.5 2867.25 11755.4 1393.96 614.646 824.985 11140.7 1473.29 699.222 10771.3 568.976 220.564 370.595
internal_count=2249794 134387 125688 2115407 117163 57347 26595 2058060 8525 17692 8699 90568 29551 18690
is_linear=0
shrinkage=0.05


Tree=2
num_leaves=15
num_cat=0
split_feature=24 3 22 22 24 3 3 4 3 22 24 27 22 22
split_gain=55186.8 3881.29 859.421 706.358 488.833 282.615 238.311 158.668 154.793 131.236 105 98.2975 72.2009 65.0663
threshold=1.5026199221611025 0.10662662982940675 0.64364916086196911 0.63338744640350353 2.0047768354415898 0.047123700380325324 0.11042261123657228 0.05502936244010926 0.047123700380325324 0.66424882411956798 2.0047768354415898 3.2130168676376347 0.69894883036613475 0.71941202878952037
decision_type=8 10 10 10 10 8 8 10 8 10 10 8 10 10
left_child=3 4 -3 8 5 -2 -5 10 -1 11 13 -7 -6 -4
right_child=1 2 7 6 12 9 -8 -9 -10 -11 -12 -13 -14 -15
leaf_value=-0.054492590983740846 0.068002388023053792 -0.076332601424596455 -0.022545245916867136 0.0024959735209702568 0.065339499886393315 -0.044237472873875937 -0.054492590983740846 -0.027770015598368655 -0.083495305760380389 0.041070291240492975 0.060076557616907292 0.016390479098790867 0.082309028014332611 0.032821034529316728
leaf_weight=150.20099551058956 1094.2966203138349 474.16982277574425 94.515344125975389 326.64176869468065 669.19560754796839 98.850505226044334 258.83097299252404 40.237290215911344 10810.483652476338 445.07919248566031 182.54140547168208 94.232862484117504 9898.8453818783746 120.99744065353298
leaf_count=16959 4637 90622 7034 16314 3378 9804 39300 4825 2033714 6823 1840 4361 7060 2818
internal_value=3.67188e-05 0.0698179 -0.0296795 -0.0798181 0.0771987 0.0525806 -0.0263088 0.0207926 -0.0826763 0.026136 0.0321736 -0.00828933 0.0812345 0.00853958
internal_weight=24759.1 13213 912.461 11546.2 12300.5 1732.46 585.473 438.291 10960.7 638.163 398.054 193.083 10568 215.513
internal_count=2249489 143202 107139 2106287 36063 25625 55614 16517 2050673 20988 11692 14165 10438 9852
is_linear=0
shrinkage=0.05


Tree=3
num_leaves=15
num_cat=0
split_feature=23 3 23 23 3 3 23 8 18 3 4 3 2 18
split_gain=48538.5 3623.29 645.847 470.781 466.33 301.287 275.994 111.14 110.866 103.696 112.131 81.451 72.9743 66.9156
threshold=9.5000000000000018 0.039593756198883064 2.5000000000000004 43.500000000000007 0.11282742023468019 0.1584788262844086 53.500000000000007 5.5000000000000009 0.17361874133348468 0.057560086250305183 0.057187378406524665 0.027712970972061161 2.0746576786041264 0.41475240886211401
decision_type=8 8 10 10 10 10 10 8 8 8 10 10 10 10
left_child=2 6 11 4 8 9 12 -8 -3 -4 13 -1 -2 -11
right_child=1 3 5 -5 -6 -7 7 -9 -10 10 -12 -13 -14 -15
leaf_value=0.077903011594814123 0.036848638754564421 0.009898887909962923 0.057114134165907375 -0.078519884423424918 -0.069953553739904764 -0.055539556524000389 0.084113161378044712 -0.080367427305256145 -0.034602867757129847 0.039676293512542204 -0.086407812741760376 0.066344691814706036 0.073492715738666684 -0.015862309848352827
leaf_weight=8906.4234045838239 224.11082035925938 278.75923642102862 774.51984412336606 10386.116766380728 951.76813905144809 78.336869793012738 12.710023251594974 53.501877483271528 281.06377993329079 456.07086703932146 20.411572122131474 1838.9269167823368 345.03468680591322 61.554619078277028
leaf_count=4011 4152 16501 4227 1979479 172460 10194 81 9460 28057 9607 3063 4735 914 3355
internal_value=0.000502774 -0.068513 0.0717751 -0.0747255 -0.0486545 0.0397157 0.0478235 -0.0487938 -0.0124436 0.0454008 0.0285391 0.075925 0.0590635 0.0330718
internal_weight=24669.3 12533.1 12136.2 11897.7 1511.59 1390.89 635.357 66.2119 559.823 1312.56 538.037 10745.4 569.146 517.625
internal_count=2250296 2211104 39192 2196497 217018 30446 14607 9541 44558 20252 16025 8746 5066 12962
is_linear=0
shrinkage=0.05


Tree=4
num_leaves=15
num_cat=0
split_feature=23 28 22 23 22 0 0 1 1 4 4 23 1 1
split_gain=42962.3 1820.98 1078.77 631.06 412.443 409.333 227.513 144.641 121.836 83.0561 75.5092 64.1361 58.8817 53.6421
threshold=9.5000000000000018 1.5000000000000002 0.63338744640350353 2.5000000000000004 0.57329916954040538 0.61265969276428234 0.67773553729057323 3.5000000000000004 3.5000000000000004 0.032844483852386482 0.039200365543365485 21.500000000000004 1.5000000000000002 5.5000000000000009
decision_type=10 8 10 8 10 8 10 8 8 10 10 10 8 10
left_child=1 4 7 12 -1 9 11 -2 -7 -5 -10 -4 -3 -8
right_child=2 3 6 5 -6 8 13 -9 10 -11 -12 -13 -14 -15
leaf_value=-0.076372282162311636 -0.043045210065094534 0.074529854259115527 -0.013514656472328268 -0.0031501198640655815 0.02489267036050875 0.062210177375372482 0.043742353589049765 -0.074056802105547534 0.039522908758240424 -0.071940942367278299 0.0077825748312294694 -0.043045210065094534 0.066598906131787525 0.0022891006328544252
leaf_weight=264.34218592831166 75.292020249937195 6956.0933829655405 217.77777427970432 104.55595505796373 162.2788068758091 744.01995777303819 134.75678455556044 10812.69912760533 752.25917318073334 75.608526750584133 61.97925886628218 246.08407355070813 3526.8615782819688 185.43146516609704
leaf_count=54369 4947 2719 17184 8176 5201 2696 1866 2064940 14336 13235 6509 37961 5403 10519
internal_value=-0.000150064 0.0636901 -0.0693283 0.0672348 -0.037853 0.0393345 -0.0126831 -0.0734073 0.0475843 -0.0320191 0.0342197 -0.0350605 0.0718616 0.0197354
internal_weight=24320 12648 11672 12221.4 426.621 1738.42 784.05 10888 1558.26 180.164 814.238 463.862 10483 320.188
internal_count=2250061 112644 2137417 53074 59570 44952 67530 2069887 23541 21411 20845 55145 8122 12385
is_linear=0
shrinkage=0.05


Tree=5
num_leaves=15
num_cat=0
split_feature=23 3 23 22 23 3 3 4 3 23 3 10 28 24
split_gain=38956.1 2611.04 639.468 551.015 404.561 194.157 189.699 182.91 89.0327 78.2857 60.1875 54.9058 52.9942 50.4258
threshold=14.500000000000002 0.10662662982940675 7.5000000000000009 0.63338744640350353 2.5000000000000004 0.027712970972061161 0.092440336942672743 0.056271821260452277 0.052876651287078864 4.5000000000000009 0.039593756198883064 0.026260042563080791 1.5000000000000002 1.1943128705024721
decision_type=10 10 8 10 8 8 10 10 8 8 10 10 8 10
left_child=1 4 7 8 10 -6 11 -3 -2 -7 -1 13 -11 -5
right_child=3 2 -4 6 5 9 -8 -9 -10 12 -12 -13 -14 -15
leaf_value=0.070174281067440558 -0.045141282983003704 0.035111876001316815 -0.063325450961466051 -0.045141282983003704 0.059844508889417392 0.045108919043233928 -0.045141282983003704 -0.070321755129418559 -0.071227409584288845 -0.056526510592776219 0.058070956999906456 0.07478463215453289 0.018023115331816653 0.012476137522831568
leaf_weight=9210.011373701971 161.47637522406876 348.10768345172983 478.28716084480402 33.679763531312346 848.0927077626111 342.63777260121424 292.82396406779299 46.648225932032801 10524.205720296246 24.985019351472147 1156.0910504690837 29.951257157954387 519.45963899156777 201.57414218125632
leaf_count=4422 23996 7542 86118 4286 2621 3457 44105 7111 2034574 4123 2166 164 16740 8752
internal_value=2.55603e-05 0.0590594 -0.0244494 -0.0680946 0.0650841 0.042739 -0.0196585 0.0226528 -0.0706241 0.0263854 0.0688244 0.0110245 0.014602 0.00290695
internal_weight=24218 12974.3 873.043 11243.7 12101.3 1735.18 558.029 394.756 10685.7 887.082 10366.1 265.205 544.445 235.254
internal_count=2250177 134300 100771 2115877 33529 26941 57307 14653 2058570 24320 6588 13202 20863 13038
is_linear=0
shrinkage=0.05


Tree=6
num_leaves=15
num_cat=0
split_feature=24 3 22 22 3 22 3 3 18 22 18 3 9 24
split_gain=35132.6 2317.94 746.164 547.052 282.163 256.743 200.573 157.096 96.0533 59.1472 68.7219 44.2531 41.7936 44.9327
threshold=1.600064814090729 0.10662662982940675 0.63338744640350353 0.66424882411956798 0.027712970972061161 0.71941202878952037 0.0706785023212433 0.052876651287078864 0.20305540412664416 0.75472605228424083 0.15805961191654208 0.11282742023468019 0.40537218749523168 1.2714552283287051
decision_type=8 10 10 10 8 10 10 8 10 10 10 10 10 10
left_child=2 4 7 -3 -2 8 12 -1 -6 10 -5 -8 13 -4
right_child=1 3 6 9 5 -7 11 -9 -10 -11 -12 -13 -14 -15
leaf_value=-0.041024866502812563 0.066781773835840025 -0.061939311927748125 -0.039335096332512205 0.025045614027175745 0.036306421150869926 0.057609915029739327 -0.014066849564566478 -0.068480944351208745 -0.0020516770072688908 0.046452030795424176 -0.019467367063694691 -0.041024866502812563 0.064781274072795825 0.020538596278280776
leaf_weight=188.56505755378748 9150.5394424542319 453.48963156319223 37.448573752422817 102.64568780403351 455.3397477925173 1979.3415687048109 170.22720851463964 10421.089458269009 254.38581023679581 147.30072137026582 75.704886463237926 265.11671994713834 42.432263989700004 191.94288153434172
leaf_count=23995 6062 84953 3616 2630 8392 5668 12646 2037064 10707 1604 5467 41463 301 5392
internal_value=-0.000266312 0.0571001 -0.0642323 -0.026436 0.0625974 0.0483586 -0.0145028 -0.067547 0.0225578 0.0230046 0.0036392 -0.0355441 0.0191963 0.0107641
internal_weight=23935.6 12618.7 11316.8 779.141 11839.6 2689.07 707.168 10609.7 709.726 325.651 178.351 435.344 271.824 229.391
internal_count=2249960 125483 2124477 94654 30829 24767 63418 2061059 19099 9701 8097 54109 9309 9008
is_linear=0
shrinkage=0.05


Tree=7
num_leaves=15
num_cat=0
split_feature=23 23 0 22 1 0 23 1 4 22 24 1 0 18
split_gain=32890.3 1871.96 932.664 471.46 212.639 172.114 142.238 86.7914 83.6097 69.0191 63.3064 44.241 41.886 37.316
threshold=14.500000000000002 4.5000000000000009 0.61367478966712963 0.63338744640350353 2.5000000000000004 0.66619986295700084 2.5000000000000004 4.5000000000000009 0.038757860660552985 0.64979484677314769 2.3152083158493046 5.5000000000000009 0.6947578787803651 0.34547665715217596
decision_type=10 8 8 10 8 8 10 8 10 10 10 8 10 10
left_child=1 6 9 7 -4 -5 10 -2 12 -3 -1 -7 13 -6
right_child=3 2 4 5 8 11 -8 -9 -10 -11 -12 -13 -14 -15
leaf_value=0.053354457644331582 -0.042136195159985117 -0.061194283427619622 0.055503913917369356 -0.042136195159985117 0.017822224897754382 0.040861780335876341 0.040233281452220319 -0.066120743058329712 -0.011339724056137514 -0.014241195739509667 0.064831319656801098 -0.0031421148565270933 0.035542108629587198 -0.011339724056137514
leaf_weight=1383.9560112821637 76.814441656169947 399.514273528388 473.26427198271267 292.90349161805352 319.27764417300932 81.702248970512301 712.51680387882516 10367.657186702767 82.753237944911234 97.336122724111192 9116.3698768602917 189.83778588089626 255.28455427853623 84.579655414796434
leaf_count=3185 7145 76298 1414 43023 12384 1370 8724 2051367 10011 6809 5582 13051 3870 6000
internal_value=0.000321262 0.0544164 0.0057184 -0.0631883 0.0293164 -0.0186787 0.0618517 -0.0655937 0.0126111 -0.0519959 0.0633187 0.010098 0.0196889 0.00966787
internal_weight=23933.8 12924.9 1712.01 11008.9 1215.16 564.444 11212.8 10444.5 741.895 496.85 10500.3 271.54 659.142 403.857
internal_count=2250233 134277 116786 2115956 33679 57444 17491 2058512 32265 83107 8767 14421 22254 18384
is_linear=0
shrinkage=0.05


Tree=8
num_leaves=15
num_cat=0
split_feature=24 3 22 3 22 22 3 3 1 27 22 3 22 22
split_gain=30136.1 1992.18 614.861 361.19 273.103 227.951 166.708 118.426 98.059 84.6011 84.0145 60.8803 47.3802 42.1528
threshold=1.600064814090729 0.1276703476905823 0.63338744640350353 0.064814120531082167 0.71941202878952037 0.65650355815887462 0.11042261123657228 0.057560086250305183 1.5000000000000002 3.1240557432174687 0.75472605228424083 0.039593756198883064 0.62046942114830028 0.75472605228424083
decision_type=8 10 10 10 10 10 10 8 8 8 10 8 10 10
left_child=2 3 7 8 12 9 11 -1 -2 -5 -10 -4 -3 -7
right_child=1 4 6 5 -6 13 -8 -9 10 -11 -12 -13 -14 -15
leaf_value=-0.039310942003408469 0.063507547524865607 -0.063864660389913147 0.032298220184401559 -0.05769094040451709 0.027051385698081121 0.028379749838478147 -0.039310942003408469 -0.064342122895894457 0.04328741887506124 0.0083158884482874926 0.059262072211517504 -0.0082119366211460456 -0.02549759451320717 0.050233572518123659
leaf_weight=213.13926178266411 7304.6266718646511 352.40540423814673 135.96850630792323 87.589358921279199 129.93828346673399 422.24879191006767 273.94985870504752 10105.248621639155 1305.1248537343927 84.029101710300893 2228.3211306782905 291.74491368245799 104.27782902805484 462.16978791775182
leaf_count=30845 3408 72230 2352 12572 2751 6509 42281 2030750 9034 5339 2769 18712 9127 1812
internal_value=-0.000160344 0.0530436 -0.0604163 0.05748 -0.0369064 0.0295668 -0.0151257 -0.0634962 0.0601998 -0.0231681 0.0533616 0.00466609 -0.055104 0.0397999
internal_weight=23500.8 12480.7 11020.1 11894.1 586.622 1056.04 701.663 10318.4 10838.1 171.618 3533.45 427.713 456.683 884.419
internal_count=2250491 125551 2124940 41443 84108 26232 63345 2061595 15211 17911 11803 21064 81357 8321
is_linear=0
shrinkage=0.05


Tree=9
num_leaves=15
num_cat=0
split_feature=22 3 3 3 22 22 22 22 18 16 3 4 22 22
split_gain=27418.9 1815.84 1066.75 225.684 190.217 155.661 80.4416 73.9745 55.4281 51.0661 39.5683 27.2498 27.2044 24.5369
threshold=0.65650355815887462 0.09400957822799684 0.064814120531082167 0.027712970972061161 0.75472605228424083 0.71941202878952037 0.46026644110679632 0.60094308853149425 0.21243916451931003 3.1984648704528813 0.089113980531692519 0.025501906871795658 0.75472605228424083 0.75472605228424083
decision_type=8 10 8 8 10 10 10 10 10 8 10 10 10 10
left_child=2 3 6 11 -3 8 -1 -4 -5 10 -9 13 -7 -2
right_child=1 4 7 5 -6 12 -8 9 -10 -11 -12 -13 -14 -15
leaf_value=-0.057579361921451772 0.049887745392372174 -0.0032461014589121873 -0.062637204936413587 0.031774092388501769 0.042338615664561839 0.039804757902756845 -0.0032461014589121873 -0.0032461014589121873 -0.0010796315446128637 -0.053048068243259 -0.039708521386878901 0.062821314071204101 0.054099799474486614 0.059740939245427574
leaf_weight=85.636878122895723 870.27458193956409 786.33463707275223 9667.3524113615276 389.13219667738304 269.05425875831861 438.20207763370126 551.21258483780548 47.39129835536005 191.5895979400957 466.49654929846292 105.97997533198213 5695.616823435761 1383.9271341420244 2306.1577494534431
leaf_count=17667 2407 102442 1961908 7944 2206 3095 31247 2413 8862 85361 17888 2257 2827 1656
internal_value=4.30728e-05 0.0511463 -0.0576385 0.0570705 -0.0032461 0.0434776 -0.0032461 -0.0615636 0.0209351 -0.0448193 -0.0197906 0.0607519 0.050662 0.0570414
internal_weight=23254.4 12330.3 10924.1 11274.9 1055.39 2402.85 636.849 10287.2 580.722 619.868 153.371 8872.05 1822.13 3176.43
internal_count=2250180 133696 2116484 29048 104648 22728 48914 2067570 16806 105662 20301 6320 5922 4063
is_linear=0
shrinkage=0.05


Tree=10
num_leaves=15
num_cat=0
split_feature=23 3 24 23 3 3 0 28 23 3 18 23 18 23
split_gain=26703.6 2203.17 406.329 396.159 167.934 137.967 98.2938 80.2859 79.4142 59.7825 56.8271 50.5042 42.0771 34.4092
threshold=7.5000000000000009 0.027712970972061161 1.3160610795021059 2.5000000000000004 0.10261034965515138 0.12659722566604617 0.70945706963539135 2.5000000000000004 1613.5000000000002 0.039593756198883064 0.2603661864995957 53.500000000000007 0.17361874133348468 11.500000000000002
decision_type=8 8 10 10 10 10 10 10 8 10 8 10 10 8
left_child=3 7 6 9 12 10 -3 11 -8 -1 -5 13 -4 -2
right_child=1 2 4 5 -6 -7 8 -9 -10 -11 -12 -13 -14 -15
leaf_value=0.059653505706715439 -0.021149027012649479 -0.060938149073921193 0.013520645251192318 0.041113820037340036 -0.046310669819585121 -0.023731701375884658 -0.036866833193762473 0.059070896284626855 0.045419820933365759 0.048157302602394453 0.016095954672782596 -0.050543198700640994 -0.018689962535683814 0.037808566552593757
leaf_weight=8800.9448747291462 29.438325693365186 10200.745660534565 221.87303509813501 716.44768219615798 416.68378971950733 118.4911589496769 68.648913722776342 347.19192888509133 38.48927106289193 1297.5798739356687 332.2454572689021 22.745889700134285 186.70734207730857 155.31715584226185
leaf_count=4446 387 2110807 8738 6168 67463 10227 11767 1115 942 4272 5395 3961 12794 2000
internal_value=5.76751e-05 -0.0528894 -0.057735 0.0549887 -0.0239761 0.0274093 -0.0604378 0.0443651 -0.0127955 0.0581763 0.0331877 0.0197593 -0.00119851 0.0284145
internal_weight=22953.6 11687.8 11133.1 11265.7 825.264 1167.18 10307.9 554.693 107.138 10098.5 1048.69 207.501 408.58 184.755
internal_count=2250482 2219974 2212511 30508 88995 21790 2123516 7463 12709 8718 11563 6348 21532 2387
is_linear=0
shrinkage=0.05


Tree=11
num_leaves=15
num_cat=0
split_feature=24 3 22 3 24 3 22 22 3 9 22 4 22 24
split_gain=24536.3 1949.01 437.476 357.625 284.668 170.201 164.526 101.571 68.3638 50.2686 45.8642 45.2597 44.8126 43.1661
threshold=1.5026199221611025 0.10261034965515138 0.68443962931633007 0.027712970972061161 2.3152083158493046 0.052876651287078864 0.63338744640350353 0.67306184768676769 0.11042261123657228 0.2542340755462647 0.71941202878952037 0.05502936244010926 0.62046942114830028 1.2133302688598635
decision_type=8 10 10 8 10 8 10 10 10 10 8 10 10 10
left_child=3 4 12 9 5 10 -5 -7 -8 13 -2 -4 -3 -1
right_child=1 2 11 6 -6 7 8 -9 -10 -11 -12 -13 -14 -15
leaf_value=-0.052522443426564439 0.033335279672078812 -0.058638464862394726 0.025023328100927097 -0.05980322660970383 0.057715825329349893 -0.010946200385812658 -0.010214272147710684 0.030098290104096287 -0.044454163376453575 0.061076791142400222 0.051599966955664024 -0.015685196676806509 -0.024946813689770527 0.026385596635484676
leaf_weight=26.901655683701392 449.35020735498983 419.76511383330217 346.03079076734139 9642.4404333973362 8599.162401685724 200.13415761472424 237.64976433070842 610.60789345949888 219.51036243961425 55.186636899627047 1461.9549469635822 29.034299303079024 129.03328286041506 48.72018370142905
leaf_count=4324 3554 87434 7533 2046865 6297 13680 16845 6569 37718 696 3578 2333 12003 1076
internal_value=-0.000194762 0.0475566 -0.0222729 -0.0573498 0.053255 0.039163 -0.0584137 0.0199663 -0.0291051 0.0247934 0.0473059 0.0193465 -0.0507169 -0.00168509
internal_weight=22475.5 12245.1 923.863 10230.4 11321.2 2722.05 10099.6 810.742 457.16 130.808 1911.31 375.065 548.798 75.6218
internal_count=2250505 142981 109303 2107524 33678 27381 2101428 20249 54563 6096 7132 9866 99437 5400
is_linear=0
shrinkage=0.05


Tree=12
num_leaves=15
num_cat=0
split_feature=23 28 22 23 0 22 0 1 1 1 4 4 8 4
split_gain=23349.4 1061.11 675.249 424.162 216.237 190.293 158.798 97.9929 91.775 55.2788 52.8761 48.0575 45.9246 38.6268
threshold=7.5000000000000009 1.5000000000000002 0.63338744640350353 2.5000000000000004 0.62210777401924144 0.57329916954040538 0.65785282850265514 1.5000000000000002 4.5000000000000009 1.5000000000000002 0.038757860660552985 0.021119862794876102 6.5000000000000009 0.051186233758926399
decision_type=10 8 10 8 8 10 8 8 8 8 10 10 8 10
left_child=1 5 8 9 10 -1 -4 -6 -2 -3 -5 -9 -8 -11
right_child=2 3 6 4 7 -7 12 11 -10 13 -12 -13 -14 -15
leaf_value=-0.061249999470684935 -0.035127812878638559 0.058311801471115199 -0.035127812878638559 -0.0028750168132534669 0.053184585510259147 0.014012797620667108 0.058671485586149846 0.031349969139426011 -0.058408506305396769 0.051219236795601919 -0.057519179969358916 0.0062088021147465138 0.0015068579336180176 0.017757101892098583
leaf_weight=237.26341968541965 97.535984383692266 6421.8438782072626 385.60253530339105 126.37125992105575 456.78057593351696 130.00209976529004 37.930946073727682 653.99900299572619 9538.6391000034055 3156.0401752021862 68.141519912169315 214.91267030301969 476.51318633189658 88.665411467314698
leaf_count=54067 7823 2726 50162 8975 522 3637 171 8623 2065732 4009 11862 8127 21878 1389
internal_value=-7.12254e-05 0.0490177 -0.0539021 0.0517632 0.0272122 -0.034609 -0.012485 0.0344355 -0.0577706 0.0556242 -0.0220179 0.0245793 0.00572171 0.0503048
internal_weight=22090.2 11554 10536.2 11186.8 1520.21 367.266 900.047 1325.69 9636.18 9666.55 194.513 868.912 514.444 3244.71
internal_count=2249703 103937 2145766 46233 38109 57704 72211 17272 2073555 8124 20837 16750 22049 5398
is_linear=0
shrinkage=0.05


Tree=13
num_leaves=15
num_cat=0
split_feature=23 23 0 22 1 1 22 1 1 24 0 22 22 1
split_gain=22079.7 1122.92 674.317 503.761 168.819 141.317 101.948 64.1716 61.4149 52.1655 48.2307 46.1803 31.5903 30.7132
threshold=9.5000000000000018 2.5000000000000004 0.61367478966712963 0.62046942114830028 76.500000000000014 1.5000000000000002 0.60698100924491893 1.5000000000000002 4.5000000000000009 1.2714552283287051 0.68959107995033275 0.67306184768676769 0.75472605228424083 4.5000000000000009
decision_type=10 8 8 10 8 8 10 8 8 10 10 10 10 10
left_child=1 7 6 8 9 -4 -3 -1 -2 -5 11 -7 -9 -11
right_child=3 2 5 4 -6 10 -8 12 -10 13 -12 -13 -14 -15
leaf_value=0.057355250193025176 -0.037408623842366616 -0.056530127897735399 0.051248848155085715 -0.031136470370494319 -0.037408623842366616 -0.0054217571287309063 -0.0065205798725611226 0.040939568289340846 -0.057706420486584392 0.031550436057898201 0.030374491372216501 0.019690257228512965 0.051824868223352784 0.0010939715976760142
leaf_weight=6309.064069615677 78.226914519880665 306.51689487311523 490.91490206331946 94.23211648024153 392.7773852921091 229.71369690762367 152.66797840484651 931.46704338653944 9170.4536183821619 118.57007061538752 488.19092879112577 345.49015034758486 2343.2570401886478 274.20523089769995
leaf_count=2752 7274 66423 626 11335 65602 17121 8286 3385 2037511 1377 5530 5995 2599 14063
internal_value=0.000170578 0.0472762 0.0133324 -0.0537663 -0.0176118 0.0290596 -0.0399032 0.0544076 -0.0572055 0.00227277 0.018816 0.00900602 0.0487286 0.0102881
internal_weight=21725.7 11597.3 2013.49 10128.5 879.785 1554.31 459.185 9583.79 9248.68 487.007 1063.39 575.204 3274.72 392.775
internal_count=2249879 112717 103981 2137162 92377 29272 74709 8736 2044785 26775 28646 23116 5984 15440
is_linear=0
shrinkage=0.05


Tree=14
num_leaves=15
num_cat=0
split_feature=23 3 3 22 23 24 3 3 22 4 10 24 18 1
split_gain=20726.8 1365.28 481.875 293.997 293.889 201.22 91.4529 88.1568 84.6079 59.8286 56.6885 88.1157 54.0745 41.5632
threshold=9.5000000000000018 0.10662662982940675 0.039593756198883064 0.64979484677314769 2.5000000000000004 1.3160610795021059 0.11165902018547059 0.039593756198883064 0.62860289216041576 0.05502936244010926 0.027791182510554794 1.1450402140617373 0.40985365211963659 12.500000000000002
decision_type=10 10 8 10 10 10 10 10 10 10 10 10 10 8
left_child=1 4 10 -3 7 -4 -7 -1 13 -5 11 -2 -6 -9
right_child=2 3 5 9 12 6 -8 8 -10 -11 -12 -13 -14 -15
leaf_value=0.055166917642597228 -0.059545651813219108 -0.052645388667470927 -0.056830539373217449 0.019097917807666925 0.030134260542342878 -0.0082644173839192519 -0.046562774637720156 0.018798340853893213 0.044302061256937621 -0.020653000660876122 0.05644012709571905 0.018423628424287818 -0.0021907842267303843 -0.040247240689417083
leaf_weight=8388.0365621451056 46.736725780298002 358.59939013433177 8978.6090427154559 327.5254726675339 893.13971495418809 311.05427991799661 312.44979892979609 41.831817466649227 1058.0027637651656 31.984444468747824 58.983618559548631 161.2893450834672 151.2916026955354 46.234044702141546
leaf_count=5092 9630 75499 2043977 6733 9018 21387 57965 764 2056 3253 457 3799 3211 6807
internal_value=-0.000144422 0.0461025 -0.0530808 -0.0206124 0.0506314 -0.0549232 -0.0274565 0.0533897 0.0403826 0.0113394 0.0131741 0.000906454 0.0254518 -0.00670538
internal_weight=21165.8 11296.6 9869.12 718.109 10578.5 9602.11 623.504 9534.11 1146.07 359.51 267.01 208.026 1044.43 88.0659
internal_count=2249648 112433 2137215 85485 26948 2123329 79352 14719 9627 9986 13886 13429 12229 7571
is_linear=0
shrinkage=0.05


Tree=15
num_leaves=15
num_cat=0
split_feature=24 3 22 22 3 3 22 18 1 22 24 24 8 28
split_gain=19414.2 1451.18 404.769 372.383 233.063 138.091 128.319 67.7615 54.754 46.6583 43.8266 38.5645 38.522 35.9778
threshold=1.600064814090729 0.09400957822799684 0.62438565492630016 0.68443962931633007 0.027712970972061161 0.073208153247833266 0.75472605228424083 0.29417073726654058 4.5000000000000009 0.54081735014915477 2.0047768354415898 2.3152083158493046 117.50000000000001 1.5000000000000002
decision_type=8 10 10 10 8 10 10 10 8 10 10 8 8 8
left_child=2 4 8 9 11 12 7 13 -1 -3 -5 -2 -4 -6
right_child=1 3 5 10 6 -7 -8 -9 -10 -11 -12 -13 -14 -15
leaf_value=-0.036492871082265059 0.044769048656977596 -0.056191169299196132 0.046756300321707495 -0.00082491518915578951 -0.078947423771884101 -0.034330134097106051 0.046071749848346395 -0.0029153644818340754 -0.056190390593949591 -0.024583552189676439 0.030806501051911246 0.055280247277229258 0.00080990002663689745 0.030139670804167351
leaf_weight=72.553592887532432 996.42445767862955 311.54567005526042 56.938563185452949 182.38012956199236 7.6366374082863322 457.34900067897979 1285.4598851231858 213.72199229992111 8662.9545394260203 186.74357100442285 274.06238567025866 7022.912156176928 229.4682314840029 737.51948706663097
leaf_count=7022 2131 72635 680 6012 1369 67742 2724 6832 2038345 19084 2547 3939 10915 8418
internal_value=-9.85834e-06 0.0445035 -0.05269 -0.014459 0.0499883 -0.0172809 0.035746 0.0219033 -0.0557048 -0.0443456 0.0181676 0.0539742 0.00994419 0.0290217
internal_weight=20697.7 11218.4 9479.26 954.732 10263.7 743.756 2244.34 958.878 8735.51 498.289 456.443 8019.34 286.407 745.156
internal_count=2250395 125691 2124704 100278 25413 79337 19343 16619 2045367 91719 8559 6070 11595 9787
is_linear=0
shrinkage=0.05


Tree=16
num_leaves=15
num_cat=0
split_feature=23 3 3 23 24 22 3 24 8 3 3 18 4 11
split_gain=18525.9 1158.86 577.872 305.472 183.794 171.799 146.567 121.759 97.4541 83.9404 60.431 53.4813 49.8936 39.793
threshold=7.5000000000000009 0.1276703476905823 0.057560086250305183 2.5000000000000004 1.3160610795021059 0.68443962931633007 0.027712970972061161 1.1943128705024721 5.5000000000000009 0.11282742023468019 0.027712970972061161 0.45056542754173284 0.05346727371215821 inf
decision_type=10 10 8 8 10 10 8 10 8 10 8 10 10 8
left_child=1 3 7 10 -4 -3 -5 8 -2 13 -1 12 -8 -6
right_child=2 5 4 6 9 -7 11 -9 -10 -11 -12 -13 -14 -15
leaf_value=0.054229578437980402 0.063451504366547395 -0.053348778259997745 -0.055614147831047511 0.043486404827792105 -0.031616489864358291 0.0099794973679449336 0.018387214828830462 0.017825483526321642 -0.052037772928877492 -0.045321307718182706 0.043879746142012753 -0.026190209145009913 -0.067469794011295339 0.0046869138488005273
leaf_weight=7073.3628313433146 21.245024241274223 308.2652670967509 8362.1261486669537 671.28558625711594 124.51901800101041 164.10654885100666 596.21122020023176 349.09029500687029 130.29285248769156 343.0751644258853 1761.62176537083 85.820219806075329 17.415549279539846 191.67987835721578
leaf_count=3716 192 67726 2023687 1744 11591 3887 15400 8186 29279 62955 3413 6018 1825 9896
internal_value=-1.98546e-06 0.0452149 -0.0507086 0.0487586 -0.0536103 -0.0313479 0.0267972 0.00157918 -0.0358466 -0.0281933 0.0521659 0.0107799 0.0159505 -0.00960935
internal_weight=20200.1 10678.1 9522.03 10205.7 9021.4 472.372 1370.73 500.628 151.538 659.274 8834.98 699.447 613.627 316.199
internal_count=2249515 103729 2145786 32116 2108129 71613 24987 37657 29471 84442 7129 23243 17225 21487
is_linear=0
shrinkage=0.05


Tree=17
num_leaves=15
num_cat=0
split_feature=23 23 22 0 1 0 1 1 22 4 4 8 18 23
split_gain=17480 956.118 522.479 477.095 135.486 111.971 76.2675 72.2013 68.9581 62.6776 46.3245 42.5412 41.5945 35.6379
threshold=7.5000000000000009 2.5000000000000004 0.63338744640350353 0.61265969276428234 1.5000000000000002 0.66619986295700084 1.5000000000000002 6.5000000000000009 0.54081735014915477 0.030475676059722904 0.062486827373504646 6.5000000000000009 0.2603661864995957 14.500000000000002
decision_type=10 8 10 8 8 8 8 8 10 10 10 8 8 10
left_child=1 6 7 8 -5 -4 -1 -2 -3 12 -8 -7 -6 -9
right_child=2 3 5 4 9 11 10 13 -10 -11 -12 -13 -14 -15
leaf_value=0.054397208359200505 -0.03344303414934615 -0.054813431048256582 -0.032329114289934617 0.047645506309208843 0.027529051966238116 0.054328931055895341 0.045384323565105016 -0.03344303414934615 -0.010747802791459277 -0.0073077470164349782 -0.0041121678681882174 -0.00074156082785395536 0.0014718659860113838 -0.054973249986412065
leaf_weight=5707.6471681649564 123.45075376375462 246.87783059087815 400.1216683415696 422.04946716374252 505.98997744650114 38.246550540905446 3003.9880925349426 106.8906975670252 138.63959766516928 155.49501763097942 48.027596011175774 421.97555353003554 219.62782581723877 8138.4382054793532
leaf_count=2748 13651 61264 53259 537 8229 153 4737 14441 8139 10123 1252 18963 6620 2045170
internal_value=5.39481e-05 0.0443446 -0.0500878 0.00989596 0.0243511 -0.0129839 0.0509856 -0.0539022 -0.0389666 0.0131931 0.0446054 0.00383505 0.0196421 -0.0545791
internal_weight=19677.5 10448.3 9229.12 1688.68 1303.16 860.344 8759.66 8368.78 385.517 881.113 3052.02 460.222 725.618 8245.33
internal_count=2249286 103649 2145637 94912 25509 72375 8737 2073262 69403 24972 5989 19116 14849 2059611
is_linear=0
shrinkage=0.05


Tree=18
num_leaves=15
num_cat=0
split_feature=23 3 24 22 3 23 3 4 3 24 18 18 28 8
split_gain=16528.1 1068.34 479.777 441.644 187.459 167.99 145.087 70.3555 56.0999 48.866 47.8412 46.1168 38.3978 30.7018
threshold=7.5000000000000009 0.075504183769226088 1.3160610795021059 0.62438565492630016 0.11282742023468019 2.5000000000000004 0.027712970972061161 0.049887508153915412 0.027712970972061161 2.3152083158493046 0.3614740669727326 0.34547665715217596 2.5000000000000004 5.5000000000000009
decision_type=10 10 10 10 10 10 8 10 8 10 8 10 8 8
left_child=1 5 6 -3 11 8 13 9 -1 10 -5 12 -4 -2
right_child=2 3 4 7 -6 -7 -8 -9 -10 -11 -12 -13 -14 -15
leaf_value=0.05300454230245432 0.064978538355411702 -0.050816571953531113 -0.00063558572255542547 0.021676886235631677 -0.045917079221652585 0.025900722421775609 -0.054228209007942285 -0.0164533973188274 0.041993661297641843 0.041429222197282609 -0.0164533973188274 -0.024808620367229559 0.030885141462106771 -0.0051002538775387143
leaf_weight=6965.0533210114809 22.179946821415797 334.11987856158521 323.16236187489994 368.79334403574467 324.93932907393901 713.57988410195685 7949.2228821305907 77.334024194278754 1387.1937476416933 238.89505863643717 93.187594256014563 131.21446442353772 137.82256083565881 52.916057836730033
leaf_count=4123 62 76573 15183 4706 62938 5822 2050122 4431 4679 1031 2595 9054 3364 5230
internal_value=-6.02127e-05 0.0435122 -0.0496591 -0.00273413 -0.0154003 0.0491864 -0.0535747 0.0179098 0.0511758 0.0230697 0.0135758 0.00134418 0.0087883 0.0155978
internal_weight=19119.6 10178.2 8941.46 1112.33 917.139 9065.83 8024.32 778.21 8352.25 700.876 461.981 592.199 460.985 75.096
internal_count=2249913 103960 2145953 89336 90539 14624 2055414 12763 8802 8332 7301 27601 18547 5292
is_linear=0
shrinkage=0.05


Tree=19
num_leaves=15
num_cat=0
split_feature=24 3 22 24 3 24 22 22 1 1 18 15 22 18
split_gain=15377.6 1253.1 418.66 335.216 176.43 174.051 83.5878 76.7943 55.1762 52.8518 51.4779 45.8461 36.7173 35.0309
threshold=1.600064814090729 0.075504183769226088 0.63839575648307811 1.1943128705024721 0.079786419868469252 2.3152083158493046 0.71941202878952037 0.67306184768676769 1.5000000000000002 2.5000000000000004 0.16218794882297519 1.0000000180025095e-35 0.75472605228424083 0.16674263030290606
decision_type=8 10 10 10 8 8 10 10 8 8 8 10 10 10
left_child=3 5 -3 9 -5 7 10 13 -7 -1 -4 -6 -10 -2
right_child=1 2 6 4 11 8 -8 -9 12 -11 -12 -13 -14 -15
leaf_value=0.015473178786463438 0.020885026200796106 -0.04833337540296756 0.0083227692009619804 0.009531818319468725 -0.045373175707763308 0.053538443522066798 0.02500319782135009 0.037021888480699393 0.033825128302673792 -0.054023990952745599 -0.017228093462886989 -0.012274696119311717 0.048326524052111693 -0.018459155380319524
leaf_weight=27.457556525943801 118.99444538593525 397.79969341476681 151.93518228310859 305.68664964704658 438.16676607506815 5285.746194745996 562.99711239547469 1453.973295690259 629.52480790077243 7456.781741014478 129.78076029356453 137.43966028402792 1423.6545193039346 92.083126963931136
leaf_count=2083 1517 89130 3784 12980 89519 2773 5861 5801 4443 2001806 8284 17860 1406 2587
internal_value=-3.56537e-05 0.0410298 -0.00603999 -0.0503345 -0.021167 0.0475252 0.0138772 0.0329306 0.0508364 -0.053769 -0.00835766 -0.0374701 0.0438803 0.00474816
internal_weight=18612 10246.5 1242.51 8365.53 881.293 9003.98 844.713 1665.05 7338.93 7484.24 281.716 575.606 2053.18 211.078
internal_count=2249834 125586 107059 2124248 120359 18527 17929 9905 8622 2003889 12068 107379 5849 4104
is_linear=0
shrinkage=0.05


Tree=20
num_leaves=15
num_cat=0
split_feature=24 3 22 22 1 22 3 22 27 8 3 4 13 22
split_gain=14623.8 1202.29 374.714 308.755 183.607 113.938 106.179 77.0998 52.8039 48.4575 45.8697 45.8065 34.2385 29.1125
threshold=1.600064814090729 0.075504183769226088 0.63839575648307811 0.61679121851921093 1.5000000000000002 0.75472605228424083 0.11042261123657228 0.75472605228424083 2.3535244464874272 8.5000000000000018 0.052876651287078864 0.040259182453155525 0.17752101272344592 0.56941539049148571
decision_type=8 10 10 10 8 10 10 10 8 8 8 10 8 8
left_child=3 4 -3 10 -2 8 9 11 13 -5 -1 -4 -11 -6
right_child=1 2 7 6 5 -7 -8 -9 -10 12 -12 -13 -14 -15
leaf_value=-0.036097545016103516 0.05227099783806969 -0.046374784161641522 0.0082830623612441655 0.055777602730662401 -0.056819489629140886 0.044872548795093462 -0.036097545016103516 0.030180608551297495 0.035184013549613917 -0.036097545016103516 -0.05363794042710919 -0.016729903717228375 -0.00039321435181644638 0.016666391167199049
leaf_weight=132.07191549648996 5644.9916056421353 390.5213974811486 385.25977634821902 32.545189505442977 13.787651875056325 1927.7525114241289 307.90334661822999 365.17838792258408 637.81830815668218 79.50387383409543 7211.6244699682575 88.621710181818344 321.5631079034647 599.30703416088363
leaf_count=22781 3444 89208 9458 212 679 3117 65984 2572 4438 7860 2006683 5922 21000 6908
internal_value=0.000142298 0.040404 -0.00591576 -0.0499196 0.0468587 0.037247 -0.0191707 0.012915 0.0254955 -0.00289896 -0.0530244 -0.000390113 -0.00766036 0.0150138
internal_weight=18138.5 10053.2 1229.58 8085.21 8823.66 3178.67 741.516 839.06 1250.91 433.612 7343.7 473.881 401.067 613.095
internal_count=2250266 125746 107160 2124520 18586 15142 95056 17952 12025 29072 2029464 15380 28860 7587
is_linear=0
shrinkage=0.05


Tree=21
num_leaves=15
num_cat=0
split_feature=23 23 24 0 0 1 1 10 22 4 28 4 1 24
split_gain=13982.9 900.737 417.961 390.994 139.863 103.987 103.662 94.5878 82.3104 54.8578 47.7606 45.6273 43.6461 29.2606
threshold=7.5000000000000009 2.5000000000000004 1.1943128705024721 0.63147902488708507 0.65785282850265514 2.5000000000000004 1.5000000000000002 0.030047404579818252 0.60698100924491893 0.028275460004806522 2.5000000000000004 0.021973192691802982 3.5000000000000004 2.3152083158493046
decision_type=10 8 10 8 10 8 8 10 10 10 10 8 8 10
left_child=1 5 7 8 9 -1 -5 -2 -3 -4 13 -8 -6 -7
right_child=2 3 4 6 12 10 11 -9 -10 -11 -12 -13 -14 -15
leaf_value=0.051800313644401991 -0.053216570418738798 -0.049982160741697645 -0.022662930159933186 0.043638512397589597 0.022838779929092487 0.022987962801598327 0.019952761073663824 0.052603807841861333 -0.0065416285903552585 -0.051641041946598049 0.047356920383634669 -0.0047572326606124113 -0.0097967000478980243 0.039052938606952879
leaf_weight=5761.651385433157 6932.343957757199 265.73271187959472 387.76011487306096 391.51216409436893 151.32679490454029 509.71991946781054 550.76774415653199 21.181739115039818 184.9325211479445 282.16332968097413 889.26267223455943 230.02112795424182 317.17957988395938 638.48366116767284
leaf_count=3673 2003609 68593 58250 541 2198 2345 9409 462 7513 62515 1397 8928 19134 1298
internal_value=-8.7937e-05 0.0413148 -0.0482963 0.00742542 -0.0202122 0.048367 0.0226417 -0.0528942 -0.0321561 -0.0348681 0.0386582 0.0121132 0.000744507 0.0319212
internal_weight=17514 9422.08 8091.96 1622.97 1138.43 7799.12 1172.3 6953.53 450.665 669.923 2037.47 780.789 468.506 1148.2
internal_count=2249865 103697 2146168 94984 142097 8713 18878 2004071 76106 120765 5040 18337 21332 3643
is_linear=0
shrinkage=0.05


Tree=22
num_leaves=15
num_cat=0
split_feature=23 3 24 23 3 22 3 10 22 3 23 18 15 11
split_gain=13275.2 935.94 426.791 265.685 205.284 196.572 106.89 91.5761 54.6355 51.4983 44.1176 43.74 35.9507 35.03
threshold=7.5000000000000009 0.10261034965515138 1.1943128705024721 2.5000000000000004 0.11282742023468019 0.62438565492630016 0.027712970972061161 0.030047404579818252 0.59061893820762645 0.027712970972061161 2.5000000000000004 0.2603661864995957 1.0000000180025095e-35 inf
decision_type=10 10 10 10 10 10 8 10 10 8 10 8 10 8
left_child=1 3 7 6 9 -3 -1 -2 -8 -4 -7 -5 -12 -11
right_child=2 5 4 11 -6 10 8 -9 -10 13 12 -13 -14 -15
leaf_value=0.051001760308408264 -0.052921825341393607 -0.050551540715198275 0.02169099242961103 0.026140006471734336 -0.04588283666514141 0.021453111502515654 -0.0016806848942969019 0.05104057635459433 0.038639678997341602 -0.026210198257352293 -0.022559316975949272 0.0015167952868569738 0.016127287212483073 0.00039505699884032595
leaf_weight=6181.5476840656484 6669.7259013173752 260.79407521669054 169.10699160245713 571.44004281720845 444.10706975177163 205.32560304971412 89.137721233826596 21.249617456458509 1462.4280154225999 204.14248617435805 114.01001119392458 263.52928704174701 73.842017449089326 314.05733026898815
leaf_count=4164 2003703 71413 2380 4636 102097 1828 6918 463 2658 19601 6444 4095 1558 17987
internal_value=0.000122776 0.0407629 -0.0477891 0.0451635 -0.0193875 -0.0168928 0.0480567 -0.0525917 0.0363233 -0.00226747 0.00543291 0.0183685 -0.0120775 -0.010086
internal_weight=17044.4 9222.05 7822.39 8568.08 1131.41 653.972 7733.11 6690.98 1551.57 687.307 393.178 834.969 187.852 518.2
internal_count=2249945 103714 2146231 22471 142065 81243 13740 2004166 9576 39968 9830 8731 8002 37588
is_linear=0
shrinkage=0.05


Tree=23
num_leaves=15
num_cat=0
split_feature=24 24 24 0 22 0 10 0 10 22 7 4 27 18
split_gain=12194 662.496 562.507 419.659 144.821 120.488 104.527 81.0816 58.472 56.1459 40.4766 38.5055 34.7721 31.8623
threshold=1.7424008250236513 2.3152083158493046 1.3160610795021059 0.63921856880187999 0.57329916954040538 0.58832985162734996 0.028923837468028072 0.68959107995033275 0.027791182510554794 0.75472605228424083 18.71138954162598 0.031547099351882942 2.7604109048843388 0.41940385103225714
decision_type=8 10 10 8 10 8 10 10 10 10 10 8 8 10
left_child=2 3 6 4 -2 -4 -1 -5 11 12 -9 -7 -3 -6
right_child=1 9 5 7 13 8 -8 10 -10 -11 -12 -13 -14 -15
leaf_value=-0.051955739899580737 -0.047003795436277862 0.027812328225078477 -0.046637241107945357 0.013303662234101253 0.0052260373756730779 0.0007244242321762307 0.044506625367878271 0.030152754965831082 0.046867797971710166 0.050614260222871771 0.049216568566910791 -0.024222712501690304 0.044567837671187584 -0.022044912747202727
leaf_weight=6636.5004693419614 259.91224833548767 462.71897044678917 186.12199661519844 537.22691827494418 278.94489943818189 547.23368414959987 28.203007467789575 832.65035834824084 57.118890348589048 5231.1890174724977 418.32037060568109 165.54161977028707 712.82012755190954 50.549693806096911
leaf_count=2054375 70309 2873 40236 12083 8045 26916 1012 4667 647 4040 759 18598 1834 3324
internal_value=-0.000120685 0.0400305 -0.0464026 0.0174904 -0.0190984 -0.0105357 -0.0515475 0.0295505 -0.00180818 0.0483954 0.0365276 -0.00570888 0.0385214 0.00291397
internal_weight=16405.1 8784.33 7620.72 2377.6 589.407 956.016 6664.7 1788.2 769.894 6406.73 1250.97 712.775 1175.54 329.495
internal_count=2249718 107934 2141784 99187 81678 86397 2055387 17509 46161 8747 5426 45514 4707 11369
is_linear=0
shrinkage=0.05


Tree=24
num_leaves=15
num_cat=0
split_feature=23 3 23 22 23 3 10 3 23 3 18 0 18 4
split_gain=11776 880.458 409.571 309.147 218.612 170.157 94.3435 77.139 69.5653 53.2893 27.9858 27.2677 26.3459 25.5504
threshold=7.5000000000000009 0.075504183769226088 37.500000000000007 0.62860289216041576 2.5000000000000004 0.11282742023468019 0.028923837468028072 0.027712970972061161 2.5000000000000004 0.039593756198883064 0.2603661864995957 0.68959107995033275 0.16426252573728564 0.026417344808578495
decision_type=10 10 10 10 10 10 10 8 10 8 8 10 8 10
left_child=1 4 5 -3 7 9 -4 13 -5 -2 -10 -6 -11 -1
right_child=2 3 6 8 11 -7 -8 -9 10 12 -12 -13 -14 -15
leaf_value=0.04585699155458723 0.017650190834604184 -0.048672133792370176 -0.052148357187233686 0.025444207173239749 0.0036997128164246206 -0.044104419958919533 0.042367351764369496 0.036503517996793182 0.0061227076811783826 0.00073429438648204117 -0.017943838363108502 0.025104126127440285 -0.023750762296077595 0.052805982305299683
leaf_weight=2063.5745211488102 218.57338850764791 280.57041584647959 6188.0611560522229 445.58019774779677 221.60205649584532 392.64402392972261 26.515574438497424 1227.4521063669818 205.31353865237907 202.86758637524326 105.1251844734652 452.86727795179468 239.63989156513708 3684.943637077231
leaf_count=2023 3827 76824 2014589 2534 3228 93763 915 4671 4954 11627 4987 2637 21339 2113
internal_value=0.000103086 0.0393945 -0.0468577 -0.00384981 0.0452538 -0.0180333 -0.0517451 0.0478819 0.0127845 -0.00254856 -0.00538639 0.0180715 -0.0125256 0.0503115
internal_weight=15955.3 8687.03 7268.3 1036.59 7650.44 1053.72 6214.58 6975.97 756.019 661.081 310.439 674.469 442.507 5748.52
internal_count=2250031 103971 2146060 89299 14672 130556 2015504 8807 12475 36793 9941 5865 32966 4136
is_linear=0
shrinkage=0.05


Tree=25
num_leaves=15
num_cat=0
split_feature=23 3 24 22 23 3 3 23 3 8 15 22 18 3
split_gain=11040.8 855.019 392.242 295.908 173.587 159.872 74.896 59.0881 51.8068 39.6205 36.3241 33.6936 29.0397 27.0927
threshold=7.5000000000000009 0.064814120531082167 1.1943128705024721 0.65650355815887462 2.5000000000000004 0.079786419868469252 1.0000000180025095e-35 2.5000000000000004 0.027712970972061161 5.5000000000000009 1.0000000180025095e-35 0.75472605228424083 0.26330947875976568 0.16041538119316104
decision_type=10 10 10 10 10 8 8 10 8 8 10 10 8 10
left_child=1 4 8 13 6 -4 -1 -5 9 -2 -7 -8 -6 -3
right_child=2 3 5 7 12 10 11 -9 -10 -11 -12 -13 -14 -15
leaf_value=0.051105718000522375 0.057388580073148787 -0.024718435368786606 0.0042352143332322987 0.025532995196045311 0.026780633011683205 -0.041651509622831727 0.02994576800873296 -0.0010585047436984082 -0.052070877497475333 -0.041816583168127537 -0.013625443173369459 0.043828932330721222 0.0030146302078858786 -0.053120959035486616
leaf_weight=4496.890963946702 18.96330585074611 156.01507933958783 441.77513278339757 531.62581605027663 410.58256767468993 482.59785146944341 628.51736651186366 344.14175137772691 5858.206698795082 21.447269451222382 152.03671813063556 1434.4499283190817 187.10989976656856 181.79761498549487
leaf_count=2889 54 24787 16582 2557 2495 105763 2979 8809 1999468 4662 19724 1521 2192 55615
internal_value=-0.000155583 0.0385568 -0.0466166 -0.000250489 0.0451367 -0.0188604 0.0474871 0.0150836 -0.0516817 0.00473702 -0.0349374 0.0395992 0.0193406 -0.0400036
internal_weight=15346.2 8371.13 6975.03 1213.58 7157.55 1076.41 6559.86 875.768 5898.62 40.4106 634.635 2062.97 597.692 337.813
internal_count=2250097 103844 2146253 91768 12076 142069 7389 11366 2004184 4716 125487 4500 4687 80402
is_linear=0
shrinkage=0.05


Tree=26
num_leaves=15
num_cat=0
split_feature=24 24 0 22 4 10 0 22 22 22 27 10 2 18
split_gain=10326.2 703.095 388.365 380.039 144.026 79.2149 75.0361 71.0494 69.5662 56.6404 39.6732 38.9976 37.9633 33.4694
threshold=1.6618920564651491 2.3152083158493046 0.65785282850265514 0.61679121851921093 0.040259182453155525 0.024954754859209064 0.6542620360851289 0.75472605228424083 0.56941539049148571 0.71941202878952037 4.8142111301422128 0.019797164015471939 1.5957945585250857 0.41940385103225714
decision_type=8 10 8 10 10 10 8 10 10 10 10 10 10 10
left_child=3 2 4 12 8 9 -5 10 -2 -4 -3 -8 -1 -10
right_child=1 7 5 6 -6 -7 11 -9 13 -11 -12 -13 -14 -15
leaf_value=-0.051639408388223867 -0.034481296336399167 0.027616401761007325 0.0070799112454468837 -0.031579962354780541 -0.050182300793993752 0.046098634057343456 -0.0069003830890982032 0.04934278388022284 0.0070799112454468837 0.02882397808351124 0.042270739215554257 0.034939327967888116 -0.032716737398429889 -0.01370069254547614
leaf_weight=5677.3739016467589 124.80392270424636 716.07658467959845 372.65199685220432 355.54964881564956 205.22204224357847 459.43632212193916 386.28968694567448 4757.6720702358289 394.61132560437545 867.05493074655533 375.50488031748682 65.075132010271773 99.377984736289363 57.880134225299116
leaf_count=2015283 36863 4120 9157 71560 45797 1322 27488 4079 7742 4102 618 1027 17605 3106
internal_value=0.000257144 0.0372419 0.0149417 -0.0465431 -0.0142049 0.0283647 -0.0144007 0.0467032 -0.00141529 0.0217925 0.0351987 -0.000868179 -0.0510328 0.00707991
internal_weight=14914.6 8330.91 2481.66 6583.67 782.517 1699.14 806.914 5849.25 577.295 1239.71 1091.58 451.365 5776.75 452.491
internal_count=2249869 116906 108089 2132963 93508 14581 100075 8817 47711 13259 4738 28515 2032888 10848
is_linear=0
shrinkage=0.05


Tree=27
num_leaves=15
num_cat=0
split_feature=23 3 24 22 23 3 3 10 4 3 4 28 14 16
split_gain=9812.72 839.517 386.453 233.39 217.351 141.687 86.6384 84.661 51.7416 44.9734 33.9889 32.2015 31.9378 35.0612
threshold=7.5000000000000009 0.075504183769226088 1.1943128705024721 0.62438565492630016 2.5000000000000004 0.11282742023468019 0.027712970972061161 0.030047404579818252 0.040259182453155525 0.039593756198883064 0.026846319437026981 3.5000000000000004 1.0000000180025095e-35 4.6001451015472421
decision_type=10 10 10 10 10 10 8 10 10 8 10 10 10 8
left_child=1 4 7 -3 6 9 10 -2 -5 -4 -1 12 13 -6
right_child=2 3 5 8 11 -7 -8 -9 -10 -11 -12 -13 -14 -15
leaf_value=0.043847494327239667 -0.051567677685254124 -0.0478062640912277 0.014454379538022623 0.014450601980313791 0.0025733369702170307 -0.042063306467942034 0.033905192243417731 0.046084355302628409 -0.019745701727223786 -0.013173527704673484 0.052277777313477151 0.047831882974407318 0.021815912209247921 -0.079606083331516114
leaf_weight=1896.8794100151863 5370.1041123445611 249.46901097905356 221.47140724211931 595.22554953006329 222.1222464228631 385.34900617483072 1136.7990653932793 22.28739529568702 124.48299700632924 439.81912264676066 3234.0938274711953 69.797985095530748 333.13333579141181 13.784438789589329
leaf_count=2028 2003450 76501 4123 7518 2649 101855 4637 482 5260 35828 2093 211 2477 419
internal_value=1.59338e-05 0.0374472 -0.0457675 -0.00613087 0.0435624 -0.017964 0.0463942 -0.0511641 0.00831486 -0.00392072 0.0491612 0.0157793 0.0118478 -0.00222855
internal_weight=14314.8 7875.79 6439.03 969.178 6906.61 1046.64 6267.77 5392.39 719.709 661.291 5130.97 638.838 569.04 235.907
internal_count=2249531 103793 2145738 89279 14514 141806 8758 2003932 12778 39951 4121 5756 5545 3068
is_linear=0
shrinkage=0.05


Tree=28
num_leaves=15
num_cat=0
split_feature=23 3 3 24 1 3 23 3 22 2 28 24 10 2
split_gain=9136.75 1079.74 295.838 259.861 128.531 62.5246 61.5679 55.949 55.2105 38.8638 31.4801 30.7295 30.0388 28.6632
threshold=4.5000000000000009 0.057560086250305183 0.039593756198883064 1.3160610795021059 1.5000000000000002 0.15658804774284366 53.500000000000007 0.1276703476905823 0.75472605228424083 1.5291855931282046 3.5000000000000004 2.0047768354415898 0.030047404579818252 2.0746576786041264
decision_type=8 8 10 10 10 10 10 10 10 10 8 10 10 10
left_child=2 4 8 12 -2 9 -6 11 10 -5 -1 -4 -3 -13
right_child=1 3 7 5 6 -7 -8 -9 -10 -11 -12 13 -14 -15
leaf_value=0.029818040500309624 0.040083440864568921 -0.051095135496533252 0.0066553792253437397 -0.0082341060521762873 0.006012964211053299 -0.045132005687164738 -0.040971462913076961 -0.010012378527235664 0.049205812255606204 -0.049416623907645015 0.042824838356872202 0.030947187390168454 0.040022305012969106 0.0039726120812621857
leaf_weight=718.04660394880921 291.63733938819496 5414.4000020406966 216.35820944939042 544.15614941810782 471.4551023900276 194.58900513174012 81.826130148896482 139.14655848772964 4383.5627892109333 64.02813638956286 332.53992087498773 798.09158954554005 9.0603674429003132 112.34438939049141
leaf_count=1699 1409 2095730 2315 42957 12275 46823 27134 5182 3714 6076 304 3391 405 840
internal_value=-0.000171785 -0.0398155 0.0416675 -0.047013 0.0132227 -0.0204627 -0.000935679 0.0198996 0.0467385 -0.0125697 0.0364439 0.0235934 -0.0509429 0.0276186
internal_weight=13771.2 7071.15 6700.09 6226.23 844.919 802.773 553.281 1265.94 5434.15 608.184 1050.59 1126.79 5423.46 910.436
internal_count=2250254 2232809 17445 2191991 40818 95856 39409 11728 5717 49033 2003 6546 2096135 4231
is_linear=0
shrinkage=0.05


Tree=29
num_leaves=15
num_cat=0
split_feature=23 3 24 24 3 1 10 1 4 23 28 24 16 4
split_gain=8710.45 619.184 602.458 209.58 151.55 141.932 80.908 61.667 55.9663 48.994 32.0396 27.9629 30.6095 26.8137
threshold=4.5000000000000009 0.075504183769226088 1.1943128705024721 1.5026199221611025 0.11282742023468019 1.5000000000000002 0.030047404579818252 1.5000000000000002 0.059270083904266364 2.5000000000000004 1.5000000000000002 2.3152083158493046 4.0859410762786874 0.019915759563446048
decision_type=10 10 10 10 10 8 10 8 10 8 10 10 8 10
left_child=1 5 6 -3 7 13 -2 -4 11 -7 -11 12 -5 -1
right_child=2 3 4 8 -6 9 -8 -9 -10 10 -12 -13 -14 -15
leaf_value=0.040513285116606408 -0.051201043815390493 -0.049118928822469238 0.030600495270108552 0.017564973504257245 -0.037767435491693903 0.037242906109258803 0.045070026388930512 -0.0074164125825595621 -0.038430378862329605 -0.060464663999419549 0.020568768416795447 0.030431382499997939 -0.016304197074396311 0.051433005101726686
leaf_weight=680.55453342490364 4887.1151453448983 193.16268020076677 122.06388521386543 206.28294675552752 449.03297964576632 1904.5442492351867 21.922175937099382 845.77383920653665 51.529678716440685 12.592982013709841 389.17012416664511 206.78858270455385 98.593504868331365 3232.0015439457493
leaf_count=765 2004375 70322 653 2299 109362 2953 471 44765 3667 1346 4084 1141 1808 2363
internal_value=6.31781e-06 0.0385389 -0.0424814 -0.00417728 -0.0137601 0.0437342 -0.0507711 -0.00262171 0.0112367 0.0338958 0.0180288 0.0162386 0.00661208 0.0495336
internal_weight=13301.1 6975.22 6325.91 756.357 1416.87 6218.86 4909.04 967.838 563.195 2306.31 401.763 511.665 304.876 3912.56
internal_count=2250374 90748 2159626 79237 154780 11511 2004846 45418 8915 8383 5430 5248 4107 3128
is_linear=0
shrinkage=0.05


Tree=30
num_leaves=15
num_cat=0
split_feature=23 3 24 23 23 3 3 10 3 9 18 22 3 18
split_gain=8140.34 741.336 340.032 262.787 120.349 113.947 108.472 55.1021 50.7442 36.1578 34.3021 24.8373 24.4466 22.8309
threshold=7.5000000000000009 0.039593756198883064 1.1943128705024721 2.5000000000000004 2.5000000000000004 0.12981992959976199 0.11282742023468019 0.030047404579818252 1.0000000180025095e-35 0.29659135639667517 0.28745292127132421 0.75472605228424083 0.18317621946334842 0.29746453464031225
decision_type=10 10 10 8 10 10 10 10 8 10 10 10 10 10
left_child=1 4 7 12 8 10 9 -2 -1 -4 -5 -10 -3 -11
right_child=2 3 6 5 -6 -7 -8 -9 11 13 -12 -13 -14 -15
leaf_value=0.049642959533685138 -0.051012715475246634 0.025800732148264852 -0.011933268043028494 0.0061199202258264643 0.017673000482075603 -0.041824492672833634 -0.040836095895026001 0.038774924492477866 0.028022899365460908 0.032491878462308964 -0.023357217484550493 0.042704888683207064 -0.040380249407472764 -0.014727052711269513
leaf_weight=3623.1361149469158 4642.8209834289737 900.98125054291449 517.75115113762149 392.94309400621569 389.49620854272507 258.80973361313227 348.47468323251815 17.150484541081823 407.07647610886488 85.364024023467209 131.79658157858648 985.19809490418993 14.173273054300806 36.564636957948096
leaf_count=2878 2003302 3662 35570 13102 2655 69386 102093 466 1173 2117 9402 1054 606 2249
internal_value=-0.000231271 0.0353908 -0.0450329 0.00657881 0.0444461 -0.0146745 -0.0183915 -0.0506823 0.0465253 -0.00616451 -0.00128372 0.0384121 0.0247758 0.0183316
internal_weight=12751.7 7103.61 5648.13 1698.7 5404.91 783.549 988.154 4659.97 5015.41 639.68 524.74 1392.27 915.155 121.929
internal_count=2249715 103918 2145797 96158 7760 91890 142029 2003768 5105 39936 22504 2227 4268 4366
is_linear=0
shrinkage=0.05


Tree=31
num_leaves=15
num_cat=0
split_feature=23 3 23 23 3 23 3 10 1 3 18 3 27 2
split_gain=7625.03 700.502 322.314 230.517 151.242 122.443 68.5916 63.3151 51.0657 48.5084 41.7011 34.3063 30.2464 25.5896
threshold=7.5000000000000009 0.039593756198883064 53.500000000000007 4.5000000000000009 0.10261034965515138 2.5000000000000004 0.15368023514747622 0.031299682334065444 1.5000000000000002 0.12659722566604617 0.31113496422767645 0.027712970972061161 3.1240557432174687 2.0746576786041264
decision_type=10 10 10 8 10 10 10 10 8 10 10 8 10 10
left_child=1 5 4 9 10 8 -5 -4 -1 12 11 -2 13 -3
right_child=2 3 7 6 -6 -7 -8 -9 -10 -11 -12 -13 -14 -15
leaf_value=0.049384959518593743 0.025192181352303694 0.020688798386168886 -0.051129956159728866 -0.0085452346989882914 -0.041252079312703957 0.016242464748220702 -0.048130622916038701 0.054075391946602394 0.037910603482738871 -0.0096107741741428433 -0.026155154118647318 -0.0051536862510064979 0.039673548222228058 -0.010897050669841382
leaf_weight=3444.865727749595 129.01507337274961 801.01934815064305 4271.8677124036476 317.47612109512556 498.67572664021282 368.39489439205499 166.99170842304011 14.349213679321108 1349.4944010764593 134.9570337254554 162.37923455167038 334.89379769403604 201.11791179282591 69.70349734032061
leaf_count=2858 1761 5060 1945936 26513 157717 2641 57950 116 2217 5189 15477 25268 675 731
internal_value=-0.000157037 0.0348719 -0.0445261 0.00694407 -0.0207066 0.0440207 -0.02219 -0.0507778 0.0461552 0.0186399 -0.00434755 0.00328563 0.022197 0.0181603
internal_weight=12265.2 6854.02 5411.18 1691.27 1124.96 5162.76 484.468 4286.22 4794.36 1206.8 626.288 463.909 1071.84 870.723
internal_count=2250109 103834 2146275 96118 200223 7716 84463 1946052 5075 11655 42506 27029 6466 5791
is_linear=0
shrinkage=0.05


Tree=32
num_leaves=15
num_cat=0
split_feature=24 3 24 22 3 22 3 10 22 16 3 16 22 26
split_gain=7103.39 744.732 313.384 201.609 182.307 121.231 95.5252 71.7642 52.4546 49.565 46.879 36.9616 34.3801 28.8054
threshold=1.6618920564651491 0.064814120531082167 1.1943128705024721 0.65650355815887462 1.0000000180025095e-35 0.75472605228424083 0.027712970972061161 0.030047404579818252 0.75472605228424083 3.0201274156570439 0.15658804774284366 3.6242519617080693 0.68443962931633007 0.097619049251079573
decision_type=8 10 10 10 8 10 8 10 10 10 10 8 8 8
left_child=2 4 7 13 -2 9 -4 -1 11 -6 -8 -5 -11 -3
right_child=1 3 6 8 5 -7 10 -9 -10 12 -12 -13 -14 -15
leaf_value=-0.0506405232250738 0.04807005405653976 -0.050264179397242648 0.02164329914657007 0.010475976076907256 0.026958214863764207 0.039086291535793634 -0.016298447262558566 0.04143338979178228 0.023307420259146006 -0.018225591716656841 -0.045312798013362125 -0.014005275176193134 0.012184934169763156 -0.019487136528406432
leaf_weight=4198.965232888615 3499.6130561947939 185.31855246578925 135.81727228919044 220.79070185049204 356.41941989056068 1318.1550321870018 514.55916109890677 21.270066004770342 373.53933596168645 124.76205465226667 190.85354506585281 205.64271861093584 364.37138143187622 128.91010563564487
leaf_count=2003880 3395 59773 1949 4155 1970 2681 61894 477 2706 2255 64755 6868 3730 29503
internal_value=0.000195225 0.0336646 -0.0446218 -0.00370237 0.0410162 0.0296073 -0.0167553 -0.0501765 0.00962756 0.0148301 -0.0241485 -0.00235547 0.0044282 -0.0376381
internal_weight=11839 6777.52 5061.47 1114.2 5663.32 2163.71 841.23 4220.24 799.973 845.553 705.413 426.433 489.133 314.229
internal_count=2249991 117036 2132955 103005 14031 10636 128598 2004357 13729 7955 126649 11023 5985 89276
is_linear=0
shrinkage=0.05


Tree=33
num_leaves=15
num_cat=0
split_feature=23 3 24 23 3 3 23 18 10 8 24 22 18 18
split_gain=6651.73 652.596 343.057 294.658 100.27 95.3686 75.7357 52.249 41.5579 40.8684 35.1011 34.3305 36.9338 29.9729
threshold=7.5000000000000009 0.027712970972061161 1.1943128705024721 2.5000000000000004 0.15467011928558352 0.11282742023468019 2.5000000000000004 0.26908361911773687 0.030047404579818252 1.5000000000000002 2.3152083158493046 0.75472605228424083 0.26908361911773687 0.34547665715217596
decision_type=10 8 10 8 10 10 10 8 10 8 8 10 10 10
left_child=1 6 8 9 7 13 10 -5 -2 -3 -1 12 -11 -4
right_child=2 3 5 4 -6 -7 -8 -9 -10 11 -12 -13 -14 -15
leaf_value=0.032120833136769521 -0.050583861571545978 0.056159518508143373 0.00043783645367977825 0.0063946687733138774 -0.0447911870033511 -0.039281669804542084 0.019861050423842598 -0.023893286704136252 0.031392364837740855 0.020879682147329728 0.048314546976016573 0.029658702456465503 -0.012251522768882403 -0.025561468359604496
leaf_weight=369.54188275232445 3980.4720299345208 103.6090784156695 485.33838967132033 469.53209056775086 180.07133183267433 312.83810265996726 279.88701386615867 204.36484393011779 15.520578673691487 319.0227385093458 3542.2803703141981 789.73281354689971 114.24035263143014 143.66588846346713
leaf_count=533 2003921 119 27079 18053 60010 102107 1336 15210 474 1854 3562 1886 1134 13006
internal_value=-0.00030769 0.0334463 -0.0438672 0.0112615 -0.0116469 -0.0167211 0.044987 -0.00279041 -0.0502655 0.0260082 0.0467848 0.0234538 0.0121438 -0.00550046
internal_weight=11310.1 6372.28 4937.83 2180.57 853.968 941.842 4191.71 673.897 3995.99 1326.6 3911.82 1223 433.263 629.004
internal_count=2250284 103697 2146587 98266 93273 142192 5431 33263 2004395 4993 4095 4874 2988 40085
is_linear=0
shrinkage=0.05


Tree=34
num_leaves=15
num_cat=0
split_feature=23 24 3 3 3 22 22 4 10 3 22 18 26 4
split_gain=6354.66 502.41 500.542 206.907 106.867 79.4521 69.5868 67.1915 64.3461 53.2644 42.9865 38.0085 26.0393 25.0799
threshold=4.5000000000000009 1.1943128705024721 0.10662662982940675 0.027712970972061161 0.15658804774284366 0.68443962931633007 0.71941202878952037 0.026846319437026981 0.030047404579818252 0.027712970972061161 0.75472605228424083 0.21488787233829501 0.12132352963089944 0.024979948997497562
decision_type=10 10 10 8 10 10 10 10 10 8 10 10 8 10
left_child=2 8 3 7 9 -4 12 10 -2 13 -1 -11 -5 -3
right_child=1 4 5 6 -6 -7 -8 -9 -10 11 -12 -13 -14 -15
leaf_value=0.025419774847095195 -0.050394222702097181 0.0045774236159072277 -0.044225903960329965 -0.0088767851292973869 -0.045981825869852513 0.0020752767221351486 0.029846745446885811 0.051033578218417676 0.038086179258239844 -0.0047090862137079215 0.043116604978526506 -0.026501661063572171 0.017234742528444064 0.043282103844847021
leaf_weight=490.21545487164985 3774.6653257653234 195.58342406665906 180.0203569479927 180.18176201134338 215.70685887112631 190.91296878724825 1107.3526182448259 2328.8543552244373 20.660405690607149 495.44076254183892 1143.8044785645325 335.61581277343794 182.89351053087739 53.249344748561271
leaf_count=1260 2003438 2821 68818 6577 74664 3040 3467 2162 474 37957 1427 39296 4040 165
internal_value=3.77534e-05 -0.0407353 0.0358 0.0396365 -0.0138516 -0.0203955 0.0236185 0.04558 -0.0499126 -0.00743357 0.0378075 -0.0135099 0.00462274 0.0128601
internal_weight=10895.2 5090.92 5804.24 5433.3 1295.6 370.933 1470.43 3962.87 3795.33 1079.89 1634.02 831.057 363.075 248.833
internal_count=2249606 2158815 90791 18933 154903 71858 14084 4849 2003912 80239 2687 77253 10617 2986
is_linear=0
shrinkage=0.05


Tree=35
num_leaves=15
num_cat=0
split_feature=23 23 1 23 0 0 10 28 23 4 17 18 18 4
split_gain=5887.54 484.74 416.128 230.661 92.249 84.2477 70.7589 55.0873 50.894 45.0662 33.2164 28.2292 27.2995 21.8912
threshold=4.5000000000000009 37.500000000000007 2.5000000000000004 2.5000000000000004 0.59694635868072521 0.6947578787803651 0.028923837468028072 2.5000000000000004 2.5000000000000004 0.043543964624404914 4.3630783557891855 0.25445108115673071 0.18668776750564578 0.025501906871795658
decision_type=10 10 8 8 8 10 10 10 10 10 8 10 8 10
left_child=2 5 8 7 -5 9 -3 -4 13 11 -10 -2 -6 -1
right_child=1 6 3 4 12 -7 -8 -9 10 -11 -12 -13 -14 -15
leaf_value=0.040768088428128166 -0.0087149947700269313 -0.049990033878607176 0.019943898857816153 -0.043126915863752856 0.013915384926383305 0.0061099437002662431 0.035322575645254241 0.039309386107360254 -0.07189013698970434 -0.045493532148935763 0.022239937773365116 -0.030215750904447843 -0.010867758913024467 0.049414418147054717
leaf_weight=1074.2734664812451 434.62393144058296 3609.2443753796106 916.99273927975446 148.51263856783044 238.38711843269994 390.84816717755166 24.469733163772617 612.5238065290032 10.154499582073184 164.23337934416486 121.63364709331654 235.31785955600208 208.13271884649293 2298.0547929214663
leaf_count=1330 44068 2014524 3643 57566 9519 9916 913 1396 138 52946 552 36767 13999 2670
internal_value=7.64285e-05 -0.0402457 0.034883 0.0174234 -0.0089904 -0.0130459 -0.0494155 0.0276992 0.0454689 -0.0220213 0.0149871 -0.0162672 0.00236342 0.0466601
internal_weight=10487.4 4858.74 5628.67 2124.55 595.032 1225.02 3633.71 1529.52 3504.12 834.175 131.788 669.942 446.52 3372.33
internal_count=2249947 2159134 90813 86123 81084 143697 2015437 5039 4690 133781 690 80835 23518 4000
is_linear=0
shrinkage=0.05


Tree=36
num_leaves=15
num_cat=0
split_feature=24 3 24 3 4 3 3 24 24 24 10 4 18 8
split_gain=5402.94 565.882 359.39 163.782 113.712 105.405 65.9527 62.4993 54.308 47.2127 42.9806 41.36 34.607 31.0685
threshold=1.7424008250236513 0.039593756198883064 1.1450402140617373 0.11868399381637575 0.027849763631820682 0.027712970972061161 0.16416001319885257 2.3152083158493046 2.0047768354415898 1.8478996753692629 0.031299682334065444 0.048693835735321052 0.13104430586099627 8.5000000000000018
decision_type=8 10 10 10 10 8 10 10 10 10 10 10 10 8
left_child=2 4 10 8 7 -4 13 -2 12 -5 -1 -10 -3 -7
right_child=1 3 5 9 -6 6 -8 -9 11 -11 -12 -13 -14 -15
leaf_value=-0.050149176697687141 0.019945480613328917 0.015960223033312761 0.018959059514528219 -0.044182303990897953 0.049770375411348183 0.04012929399254285 -0.050139337614018543 0.03902478032957965 0.025383873331691301 -0.0067996980885261307 0.046289774666851934 -0.014029027899586844 -0.016387435093077198 -0.018014692216183206
leaf_weight=3326.8467050858453 616.18452997325221 147.72534349549096 179.65442385547794 163.43158594801207 2130.9336273649824 23.849467368767364 179.22031081643945 1414.7064226762159 731.79339994321344 174.79734725365415 11.593590494943781 73.225249187322333 187.7931354540633 626.42867929550994
leaf_count=1977674 3451 4371 2454 67571 2426 1004 77084 2196 4348 10341 118 1351 11981 83446
internal_value=-2.34531e-05 0.0322618 -0.0419105 0.00569353 0.0417019 -0.0157635 -0.0232838 0.033236 0.0147551 -0.0248629 -0.0498143 0.0217988 -0.00214509 -0.0158822
internal_weight=9988.18 5640.59 4347.59 1478.77 4161.82 1009.15 829.498 2030.89 1140.54 338.229 3338.44 805.019 335.518 650.278
internal_count=2249816 108036 2141780 99963 8073 163988 161534 5647 22051 77912 1977792 5699 16352 84450
is_linear=0
shrinkage=0.05


Tree=37
num_leaves=15
num_cat=0
split_feature=23 3 24 22 1 3 10 8 22 4 4 18 24 22
split_gain=5109.83 475.159 464.216 146.377 129.859 82.0137 52.1341 46.3741 45.2545 43.6946 33.7299 31.3987 23.8591 23.1098
threshold=4.5000000000000009 0.064814120531082167 1.1943128705024721 0.62438565492630016 1.5000000000000002 0.15658804774284366 0.030047404579818252 6.5000000000000009 0.75472605228424083 0.019915759563446048 0.051186233758926399 0.10702608153223993 2.3152083158493046 0.75472605228424083
decision_type=10 10 10 10 8 10 10 8 10 10 10 10 10 10
left_child=1 4 6 -3 9 7 -2 -4 -6 -1 12 -9 -5 -13
right_child=2 3 5 10 8 -7 -8 11 -10 -11 -12 13 -14 -15
leaf_value=0.034158128719618396 -0.049931792305881073 -0.042812999656828603 0.034017423814883957 0.0049384473492749999 0.019077046050623221 -0.043599937020551829 0.035372045502393125 0.0029561917154048104 0.035793895417636466 0.050375802060920197 -0.016716768799387528 -0.019593127476284718 0.026394935145467063 0.011109713556033332
leaf_weight=516.4206955776317 3185.7688011597929 172.97837523772614 62.621905486681499 323.134650829772 643.93885065848008 187.87663471049746 18.012484887847677 303.40807196122478 1090.3737766969716 2121.6491249907995 61.957748638116755 598.17746515438193 216.27959396096412 68.284891800838523
leaf_count=777 2004006 73641 1183 3804 4486 74670 461 19331 2078 2347 2661 58378 1051 1241
internal_value=-5.14112e-05 0.033821 -0.0394561 -0.00227956 0.0402144 -0.0132139 -0.0494522 -0.00768468 0.029587 0.0472011 0.00937946 -0.0103773 0.0135415 -0.0164474
internal_weight=9570.88 5146.73 4424.15 774.35 4372.38 1220.37 3203.78 1032.49 1734.31 2638.07 601.372 969.87 539.414 666.462
internal_count=2250115 90845 2159270 81157 9688 154803 2004467 80133 6564 3124 7516 78950 4855 59619
is_linear=0
shrinkage=0.05


Tree=38
num_leaves=15
num_cat=0
split_feature=23 24 1 22 0 28 24 23 4 1 4 28 22 28
split_gain=4754.7 433.371 367.315 184.753 82.9865 75.5343 55.4382 53.1337 44.2793 40.3845 40.3291 33.5952 30.0026 22.0497
threshold=4.5000000000000009 1.1450402140617373 2.5000000000000004 0.69894883036613475 0.6947578787803651 1.5000000000000002 2.3152083158493046 2.5000000000000004 0.05502936244010926 3.5000000000000004 0.043543964624404914 2.5000000000000004 0.75472605228424083 3.5000000000000004
decision_type=10 10 8 10 10 10 10 10 10 8 10 10 8 10
left_child=2 9 7 5 10 -4 11 12 -7 -2 -3 -5 -1 -8
right_child=1 4 3 6 -6 8 13 -9 -10 -11 -12 -13 -14 -15
leaf_value=0.033628511251817067 0.014810986660196944 -0.017742120436450581 -0.045202118640435246 0.008445711098254545 0.0047834161446739139 0.0064059625505648787 0.030257139941924607 0.012930672558050122 -0.053387437714820352 -0.050004117474526349 -0.045304021457394261 0.038330499068047037 0.047679489142440828 0.054166112587563424
leaf_weight=450.18765270203585 24.230590944440337 689.41349367356452 119.48561368259834 520.44928805076052 390.26971983385738 324.41410903132055 729.10786046448629 131.02603328583064 34.229249153053388 2942.6702617699484 164.36311751691392 114.78108798025642 2433.8032939207915 111.13008821615949
leaf_count=877 3720 104838 54484 4136 11284 14219 2089 689 10428 1974399 65066 499 3108 162
internal_value=3.43321e-07 -0.0390881 0.0331282 0.0162394 -0.0143171 -0.0107716 0.0249923 0.0440714 0.000699226 -0.0494748 -0.0230481 0.0138457 0.0454861 0.0334193
internal_weight=9179.56 4210.95 4968.61 1953.6 1244.05 478.129 1475.47 3015.02 358.643 2966.9 853.777 635.23 2883.99 840.238
internal_count=2249998 2159307 90691 86017 181188 79131 6886 4674 24647 1978119 169904 4635 3985 2251
is_linear=0
shrinkage=0.05


Tree=39
num_leaves=15
num_cat=0
split_feature=23 24 3 22 3 4 3 22 3 28 10 2 24 7
split_gain=4396.24 435.026 422.279 167.268 93.3293 76.5796 63.0835 53.2384 42.2735 39.008 38.0368 29.5811 29.5257 28.8952
threshold=4.5000000000000009 1.1450402140617373 0.039593756198883064 0.69894883036613475 0.057560086250305183 0.028275460004806522 0.11639323830604555 0.71941202878952037 0.15658804774284366 2.5000000000000004 0.031299682334065444 1.821476995944977 2.3152083158493046 18.459921836853031
decision_type=10 10 8 10 8 10 10 10 10 10 10 10 10 10
left_child=2 10 5 6 -3 7 -4 13 -6 12 -2 -11 -5 -1
right_child=1 4 3 9 8 -7 -8 -9 -10 11 -12 -13 -14 -15
leaf_value=0.0011794923553292858 -0.04990485562228375 0.0047805523728089048 -0.0032547332370213692 0.0036424236136980933 -0.017439091077078667 0.049329420127842062 -0.04568340623174795 0.03862005578380584 -0.044376559593119362 0.041198686568409609 0.043570628244130161 0.0068210601496603608 0.024824624679986303 0.027090129803118635
leaf_weight=168.88192899897695 2782.5877588243748 436.13789285245002 229.45709802847705 385.91442847152939 592.00305085945001 1735.8146447949985 141.71220463915961 1308.6948701975052 193.16806017578347 269.88394125399645 10.925716582918538 81.463410911994288 286.75185632228386 140.60350486193784
leaf_count=1043 1976934 10787 12179 3702 80606 2296 66669 2162 89544 823 124 471 1101 336
internal_value=-0.000141204 -0.0386567 0.0324187 0.00930199 -0.0137649 0.0420347 -0.019454 0.0342097 -0.0240663 0.019725 -0.0495393 0.0332279 0.0126722 0.0155602
internal_weight=8764 4014.82 4749.18 1395.18 1221.31 3353.99 371.169 1618.18 785.171 1024.01 2793.51 351.347 672.666 309.485
internal_count=2248777 2157995 90782 84945 180937 5837 78848 3541 170150 6097 1977058 1294 4803 1379
is_linear=0
shrinkage=0.05


Tree=40
num_leaves=15
num_cat=0
split_feature=23 23 22 3 3 4 4 3 22 4 3 22 18 10
split_gain=4102.94 498.568 270.495 159.166 128.291 51.3443 50.1592 48.1789 44.0825 43.1772 42.8756 36.8461 37.5502 31.6794
threshold=7.5000000000000009 2.5000000000000004 0.61325654387474071 0.027712970972061161 0.061360150575637824 0.039200365543365485 0.026417344808578495 0.064814120531082167 0.75472605228424083 0.046596795320510871 0.11042261123657228 0.75472605228424083 0.27523843944072729 0.027791182510554794
decision_type=10 8 10 8 8 10 10 8 10 10 10 10 10 10
left_child=1 3 7 6 9 -6 8 -2 -1 -3 13 12 -5 -4
right_child=2 4 10 11 5 -7 -8 -9 -10 -11 -12 -13 -14 -15
leaf_value=0.019230917317457262 -0.030598079069030778 0.0100835318832197 -0.008832729583395791 0.018988774507283528 -0.0087518339376080508 -0.044935059890795576 0.050751781005607524 -0.049784334970173358 0.042283867341137683 0.046088615187090461 -0.030598079069030778 0.028996877015386641 -0.01664401267053589 0.039107330967924958
leaf_weight=269.55100367590785 133.61209389352007 515.22501131246099 454.60595918734907 296.57450913602952 393.01134635014751 130.63140447350452 1515.7286827290663 2676.2704779799533 899.00138703850098 99.316565008368343 190.96272276621312 744.57532854552846 98.488420901587233 37.28676228877157
leaf_count=519 42668 5257 35510 1910 45968 43541 2012 1989200 1206 235 78437 1961 1118 372
internal_value=0.00023467 0.029457 -0.0412813 0.0381037 0.000406921 -0.0177783 0.0447505 -0.0481407 0.0369662 0.0159023 -0.0130555 0.0224481 0.0101056 -0.00519875
internal_weight=8454.84 4962.1 3492.74 3823.92 1138.18 523.643 2684.28 2809.88 1168.55 614.542 682.855 1139.64 395.063 491.893
internal_count=2249914 103727 2146187 8726 95001 89509 3737 2031868 1725 5492 114319 4989 3028 35882
is_linear=0
shrinkage=0.05


Tree=41
num_leaves=15
num_cat=0
split_feature=23 3 24 23 4 23 3 4 1 9 18 4 22 28
split_gain=3801.31 499.698 259.884 202.789 92.1245 63.4828 60.7384 56.972 39.4075 36.4205 36.2058 32.621 30.5431 29.1823
threshold=7.5000000000000009 0.027712970972061161 1.1450402140617373 2.5000000000000004 0.026417344808578495 2.5000000000000004 0.073208153247833266 0.056271821260452277 3.5000000000000004 0.99919417500495922 0.26908361911773687 0.048693835735321052 0.75472605228424083 2.5000000000000004
decision_type=10 8 10 8 10 10 10 10 8 10 8 10 10 8
left_child=1 4 8 9 5 12 13 10 -2 11 -5 -3 -1 -4
right_child=2 3 6 7 -6 -7 -8 -9 -10 -11 -12 -13 -14 -15
leaf_value=0.023198467746247821 0.01611859945730202 0.021515820623625625 -0.011782329848827393 0.00087488118492273694 0.049932327142185901 0.0041334912932218344 -0.029585585637178807 -0.051729743378252868 -0.049836912481516171 0.055397770926200365 -0.024609174840888984 -0.014314169431029977 0.041166857904703522 0.017715356302259615
leaf_weight=325.22106156626251 22.858160320582101 964.92079243727494 266.0201429620065 424.75553525879513 1546.4411054846132 176.47488968155812 441.99760122202861 82.229002210253384 2455.0594039875868 74.312535161152482 207.44050618102483 68.001796487456886 866.95003661635565 122.43674439324241
leaf_count=841 3710 3295 16625 28518 2208 1211 147418 35854 1973947 112 29112 1582 1206 3876
internal_value=8.98487e-06 0.0287325 -0.0411158 0.00818891 0.0415703 0.032122 -0.0169089 -0.0125794 -0.0492285 0.0215893 -0.00748712 0.019157 0.0362651 -0.00248503
internal_weight=8045.12 4736.75 3308.37 1821.66 2915.09 1368.65 830.454 714.425 2477.92 1107.24 632.196 1032.92 1192.17 388.457
internal_count=2249515 103939 2145576 98473 5466 3258 167919 93484 1977657 4989 57630 4877 2047 20501
is_linear=0
shrinkage=0.05


Tree=42
num_leaves=15
num_cat=0
split_feature=23 3 22 23 4 3 23 3 3 3 18 24 9 2
split_gain=3492.84 498.832 223.001 178.78 100.759 63.6534 52.4474 38.9647 37.5432 33.087 31.5599 29.4966 29.254 29.3011
threshold=9.5000000000000018 0.027712970972061161 0.61325654387474071 2.5000000000000004 0.026846319437026981 0.16416001319885257 2.5000000000000004 0.064814120531082167 0.10662662982940675 0.11282742023468019 0.34915727376937872 2.3152083158493046 0.99919417500495922 2.0746576786041264
decision_type=10 8 10 8 10 10 10 8 10 10 10 10 10 10
left_child=1 4 7 8 6 10 11 -2 12 -4 -5 -1 13 -3
right_child=2 3 9 5 -6 -7 -8 -9 -10 -11 -12 -13 -14 -15
leaf_value=0.020630746482391667 -0.0306855511338925 0.024672391496243905 -0.0055986047532344436 0.00059798963589172301 0.04967452766747768 -0.044724458884673794 0.0078026701925241471 -0.049740927768536954 -0.0038024961831511633 -0.0306855511338925 -0.026030566470667395 0.039389706635996738 0.053896255519237685 -0.0043084705454823694
leaf_weight=275.14349201577716 116.62357785714266 782.42382265499327 402.84067848563427 551.32154998231272 1444.0394449344021 116.54124670647434 210.92701988277258 2353.9135737924662 139.07984951336402 154.39104526428855 139.40632815173012 879.04771338240243 75.378845172934234 98.158659094944596
leaf_count=773 42554 2327 34907 27749 2216 59402 1530 1986009 2089 74129 14632 1285 115 490
internal_value=0.000151963 0.0270793 -0.0417493 0.00730888 0.0404675 -0.0105434 0.0307282 -0.0481938 0.0204697 -0.0131773 -0.00477633 0.0349178 0.024001 0.0214419
internal_weight=7739.24 4711.47 3027.77 1902.31 2809.16 807.269 1365.12 2470.54 1095.04 557.232 690.728 1154.19 955.961 880.582
internal_count=2250207 112608 2137599 106804 5804 101783 3588 2028563 5021 109036 42381 2058 2932 2817
is_linear=0
shrinkage=0.05


Tree=43
num_leaves=15
num_cat=0
split_feature=23 23 3 22 3 3 24 7 0 28 4 26 15 3
split_gain=3258.98 535.502 153.284 121.919 113.503 51.0518 48.6539 44.2427 35.6747 31.8744 31.162 29.9729 28.806 28.2355
threshold=14.500000000000002 2.5000000000000004 1.0000000180025095e-35 0.59560877084732067 0.057560086250305183 0.16612479090690616 2.3152083158493046 29.871852874755863 0.64201158285141002 2.5000000000000004 0.019915759563446048 0.58578431606292736 1.0000000180025095e-35 0.061360150575637824
decision_type=10 8 8 10 8 10 10 10 10 10 10 10 10 8
left_child=1 2 10 13 7 11 9 -3 -5 -4 -1 12 -6 -2
right_child=3 4 6 8 5 -7 -8 -9 -10 -11 -12 -13 -14 -15
leaf_value=0.03362932383966355 -0.034409855989406955 0.0066141470599334591 0.005861267290486181 -0.034409855989406955 -0.019717831578640446 -0.044056353005724191 0.031109736620661684 0.036755411339983689 -0.0073381852465973646 0.035312901320588952 0.050116118484867959 0.036167504832475848 0.004549926388702095 -0.050164925102769237
leaf_weight=364.55283415690064 84.60673443225096 510.78083790582605 404.33542731677881 195.15340845102037 364.71041395707289 123.92374476850091 1087.1876302274759 159.84770321869291 246.3605688521493 118.87772107822821 1340.5405848970986 34.960005974047817 183.96185472834622 2133.7847261061543
leaf_count=570 33508 6810 2458 105583 40392 66864 3036 708 39247 444 2174 1273 9577 1936899
internal_value=0.000197001 0.0252545 0.0361431 -0.0440195 -0.000940259 -0.0149098 0.0250807 0.0137985 -0.0200246 0.0125529 0.0465912 -0.00872102 -0.0115812 -0.0487951
internal_weight=7353.58 4693.68 3315.49 2659.91 1378.18 707.556 1610.4 670.629 441.514 523.213 1705.09 583.632 548.672 2218.39
internal_count=2249543 134306 8682 2115237 125624 118106 5938 7518 144830 2902 2744 51242 49969 1970407
is_linear=0
shrinkage=0.05


Tree=44
num_leaves=15
num_cat=0
split_feature=24 23 1 3 3 24 24 3 7 7 27 14 18 26
split_gain=2987.42 544.652 152.312 111.377 106.673 50.983 48.0685 43.2479 32.6895 32.3257 28.3704 29.5429 27.813 25.0215
threshold=1.4647108316421511 2.5000000000000004 1.5000000000000002 0.057560086250305183 0.027712970972061161 1.101870119571686 2.3152083158493046 0.16612479090690616 20.965948104858402 12.962393760681154 2.9543005228042607 1.0000000180025095e-35 0.34547665715217596 0.60555556416511547
decision_type=8 8 8 8 8 10 10 10 10 10 8 10 10 8
left_child=4 2 -2 9 -1 -6 8 12 -4 -3 11 -8 13 -5
right_child=1 3 6 7 5 -7 10 -9 -10 -11 -12 -13 -14 -15
leaf_value=0.012534882215084191 0.046249768584640277 0.0047961842497096473 0.0070875496955622817 -0.012117318322575146 -0.049651600085556691 -0.029080885550069609 0.011489878058164017 -0.041646240816749121 0.04423304933961672 0.027650797107433608 0.038309309788970819 0.035307810748522232 -0.030607312995672105 0.012540099823677662
leaf_weight=78.944271864718758 1590.7307674723415 460.72168751864228 453.25803637417266 323.53073139709886 1999.6482530017456 354.62535247045889 291.93147588515421 129.99011210148456 68.132278243545443 232.94432459934615 555.1886518484971 234.99066852970282 127.16993360205379 150.86270179921121
leaf_count=5924 2737 6878 2702 30666 1947980 144567 1263 73926 232 1698 1275 519 20950 8617
internal_value=0.000202003 0.0238196 0.0352878 -0.00188295 -0.044636 -0.046553 0.024413 -0.0154936 0.0119415 0.0124711 0.0304222 0.0221119 -0.00984239 -0.00427597
internal_weight=7052.67 4619.45 3194.23 1425.22 2433.22 2354.27 1603.5 731.553 521.39 693.666 1082.11 526.922 601.563 474.393
internal_count=2249934 151463 8728 142735 2098471 2092547 5991 134159 2934 8576 3057 1782 60233 39283
is_linear=0
shrinkage=0.05


Tree=45
num_leaves=15
num_cat=0
split_feature=23 3 22 4 3 22 18 22 28 4 28 24 3 2
split_gain=2735.78 525.157 165.478 105.018 97.8097 66.7712 58.4244 58.3081 52.6062 45.1411 31.5217 27.9778 26.7499 25.4457
threshold=17.500000000000004 0.027712970972061161 0.71941202878952037 0.026846319437026981 0.027712970972061161 0.75472605228424083 0.28745292127132421 0.60094308853149425 2.5000000000000004 0.056271821260452277 3.5000000000000004 2.3152083158493046 0.1078673303127289 2.0746576786041264
decision_type=10 8 10 10 8 10 10 10 10 10 8 10 8 10
left_child=1 3 6 5 -2 10 9 -6 11 -3 -1 -4 -8 -10
right_child=4 2 8 -5 7 -7 12 -9 13 -11 -12 -13 -14 -15
leaf_value=0.0057396563212630675 0.010707219389728115 -0.0004405143374416846 0.001700810586421675 0.049135860042518104 -0.049539241600210913 0.037233905787006798 -0.01979953728781049 -0.025427306468551583 0.038403294666374287 -0.046413208830103164 0.025404740040855751 0.021492890566010184 -0.053943323843697571 0.0057358358733541441
leaf_weight=376.0383564720978 77.605381634988589 560.17537702918344 482.40504462560057 1171.4812407558784 1926.1237399334932 798.40601478738245 137.27160215325421 288.25173876695044 293.91204529616516 59.022532183560543 100.02775493764784 274.44240530126262 98.543991166647174 74.776761933782836
leaf_count=2416 5985 44099 8450 2229 1976363 1682 9486 119878 1246 27628 258 1085 48365 492
internal_value=-0.000126451 0.0228324 0.00369357 0.0383296 -0.0444669 0.0283966 -0.0128886 -0.0464005 0.0162902 -0.00482268 0.0135756 0.00874561 -0.0340677 0.0317777
internal_weight=6718.48 4426.5 1980.55 2445.95 2291.98 1274.47 855.014 2214.38 1125.54 619.198 476.066 756.847 235.816 368.689
internal_count=2249662 147436 140851 6585 2102226 4356 129578 2096241 11273 71727 2674 9535 57851 1738
is_linear=0
shrinkage=0.05


Tree=46
num_leaves=15
num_cat=0
split_feature=22 3 22 3 22 22 27 28 9 7 18 16 2 3
split_gain=2487.54 456.983 154.05 144.154 74.1841 38.2847 34.138 29.9028 29.3897 26.6774 21.283 21.2086 15.8846 15.1998
threshold=0.64979484677314769 0.027712970972061161 0.75472605228424083 0.0706785023212433 0.75472605228424083 0.58374190330505382 3.2130168676376347 3.5000000000000004 0.24105522036552432 13.173799991607668 0.10191553458571435 3.6762205362319951 1.821476995944977 0.047123700380325324
decision_type=8 8 10 8 8 10 10 8 10 10 8 10 10 8
left_child=3 4 6 11 7 -5 -3 -2 -6 13 -7 -1 -11 -4
right_child=1 2 9 5 8 10 -8 -9 -10 12 -12 -13 -14 -15
leaf_value=-0.0093815758792791491 0.013182109254791609 -0.0093815758792791491 0.026034690360370618 -0.049372351013341871 0.034109805150954874 -0.0093815758792791491 0.0066425301285102344 0.032025773771954362 0.047608255053023629 0.04677159870993166 -0.037481655491184776 -0.030656129744675867 0.026034690360370618 0.010572962917529669
leaf_weight=185.31890102422767 378.5389833105146 933.31176636107557 162.95164983387804 1735.5600975898706 621.4166518469865 69.001865560559963 122.93737076359685 128.83742513484322 1148.5490180454799 145.23553365765838 197.87601236258342 117.18821238882083 67.071170109556988 420.29352817765903
leaf_count=25059 2347 122447 592 1891435 1608 28332 7798 308 2280 394 124742 38502 359 3726
internal_value=-0.000189928 0.0230381 0.00459188 -0.0418012 0.0380375 -0.0466613 -0.0079238 0.0211825 0.0428691 0.0212089 -0.0290307 -0.00963024 0.0363846 0.0156847
internal_weight=6434.09 4129.14 1851.8 2304.95 2277.34 2002.44 1056.25 507.376 1769.97 795.552 266.878 302.507 212.307 583.245
internal_count=2249929 141859 135316 2108070 6543 2044509 130245 2655 3888 5071 153074 63561 753 4318
is_linear=0
shrinkage=0.05


Tree=47
num_leaves=15
num_cat=0
split_feature=23 24 3 22 4 3 0 8 27 22 24 1 18 10
split_gain=2366.07 325.695 281.696 112.272 74.5392 51.9305 51.7745 36.6075 35.1504 42.7957 32.1684 28.7678 24.0795 22.577
threshold=4.5000000000000009 1.1450402140617373 0.027712970972061161 0.69894883036613475 0.026846319437026981 0.075504183769226088 0.59864753484725963 5.5000000000000009 2.7597332000732426 0.71941202878952037 2.3152083158493046 3.5000000000000004 0.34547665715217596 0.012500184588134291
decision_type=10 10 8 10 10 10 8 8 10 8 10 8 10 10
left_child=2 11 4 5 8 -4 -3 -8 9 -1 13 -2 -9 -5
right_child=1 6 3 10 -6 -7 7 12 -10 -11 -12 -13 -14 -15
leaf_value=-0.0049497411866831764 0.01194621206688829 -0.036977077934727091 0.0014134175964437238 0.0040108839897980558 0.048943711881436203 -0.035068995470574474 0.033776956774717558 -0.0052840711904857509 0.04587056393097013 0.029217637100566008 0.026192357973501518 -0.04916585483048367 -0.022200569129178484 0.034317336561117164
leaf_weight=105.1642117035808 19.480251451954246 180.20581162485905 171.97514080273686 410.85923791135428 985.92337892985961 167.51151756297622 50.641231986985076 612.35276310899644 261.94638967129868 712.99151091621025 554.59089426710852 1681.4696642182098 171.47225323200109 72.260039425687864
leaf_count=471 3669 99522 4011 4063 2141 75291 1046 54341 510 1715 2223 1974323 26381 408
internal_value=-0.000195521 -0.0350921 0.0273269 0.00981039 0.0390033 -0.015149 -0.0126727 -0.00742406 0.0299296 0.0248258 0.0179759 -0.048466 -0.010086 0.00854381
internal_weight=6158.84 2715.62 3443.22 1377.2 2066.03 339.487 1014.67 834.466 1080.1 818.156 1037.71 1700.95 783.825 483.119
internal_count=2250115 2159282 90833 85996 4837 79302 181290 81768 2696 2186 6694 1977992 80722 4471
is_linear=0
shrinkage=0.05


Tree=48
num_leaves=15
num_cat=0
split_feature=24 23 1 22 1 4 24 27 4 18 8 4 10 27
split_gain=2180.39 452.586 131.029 94.6773 71.6884 54.3265 50.7302 33.2883 32.2328 28.9148 26.3614 25.8531 22.091 22.0341
threshold=1.4647108316421511 2.5000000000000004 1.5000000000000002 0.61325654387474071 1.5000000000000002 0.05502936244010926 2.3152083158493046 3.2130168676376347 0.019915759563446048 0.18225450068712237 13.500000000000002 0.046596795320510871 0.027791182510554794 7.4240570068359384
decision_type=8 8 8 10 8 10 10 10 10 10 8 10 10 10
left_child=3 2 8 -1 11 7 10 9 -2 -6 -4 -3 -5 -8
right_child=1 4 6 12 5 -7 13 -9 -10 -11 -12 -13 -14 -15
leaf_value=-0.048163296527839516 0.030513132435803975 0.01199136537650735 0.047860046981164306 -0.020030514894898377 0.00028746262738232707 -0.04670331990472687 0.026220672994575679 0.018517009439778926 0.049277773325108805 -0.01785553580909582 0.0059287432681243493 0.049899277007528713 0.046860620260772257 0.047967735302602919
leaf_weight=1643.8818428484665 301.65556159021799 143.9690512639354 40.933729094220325 273.46916776446596 458.67705607473908 84.12100922386162 817.40790350647876 132.11652015207801 948.25614499488438 421.32901399295952 444.6100757662789 65.41300012904685 12.926332078292033 135.83020748896524
leaf_count=2009607 565 692 108 89504 32364 51731 2742 6189 2201 51519 2821 111 151 290
internal_value=9.21725e-05 0.0211783 0.0329067 -0.0435413 -0.00297412 -0.00809449 0.0226188 -0.00488557 0.0447491 -0.00839904 0.00946376 0.0238342 -0.0170114 0.0293195
internal_weight=5924.6 3994.32 2688.69 1930.28 1305.63 1096.24 1438.78 1012.12 1249.91 880.006 485.544 209.382 286.395 953.238
internal_count=2250595 151333 8727 2099262 142606 141803 5961 90072 2766 83883 2929 803 89655 3032
is_linear=0
shrinkage=0.05


Tree=49
num_leaves=15
num_cat=0
split_feature=22 3 22 4 22 22 3 18 7 3 28 27 18 10
split_gain=1981.16 399.485 132.289 93.519 86.756 62.4661 37.0597 26.9259 25.5898 24.1882 23.2234 22.0094 18.7687 16.9641
threshold=0.65650355815887462 0.039593756198883064 0.57131594419479381 0.036911606788635261 0.75472605228424083 0.75472605228424083 0.11639323830604555 0.16936419904232028 21.698338508605961 0.064814120531082167 3.5000000000000004 3.7076927423477177 0.28456890583038336 0.024393817409873012
decision_type=8 10 10 10 10 10 10 10 10 8 8 10 10 8
left_child=2 3 9 5 11 7 12 -2 -7 -1 -9 -3 -4 -6
right_child=1 4 6 -5 13 8 -8 10 -10 -11 -12 -13 -14 -15
leaf_value=-0.032931294145852635 0.024800339228838553 -0.0089449769082321929 -0.0089449769082321929 0.049220167410684912 0.038099600337673588 0.02920007326516318 -0.032931294145852635 -0.0024847368547647793 0.045733012039421927 -0.049365826512109384 0.024800339228838553 0.003530989604537941 -0.031123329833340176 0.012219855948073554
leaf_weight=90.269572548109863 294.51737142517231 707.07824471313506 250.49918363187317 728.57665269552672 74.175776436866727 660.33560092566768 180.15725370586733 250.67906445209519 362.55082288081758 1393.0372836686001 36.705051354598254 85.280574126314605 95.472779573276057 432.71605327521684
leaf_count=36673 2209 112621 36394 1887 353 1896 165335 3267 736 1854019 154 6619 23563 3924
internal_value=-4.47641e-05 0.0219915 -0.0398815 0.0343642 -0.000229066 0.0276196 -0.0183406 0.0145407 0.03506 -0.047522 0.00364931 -0.00894498 -0.00894498 0.016007
internal_weight=5642.05 3632.62 2009.44 2333.36 1299.25 1604.79 526.129 581.901 1022.89 1483.31 287.384 792.359 345.972 506.892
internal_count=2249650 133666 2115984 10149 123517 8262 225292 5630 2632 1890692 3421 119240 59957 4277
is_linear=0
shrinkage=0.05


Tree=50
num_leaves=15
num_cat=0
split_feature=23 24 3 22 23 7 24 8 2 3 3 27 22 18
split_gain=1820.46 293.725 243.42 83.3178 72.2929 46.9628 41.1992 38.1959 34.6092 31.5509 30.1022 24.0779 21.7124 20.3363
threshold=4.5000000000000009 1.1450402140617373 0.039593756198883064 0.59061893820762645 2.5000000000000004 21.861330032348636 2.3152083158493046 6.5000000000000009 1.821476995944977 0.16612479090690616 0.10662662982940675 3.1843570470809941 0.75472605228424083 0.34547665715217596
decision_type=10 10 10 10 10 10 10 8 10 10 10 10 10 10
left_child=2 8 4 -4 5 6 -1 -3 -2 13 11 12 -5 -9
right_child=1 7 3 10 -6 -7 -8 9 -10 -11 -12 -13 -14 -15
leaf_value=0.013963463957952189 -0.048584021272178028 0.030922829445211988 -0.03295784565905991 -0.0010821053575689626 0.003740648082638551 0.045779627137224541 0.036615204333814079 -0.0065518395985428501 0.018969195204742162 -0.041102470395109961 -0.0082366835248088629 0.035769464814930228 0.019186244245539021 -0.025847150915428892
leaf_weight=281.11262374441139 1382.3216058882899 49.973617700117757 127.90589318811544 225.40548277727794 169.8408242383739 937.55346366105368 702.06762253277702 627.61950474539481 19.223699512374878 95.848556540033314 172.30164332553977 117.33646461670287 319.31499268452171 174.52864418753597
leaf_count=1222 1972746 1933 73971 2774 1281 2307 1534 66795 4584 80327 5553 509 1472 31729
internal_value=-3.3092e-05 -0.0331181 0.0254297 0.00461922 0.0350085 0.0377733 0.0301386 -0.0116221 -0.0476575 -0.0139897 0.0103797 0.0152247 0.0107992 -0.01075
internal_weight=5402.35 2349.52 3052.84 962.264 2090.57 1920.73 983.18 947.97 1401.55 897.997 834.359 662.057 544.72 802.148
internal_count=2248737 2158114 90623 84279 6344 5063 2756 180784 1977330 178851 10308 4755 4246 98524
is_linear=0
shrinkage=0.05


Tree=51
num_leaves=15
num_cat=0
split_feature=22 3 24 24 10 18 24 2 3 27 0 9 10 18
split_gain=1658.47 280.316 252.681 76.0628 69.4849 48.0232 41.6818 28.2108 19.4921 19.1019 16.8228 16.7181 15.8574 18.4626
threshold=0.68443962931633007 0.039593756198883064 1.1608766913414004 2.0047768354415898 0.021661921404302124 0.28745292127132421 2.3152083158493046 1.6878933906555178 0.20021903514862063 2.9596748352050786 0.65785282850265514 0.99919417500495922 0.024393817409873012 0.27833382785320288
decision_type=8 10 10 10 10 8 10 10 10 10 10 10 8 10
left_child=2 4 7 -3 6 8 10 -1 -4 -7 -2 -6 -5 -14
right_child=1 3 5 12 11 9 -8 -9 -10 -11 -12 -13 13 -15
leaf_value=-0.048627485299813283 -0.0055516251216870026 -0.0055516251216870026 -0.0055516251216870026 0.033739597722300584 0.03740565813573922 -0.036534310140123746 0.034107372059768923 -0.0055516251216870026 -0.051749161034567608 -0.0055516251216870026 0.016587409907977826 0.049865624614938091 0.018844456207250091 -0.0021769917499629607
leaf_weight=1295.0546236572736 47.697408322710544 511.34601290736464 508.46798394210782 101.87399010165245 650.61897328331543 204.17231414380512 490.45370865392033 25.157765205214673 24.320331756309315 36.072952379385242 396.57470457410091 459.2292891877587 320.95821883890312 154.83988769675489
leaf_count=1976843 1072 94868 62484 747 1931 62550 1195 9189 26181 4893 2752 1230 2394 1819
internal_value=0.000168706 0.0231881 -0.0342913 0.00269739 0.0341022 -0.0115891 0.0240583 -0.0475844 -0.00555163 -0.0303915 0.0129646 0.0425613 0.0158366 0.0120034
internal_weight=5226.84 3133.59 2093.25 1089.02 2044.57 773.034 934.726 1320.21 532.788 240.245 444.272 1109.85 577.672 475.798
internal_count=2250148 108008 2142140 99828 8180 156108 5019 1986032 88665 67443 3824 3161 4960 4213
is_linear=0
shrinkage=0.05


Tree=52
num_leaves=15
num_cat=0
split_feature=24 23 3 24 3 27 3 10 22 3 28 16 2 22
split_gain=1555.9 336.325 107.186 79.0576 61.496 36.7511 32.1127 31.8657 30.2556 29.4172 28.2998 24.6994 24.4665 23.8747
threshold=1.4647108316421511 2.5000000000000004 0.027712970972061161 1.0268846750259402 0.061360150575637824 2.0270251035690312 0.16612479090690616 0.030047404579818252 0.75472605228424083 0.10399103164672853 2.5000000000000004 3.7726949453353886 2.0746576786041264 0.68443962931633007
decision_type=8 8 8 10 8 10 10 10 10 10 10 10 10 8
left_child=3 2 8 7 5 13 11 -1 -2 -5 -4 -6 -12 -3
right_child=1 4 10 9 6 -7 -8 -9 -10 -11 12 -13 -14 -15
leaf_value=-0.048808358964990133 0.023763032088387884 -0.017272161870778024 0.0094291452067167669 -0.0090797349722014954 -4.5970889535067506e-06 0.031211765404313713 -0.041569216701290643 0.038207016768227763 0.042392407346541899 -0.037782945750412349 0.035054950123837011 -0.02289229997904467 0.00084911397536059782 0.0081984104856893478
leaf_weight=1160.0026493419937 270.57200990041019 121.4449900247273 545.05782164586708 208.67726395862337 295.60576206195401 137.42933319369331 90.312343039535335 10.617663461947812 1120.5544519826653 155.9936787052975 257.36719112098217 196.05283108948788 65.602462529030163 379.49532022618223
leaf_count=1900622 779 3365 3497 37795 29972 1273 73766 393 2937 160108 1027 29221 451 5131
internal_value=0.000240953 0.018741 0.030166 -0.0416864 -0.00240967 0.00830718 -0.0141651 -0.0480191 0.038769 -0.021358 0.0163787 -0.00913125 0.028107 0.00202348
internal_weight=5014.79 3479.49 2259.15 1535.29 1220.34 638.37 581.971 1170.62 1391.13 364.671 868.027 491.659 322.97 500.94
internal_count=2250337 151419 8691 2098918 142728 9769 132959 1901015 3716 197903 4975 59193 1478 8496
is_linear=0
shrinkage=0.05


Tree=53
num_leaves=15
num_cat=0
split_feature=24 24 8 24 23 22 1 2 4 27 15 0 27 22
split_gain=1431.21 312.968 87.4784 84.3385 77.7066 61.2244 48.1445 30.958 27.1062 25.4488 26.4801 26.2719 24.3199 23.9937
threshold=1.4647108316421511 2.3152083158493046 8.5000000000000018 1.115134119987488 2.5000000000000004 0.71941202878952037 1.5000000000000002 1.821476995944977 0.019915759563446048 2.3535244464874272 1.0000000180025095e-35 0.66183394193649303 6.2837662696838388 0.75472605228424083
decision_type=8 10 8 10 10 10 8 10 10 8 10 10 8 10
left_child=3 2 -2 7 6 9 8 -1 -3 10 11 -4 13 -8
right_child=1 4 5 -5 -6 -7 12 -9 -10 -11 -12 -13 -14 -15
leaf_value=-0.048769448009647727 0.039996165182422661 0.028503373034780156 -0.039905934764548658 -0.018353724733647322 -0.008870171431420713 0.0085629720221881232 0.0023346640565184516 0.018141866952785881 0.04934394636872725 -0.0016381215986223455 -0.0016381215986223455 -0.0093396966732254422 0.037068772083634086 0.026746806999081187
leaf_weight=1120.9097084626483 139.04944587532373 210.51543137477711 180.3677931826096 310.88794635162412 106.00651936081704 745.95355475676479 141.4284379442106 17.557520484988345 602.75262040308735 290.56023704369727 139.07225673449284 115.19732454823679 342.65825689918711 349.10623543959809
leaf_count=1956352 2782 453 75485 137933 3199 10402 1119 4461 2036 37276 11453 5114 1029 919
internal_value=0.000100075 0.0180021 0.00208872 -0.0414347 0.0326236 -0.0014942 0.0352952 -0.0477375 0.0439493 -0.0118392 -0.0195269 -0.0279927 0.026848 0.0197084
internal_weight=4812.02 3362.67 1610.2 1449.36 1752.47 1471.15 1646.46 1138.47 813.268 725.198 434.637 295.565 833.193 490.535
internal_count=2250013 151267 142512 2098746 8755 139730 5556 1960813 2489 129328 92052 80599 3067 2038
is_linear=0
shrinkage=0.05


Tree=54
num_leaves=15
num_cat=0
split_feature=24 24 8 3 23 3 3 22 22 22 7 16 4 4
split_gain=1289.25 286.345 93.4516 85.7105 75.9482 66.6792 51.3793 41.5352 33.6007 32.1259 26.5174 25.1665 23.3878 18.892
threshold=1.4647108316421511 2.3152083158493046 5.5000000000000009 0.0706785023212433 2.5000000000000004 0.064814120531082167 1.0000000180025095e-35 0.52116268873214733 0.59828400611877453 0.71941202878952037 13.93883275985718 3.8176519870758061 0.020378142595291141 0.049887508153915412
decision_type=8 10 8 8 10 8 8 10 10 8 10 8 10 10
left_child=3 2 -2 10 6 9 12 -7 -5 -4 -1 -9 -3 -8
right_child=1 4 5 8 -6 7 13 11 -10 -11 -12 -13 -14 -15
leaf_value=-0.018219311324058889 0.043161840043424896 0.029059613290040788 -0.0064531176159611575 -0.049042474003000838 -0.010009303421571941 -0.044841261734119064 0.027072659640721787 0.001142880422357095 -0.025253521510702599 0.01522386167696386 0.029505932735275978 -0.019585316641547539 0.048908062181154621 -0.012203428739927115
leaf_weight=143.37433274370778 126.56027658784296 202.22460128850071 251.16882927552797 1014.8841575601728 103.11537568483618 89.418437278436613 778.20221749364282 322.27732112893864 173.8644472372398 534.97522487016977 36.518913131716545 268.37415794620756 557.75595500950294 31.870874026615638
leaf_count=59089 1842 450 5587 1917627 3215 77614 2187 26383 117872 5004 4603 26078 2046 868
internal_value=4.16756e-05 0.0171133 0.00193916 -0.0406957 0.0315583 -0.00161909 0.0342883 -0.0130832 -0.0455631 0.00829818 -0.00853093 -0.00827539 0.0436266 0.0255274
internal_weight=4634.59 3265.94 1592.77 1368.64 1673.17 1466.21 1570.05 680.07 1188.75 786.144 179.893 590.651 759.981 810.073
internal_count=2250465 151274 142508 2099191 8766 140666 5551 130075 2035499 10591 63692 52461 2496 3055
is_linear=0
shrinkage=0.05


Tree=55
num_leaves=15
num_cat=0
split_feature=24 24 8 24 23 3 3 3 15 4 8 28 27 18
split_gain=1213.3 258.669 91.3702 81.0736 60.3755 54.9493 50.5356 38.5976 37.9837 31.1915 25.3329 23.9555 20.8468 19.7212
threshold=1.4647108316421511 2.3152083158493046 8.5000000000000018 0.94412466883659374 2.5000000000000004 0.067790389060974135 0.027712970972061161 0.11042261123657228 1.0000000180025095e-35 0.026417344808578495 114.50000000000001 1.5000000000000002 3.1240557432174687 0.28456890583038336
decision_type=8 10 8 10 10 8 8 10 10 10 8 8 8 8
left_child=3 2 -2 -1 6 11 9 10 12 -3 -5 -4 -7 -6
right_child=1 4 5 7 13 8 -8 -9 -10 -11 -12 -13 -14 -15
leaf_value=-0.048518406019791405 0.041756758127440202 0.031847417188102023 -0.093137805641051827 0.030648925307641729 0.0092367954119764017 -0.030689239256880763 0.020346390770606525 -0.040431063020219933 0.003660213314236774 0.04941869604074945 -0.015129309210573353 0.0082962507965481224 -0.0071772609857841882 -0.037559986680431923
leaf_weight=916.90457847744619 135.36147812069976 548.78766510458081 5.8640543370274818 35.98847754720191 68.369024089901359 244.54398894115002 487.02148454450071 151.8264007142534 236.9659985715989 467.89902135207376 188.57055082162697 787.70703450989095 153.42380035082169 33.566773928439943
leaf_count=1831355 2802 1259 893 4170 1660 82017 2375 212464 17629 1923 50557 10554 28768 1606
internal_value=0.000315393 0.0169688 0.00249537 -0.0404976 0.0310656 -0.00122494 0.03359 -0.0209584 -0.0121882 0.0399341 -0.00779276 0.00754671 -0.0216249 -0.00617307
internal_weight=4462.8 3169.51 1563.87 1293.29 1605.64 1428.5 1503.71 376.385 634.934 1016.69 224.559 793.571 397.968 101.936
internal_count=2250032 151486 142663 2098546 8823 139861 5557 267191 128414 3182 54727 11447 110785 3266
is_linear=0
shrinkage=0.05


Tree=56
num_leaves=15
num_cat=0
split_feature=24 24 24 3 22 7 15 27 3 27 22 3 9 10
split_gain=1072.17 245.573 85.0321 81.7178 60.5772 41.8122 35.0895 36.18 33.4518 33.0468 31.6958 27.673 23.2319 23.2011
threshold=1.4647108316421511 2.3152083158493046 0.94412466883659374 0.061360150575637824 0.75472605228424083 31.060947418212894 1.0000000180025095e-35 3.1240557432174687 0.14250349998474124 3.2130168676376347 0.71941202878952037 0.027712970972061161 0.90763464570045482 0.027791182510554794
decision_type=8 10 10 8 10 10 10 8 10 10 8 8 10 10
left_child=2 3 12 5 9 10 7 -5 13 -3 -2 -6 -1 -4
right_child=1 4 8 6 11 -7 -8 -9 -10 -11 -12 -13 -14 -15
leaf_value=-0.048770933893406004 -0.0081382013145165164 0.0025961719047396716 -0.013883852909998563 -0.031500996626419517 0.041095250019455236 0.038321006649966537 0.0037307057001537804 -0.0024281239631427274 -0.042927555715996532 0.024633833774555556 0.01480631424544869 0.024633833774555556 0.032770303201803942 0.042735142739065653
leaf_weight=849.30866194895498 219.31846962223062 275.07351290689257 243.55683134675928 255.63954943264253 798.4007143410563 131.69273293702281 263.96539549145382 184.06122104024689 106.16974891720747 119.22857208939968 479.79719255244709 339.96914114881656 8.8259062096512917 19.545601387639181
leaf_count=1826256 4819 3951 92690 84171 2742 703 18312 30102 174244 760 4332 1301 5058 664
internal_value=0.000193321 0.0159974 -0.0392993 0.00185778 0.0301537 0.0124767 -0.0106798 -0.0193309 -0.0192374 0.0132638 0.00760843 0.0360039 -0.0479323 -0.00967769
internal_weight=4294.55 3067.15 1227.41 1534.47 1532.67 830.808 703.666 439.701 369.272 394.302 699.116 1138.37 858.135 263.102
internal_count=2250105 151193 2098912 142439 8754 9854 132585 114273 267598 4711 9151 4043 1831314 93354
is_linear=0
shrinkage=0.05


Tree=57
num_leaves=15
num_cat=0
split_feature=23 23 8 22 10 3 3 4 3 26 22 3 8 8
split_gain=999.435 248.721 89.0459 68.9797 61.2556 55.5211 35.3292 25.3966 21.241 21.08 19.4915 16.6018 16.2041 16.1649
threshold=21.500000000000004 2.5000000000000004 7.5000000000000009 0.61325654387474071 0.015847115777432922 0.039593756198883064 0.15174648165702823 0.036911606788635261 0.061360150575637824 0.15192308276891711 0.75472605228424083 0.18317621946334842 3.5000000000000004 20.500000000000004
decision_type=10 8 8 10 10 8 10 10 8 10 10 10 10 8
left_child=1 2 -1 8 6 7 -3 10 -2 12 -4 -7 -6 -5
right_child=3 4 5 13 9 11 -8 -9 -10 -11 -12 -13 -14 -15
leaf_value=0.043377243176344074 -0.029461263611654201 -0.0061816776787375766 0.0084856626336112274 0.044568438576905449 0.033456508330879618 0.0085756491468981198 -0.038022307219694421 0.048284017585309341 -0.048573373354376941 0.036091655482962032 0.028834611168893933 -0.056126310847527776 -0.0013702136900403249 -0.016482131771018316
leaf_weight=536.74713411043922 55.906411691994435 784.84134014909796 154.78335570561467 11.582601650516152 44.216919414306176 559.01495940747554 97.996128254148061 128.65818874639808 859.05471250622941 96.513411661610007 490.91469679807778 10.093247958400751 136.52148697624216 169.71684237166482
leaf_count=2165 34660 57796 547 717 1035 3574 87120 589 1968607 1862 1277 575 8256 81525
internal_value=0.00017112 0.0149291 0.0261624 -0.0407577 -0.00327739 0.0192847 -0.00971603 0.0279986 -0.0463407 0.0172248 0.0239567 0.00742815 0.00715 -0.0125818
internal_weight=4136.56 3040.3 1880.21 1096.26 1160.09 1343.46 882.837 774.356 914.961 277.252 645.698 569.108 180.738 181.299
internal_count=2250305 164796 8727 2085509 156069 6562 144916 2413 2003267 11153 1824 4149 9291 82242
is_linear=0
shrinkage=0.05


Tree=58
num_leaves=15
num_cat=0
split_feature=24 3 23 23 23 7 18 8 18 10 10 24 27 8
split_gain=916.696 205.739 77.2392 63.472 61.3835 34.8264 27.4596 24.1721 21.4402 20.8088 20.6908 20.2009 19.2845 18.952
threshold=1.4647108316421511 0.027712970972061161 55.500000000000007 2.5000000000000004 2.5000000000000004 21.861330032348636 0.28745292127132421 1.5000000000000002 0.28745292127132421 0.030047404579818252 0.015625476837158207 2.0047768354415898 2.0270251035690312 8.5000000000000018
decision_type=8 8 10 10 8 10 10 8 10 10 10 8 10 8
left_child=2 3 10 5 7 11 13 -3 -9 -4 -1 -2 -5 -6
right_child=1 4 9 12 6 -7 -8 8 -10 -11 -12 -13 -14 -15
leaf_value=-0.02167304644187102 -0.015759666266007753 0.050653900852904589 -0.047665473382803802 -0.0024136021621237913 0.036552232196119347 0.043199470230496397 -0.023653388619332593 0.016100493082790067 -0.0017701309391305051 0.031630132058725474 0.019224880149226919 0.02759814815508084 0.03037632364954039 -0.0044667954953572517
leaf_weight=250.57740407521487 28.215036697540199 38.311593555379659 803.21314531105418 182.60362546605757 29.798984739129082 528.46171647578012 206.10958714130538 485.77742359080003 256.43825641990406 8.3595881602377613 35.279404963221168 561.19416494680627 59.435090663610026 511.80526379717776
leaf_count=154339 140 119 1937750 2032 1319 2079 62703 3005 1880 405 6911 1907 410 75453
internal_value=-7.54173e-05 0.014706 -0.0389762 0.0288528 0.00211737 0.0338792 -0.00812089 0.0119252 0.00992613 -0.0468487 -0.0166256 0.0255226 0.0056383 -0.00220993
internal_weight=3985.58 2888.15 1097.43 1359.91 1528.24 1117.87 747.714 780.527 742.216 811.573 285.857 589.409 242.039 541.604
internal_count=2250452 151047 2099405 6568 144479 4126 139475 5004 4885 1938155 161250 2047 2442 76772
is_linear=0
shrinkage=0.05


Tree=59
num_leaves=15
num_cat=0
split_feature=22 28 24 24 8 3 22 3 27 18 1 3 4 18
split_gain=837.133 206.866 116.193 104.749 50.8295 34.5947 33.5865 33.0637 25.1888 18.2258 17.4128 12.2146 17.495 11.8913
threshold=0.65650355815887462 2.5000000000000004 0.99334830045700084 2.0047768354415898 7.5000000000000009 0.16612479090690616 0.75472605228424083 0.057560086250305183 3.7076927423477177 0.49040302634239202 6.5000000000000009 0.039593756198883064 0.027849763631820682 0.15411572158336642
decision_type=8 8 10 10 8 10 8 8 8 10 8 8 10 10
left_child=2 3 10 11 -3 9 8 -5 -6 -4 -1 12 -2 -9
right_child=1 4 5 7 6 -7 -8 13 -10 -11 -12 -13 -14 -15
leaf_value=-0.0093356948664064954 -0.0030207229452440115 0.042765303546348318 -0.0093356948664064954 0.024591957670188264 -0.0093356948664064954 -0.049954542454940951 0.030024906474412024 0.014739791003867004 0.018105381895006708 -0.039979860623187105 -0.048294246358225261 -0.0093356948664064954 0.038288199597717468 -0.0069271110698482102
leaf_weight=16.713550107640913 187.40911024058005 534.42816944043443 353.48536827705539 468.28707002589363 110.62273116916185 61.454755525041037 441.4409143877856 110.50605399720371 111.457017235487 48.570582797627139 709.57017881502725 510.2738112211955 29.691775845130906 148.31849763041828
leaf_count=8580 2819 2803 91343 1890 3863 127359 3737 1231 2160 24713 1864729 112175 180 2532
internal_value=0.000272125 0.0159032 -0.0345746 0.00323088 0.0312893 -0.0150156 0.022046 0.0166653 0.00618586 -0.00967509 -0.0470571 -0.00933569 0.00262889 0.00232365
internal_weight=3842.23 2652.44 1189.79 1454.49 1197.95 463.511 663.521 727.112 222.08 402.056 726.284 727.375 217.101 258.825
internal_count=2250114 133390 2116724 120827 12563 243415 9760 5653 6023 116056 1873309 115174 2999 3763
is_linear=0
shrinkage=0.05


Tree=60
num_leaves=15
num_cat=0
split_feature=22 24 28 28 22 0 8 27 8 24 22 24 22 4
split_gain=778.758 233.717 79.1793 48.5809 46.8899 43.2444 28.3845 26.633 20.5025 19.0573 16.0205 11.7226 11.2371 10.046
threshold=0.60698100924491893 2.3152083158493046 2.5000000000000004 2.5000000000000004 0.75472605228424083 0.68959107995033275 9.5000000000000018 3.4206029176712041 3.5000000000000004 1.4286566376686098 0.71941202878952037 1.7424008250236513 0.71941202878952037 0.022641152143478397
decision_type=8 10 10 10 10 10 8 8 8 10 8 8 10 10
left_child=3 2 5 9 7 12 -6 -3 -4 -1 -10 -7 -2 -8
right_child=1 4 8 -5 6 11 13 -9 10 -11 -12 -13 -14 -15
leaf_value=-0.047911095352312222 -0.014569076584794605 -0.0022631717160821528 0.043771613285373129 -0.014569076584794605 0.045283675559998869 -0.0049029430244322096 0.02298551800877284 0.022868442314405987 -0.000462920196265548 -0.019101719372993837 0.024886043903618843 0.00966284856773926 -0.0049029430244322096 0.036447202814933112
leaf_weight=719.10159255233521 443.92607569446773 167.60598974226741 77.531491257162997 77.585229938300472 345.06240145431366 178.3668208031595 420.02025005946052 163.07568316707329 106.01767241566995 62.38252549486424 151.25594048129278 363.05432971146365 263.26722665995476 206.83917382888467
leaf_count=1947139 184717 2378 623 48854 1640 13054 1319 1428 8514 25110 2986 4199 7285 1095
internal_value=0.000106317 0.0125459 -0.000359617 -0.041684 0.0282335 -0.00614937 0.0337669 0.01197 0.0212325 -0.0456114 0.0144402 0.00448526 -0.0142911 0.0274273
internal_weight=3745.09 2886.02 1583.42 859.069 1302.6 1248.61 971.922 330.682 334.805 781.484 257.274 541.421 707.193 626.859
internal_count=2250341 229238 221378 2021103 7860 209255 4054 3806 12123 1972249 11500 17253 192002 2414
is_linear=0
shrinkage=0.05


Tree=61
num_leaves=15
num_cat=0
split_feature=24 24 10 27 0 23 8 0 18 3 4 18 24 17
split_gain=690.67 223.369 76.0289 52.1652 48.3932 34.6532 34.5694 25.5397 27.1794 24.1201 30.499 21.5094 15.5748 12.2907
threshold=1.1943128705024721 2.3152083158493046 0.027791182510554794 7.4240570068359384 0.57976284623146068 2.5000000000000004 3.5000000000000004 0.68959107995033275 0.17576161026954654 0.027712970972061161 0.028275460004806522 0.013455932494252922 1.8478996753692629 5.5114085674285898
decision_type=8 10 10 10 8 10 8 10 10 8 10 8 8 10
left_child=6 2 4 5 -2 9 11 8 -6 10 13 -1 -9 -3
right_child=1 3 -4 -5 7 -7 -8 12 -10 -11 -12 -13 -14 -15
leaf_value=0.62926487078050419 -0.03432993116405797 0.016934481611260651 0.033450937739487374 0.047090038146566301 -0.0019728330362811923 -0.011133985828424923 -0.045883412159249751 -0.0019728330362811923 -0.018395687792930469 0.014084393498123952 0.047331682907365176 0.028661989077345087 0.011777512888711081 0.036407710791670926
leaf_weight=0.1507797553931568 130.79253558092751 282.98408164663124 138.50278479445842 239.63414056249894 373.02155329929519 76.703735685150605 703.90707572169595 256.94453075440106 341.71464871464923 384.18426537752384 179.91114616189589 13.154769665559797 363.66849431597802 113.53984256333206
leaf_count=13 117342 784 2094 1368 40594 3017 1994673 10779 62208 2169 1127 9731 3934 299
internal_value=-0.000468737 0.0104591 -0.00195927 0.0260641 -0.00530439 0.0212069 -0.0443742 -0.00246144 -0.00890489 0.0237893 0.0302574 0.0354681 0.00495922 0.0225104
internal_weight=3598.81 2881.6 1604.64 1276.96 1466.14 1037.32 717.213 1335.35 714.736 960.619 576.435 13.3055 620.613 396.524
internal_count=2250132 245715 236951 8764 234857 7396 2004417 117515 102802 4379 2210 9744 14713 1083
is_linear=0
shrinkage=0.05


Tree=62
num_leaves=15
num_cat=0
split_feature=24 24 8 3 28 22 15 22 1 18 16 24 8 22
split_gain=656.217 208.553 66.9066 47.6051 45.672 49.1234 30.9481 30.7636 30.1722 19.5329 18.6315 18.0313 16.051 15.3435
threshold=1.1943128705024721 2.3152083158493046 3.5000000000000004 0.073208153247833266 3.5000000000000004 0.75472605228424083 1.0000000180025095e-35 0.69894883036613475 4.5000000000000009 0.28128996491432195 3.0677825212478642 1.4286566376686098 7.5000000000000009 0.56571912765502941
decision_type=8 10 8 8 10 10 10 8 8 8 10 10 8 10
left_child=8 2 -2 7 5 10 9 -4 -1 11 -3 -5 -7 -10
right_child=1 4 3 6 -6 12 -8 -9 13 -11 -12 -13 -14 -15
leaf_value=0.017638142911259539 0.041471253112469894 0.015855344136905675 -0.01022302987475854 -0.037838001477886934 0.045996045302228249 0.041622001553111472 -1.2058988699515854e-05 0.010174550904915881 -0.04914025977020809 -0.037160635737033675 -0.0098946633096223813 -0.006732941090519258 0.024126787531081148 -0.02726931129858037
leaf_weight=19.159267733244633 86.720987435390271 141.76316219307773 266.11643833216658 61.31256659529754 233.33036239276407 171.42451090361283 246.40204720407564 605.31346616402152 561.76218169228196 145.37581239616702 134.0775892703823 194.04891307001162 557.33286013409088 93.545283017872862
leaf_count=5964 1492 1692 12985 64762 1406 839 31932 8158 1810701 87896 2609 29774 2240 187855
internal_value=0.000129519 0.0106477 -0.00124401 -0.00368335 0.0260683 0.0214399 -0.0139563 0.00394556 -0.0442099 -0.0225303 0.00346853 -0.0142013 0.0282422 -0.0460182
internal_weight=3517.69 2843.22 1605.29 1518.57 1237.93 1004.6 647.139 871.43 674.467 400.737 275.841 255.361 728.757 655.307
internal_count=2250305 245785 236999 235507 8786 7380 214364 21143 2004520 182432 4301 94536 3079 1998556
is_linear=0
shrinkage=0.05


Tree=63
num_leaves=15
num_cat=0
split_feature=24 24 10 22 22 10 15 1 27 27 18 22 18 26
split_gain=611.271 199.932 67.5338 49.405 44.7064 28.564 23.8713 21.5845 21.5724 19.828 18.8572 20.8603 14.9957 14.868
threshold=1.101870119571686 2.3152083158493046 0.015847115777432922 0.71941202878952037 0.71941202878952037 0.031299682334065444 1.0000000180025095e-35 4.5000000000000009 2.4703655242919926 3.8114032745361333 0.30066849291324621 0.75472605228424083 0.43419210612773901 0.15192308276891711
decision_type=8 10 10 10 10 10 10 8 8 10 10 8 8 8
left_child=7 2 3 6 9 -6 8 -1 -2 -3 13 -12 -10 -4
right_child=1 4 10 -5 5 -7 -8 -9 12 -11 11 -13 -14 -15
leaf_value=0.014589524102679116 -0.031161482167616762 -0.0078118844993924743 0.013699747898574397 0.004122175387337986 0.024230663049165629 0.042794200269419283 -0.0056242661381198985 -0.047161051312414493 -0.0056242661381198985 0.016582352269529057 -0.021271322975396849 0.024232566243737579 -0.036744389017145565 0.040573451763887686
leaf_weight=14.501725012825771 274.77697593085941 139.41474342221045 95.718287477386184 596.06300958208158 710.2933941953379 292.58135052977013 253.01706628962347 585.80157904117004 146.03422887303532 56.241599542699987 49.725829219443767 51.036393308386323 41.114140397883602 111.33179518369798
leaf_count=5487 159494 3145 5587 11096 3432 1657 41703 1947282 37223 530 6718 1195 23525 2365
internal_value=0.000140429 0.00990129 -0.00155957 -0.00650805 0.0253811 0.0296464 -0.0153707 -0.0456693 -0.0222441 0.00351827 0.0195166 0.00177654 -0.00915137 0.0281499
internal_weight=3417.65 2817.35 1618.82 1311.01 1198.53 1002.87 714.942 600.303 461.925 195.656 307.812 100.762 187.148 207.05
internal_count=2250439 297670 288906 273041 8764 5089 261945 1952769 220242 3675 15865 7913 60748 7952
is_linear=0
shrinkage=0.05


Tree=64
num_leaves=15
num_cat=0
split_feature=24 24 3 23 27 8 22 22 3 1 3 15 8 4
split_gain=571.567 180.537 63.5099 39.0801 33.7132 33.6379 32.4136 30.9434 28.4417 26.7754 19.5234 16.8304 18.5259 15.7236
threshold=1.1943128705024721 2.3152083158493046 0.073208153247833266 2.5000000000000004 7.1961989402771005 19.500000000000004 0.69894883036613475 0.71941202878952037 0.18406566977500918 12.500000000000002 0.027712970972061161 1.0000000180025095e-35 10.500000000000002 0.030139148235321048
decision_type=8 10 8 10 10 8 10 8 10 8 8 10 8 10
left_child=9 2 5 4 6 -2 -3 -7 11 -1 13 12 -4 -8
right_child=1 3 8 -5 -6 7 10 -9 -10 -11 -12 -13 -14 -15
leaf_value=0.0017112689839996532 0.03166139803356071 -0.0065294981347559086 0.031952600854539555 -0.0076667173744979812 0.046135832787767339 -0.0089747728685123981 0.027123143542178724 0.011164539150640845 -0.044593666933931762 -0.046378233947447306 0.016690477224842227 0.00064060046627631559 -0.019850404764575402 0.047345118479358864
leaf_weight=30.494112063595821 121.43678433960304 82.665127790445695 18.262070406723069 85.44503409160825 197.42278310927213 309.54808157106163 348.69174854035373 496.89338031197258 65.744135683424247 569.83633240505878 315.19727037247503 227.72849992978445 314.14212737298112 132.71350316163443
leaf_count=27039 1135 916 1914 3228 1175 14108 1006 6399 98682 1977617 1442 22642 92351 1034
internal_value=0.000215743 0.0099751 -0.00117386 0.0248811 0.027464 0.00712844 0.0232716 0.00343418 -0.0134822 -0.0439355 0.0263641 -0.00983061 -0.0170044 0.0326979
internal_weight=3316.22 2715.89 1553.76 1162.14 1076.69 927.878 879.268 806.441 625.877 600.33 796.603 560.133 332.404 481.405
internal_count=2250688 246032 237231 8801 5573 21642 4398 20507 215589 2004656 3482 116907 94265 2040
is_linear=0
shrinkage=0.05


Tree=65
num_leaves=15
num_cat=0
split_feature=24 24 24 10 27 22 3 3 9 22 18 22 18 16
split_gain=534.685 133.999 60.0583 50.1522 41.2924 40.4563 37.3122 25.2308 20.6383 17.1479 24.0617 16.3289 16.0221 15.6429
threshold=1.4647108316421511 2.3152083158493046 0.89301323890686046 0.015847115777432922 7.4240570068359384 0.75472605228424083 0.16041538119316104 0.15174648165702823 0.90763464570045482 0.75472605228424083 0.21982370316982272 0.71941202878952037 0.28745292127132421 2.8617925643920903
decision_type=8 10 10 10 10 10 10 10 10 8 10 10 10 10
left_child=2 3 8 6 5 13 11 -4 -1 10 -5 12 -2 -3
right_child=1 4 7 9 -6 -7 -8 -9 -10 -11 -12 -13 -14 -15
leaf_value=-0.048486310659392483 -0.0032710552519932888 0.014924806340043126 -0.010584769661191979 0.020935043579001625 0.045410634950183291 0.026570351603473298 -0.039089403378892842 -0.045434142801427491 0.039146307960658017 0.033560811988074264 -0.018481513337716166 0.0043452535558332278 -0.025609642619310792 -0.0072159288385689815
leaf_weight=464.86082410950894 335.919330930039 107.6419429386151 228.94360817145025 89.803953055597958 194.04839510889724 664.8835403389312 70.645923787600623 67.176973579528749 6.8171831987219766 126.71962718068971 53.412006890019256 541.94342347576458 105.4721248740243 151.45642702557961
leaf_count=1776180 29857 1328 122441 3049 1362 3117 74848 195557 5033 2307 4417 7886 20272 2953
internal_value=0.000254236 0.0116972 -0.0361396 0.000933816 0.0244427 0.0200392 -0.0039911 -0.0184906 -0.0472198 0.0201635 0.00830928 -0.00146952 -0.00860894 0.00327926
internal_weight=3209.75 2441.95 767.799 1323.92 1118.03 923.982 1053.98 296.121 471.678 269.936 143.216 983.335 441.391 259.098
internal_count=2250607 151396 2099211 142636 8760 7398 132863 317998 1781213 9773 7466 58015 50129 4281
is_linear=0
shrinkage=0.05


Tree=66
num_leaves=15
num_cat=0
split_feature=23 24 28 8 0 18 22 22 18 3 8 3 7 18
split_gain=473.065 168.818 75.3092 37.2554 35.8925 35.7427 30.8811 21.4832 26.0906 20.7956 20.0544 14.7377 13.9317 13.1948
threshold=55.500000000000007 2.3152083158493046 2.5000000000000004 1.5000000000000002 0.68959107995033275 0.45632994174957281 0.71941202878952037 0.75472605228424083 0.16003441810607913 0.18406566977500918 3.5000000000000004 0.027712970972061161 47.640907287597663 0.013455932494252922
decision_type=10 10 10 8 10 10 10 8 10 10 8 8 8 8
left_child=1 2 4 -3 5 9 -5 8 -4 -1 13 -8 -10 -2
right_child=10 3 7 6 -6 -7 11 -9 12 -11 -12 -13 -14 -15
leaf_value=-0.0081400153816410734 0.39682216121180347 0.045016083744567975 0.02069840791889772 -0.0007235936773033946 0.0018669741020262973 -0.043187207543554415 0.02955821916866196 0.033485197170816217 -0.022473855994316387 -0.042756430197267589 -0.046103818641980744 0.01540952434863448 0.017246428275852797 0.021094422779767238
leaf_weight=537.67717845797688 0.24056590688996671 169.4736958121066 95.072201326382128 156.55425184819615 507.93790597191946 100.67930659155991 442.26401127577992 140.32665800930408 70.845422127100392 47.193924589957533 489.59278714806806 315.23838676013111 32.06884034491668 8.1465858106657834
leaf_count=105573 13 1252 6773 3518 15543 69859 2042 2630 12728 88032 1927368 1952 2760 9534
internal_value=-0.000124579 0.00838017 -0.00230385 0.0234843 -0.00820644 -0.01567 0.0194921 0.0185191 0.00791162 -0.0109333 -0.0447905 0.0236702 -0.0100967 0.0318713
internal_weight=3113.31 2615.33 1531.8 1083.53 1193.49 685.55 914.057 338.313 197.986 584.871 497.98 757.502 102.914 8.38715
internal_count=2249577 312662 303898 8764 279007 263464 7512 24891 22261 193605 1936915 3994 15488 9547
is_linear=0
shrinkage=0.05


Tree=67
num_leaves=15
num_cat=0
split_feature=22 24 8 28 28 22 0 16 22 7 18 16 17 2
split_gain=438.812 140.815 49.2252 42.5757 35.3056 33.1518 28.248 21.5269 18.3206 15.1377 12.9583 12.8823 10.3329 10.0197
threshold=0.60392275452613842 2.3152083158493046 3.5000000000000004 2.5000000000000004 3.5000000000000004 0.75472605228424083 0.65785282850265514 3.5114340782165532 0.75472605228424083 22.189829826354984 0.28456890583038336 2.6735538244247441 5.7153801918029794 2.0746576786041264
decision_type=8 10 8 10 10 10 10 8 8 10 10 8 10 10
left_child=3 2 -2 11 5 10 7 -4 -8 12 -3 -1 -7 -10
right_child=1 4 6 -5 -6 9 8 -9 13 -11 -12 -13 -14 -15
leaf_value=-0.023085959356769922 0.039527521037676643 0.010051041302632197 -0.0053023757786136915 -0.015169080587540795 0.043491179523764772 0.015011805493318929 -0.0044864435926387468 -0.015169080587540795 0.0057326776141573676 0.036768572161834073 -0.015169080587540795 -0.04747133301751566 0.028277976821159401 0.024593150824415613
leaf_weight=61.493950018135365 70.566474263265263 165.90416457506944 219.82400446549764 62.032272933973218 176.27022186532849 325.77791658614296 463.93271405245468 274.72930361442195 293.83041282709746 187.57400433954899 63.816947145998711 454.08877398940876 111.19997445124318 92.615107043762691
leaf_count=186395 1004 2065 57933 48369 1316 1552 34209 129887 6514 1102 1413 1777872 426 517
internal_value=-0.00019852 0.00905763 -0.00117863 -0.0393958 0.0231176 0.0189137 -0.00331441 -0.0128164 0.00221163 0.0248874 0.00267286 -0.0445629 0.0197874 0.0102528
internal_weight=3023.66 2446.04 1415.5 577.615 1030.54 854.273 1344.93 494.553 850.378 624.552 229.721 515.583 436.978 386.446
internal_count=2250574 237938 230064 2012636 7874 6558 229060 187820 41240 3080 3478 1964267 1978 7031
is_linear=0
shrinkage=0.05


Tree=68
num_leaves=15
num_cat=0
split_feature=24 8 24 3 8 15 27 23 27 16 15 3 3 2
split_gain=396.096 134.838 88.1882 34.529 25.362 22.0817 28.4485 33.1627 21.1946 18.2042 16.0335 16.0192 14.6553 13.7302
threshold=1.0618566870689394 7.5000000000000009 2.0047768354415898 0.0706785023212433 3.5000000000000004 1.0000000180025095e-35 2.8625483512878422 2.5000000000000004 2.0270251035690312 3.6762205362319951 1.0000000180025095e-35 0.092440336942672743 0.17458796501159671 0.67550528049469005
decision_type=8 8 10 8 8 10 10 10 10 8 8 8 10 8
left_child=4 -2 3 8 -1 6 7 11 10 12 -3 -4 -5 -7
right_child=1 2 5 9 -6 13 -8 -9 -10 -11 -12 -13 -14 -15
leaf_value=0.036923792955550885 0.033564120231309773 -0.034558037229278298 0.011449468781376908 -0.0039942309399825021 -0.045980107813877978 -0.02375529822745906 0.025950569393094876 -0.024693387027192842 0.027052112515482819 -0.027719617614871579 -0.00071586860460914165 -0.011409525642853434 -0.043946367695336032 0.025888984467348983
leaf_weight=9.4262978338183512 404.66160729860349 38.100554873599322 443.16061345095659 211.69561854325366 432.28473598534583 14.642803389971958 166.10507867622073 94.05854467604513 64.74065245235397 246.75631790733223 429.88297894205061 92.668663555145031 25.74526986795172 285.17775864273426
leaf_count=9491 6153 2630 2131 61266 1916858 232 1852 7199 1812 156435 17057 1384 64525 1536
internal_value=-0.000539582 0.00712314 0.00205878 -0.00854541 -0.0442109 0.0118995 0.00754347 0.00268941 0.000238306 -0.0182094 -0.00347111 0.00749613 -0.00832617 0.0234644
internal_weight=2959.11 2517.4 2112.73 1016.92 441.711 1095.81 795.993 629.888 532.724 484.197 467.984 535.829 237.441 299.821
internal_count=2250561 324212 318059 303725 1926349 14334 12566 10714 21499 282226 19687 3515 125791 1768
is_linear=0
shrinkage=0.05


Tree=69
num_leaves=15
num_cat=0
split_feature=24 24 28 28 18 0 2 14 27 3 27 15 9 8
split_gain=380.076 129.761 54.5903 34.8891 31.3584 27.9275 25.5872 19.8117 30.2906 21.6522 16.1177 16.0672 17.0321 13.7919
threshold=1.101870119571686 2.3152083158493046 2.5000000000000004 3.5000000000000004 0.3614740669727326 0.68959107995033275 1.6878933906555178 1.0000000180025095e-35 2.4703655242919926 1.0000000180025095e-35 2.3535244464874272 1.0000000180025095e-35 0.99919417500495922 2.5000000000000004
decision_type=8 10 10 10 10 10 10 10 10 8 10 10 10 8
left_child=6 2 4 11 7 -6 -1 8 9 -2 13 12 -3 -4
right_child=1 3 10 -5 5 -7 -8 -9 -10 -11 -12 -13 -14 -15
leaf_value=-0.045486694521122473 0.028972771172360579 0.011798701726430563 0.037511705503101261 0.042974266765138325 -0.038928428663090091 -0.0033252610377367386 0.019546262118153739 0.0017893552661236739 0.029317265793975717 -0.027289373822096199 0.033050957256194773 0.032723203266472996 0.037433050953726836 0.0033653783238716522
leaf_weight=412.11760242056516 18.831781774671981 611.88025303457107 35.455400305145304 163.93868468541768 125.76138786778756 98.002678453856788 15.701245990941969 692.52868846650563 33.274604118214484 186.0111083286065 103.7666534122036 147.18778038563323 72.473318303993437 178.19634028312794
leaf_count=1943891 126 6125 606 1395 84287 3738 8607 77494 5869 93636 4840 656 553 18137
internal_value=0.000406478 0.00795027 -0.00147987 0.0218928 -0.00652922 -0.0233352 -0.0430999 -0.0024884 -0.0149296 -0.022117 0.016884 0.0177366 0.0145134 0.00903194
internal_weight=2895.13 2467.31 1471.83 995.48 1154.41 223.764 427.819 930.646 238.117 204.843 317.418 831.541 684.354 213.652
internal_count=2249960 297462 288733 8729 265150 88025 1952498 177125 99631 93762 23583 7334 6678 18743
is_linear=0
shrinkage=0.05


Tree=70
num_leaves=15
num_cat=0
split_feature=24 24 10 9 3 3 4 14 27 8 4 26 15 16
split_gain=342.245 135.392 45.7227 42.586 28.0362 20.8456 25.7712 19.7076 39.4116 17.4226 16.5275 13.3455 14.3984 13.3193
threshold=0.94412466883659374 2.0047768354415898 0.020694216713309291 0.99919417500495922 0.19175282120704654 0.027712970972061161 0.027849763631820682 1.0000000180025095e-35 2.0270251035690312 1.5000000000000002 0.048693835735321052 0.47338935732841497 1.0000000180025095e-35 2.5249279737472539
decision_type=8 10 10 10 10 8 10 10 10 8 10 10 10 8
left_child=9 2 4 5 7 6 -3 8 13 -1 11 12 -7 -2
right_child=1 3 -4 -5 -6 10 -8 -9 -10 -11 -12 -13 -14 -15
leaf_value=0.049348304156649134 -4.932407525260065e-05 0.015506875409279565 0.019898207174036377 0.042655141637419056 -0.045874977089426838 0.0014522072556037323 0.041642567539932278 -0.00398825809725012 0.025105742518843035 -0.0465123287478304 -0.025949059284525556 0.032076517917349952 0.019193927274908935 -0.035304862398814633
leaf_weight=4.8028558433288699 31.827062782283974 473.81879192385531 140.26918522282176 145.01513908163179 53.463822502685616 361.80005749592965 117.76313282451883 638.38304126701587 39.154355412197219 361.79559796082413 34.65888006942987 59.286151260210318 167.20684908588009 169.26329992642059
leaf_count=2557 14675 2084 8669 1304 161787 6169 1063 110809 9787 1829116 5046 463 1039 96008
internal_value=-0.000221108 0.00656775 -0.006716 0.0170455 -0.0107211 0.0139877 0.0207096 -0.00858205 -0.0207888 -0.0452564 0.00760427 0.00958104 0.00705995 -0.0297249
internal_weight=2798.51 2431.91 1072.36 1359.55 932.092 1214.53 591.582 878.628 240.245 366.598 622.952 588.293 529.007 201.09
internal_count=2250576 418903 401735 17168 393066 15864 3147 231279 120470 1831673 12717 7671 7208 110683
is_linear=0
shrinkage=0.05


Tree=71
num_leaves=15
num_cat=0
split_feature=24 22 27 8 18 22 12 24 18 8 7 28 24 17
split_gain=322.806 133.242 54.1416 44.6861 30.3501 19.0876 17.4127 16.8825 15.4756 15.4126 14.0006 11.6256 12.216 11.6226
threshold=0.94412466883659374 0.75472605228424083 2.0270251035690312 10.500000000000002 0.16218794882297519 0.64979484677314769 0.039607843384146697 2.3152083158493046 0.14216277003288272 3.5000000000000004 48.500291824340827 1.5000000000000002 1.8478996753692629 5.4951148033142099
decision_type=8 10 10 8 10 8 8 10 8 8 10 8 8 8
left_child=9 2 4 -3 6 -6 -2 -5 -9 -1 -7 12 13 -8
right_child=1 3 -4 7 5 10 11 8 -10 -11 -12 -13 -14 -15
leaf_value=0.026232764744412558 -0.029882426738005181 0.039670651507303374 0.0082865823452404723 0.0082865823452404723 -0.033795731663413986 -0.014470995225309639 0.0082865823452404723 0.035516296776974272 0.015419548877925782 -0.046297629778797422 0.0082865823452404723 0.005206557120959545 -0.055944665184278625 -0.035462368536099929
leaf_weight=7.4868234301920884 45.258293496111037 229.17300571307715 234.76439170264712 376.441154076776 127.46354466760113 419.46874301882781 19.329311419216538 134.18620091755292 334.80899821367348 337.75343231105126 29.106391883266042 438.88603025650264 16.072029747076158 18.041079207546318
leaf_count=9343 16552 1746 34138 4373 153508 77650 21045 624 1757 1821808 1922 65505 14221 25705
internal_value=0.000508203 0.00695321 -0.00351401 0.0200872 -0.00874732 -0.0167214 -0.000202916 0.0147787 0.0211695 -0.0447247 -0.0118697 0.00252543 -0.0194928 -0.00381581
internal_weight=2768.24 2423 1348.39 1074.61 1113.63 576.039 537.587 845.436 468.995 345.24 448.575 492.328 53.4424 37.3704
internal_count=2249897 418746 410246 8500 376108 233080 143028 6754 2381 1831151 79572 126476 60971 46750
is_linear=0
shrinkage=0.05


Tree=72
num_leaves=15
num_cat=0
split_feature=24 22 16 7 7 1 8 22 22 3 3 18 10 3
split_gain=300.86 116.817 43.9054 43.1695 33.1584 18.5171 16.9825 15.4914 12.0187 11.8094 11.2845 10.5684 9.60428 9.11974
threshold=1.004433870315552 0.75472605228424083 3.1567740440368657 13.173799991607668 38.345289230346687 169.50000000000003 3.5000000000000004 0.67306184768676769 0.59828400611877453 0.16612479090690616 0.047123700380325324 0.62939119338989269 0.032654678449034698 0.047123700380325324
decision_type=8 10 10 10 10 8 8 8 8 10 8 8 10 10
left_child=6 2 9 10 5 7 8 13 -1 -2 11 -3 -5 -4
right_child=1 3 4 12 -6 -7 -8 -9 -10 -11 -12 -13 -14 -15
leaf_value=0.019231419495881821 0.0074746461020110929 0.021158235758406193 -0.038648934659459393 0.028711995554447763 0.0074746461020110929 -0.030403784085298959 -0.045737623318499343 -0.005528169482260612 0.39280362684716724 -0.032398788767872159 0.0074746461020110929 0.0074746461020110929 0.049332627443779961 -0.014527981593767732
leaf_weight=7.2960856002337087 454.83003326659946 347.35069473425756 62.268556250164693 288.18547157220019 93.831782188417492 146.39548596642635 332.7558532975786 428.36160304051009 0.2218496567729743 18.856035518678254 280.15011812691228 61.941528967116028 70.228593915060628 103.53786019374093
leaf_count=9369 48517 1769 4552 1802 9433 144214 1874284 34335 34 53530 3678 319 923 64017
internal_value=-0.000110274 0.0062373 -0.00372766 0.018677 -0.0106439 -0.0144756 -0.0440587 -0.0105511 0.0302553 0.00747465 0.0113597 0.0171881 0.0327525 -0.0235278
internal_weight=2696.21 2355.94 1308.08 1047.86 834.395 740.564 340.274 594.168 7.51794 473.686 689.442 409.292 358.414 165.806
internal_count=2250776 367089 358598 8491 256551 247118 1883687 102904 9403 102047 5766 2088 2725 68569
is_linear=0
shrinkage=0.05


Tree=73
num_leaves=15
num_cat=0
split_feature=24 24 28 0 28 18 23 3 27 24 9 14 18 9
split_gain=281.901 98.7392 43.7717 29.9255 28.1661 24.9935 19.3924 21.3623 15.8677 14.057 12.9118 12.9082 12.536 11.988
threshold=0.99334830045700084 2.3152083158493046 2.5000000000000004 0.64065793156623851 3.5000000000000004 0.4288748055696488 2.5000000000000004 0.10662662982940675 2.3535244464874272 1.4286566376686098 0.90763464570045482 1.0000000180025095e-35 0.2075573727488518 0.99919417500495922
decision_type=8 10 10 10 10 10 10 10 10 10 10 10 8 10
left_child=-1 2 3 5 6 9 7 11 10 -2 -4 13 -8 -3
right_child=1 4 8 -5 -6 -7 12 -9 -10 -11 -12 -13 -14 -15
leaf_value=-0.044527935027696482 -0.03076926744279548 0.01137072127929839 0.0013157207404709884 -0.0012535262476320635 0.039830645697832422 -0.048324423664467306 0.0094096468445489887 -0.022238566054206856 0.031278991605779558 -0.0099655116088175327 0.036637438276869813 0.029422278568300288 -0.037083313352483854 0.035952875417109842
leaf_weight=317.03224403361401 87.497930143366375 390.53469959450013 172.32233873390942 748.3193979432117 135.39391992655874 59.564941050022298 30.514204298917321 32.431352324929321 96.173252632666845 220.3575008838543 30.443605672124249 214.05230283575293 27.623884970380459 56.810757614381146
leaf_count=1872366 167793 2125 21502 55357 1376 80031 1160 798 5600 35888 517 948 1836 513
internal_value=-0.000325151 0.00576237 -0.00243887 -0.00699135 0.0188372 -0.0186775 0.0150573 0.0173816 0.0145525 -0.0129413 0.00661898 0.0193243 -0.0126811 0.0144925
internal_weight=2619.07 2302.04 1414.68 1115.74 887.361 367.42 751.967 693.829 298.939 307.855 202.766 661.398 58.1381 447.345
internal_count=2247810 375444 366688 339069 8756 283712 7380 4384 27619 203681 22019 3586 2996 2638
is_linear=0
shrinkage=0.05


Tree=74
num_leaves=15
num_cat=0
split_feature=23 22 27 8 8 18 22 3 15 3 1 22 16 17
split_gain=250.228 106.193 45.662 39.4974 22.1325 20.8633 15.3843 13.9767 13.3775 13.1624 13.1244 11.4277 12.7463 10.0061
threshold=53.500000000000007 0.75472605228424083 2.3535244464874272 10.500000000000002 3.5000000000000004 0.34547665715217596 0.68443962931633007 0.027712970972061161 1.0000000180025095e-35 0.052876651287078864 2.5000000000000004 0.60392275452613842 3.6242519617080693 5.0205800533294687
decision_type=10 10 10 8 8 10 8 8 8 8 8 10 8 8
left_child=1 2 5 -3 -2 8 -7 -8 -1 -10 13 -11 -13 -5
right_child=4 3 -4 10 -6 6 7 -9 9 11 -12 12 -14 -15
leaf_value=-0.025520975947727384 0.035127680972337871 0.037781060942642337 0.0069326047797627511 0.0088365991002510216 -0.043198406750084468 -0.039521913715513529 0.0069326047797627511 -0.024594947533210912 0.0042260289771083098 -0.027588015068771534 0.0082774770004892667 0.0027948514284985475 -0.016482533915379738 0.028649595549832641
leaf_weight=73.642733871527525 9.2816197499969331 199.3152628396565 207.79948282163605 98.290858488748199 318.71956253279677 82.742012124404027 55.35706664234749 91.067164216277888 331.13832681752683 69.981836904408738 526.80977160605835 197.17772151912504 138.57416103180367 181.20245241748489
leaf_count=21736 9545 1731 23520 565 1936813 60609 525 34959 6744 97232 5171 25580 24710 1015
internal_value=-0.000179362 0.00576059 -0.00398543 0.0178506 -0.040982 -0.00896792 -0.0222883 -0.0125499 -0.00520169 -0.00317099 0.0129239 -0.00920805 -0.00537705 0.0216819
internal_weight=2581.1 2253.1 1247.48 1005.62 328.001 1039.68 229.166 146.424 810.515 736.872 806.303 405.734 335.752 279.493
internal_count=2250455 304097 295615 8482 1946358 272095 96093 35484 176002 154266 6751 147522 50290 1580
is_linear=0
shrinkage=0.05


Tree=75
num_leaves=15
num_cat=0
split_feature=22 8 22 18 24 1 18 18 23 3 12 26 22 26
split_gain=246.086 96.7577 69.6015 26.3805 25.6236 24.0835 15.5548 14.9505 11.8156 9.84728 9.17255 7.56771 13.998 6.57813
threshold=0.56571912765502941 7.5000000000000009 0.71941202878952037 0.21243916451931003 2.3152083158493046 45.500000000000007 0.29417073726654058 0.18909673392772677 2.5000000000000004 0.047123700380325324 0.039607843384146697 0.15587044507265094 0.75472605228424083 0.14642857760190967
decision_type=8 8 10 10 10 8 10 8 10 10 8 8 10 8
left_child=5 6 3 10 9 -1 11 -6 13 -4 -3 12 -2 -8
right_child=1 2 4 -5 7 -7 8 -9 -10 -11 -12 -13 -14 -15
leaf_value=-0.017448941644824481 0.0069186582149421529 -0.017448941644824481 0.0097272465307934163 -0.017448941644824481 0.028180054637967966 -0.047446781366265935 0.0058191695785072576 0.010869265615258222 -0.017448941644824481 -2.250077375587356e-05 -2.250077375587356e-05 0.047473009354112174 0.048371341242580829 0.033726581780565437
leaf_weight=61.848321569106702 40.296987325680675 45.514264254506088 298.8070158370756 305.84246987562437 207.66198830580106 263.05813759459215 34.233111069217557 312.30754931025149 15.015285547295205 285.36705722667102 435.14123440005369 124.36995117051993 41.17542804707773 55.10599592091603
leaf_count=130437 1070 23246 2473 196531 1220 1734706 664 2084 1194 9248 144113 1280 344 698
internal_value=-0.000137535 0.00585905 0.00161253 -0.00975428 0.00970928 -0.0407569 0.0317414 0.0177827 0.0160163 0.00252316 -0.00214885 0.0397135 0.0278685 0.023033
internal_weight=2525.74 2200.84 1890.64 786.498 1104.14 324.906 310.197 519.97 104.354 584.174 480.655 205.842 81.4724 89.3391
internal_count=2249308 384165 378915 363890 15025 1865143 5250 3304 2556 11721 167359 2694 1414 1362
is_linear=0
shrinkage=0.05


Tree=76
num_leaves=15
num_cat=0
split_feature=22 28 22 22 16 18 28 3 0 26 8 16 4 17
split_gain=235.098 92.6294 43.2184 34.8207 25.522 22.7154 18.7134 14.2187 11.6845 10.1134 9.96428 9.68414 9.06598 8.00559
threshold=0.56571912765502941 2.5000000000000004 0.75472605228424083 0.75472605228424083 3.5408543348312382 0.28456890583038336 2.5000000000000004 0.047123700380325324 0.68959107995033275 0.054093567654490478 1.5000000000000002 2.5249279737472539 0.018803566694259647 6.0787878036499032
decision_type=8 10 10 8 10 10 10 8 10 8 8 8 10 8
left_child=6 2 4 5 -2 9 11 12 -6 -3 -5 -1 -4 -9
right_child=1 3 7 10 8 -7 -8 13 -10 -11 -12 -13 -14 -15
leaf_value=-0.017101892951300695 0.00058209832137011907 -9.5990759521856616e-05 0.011310171054488337 0.043787021195483965 -0.017101892951300695 -0.015369298195472326 -0.017101892951300695 0.00058209832137011907 -0.0046355454573960252 0.017907266475833444 0.025301867344587971 -0.047816425651546798 0.030287905926861886 0.020964471569415454
leaf_weight=28.179272616990602 399.59536473363005 81.369602577613477 234.21459695650265 90.816947158862604 279.0757801331456 82.401619148540703 28.576783474166405 200.0763442118041 190.46641347166224 127.8255081291918 369.56597945755857 253.04638516995783 86.052774757452426 48.183308138177381
leaf_count=134700 120566 4874 1178 1075 217917 10291 40604 2967 15749 4443 4267 1690218 589 568
internal_value=0.000397982 0.00616602 -0.00127156 0.0203855 -0.00828299 0.00686621 -0.0403698 0.00944719 -0.0161917 0.0156247 0.0289483 -0.0447201 0.0164093 0.000582098
internal_weight=2499.45 2189.64 1437.66 751.98 869.138 291.597 309.802 568.527 469.542 209.195 460.383 281.226 320.267 248.26
internal_count=2250006 384484 359534 24950 354232 19608 1865522 5302 233666 9317 5342 1824918 1767 3535
is_linear=0
shrinkage=0.05


Tree=77
num_leaves=15
num_cat=0
split_feature=24 22 16 9 2 1 0 23 18 28 24 17 1 17
split_gain=208.77 95.2829 42.2923 34.2099 26.9832 13.9263 13.2296 12.8957 12.839 12.7318 12.1502 12.1714 11.5367 10.7029
threshold=0.89301323890686046 0.75472605228424083 3.5694335699081425 0.48165585100650793 1.329852879047394 4.5000000000000009 0.59694635868072521 4.5000000000000009 0.19589135795831683 1.5000000000000002 2.3152083158493046 5.7219483852386483 87.500000000000014 4.9593360424041757
decision_type=8 10 10 10 10 8 8 10 10 8 10 10 10 10
left_child=5 2 6 10 8 -1 12 9 -4 -6 -3 -12 -2 -9
right_child=1 3 4 -5 7 -7 -8 13 -10 -11 11 -13 -14 -15
leaf_value=0.021233964410426701 -0.0034072145971479856 0.0060335780938467407 -0.011061853042104396 0.032013209692443825 -0.098723747103606804 -0.046344168382764755 0.0060335780938467407 -0.05266741660857413 -0.033086066292107995 0.0060335780938467407 0.011445866233729588 0.032081983201815593 -0.04386441601025387 -0.010355309807206557
leaf_weight=7.8782510016644656 75.990167810486128 347.85796854011278 103.44589013789027 259.60141096437292 2.9354233216436105 235.91472948682076 555.40479869464116 17.39120872026524 183.64107200480976 180.47146028033603 240.96056189846058 101.57419342396315 22.940527096014193 106.27874473311385
leaf_count=4248 101654 4210 50308 2313 419 1776467 64599 6060 189040 3573 1428 524 31414 13814
internal_value=-0.000260997 0.00460704 -0.00447286 0.01654 -0.0141301 -0.0441604 0.00429633 -0.00382751 -0.0251501 0.00458631 0.0107218 0.0175652 -0.0127886 -0.0163055
internal_weight=2442.29 2198.49 1248.5 949.994 594.164 243.793 654.335 307.077 287.087 183.407 690.393 342.535 98.9307 123.67
internal_count=2250071 469356 460881 8475 263214 1780715 197667 23866 239348 3992 6162 1952 133068 19874
is_linear=0
shrinkage=0.05


Tree=78
num_leaves=15
num_cat=0
split_feature=22 10 22 18 18 24 23 3 27 18 17 3 12 13
split_gain=212.604 74.4618 50.851 21.4121 19.8183 18.6291 15.5139 15.0989 11.9241 10.9841 9.8833 8.92702 8.35037 7.63541
threshold=0.56571912765502941 0.028923837468028072 0.71941202878952037 0.27833382785320288 0.21243916451931003 2.3152083158493046 2.5000000000000004 0.047123700380325324 2.9892170429229741 0.73218020796775829 5.4951148033142099 0.027712970972061161 0.19543650746345523 0.089898992329835906
decision_type=8 10 10 8 8 10 10 8 10 10 8 8 10 8
left_child=7 2 4 -3 13 8 -5 -1 12 -7 -10 -6 -4 -2
right_child=1 3 5 6 11 9 -8 -9 10 -11 -12 -13 -14 -15
leaf_value=-0.01749753947139528 -0.01749753947139528 0.038392458974213901 0.00042233406141252016 0.019473449909356354 -0.00095807504774683401 0.019379423707759958 -0.01749753947139528 -0.044835500314225868 0.042531820561105847 0.00042233406141252016 0.00042233406141252016 -0.01749753947139528 0.058050726004770327 0.00042233406141252016
leaf_weight=28.640184815351859 40.178644833296858 192.33574486518046 515.08436841425282 111.36355743667809 81.665295106948179 403.94841185050245 18.170122422590794 251.87444176923054 32.740475850048824 54.49683650006773 18.156087349518202 231.01834924436434 6.2951615836645933 410.37142542958463
leaf_count=13225 22186 2052 10944 1068 2115 2668 788 1853137 334 363 323 204965 89 136371
internal_value=0.000242062 0.00566482 0.0016917 0.0278092 -0.00809093 0.00893559 0.0120947 -0.0406599 0.0029192 0.0164458 0.0260192 -0.0174975 0.000664204 -0.00137736
internal_weight=2396.34 2115.82 1793.96 321.869 763.234 1030.72 129.534 280.515 572.276 458.445 50.8966 312.684 521.38 450.55
internal_count=2250628 384266 380358 3908 365637 14721 1856 1866362 11690 3031 657 207080 11033 158557
is_linear=0
shrinkage=0.05


Tree=79
num_leaves=15
num_cat=0
split_feature=24 28 24 22 3 1 27 18 1 18 3 14 27 16
split_gain=189.421 78.2024 40.7461 29.5495 19.3791 17.0926 14.5427 14.1992 13.7898 11.9965 15.406 11.8333 29.634 15.1134
threshold=0.9096183478832246 2.5000000000000004 2.0047768354415898 0.69894883036613475 0.16515600681304934 4.5000000000000009 7.4240570068359384 0.15411572158336642 2.5000000000000004 0.28745292127132421 0.14874312281608584 1.0000000180025095e-35 2.0270251035690312 3.5694335699081425
decision_type=8 10 10 8 10 8 10 10 8 10 10 10 10 10
left_child=5 2 4 7 11 -1 -5 -3 -4 -10 -11 12 13 -2
right_child=1 3 8 6 -6 -7 -8 -9 9 10 -12 -13 -14 -15
leaf_value=0.025951483786270907 -0.014176496286476901 0.012109456918030741 0.020106364019167614 0.01996759485053343 -0.034900941877621869 -0.045949284054105824 0.039996779064481715 -0.014312960552132971 0.0090399903522659399 -0.005196446083044726 -0.083526084345345253 -0.0030870224962246708 0.029956744986835229 -0.046355566255408251
leaf_weight=8.5957889806795702 97.895686191248387 82.519880489970092 172.83902004108677 441.33031946688789 66.389392508287983 215.25002210666207 114.04624516160402 85.293059025132607 290.80595652919874 126.48556141650624 6.6051995079687904 558.97462196398556 27.68945779918613 58.17028551617841
leaf_count=4341 44316 8572 1230 6100 226387 1793377 1323 20259 5098 2114 1137 91471 6508 37509
internal_value=0.000564025 0.0051641 -0.00170885 0.0185249 -0.00901902 -0.0431883 0.0240806 0.000138338 0.00820307 0.00334964 -0.00908389 -0.00670555 -0.0177129 -0.0261706
internal_weight=2352.89 2129.04 1405.86 723.19 809.119 223.846 555.377 167.813 596.736 423.897 133.091 742.73 183.755 156.066
internal_count=2249742 452024 415770 36254 406191 1797718 7423 28831 9579 8349 3251 179804 88333 81825
is_linear=0
shrinkage=0.05


Tree=80
num_leaves=15
num_cat=0
split_feature=24 28 24 28 22 14 18 1 18 18 8 18 1 1
split_gain=168.931 82.3794 42.2749 30.3706 26.1299 26.103 20.8399 16.6445 16.0352 15.3451 13.8814 13.6729 18.2125 13.0272
threshold=0.89301323890686046 2.5000000000000004 2.0047768354415898 3.5000000000000004 0.75472605228424083 1.0000000180025095e-35 0.14216277003288272 3.5000000000000004 0.40015576779842382 0.19357419013977054 1.5000000000000002 0.28745292127132421 23.500000000000004 59.500000000000007
decision_type=8 10 10 10 8 10 10 8 10 10 8 10 8 10
left_child=10 2 5 4 6 7 -3 8 -2 -7 -1 -4 -13 -14
right_child=1 3 11 -5 -6 9 -8 -9 -10 -11 -12 12 13 -15
leaf_value=0.048808410713295509 0.018998625321324427 0.010635718267721011 0.012264699754723357 0.037663519283564734 0.021579134174036081 0.00085672485217272139 -0.01406655671347975 -0.033395711864364352 -0.067861827107692868 -0.015763518359668827 -0.045032694800044647 0.0045380307004315853 -0.054851816992509378 -0.00020447523775297415
leaf_weight=4.0180586373417091 30.430679051543848 103.79503935374714 393.66103984455549 150.67075260740239 324.20496305972483 362.15129017646859 131.57498563585068 161.74090512732164 6.4373937952805127 225.26238140455507 205.05568638280192 144.87330670279334 26.013668354677066 18.777896294381208
leaf_count=2548 1062 8095 5881 3036 4167 81605 21706 226486 525 112937 1778295 1840 1156 747
internal_value=-0.000386974 0.00392021 -0.00324679 0.0177381 0.012373 -0.010815 -0.000307698 -0.026485 0.00383225 -0.00551683 -0.0432292 0.00695124 -0.00407718 -0.0319421
internal_weight=2288.67 2079.59 1369.35 710.246 559.575 786.023 235.37 198.609 36.8681 587.414 209.074 583.326 189.665 44.7916
internal_count=2250086 469243 432239 37004 33968 422615 29801 228073 1587 194542 1780843 9624 3743 1903
is_linear=0
shrinkage=0.05


Tree=81
num_leaves=15
num_cat=0
split_feature=22 8 22 27 18 1 18 14 24 22 1 18 15 2
split_gain=164.002 69.878 42.9058 20.5665 15.5729 15.428 12.5784 12.2683 11.0708 10.3304 7.98737 7.27716 6.64097 6.56293
threshold=0.56571912765502941 7.5000000000000009 0.75472605228424083 2.3535244464874272 0.082752548158168807 45.500000000000007 0.27833382785320288 1.0000000180025095e-35 2.3152083158493046 0.71941202878952037 169.50000000000003 0.14216277003288272 1.0000000180025095e-35 2.0746576786041264
decision_type=8 8 10 10 10 8 10 8 10 8 8 8 8 10
left_child=5 6 3 4 12 -1 -2 -6 13 -8 -9 -10 -3 -4
right_child=1 2 8 -5 7 -7 9 10 11 -11 -12 -13 -14 -15
leaf_value=-0.016959288558096249 0.03655979362691094 -0.016959288558096249 0.0022391110578887851 0.0022391110578887851 -0.016959288558096249 -0.045037749934012244 -0.016959288558096249 -0.0044178178949255964 0.026656780247801062 0.021409836396266761 -0.016959288558096249 0.011617822421765945 0.0022391110578887851 0.020586987873982547
leaf_weight=51.126590726919858 172.08904970543881 14.384012979597173 298.18535428027826 134.97262405388301 181.20323629901941 194.63162533313789 16.032160710001335 400.7412205114415 111.03442098859523 79.010118045363924 104.53425375635925 291.922504897404 180.58878695082331 50.643218464363599
leaf_count=130443 2587 8248 4053 23693 85853 1735885 1265 74153 635 1385 131676 1838 48889 342
internal_value=2.47883e-06 0.0046611 0.00106015 -0.00563824 -0.00915763 -0.0385797 0.0284967 -0.0127104 0.0101165 0.0138972 -0.00772739 0.0157618 0.00223911 0.00359514
internal_weight=2281.1 2035.34 1768.21 1016.42 881.452 245.758 267.131 686.479 751.785 95.0423 505.275 402.957 194.973 348.829
internal_count=2250945 384617 379380 372512 348819 1866328 5237 291682 6868 2650 205829 2473 57137 4395
is_linear=0
shrinkage=0.05


Tree=82
num_leaves=15
num_cat=0
split_feature=24 28 22 24 3 18 22 8 2 18 13 18 16 26
split_gain=148.311 67.8355 58.0149 20.0887 16.5925 20.517 13.5735 13.1799 12.4231 10.8386 10.7558 9.6873 9.14001 6.9026
threshold=0.86138379573822033 3.5000000000000004 0.71941202878952037 2.0047768354415898 0.11639323830604555 0.25445108115673071 0.64364916086196911 1.5000000000000002 0.71390178799629223 0.16936419904232028 0.087337911128997817 0.30066849291324621 6.3198683261871347 0.60555556416511547
decision_type=8 10 10 10 8 8 8 8 8 10 8 10 10 8
left_child=6 2 4 -4 9 13 7 -1 -5 10 -2 -10 -8 -6
right_child=1 -3 3 8 5 -7 12 -9 11 -11 -12 -13 -14 -15
leaf_value=0.047133132335733297 -0.034567037183677235 0.035851854072667347 -0.00056657377146854607 -0.00056657377146854607 -0.019415654279748566 -0.04626604909131795 0.17482846011080677 -0.046124829100650994 0.018658540282026653 -0.012476567413448617 -0.00056657377146854607 0.0068070006145822971 0.93454907235443374 -0.00056657377146854607
leaf_weight=3.8702225375509434 23.772169561603732 147.91568325365915 301.45214149831008 38.706032429792685 83.53398899140393 61.278484991586538 0.2046635945152947 179.6470855317425 474.58844021082041 302.49013849606627 305.72492895938922 270.80980112223915 0.04908405352034606 36.838317121323598
leaf_count=2546 4452 3077 9378 594 163222 189272 553 1743935 3430 57071 33080 2373 3 36859
internal_value=-0.000624915 0.00323774 0.000697643 0.00826326 -0.00939641 -0.0227146 -0.0436528 -0.0441581 0.0125479 -0.00556838 -0.000566574 0.0143528 0.321786 -0.0107252
internal_weight=2230.88 2047.11 1899.19 1085.56 813.638 181.651 183.771 183.517 784.104 631.987 329.497 745.398 0.253748 120.372
internal_count=2249845 502808 499731 15775 483956 389353 1747037 1746481 6397 94603 37532 5803 556 200081
is_linear=0
shrinkage=0.05


Tree=83
num_leaves=15
num_cat=0
split_feature=28 22 28 22 26 24 0 16 8 15 18 15 18 26
split_gain=137.45 72.3832 34.2398 28.4163 21.666 17.4816 15.3878 12.1504 10.0301 11.546 9.87255 9.04905 6.8559 7.43337
threshold=1.5000000000000002 0.71941202878952037 3.5000000000000004 0.55632266402244579 0.11437908560037614 2.0047768354415898 0.59694635868072521 2.9700856208801274 7.5000000000000009 1.0000000180025095e-35 0.52179500460624706 1.0000000180025095e-35 0.15608907490968707 0.47338935732841497
decision_type=8 8 10 10 10 8 8 8 8 10 10 8 10 10
left_child=3 4 5 -1 6 -3 -2 -5 -7 12 11 -8 -10 -14
right_child=1 2 -4 7 -6 8 10 -9 9 -11 -12 -13 13 -15
leaf_value=-0.046549992158288478 -0.038017655433674358 0.0018487416275773461 0.039400223716150401 0.01631100200880594 0.0018487416275773461 0.026884724720932614 -0.024209276665433217 -0.022669281445330276 0.015212156220600207 0.019705543491643333 -0.024209276665433217 -0.0054550516434823167 0.0018487416275773461 0.029095275457134626
leaf_weight=160.1064643906966 56.254073942213836 278.13385421654675 104.37585299991042 25.635219640314972 136.23414483443503 115.19787053860637 38.500924346768443 90.803169974897173 156.53171016154374 253.36669081059517 50.450642317969141 399.03546291375687 310.63028275353827 25.250050316870329
leaf_count=1423369 272232 7547 1289 20387 86452 1435 31839 130172 5804 4537 59158 191536 13329 842
internal_value=7.89801e-05 0.00481665 0.0119909 -0.0328817 -0.00829342 0.00947941 -0.0132554 -0.0140873 0.0131535 0.0110325 -0.0104009 -0.00780602 0.00656986 0.00254226
internal_weight=2200.51 1923.96 1243.49 276.545 680.475 1139.11 544.241 116.438 860.977 745.779 487.987 437.536 492.412 335.88
internal_count=2249928 676000 34783 1573928 641217 33494 554765 150559 25947 24512 282533 223375 19975 14171
is_linear=0
shrinkage=0.05


Tree=84
num_leaves=15
num_cat=0
split_feature=24 10 22 28 3 22 18 17 18 22 1 3 1 18
split_gain=135.322 61.6152 38.8959 22.2984 18.8682 17.9268 15.9181 12.6547 11.5001 10.5422 10.2133 9.81523 8.70638 8.44347
threshold=0.86138379573822033 0.012049691751599314 0.71941202878952037 3.5000000000000004 0.047123700380325324 0.75472605228424083 0.34547665715217596 6.4630281925201425 0.16218794882297519 0.64364916086196911 15.500000000000002 0.089113980531692519 1.5000000000000002 0.013455932494252922
decision_type=8 10 10 8 10 8 10 10 8 8 8 10 10 8
left_child=9 2 6 5 -4 8 7 -2 -3 10 -1 -5 -8 -12
right_child=1 3 4 11 -6 -7 12 -9 -10 -11 13 -13 -14 -15
leaf_value=0.005963853131635782 -0.0062429462737495535 0.010076417829685116 0.012780252269781751 0.034961291694556133 -0.0026985935689209793 0.019912800835849315 -0.050144321265960461 -0.068202839304556825 -0.010307410104988604 0.23666132990830502 0.096773395005813348 -0.049081356467362856 -0.019404715022827021 -0.047060540650282173
leaf_weight=9.9703844390451177 492.2007547812841 85.020388911188093 424.50011215996165 157.47884989162594 341.26551271137578 273.14570764123346 31.816546432767609 8.3811604080947273 116.0057895739601 0.3373847068141903 0.82692845490373557 3.5524587142131159 83.453410994056867 156.94558240067909
leaf_count=26255 293650 6485 3233 2233 9660 6791 82180 7967 18372 557 6283 1801 70744 1714070
internal_value=0.000550627 0.00414285 -0.00178289 0.0170318 0.00574057 0.0115725 -0.0111378 -0.00728033 0.000240035 -0.042553 -0.0431145 0.0331073 -0.0278894 -0.046216
internal_weight=2184.9 2016.82 1381.62 635.203 765.766 474.172 615.852 500.582 201.026 168.08 167.743 161.031 115.27 157.773
internal_count=2250281 503116 467434 35682 12893 31648 454541 301617 24857 1747165 1746608 4034 152924 1720353
is_linear=0
shrinkage=0.05


Tree=85
num_leaves=15
num_cat=0
split_feature=24 10 22 28 22 3 3 27 11 14 27 3 27 10
split_gain=133.76 57.5317 37.4554 19.8192 17.3674 13.0718 11.8973 8.95768 13.7998 9.40979 8.14018 7.19842 6.45798 10.656
threshold=0.81635990738868724 0.014286078978329899 0.71941202878952037 3.5000000000000004 0.75472605228424083 0.20120581984519961 0.047123700380325324 2.1672358512878422 inf 1.0000000180025095e-35 1.023424029350281 1.0000000180025095e-35 5.7736120223999032 0.023843549191951755
decision_type=8 10 10 8 8 10 8 8 8 8 8 10 8 10
left_child=-1 2 5 4 10 7 -4 8 -2 -10 -3 -5 13 -13
right_child=1 3 6 11 -6 -7 -8 -9 9 -11 -12 12 -14 -15
leaf_value=-0.044840509587229807 -0.026078240968600147 -0.010019898305615806 0.011721917474211169 0.044328507257187531 0.019501252227590332 -0.043174956786463631 -0.00077324931583775877 -0.0028062199882636111 -0.038493733010030701 -0.0028832778586269196 0.0095366179547395347 0.041856146548440727 0.028687666582086192 -0.043285754881003953
leaf_weight=153.04076738515414 148.22337220705253 101.81883321842088 380.58514189407288 66.705278676625312 262.70011630471708 30.181389594272559 381.42969299073593 226.14820181823688 20.497231908826052 195.36386002580184 85.412198318623268 6.371403625853417 73.632717734300059 8.6833143956810073
leaf_count=1693957 124882 13747 2801 1150 4672 200895 10112 92583 20525 74134 8357 646 1699 314
internal_value=0.000202114 0.00367003 -0.00195876 0.016525 0.011208 -0.0110798 0.00546741 -0.00943868 -0.014331 -0.00626469 -0.000428016 0.0319199 0.0225868 -0.00725231
internal_weight=2140.79 1987.75 1382.43 605.324 449.931 620.414 762.015 590.233 364.084 215.861 187.231 155.393 88.6874 15.0547
internal_count=2250474 556517 525932 30585 26776 513019 12913 312124 219541 94659 22104 3809 2659 960
is_linear=0
shrinkage=0.05


Tree=86
num_leaves=15
num_cat=0
split_feature=22 8 24 2 2 22 3 12 18 18 27 14 14 13
split_gain=115.625 56.0771 37.0034 17.8295 17.1765 16.2405 15.228 14.9821 14.9641 10.557 9.83536 11.0471 10.1387 9.04605
threshold=0.56571912765502941 7.5000000000000009 2.0047768354415898 0.71390178799629223 2.0746576786041264 0.69894883036613475 0.097158730030059828 0.19543650746345523 0.27833382785320288 0.14216277003288272 2.0270251035690312 1.0000000180025095e-35 1.0000000180025095e-35 0.14087302237749103
decision_type=8 8 10 8 10 10 8 10 10 10 10 10 10 8
left_child=6 8 4 -4 7 -5 -1 10 -2 -7 11 -3 -12 -13
right_child=1 2 3 5 -6 9 -8 -9 -10 -11 12 13 -14 -15
leaf_value=-0.015336006046245052 0.037175063938851574 -0.015336006046245052 -0.015336006046245052 -0.0088104770584846431 0.016684998779327498 0.02241727035039141 -0.044090285264082027 0.062340951718449902 0.010915050345771332 0.0091218375105537805 0.02776867160313462 -0.015336006046245052 -0.011350771830089682 -0.0029358997264636523
leaf_weight=58.893551560753394 147.58889552079404 162.03165216584011 50.007004685605352 92.256849166962638 75.718727447954734 224.20161903458938 142.79633120607832 7.4363688949815687 85.780900169578672 446.94237870349389 35.24865163155664 106.21249959106262 31.244290067021211 420.99359743026707
leaf_count=138388 2576 129806 1938 4971 1705 1792 1726701 1535 2635 4150 10140 55967 14806 152092
internal_value=0.000730795 0.00457944 0.00133896 0.00893776 -0.00602905 0.0108594 -0.0352515 -0.00828265 0.0275225 0.0135633 -0.00897759 -0.0107493 0.00938688 -0.00639794
internal_weight=2087.35 1885.66 1652.29 813.408 838.886 763.401 201.69 763.167 233.37 671.144 755.731 689.238 66.4929 527.206
internal_count=2249202 384113 378902 12851 366051 10913 1865089 364346 5211 5942 362811 337865 24946 208059
is_linear=0
shrinkage=0.05


Tree=87
num_leaves=15
num_cat=0
split_feature=24 27 22 15 16 24 18 11 1 18 1 15 0 23
split_gain=102.339 53.5911 46.0005 28.6517 19.7554 15.4071 15.1256 17.9488 14.7798 13.5031 12.386 11.377 10.2858 9.59335
threshold=0.81635990738868724 2.8891348838806157 0.75472605228424083 1.0000000180025095e-35 3.0201274156570439 2.3152083158493046 0.10191553458571435 0.41428571939468389 1.5000000000000002 0.3614740669727326 20.500000000000004 1.0000000180025095e-35 0.54256561398506176 4.5000000000000009
decision_type=8 10 10 8 8 10 10 8 8 10 8 8 8 10
left_child=10 2 3 -2 12 -4 -5 9 -6 13 -1 -10 -3 -8
right_child=1 4 5 6 8 -7 7 -9 11 -11 -12 -13 -14 -15
leaf_value=0.0092117126049650541 -0.034490768484112415 -0.086916864392965323 0.0010808315970642455 0.00082482145167690692 0.034674619649841573 0.016262446808140863 -0.0046014991626885209 -0.0027810999048490399 0.038853555743686402 -0.041685050015266761 -0.045393726626863307 -0.0015814035141665057 0.041938402685031032 -0.029011206428418264
leaf_weight=11.283342786464344 90.404216988330518 1.5724669346200233 306.02871585605681 263.66623213509388 56.268232739355881 368.17383920045904 108.41951770790729 361.97311037814825 20.368869691862528 57.27284639921254 130.41403063481425 119.19691578274251 102.58212880018118 64.019690401660682
leaf_count=36657 61362 1558 4117 107297 915 2708 16528 158848 3077 77281 1657596 25263 3621 93658
internal_value=-3.94116e-05 0.00298695 -0.000607827 -0.00772168 0.022399 0.00937133 -0.00489239 -0.00971849 0.0130416 -0.0206502 -0.0410455 0.00431986 0.039993 -0.0136638
internal_weight=2061.64 1919.95 1619.96 945.756 299.989 674.203 855.351 591.685 195.834 229.712 141.697 139.566 104.155 172.439
internal_count=2250486 556233 521799 514974 34434 6825 453612 346315 29255 187467 1694253 28340 5179 110186
is_linear=0
shrinkage=0.05


Tree=88
num_leaves=15
num_cat=0
split_feature=22 27 22 3 14 18 8 8 1 15 15 18 11 14
split_gain=96.4705 48.6657 39.8597 19.4536 15.267 14.0602 10.6194 10.0309 8.43233 6.82441 6.4379 7.36883 6.21139 6.18323
threshold=0.56571912765502941 2.9892170429229741 0.75472605228424083 0.064814120531082167 1.0000000180025095e-35 0.10191553458571435 86.500000000000014 8.5000000000000018 5.5000000000000009 1.0000000180025095e-35 1.0000000180025095e-35 0.051621668040752418 0.41428571939468389 1.0000000180025095e-35
decision_type=8 10 10 8 10 10 8 8 8 8 10 8 8 8
left_child=3 2 5 -1 -3 9 -4 -7 -6 -2 11 -8 -9 -14
right_child=1 4 6 -5 8 7 10 12 -10 -11 -12 -13 13 -15
leaf_value=-0.01553368545943265 -0.01553368545943265 0.029263903622738948 0.020012082280687869 -0.043286454958894223 0.020089626852232201 0.00094958710991726247 0.037921215180811485 -0.01553368545943265 -0.014243413875404287 0.00094958710991726247 0.011558555318422609 0.00094958710991726247 -0.01553368545943265 -0.0050765761715527956
leaf_weight=37.414107507950575 18.623140194419648 209.9090952909819 165.3859456966311 149.32038953918459 34.952901820557599 48.601019596961123 13.56199509523867 209.04468914503423 36.621714649716523 248.28293893010004 235.93183634029265 266.39558511169889 56.433015895921017 307.78259726297347
leaf_count=35726 10661 9726 1511 1829996 502 2749 100 113000 11261 65102 2245 2979 35640 128859
internal_value=-0.00013477 0.00331973 -0.000112591 -0.0343871 0.0224643 -0.00708766 0.00898683 -0.0112507 0.00252286 0.000949587 0.00545231 0.000949587 -0.0133756 -0.00846504
internal_weight=2038.26 1851.53 1570.04 186.734 281.484 888.767 681.275 621.861 71.5746 266.906 515.889 279.958 573.26 364.216
internal_count=2250057 384335 362846 1865722 21489 356011 6835 280248 11763 75763 5324 3079 277499 164499
is_linear=0
shrinkage=0.05


Tree=89
num_leaves=15
num_cat=0
split_feature=24 24 27 0 22 14 16 9 18 18 10 22 15 14
split_gain=91.7086 47.9715 31.5505 20.0614 17.4479 16.7476 15.9892 13.0668 11.0689 10.4276 9.77002 9.17712 8.89124 7.772
threshold=0.86138379573822033 2.3152083158493046 2.9892170429229741 0.64340209960937511 0.69894883036613475 1.0000000180025095e-35 3.65057384967804 0.99919417500495922 0.29079808294773107 0.39538216590881353 0.030047404579818252 0.64364916086196911 1.0000000180025095e-35 1.0000000180025095e-35
decision_type=8 10 10 8 10 10 10 10 8 10 10 8 8 8
left_child=7 2 3 6 -3 -4 -2 11 10 -7 -6 -1 -5 -8
right_child=1 4 5 12 8 9 13 -9 -10 -11 -12 -13 -14 -15
leaf_value=-0.043079906846138299 -0.0093147252909111244 -0.0074926467416273502 0.033562594819212956 -0.0093147252909111244 0.017609672521919594 0.0048538925569049339 -0.053978528492510294 0.053269944287953619 0.0086595379298243357 -0.069271397215949715 0.03717598073388928 0.20162586394513926 0.00037687201716081649 -0.02403323591657907
leaf_weight=131.4807271752511 174.06038194672237 85.430931771847099 83.576523743921371 68.795303527654141 248.54429093295767 44.804108819314024 27.907889774407977 3.6709900682135403 246.02309036756378 5.3064458562380414 85.83208963090874 0.38426031841663544 724.43571704541364 96.90668218138353
leaf_count=1743605 190014 3073 15231 11451 1984 8069 64595 2555 2479 4912 1215 552 69809 131020
internal_value=-4.62699e-05 0.00280043 -0.00306795 -0.00587452 0.0136041 0.0198593 -0.0169146 -0.0397765 0.0167094 -0.00299559 0.0226322 -0.0423668 -0.00171481 -0.0307288
internal_weight=2027.16 1891.62 1225.79 1092.11 665.83 133.687 298.875 135.536 580.399 50.1106 334.376 131.865 793.231 124.815
internal_count=2250564 503852 495101 466889 8751 28212 385629 1746712 5678 12981 3199 1744157 81260 195615
is_linear=0
shrinkage=0.05


Tree=90
num_leaves=15
num_cat=0
split_feature=23 27 22 14 10 16 22 17 8 1 3 23 3 3
split_gain=87.5984 42.6436 44.7867 15.5332 13.1203 11.769 15.6484 12.6984 11.0617 10.6132 10.233 9.70302 12.2512 8.73859
threshold=86.500000000000014 2.8625483512878422 0.75472605228424083 1.0000000180025095e-35 0.012049691751599314 3.1984648704528813 0.64979484677314769 5.4315338134765634 2.5000000000000004 5.5000000000000009 0.047123700380325324 2.5000000000000004 0.077592134475708022 0.027712970972061161
decision_type=10 10 10 10 8 10 8 10 8 8 8 10 10 8
left_child=1 2 4 -3 -1 -6 7 -7 -2 -5 -11 12 -4 -8
right_child=8 3 11 9 5 6 13 -9 -10 10 -12 -13 -14 -15
leaf_value=-0.06107084384584277 0.037094331000165723 0.027491632093370189 0.016641432305441468 0.020385545378174573 0.0010873369695138082 -0.048803272490310197 0.0012881718443668215 -0.017630807685863985 -0.040495647984394409 -0.093387269776817522 -0.0088748777579602707 0.0012881718443668215 0.0012881718443668215 -0.011575240309016568
leaf_weight=11.193790773693761 4.7562513522489089 219.14402268369031 439.8965687346863 34.844438354739395 318.53801111278472 45.043034048971549 138.99943875233294 60.276158302677686 134.31070582198959 4.024856143834767 32.538170038302269 133.38090258942248 91.741059158823191 320.19598300018697
leaf_count=33174 5822 17294 2797 524 119169 106205 1829 75994 1796348 209 11814 3175 848 74754
internal_value=0.000428654 0.00330579 2.8735e-05 0.0208924 -0.00727883 -0.00659695 -0.010933 -0.0283154 -0.037842 0.000639713 -0.018178 0.00985517 0.0130114 -0.00694618
internal_weight=1988.88 1849.82 1559.26 290.551 894.246 883.053 564.515 105.319 139.067 71.4075 36.563 665.019 531.638 459.195
internal_count=2249956 447786 417945 29841 411125 377951 258782 182199 1802170 12547 12023 6820 3645 76583
is_linear=0
shrinkage=0.05


Tree=91
num_leaves=15
num_cat=0
split_feature=22 24 10 18 22 9 0 18 12 16 26 27 14 9
split_gain=83.6165 48.2439 33.1147 15.5626 15.3177 16.1281 11.3621 10.184 9.99648 8.69081 8.1955 7.98693 10.9236 7.66996
threshold=0.48456145823001867 2.0047768354415898 0.019797164015471939 0.11959025263786317 0.69894883036613475 0.99919417500495922 0.59864753484725963 0.29746453464031225 0.19543650746345523 4.1190040111541757 0.12132352963089944 2.0270251035690312 1.0000000180025095e-35 0.90763464570045482
decision_type=8 10 10 8 10 10 8 10 10 10 10 10 10 10
left_child=-1 2 6 -4 10 7 -2 -6 9 11 -3 12 -8 -5
right_child=1 4 3 13 5 -7 8 -9 -10 -11 -12 -13 -14 -15
leaf_value=-0.044482498460885797 -0.021132751488201373 -0.015311148500756704 0.04486121251301714 -0.0018167207628997366 0.014841485593866686 0.037293167040324891 -0.014184671138874873 0.003314836505574226 0.05384389277025331 -0.014184671138874873 0.003314836505574226 0.017283938590842568 -0.001126143246531823 0.033833783263621832
leaf_weight=101.03611380085886 115.67429164572695 90.972891287543462 37.654007278501922 66.248158036175482 496.9727903899402 61.047167445009109 88.8952479608472 269.59143456476522 6.6324964074033224 210.77693403607691 38.583144532312872 40.664585549230651 325.41187971748741 19.535959707993243
leaf_count=1441631 455634 6912 1762 9997 4504 1157 70282 3077 1705 140398 1287 10654 100337 713
internal_value=-0.000178467 0.002217 -0.00601572 0.0180643 0.0100569 0.0125594 -0.00978753 0.0105897 -0.00723659 -0.0078451 -0.00592978 -0.00386169 -0.00593715 0.00630211
internal_weight=1969.7 1868.66 911.494 123.438 957.167 827.611 788.055 766.564 672.381 665.749 129.556 454.972 414.307 85.7841
internal_count=2250050 808419 791482 12472 16937 8738 779010 7581 323376 321671 8199 181273 170619 10710
is_linear=0
shrinkage=0.05


Tree=92
num_leaves=15
num_cat=0
split_feature=22 24 24 18 3 27 8 10 3 3 17 1 22 13
split_gain=75.8939 43.9571 21.8169 17.3721 14.7588 10.1973 9.73922 9.55774 9.49689 8.78184 8.96999 8.08365 6.58995 6.51767
threshold=0.71941202878952037 0.64464259147644054 2.0047768354415898 0.33366666734218603 0.095632016658782973 1.0171056389808657 1.5000000000000002 0.018912463448941711 0.052876651287078864 0.15072062611579898 4.6200466156005868 3.5000000000000004 0.62438565492630016 0.098780486732721343
decision_type=10 8 10 10 10 8 8 8 8 8 10 8 8 8
left_child=1 8 -2 5 6 11 -4 -8 -1 10 -5 -3 -12 -13
right_child=2 3 4 9 -6 -7 7 -9 -10 -11 12 13 -14 -15
leaf_value=-0.0013919780441282192 -0.0013919780441282192 -0.0013919780441282192 0.035261910088697744 -0.034893291393055914 -0.0013919780441282192 -0.0013919780441282192 0.050968338089080703 0.012597417403457446 -0.047857392562389217 -0.048709116113869341 -0.039787336946586919 -0.038247554264464134 -0.0027512032807465291 -0.012367570448872559
leaf_weight=7.7773380638236622 287.57614608115182 75.425352811746052 56.399094767868519 46.383679588665927 70.4832131206349 282.7734403221898 16.660787713481113 626.14987788148028 89.048780457753992 25.431337102272209 14.056598642787092 27.189279321746426 82.524037800502811 231.16713769319313
leaf_count=14215 9361 2678 1137 28045 1512 161843 77 4864 1449073 189603 36777 45115 17480 289035
internal_value=-0.00049303 -0.0113246 0.00854067 -0.00740378 0.012974 -0.00351643 0.0153399 0.0135919 -0.0431102 -0.0216367 -0.0168209 -0.010596 -0.00814154 -0.0150912
internal_weight=1939.05 881.777 1057.27 784.951 769.693 616.555 699.21 642.811 96.8261 168.396 142.964 333.782 96.5806 258.356
internal_count=2250815 2233864 16951 770576 7590 498671 6078 4941 1463288 271905 82302 336828 54257 334150
is_linear=0
shrinkage=0.05


Tree=93
num_leaves=15
num_cat=0
split_feature=22 24 10 28 18 23 16 27 8 14 22 3 18 18
split_gain=79.9574 40.6383 22.3879 14.4893 12.7207 11.3909 11.338 12.133 17.8016 20.0472 11.6359 10.223 10.134 9.81289
threshold=0.56571912765502941 2.3152083158493046 0.023843549191951755 2.5000000000000004 0.46734531223773962 2.5000000000000004 3.6242519617080693 2.0270251035690312 3.5000000000000004 1.0000000180025095e-35 0.71941202878952037 0.092440336942672743 0.28456890583038336 1.125332832336426
decision_type=8 10 10 10 10 10 8 10 8 10 10 10 8 10
left_child=3 2 6 -1 -4 11 7 8 9 -2 -8 13 -7 -3
right_child=1 5 4 -5 -6 12 10 -9 -10 -11 -12 -13 -14 -15
leaf_value=-0.041714243522261954 -0.015646679618143134 0.018907554902015122 0.026929559865148407 -0.015646679618143134 -0.015503729536542003 0.012026502481370275 -0.015646679618143134 0.02356668221642147 -0.0020701681855053314 1.1003796489363018 -0.0026252900569943222 -0.0084884781802146338 -0.015646679618143134 -0.013791185607159098
leaf_weight=133.28738418309069 0.071045364843484005 501.4478263474557 90.593887169095069 21.042367882668827 21.93903423568554 38.214201250390033 278.64209255165588 53.404921050568191 386.17008869581105 0.077780540203093551 306.26196314850313 41.07807343391687 21.054543833866774 24.044498490766273
leaf_count=1824740 93 4369 2484 40753 1400 1484 235323 7405 121737 13 7914 946 1461 183
internal_value=9.81156e-05 0.00311911 -0.00251249 -0.0344125 0.0186569 0.0133518 -0.00483749 0.00122857 -0.00185946 0.544875 -0.00939788 0.0155336 -0.00750419 0.0174114
internal_weight=1917.33 1763 1137.16 154.33 112.533 625.839 1024.63 439.724 386.319 0.148826 584.904 566.57 59.2687 525.492
internal_count=2250305 384812 376369 1865493 3884 8443 372485 129248 121843 106 243237 5498 2945 4552
is_linear=0
shrinkage=0.05


Tree=94
num_leaves=15
num_cat=0
split_feature=24 8 24 27 14 1 16 0 26 23 16 14 0 12
split_gain=70.0561 41.9244 28.2682 19.9753 22.4995 18.8728 15.9304 12.7255 12.3823 12.1302 23.6684 10.6084 10.9779 9.43226
threshold=0.64464259147644054 7.5000000000000009 2.3152083158493046 2.3535244464874272 1.0000000180025095e-35 3.5000000000000004 3.5408543348312382 0.56881511211395275 0.19523809850215915 221.50000000000003 1.2424533367156985 1.0000000180025095e-35 0.64340209960937511 0.19543650746345523
decision_type=8 8 10 10 10 8 10 8 8 10 8 10 8 10
left_child=-1 8 3 4 5 -3 9 -6 -2 -7 -11 -5 -13 -9
right_child=1 2 -4 11 7 6 -8 13 -10 10 -12 12 -14 -15
leaf_value=-0.043298544324255422 0.010011146996739629 0.002837563498717343 0.0099140166931961319 0.027099918384391082 -0.033380603449310174 -0.016716821908928297 -0.045554494535143181 -0.0015902939689188093 0.034409109343604131 2.213488210153165 -0.051178595429949458 -0.062612078428568557 0.0062213577412691158 0.051713220259471629
leaf_weight=87.87478482324093 94.647201270354117 72.266445535253183 473.04754288992808 70.45718540159055 31.616233100855652 130.28601159949551 73.290370269566779 690.14327255997352 115.42251263632215 0.017988182098632843 0.032170660945666896 6.7038362767952995 42.606960891282142 8.4003732619712519
leaf_count=1463512 4716 2967 6313 26870 135461 215138 178588 190106 3227 3 229 17855 4519 990
internal_value=0.000298842 0.00241672 -0.000342377 -0.00465191 -0.00694987 -0.0191141 -0.0269047 -0.00235358 0.0234166 -0.0164175 0.760986 0.014651 -0.00313659 -0.00094929
internal_weight=1896.81 1808.94 1598.87 1125.82 1006.05 275.893 203.627 730.16 210.07 130.336 0.0501588 119.768 49.3108 698.544
internal_count=2250494 786982 779039 772726 723482 396925 393958 326557 7943 215370 232 49244 22374 191096
is_linear=0
shrinkage=0.05


Tree=95
num_leaves=15
num_cat=0
split_feature=24 10 24 18 27 1 18 17 14 27 16 0 13 16
split_gain=65.6863 48.3645 24.9012 14.2724 12.1838 11.4707 11.4529 11.6868 11.415 19.475 11.2026 10.9711 10.8468 9.87998
threshold=0.81635990738868724 0.012049691751599314 2.0047768354415898 0.30400764942169195 1.0171056389808657 20.500000000000004 0.49684514105319982 5.7761018276214608 1.0000000180025095e-35 1.336820185184479 2.8029010295867924 0.56793656945228588 0.1627137288451195 6.5419692993164071
decision_type=8 10 10 8 8 8 10 10 8 10 10 8 8 10
left_child=5 2 8 4 -3 -1 -4 -8 9 10 -2 -10 -13 -11
right_child=1 3 6 -5 -6 -7 7 -9 11 13 -12 12 -14 -15
leaf_value=0.012458133932381051 -0.0075597468541420913 0.009561005081410362 0.0084412659771799844 0.0046561016191157441 0.029188798727977451 -0.044508018378846964 -0.021256641036433481 0.02679503059257797 -0.034040468999072149 0.016400657228079939 -0.043945582543964391 -0.018806444370330036 -0.0010924211927165737 0.61505971787606939
leaf_weight=9.7865036635680536 30.708301079640023 130.2794509108885 448.60454718499204 203.73461524605909 201.12230004633329 91.064484169853131 65.473763636840886 15.685180725757162 33.221750962602073 23.256435319671258 67.99095420990102 106.76084914200396 453.54286393505618 0.069123515058889917
leaf_count=36618 42854 10658 7847 19490 7133 1657459 1901 146 147077 17803 126729 41512 132776 25
internal_value=0.000275674 0.00249926 -0.00290282 0.0150704 0.0214728 -0.0389801 0.0053143 -0.0119699 -0.00898644 -0.0229143 -0.0326249 -0.00612297 -0.00446767 0.0181747
internal_weight=1881.3 1780.45 1245.31 535.136 331.402 100.851 529.763 81.1589 715.55 122.025 98.6993 593.525 560.304 23.3256
internal_count=2250028 555951 518670 37281 17791 1694077 9894 2047 508776 187411 169583 321365 174288 17828
is_linear=0
shrinkage=0.05


Tree=96
num_leaves=15
num_cat=0
split_feature=24 9 24 28 9 1 3 22 3 16 12 22 1 16
split_gain=64.9632 33.1285 19.2248 14.987 11.2686 11.2345 10.9447 10.6264 10.2806 10.4023 9.59915 9.41602 8.91767 8.6499
threshold=0.89301323890686046 0.29814319312572485 1.7424008250236513 3.5000000000000004 0.33668793737888342 3.5000000000000004 0.027712970972061161 0.75472605228424083 0.11165902018547059 4.1971738338470468 0.07619738951325418 0.57131594419479381 4.5000000000000009 7.5847010612487802
decision_type=8 10 10 8 10 8 8 8 10 8 8 10 8 10
left_child=12 2 5 4 -3 6 -2 -6 11 -10 13 -4 -1 -7
right_child=1 3 8 -5 7 10 -8 -9 9 -11 -12 -13 -14 -15
leaf_value=0.019311243910715887 0.011815692065755281 0.039919002185836633 -0.054936947151894705 0.02930481718242774 -0.0046100199724799732 -0.031534940620411227 -0.062244924272243166 0.013619164176853701 -0.00154390634181438 -0.038084897633051895 -0.010030111918247013 0.005146958585887703 -0.04223500399054278 0.56149099405350045
leaf_weight=6.262763828545757 75.453700152473175 26.348280058430191 6.5801865273133435 113.98588950501835 138.24243594433028 65.723549348908819 5.3416707438809672 189.57460508539589 59.927210455676686 28.853862133197254 323.81065022763369 720.70279727779962 97.720192559558882 0.061547503650216551
leaf_count=4282 1720 5427 957 3448 19290 80923 1548 13271 9907 4387 317467 10957 1777057 154
internal_value=-0.000129086 0.00214655 -0.00199799 0.0135355 0.0084603 -0.0100487 0.00691928 0.00593181 0.00264258 -0.0134197 -0.0135676 0.00460334 -0.0385282 -0.0309801
internal_weight=1858.59 1754.61 1286.46 468.151 354.165 470.391 80.7954 327.817 816.064 88.7811 389.596 727.283 103.983 65.7851
internal_count=2250795 469456 428020 41436 37988 401812 3268 32561 26208 14294 398544 11914 1781339 81077
is_linear=0
shrinkage=0.05


Tree=97
num_leaves=15
num_cat=0
split_feature=22 9 27 22 22 3 3 18 18 8 8 4 16 17
split_gain=59.2954 33.445 16.9429 15.6361 14.6044 11.3356 10.2908 9.64872 8.9078 8.73496 9.44142 7.15209 5.78907 5.303
threshold=0.56941539049148571 0.29814319312572485 1.4612500667572024 0.75472605228424083 0.71941202878952037 0.097158730030059828 0.047123700380325324 0.2603661864995957 0.051621668040752418 5.5000000000000009 68.500000000000014 0.059270083904266364 2.0126758217811589 5.4049246311187753
decision_type=8 10 10 10 10 10 8 8 8 10 10 8 8 10
left_child=5 4 3 9 7 -1 11 -2 -8 -3 -11 13 -4 -6
right_child=1 2 12 -5 6 -7 8 -9 -10 10 -12 -13 -14 -15
leaf_value=-0.014560230089136964 -0.0033200344469187051 0.0065414530577950882 0.069155503923380934 0.018085573909370416 0.00066984917565770597 -0.043213914387640065 0.026354110489854688 -0.014560230089136964 -0.0026310829570233008 -0.014560230089136964 0.0065414530577950882 0.05773243965173433 0.025471172109591562 0.012775280144865425
leaf_weight=56.50289863070816 368.61022195192618 46.637778860233084 8.0095616917897114 155.21786249177967 157.71932021007524 83.34538732678584 26.709394626843277 164.48739263846392 328.11501937597495 61.57925044561307 30.782164257383556 7.2578955809585741 142.73373419435757 212.17419588198936
leaf_count=197300 168898 2010 113 1543 1274 1685344 496 153327 9669 12725 10322 156 5582 1650
internal_value=-0.000188849 0.00237112 0.0141616 0.00717782 -0.0017759 -0.0314916 0.00280878 -0.00807095 -0.00263108 -0.00500267 -0.0143629 0.00857812 0.0277923 0.00761363
internal_weight=1849.88 1710.03 444.96 294.217 1265.07 139.848 731.976 533.098 354.824 138.999 92.3614 377.151 150.743 369.894
internal_count=2250409 367765 32295 26600 335470 1882644 13245 322225 10165 25057 23047 3080 5695 2924
is_linear=0
shrinkage=0.05


Tree=98
num_leaves=15
num_cat=0
split_feature=24 27 24 14 1 15 1 15 18 10 12 2 18 8
split_gain=53.1267 31.8703 20.3353 18.224 24.2646 12.7951 12.7067 12.1239 12.022 11.9509 11.1739 11.5962 10.0672 9.13542
threshold=0.95327702164649974 2.9892170429229741 2.3152083158493046 1.0000000180025095e-35 3.5000000000000004 inf 1.5000000000000002 1.0000000180025095e-35 0.47298756241798406 0.015847115777432922 0.037386443465948112 2.0746576786041264 0.18668776750564578 166.50000000000003
decision_type=8 10 10 10 8 8 8 8 10 10 8 10 10 8
left_child=-1 2 3 4 8 -6 -3 -8 -2 -7 11 -5 -11 -9
right_child=1 6 -4 10 5 9 7 13 -10 12 -12 -13 -14 -15
leaf_value=-0.03461605725823437 0.016734330961190601 0.038331474509868728 0.0082793138368081106 -0.02037668948097817 -0.056551919052615189 -0.027230109661810161 0.041399476430332205 0.017459820674953577 -0.026588467617287056 0.02358701369204802 0.0024368884506230232 0.033169125841093126 -0.027838341931203367 -0.0061413465901339025
leaf_weight=102.76644307543802 68.019572445713493 61.89316710136336 456.81991258090602 98.587159554631853 27.521868823605018 128.73175382635986 30.381340528298097 92.958701761637258 20.944247164539775 24.937993315804306 610.51151528354944 11.266743894662794 15.390080218091041 73.357917308838751
leaf_count=1838989 2050 1277 6586 36165 25324 172850 2871 6066 836 3739 129116 160 7233 16099
internal_value=0.000306722 0.00239168 -0.000468916 -0.0044418 -0.0151311 -0.0249363 0.0185728 0.0123555 0.00653509 -0.0197895 -0.000204651 -0.014885 0.00396197 0.00704996
internal_weight=1824.09 1721.32 1462.73 1005.91 285.546 196.582 258.591 196.698 88.9638 169.06 720.365 109.854 40.3281 166.317
internal_count=2249361 410372 384059 377473 212032 209146 26313 25036 2886 183822 165441 36325 10972 22165
is_linear=0
shrinkage=0.05


Tree=99
num_leaves=15
num_cat=0
split_feature=22 27 22 15 1 25 27 2 24 17 27 12 1 22
split_gain=57.8905 32.4588 28.6542 17.0931 14.5576 10.4775 11.6245 9.9783 9.17787 8.24088 8.75375 7.89586 6.89352 6.86955
threshold=0.48296612501144415 2.3535244464874272 0.75472605228424083 1.0000000180025095e-35 1.5000000000000002 1.5000000000000002 8.3861227035522479 0.77621251344680797 2.0047768354415898 4.4716224670410165 3.2228242158889775 0.13397436589002612 118.50000000000001 0.68443962931633007
decision_type=8 10 10 8 8 10 8 8 10 8 10 8 8 8
left_child=-1 2 3 -2 -3 6 9 -5 -4 -6 -11 12 -10 -9
right_child=1 4 8 7 5 -7 -8 13 11 10 -12 -13 -14 -15
leaf_value=-0.044528012760204794 -0.021436365629245776 0.037854965292871148 -0.00015494763183991622 -0.016840933140487086 0.050556247726179851 0.003150012112942436 0.077644817487141513 -0.0092581773100604576 0.027913147388050098 0.033557072798436387 -0.011036743652898728 0.0072362067600378003 -0.00015494763183991622 -0.00015494763183991622
leaf_weight=70.612115208071032 80.384637784306733 65.843848235614132 142.72531289479411 140.18930728479131 15.119428572691502 142.17630488500231 9.6825144488520873 235.7118841841268 89.460955550268409 19.123415921753121 25.922222939995891 369.49294431059934 7.701567887706914 393.85667202885088
leaf_count=1433977 107107 1312 2825 449752 1201 40430 147 174591 678 4525 5337 3119 94 25820
internal_value=-0.000148421 0.00165528 -0.00132667 -0.00725807 0.0173182 0.0109406 0.0267985 -0.0047771 0.00694818 0.0186156 0.00789486 0.0105714 0.0232545 -0.00209079
internal_weight=1808 1737.39 1459.52 850.143 277.868 212.024 69.8476 769.758 609.381 60.1651 45.0456 466.655 97.1625 629.569
internal_count=2250915 816938 763986 757270 52952 51640 11210 650163 6716 11063 9862 3891 772 200411
is_linear=0
shrinkage=0.05


Tree=100
num_leaves=15
num_cat=0
split_feature=22 8 24 27 14 16 26 16 22 16 2 13 18 13
split_gain=47.7603 37.5268 23.3091 14.6446 12.222 16.2689 11.1044 9.90501 9.84225 9.05904 8.11822 8.33918 8.62933 9.09756
threshold=0.449222281575203 8.5000000000000018 2.0047768354415898 2.3880039453506474 1.0000000180025095e-35 2.5249279737472539 0.19523809850215915 3.2769666910171513 0.69894883036613475 7.1352293491363534 2.0746576786041264 0.1649659872055054 0.19804161787033084 0.057983193546533592
decision_type=8 8 10 10 10 8 8 8 10 10 10 10 8 8
left_child=-1 6 3 4 5 -3 -2 -5 -4 -9 11 12 13 -6
right_child=1 2 8 7 10 -7 -8 9 -10 -11 -12 -13 -14 -15
leaf_value=-0.04539323156729335 0.0083278821028977199 0.013461343857235089 -0.010366201358903477 0.037493766994295699 -0.022162927972407546 -0.022162927972407546 0.031561012875073527 -0.0014588683483580398 0.0071732259418686248 0.62174154626491673 0.017742658300464599 0.014540884746856579 -0.017583086003878517 -0.00068812980417766543
leaf_weight=57.142528109904788 94.182676684436387 32.37891426943952 91.765296833087632 27.707425269354871 27.612103107128178 153.66253085175458 113.30082651921202 44.149046252459357 623.00727643232131 0.058390307464377567 34.240679642743999 39.941775173841961 187.68150638746249 259.17547276611447
leaf_count=1250444 6848 54770 7396 11074 26821 393340 4478 47832 6618 184 833 26854 264207 148734
internal_value=-0.000419112 0.00106738 -0.00165303 -0.00747897 -0.00958679 -0.0206615 0.0210148 0.0140548 0.00492145 -0.000635729 -0.00583149 -0.00740065 -0.00924773 -0.00379285
internal_weight=1786.01 1728.86 1521.38 806.608 734.693 186.041 207.484 71.9149 714.773 44.2074 548.652 514.411 474.469 286.788
internal_count=2250433 999989 988663 974649 915559 448110 11326 59090 14014 48016 467449 466616 439762 175555
is_linear=0
shrinkage=0.05


Tree=101
num_leaves=15
num_cat=0
split_feature=3 24 27 8 14 1 16 16 24 16 3 24 9 25
split_gain=47.8171 31.7407 20.3677 14.9368 16.6343 20.0143 15.6048 9.958 9.69365 10.2897 9.06997 8.61074 8.54435 9.89077
threshold=0.1584788262844086 2.3152083158493046 2.3535244464874272 3.5000000000000004 1.0000000180025095e-35 3.5000000000000004 2.7403194904327397 8.8703341484069842 1.8478996753692629 3.4175922870635991 0.1555951535701752 1.3160610795021059 0.33298392593860632 1.5000000000000002
decision_type=10 10 10 8 10 10 8 10 10 10 8 10 10 10
left_child=1 2 3 -1 5 10 -7 11 -6 -10 -5 -2 13 -4
right_child=7 -3 12 4 8 6 -8 -9 9 -11 -12 -13 -14 -15
leaf_value=0.029873199727812057 -0.042332216497729031 0.012114226900511692 0.033649017161086231 0.0055805819464760376 -0.0070022097993107067 -0.0045661668797738371 -0.039550524075664811 0.57717224619069607 0.019908893122566974 -0.0011672666499455723 -0.045753588486422532 -0.013677213871607056 0.032968237180254642 -0.0038403027213123617
leaf_weight=29.771104011855527 69.832221007965927 571.10122842134479 24.344483043397759 86.840456797679167 406.85266849065692 46.138969432241083 103.10567304766653 0.067220235645435333 82.603633882412396 193.72526779183136 9.5510052389839739 41.975414467156043 47.019020568432097 63.444854589823308
leaf_count=2616 1457418 7685 9892 47678 325770 33532 234426 226 892 2890 36981 49174 7462 33520
internal_value=0.000433815 0.00256058 -0.00242947 -0.00498861 -0.00610603 -0.0172651 -0.0287351 -0.0312086 -0.00209381 0.00513308 0.000494105 -0.0315744 0.015768 0.0065557
internal_weight=1776.37 1664.5 1093.4 958.589 928.818 245.636 149.245 111.875 683.182 276.329 96.3915 111.808 134.808 87.7893
internal_count=2250162 743344 735659 684785 682169 352617 267958 1506818 329552 3782 84659 1506592 50874 43412
is_linear=0
shrinkage=0.05


Tree=102
num_leaves=15
num_cat=0
split_feature=28 24 24 27 0 27 7 14 1 24 18 16 7 1
split_gain=47.5884 29.2861 16.9293 13.7712 16.3691 9.05107 7.57862 9.36404 10.5459 9.59197 8.55137 8.43837 8.26644 7.31754
threshold=1.5000000000000002 2.3152083158493046 -0.08768697082996367 2.0270251035690312 0.59694635868072521 7.4240570068359384 106.3596878051758 1.0000000180025095e-35 3.5000000000000004 1.8478996753692629 0.28128996491432195 3.4175922870635991 37.015281677246101 12.500000000000002
decision_type=8 8 10 10 8 10 10 10 8 10 10 10 10 8
left_child=2 3 -1 4 -2 -3 7 8 10 12 -6 -11 -9 -4
right_child=1 5 13 -5 6 -7 -8 9 -10 11 -12 -13 -14 -15
leaf_value=-0.048315392273295898 -0.037312301123017498 0.0090699160272714012 0.068830056992348301 0.01316478601645941 0.018490039199815646 0.027911031126977504 0.047107070730730977 -0.0083696137604552089 -0.020382521136688141 0.019803878631616981 -0.019300561313369019 0.0002973322726171632 0.021582662559842244 -0.016073344648913593
leaf_weight=51.826352748526006 37.438441583897998 591.01693984005385 2.5917560546481573 119.45368325790992 36.516512969567884 71.447964268620126 7.3407299576701908 306.2119634881692 117.37676620463799 79.672164228406473 25.36944038333877 182.29967111878614 11.536181289897511 121.87241470779099
leaf_count=912844 278977 26692 5318 69700 1639 1800 765 159609 127416 835 1727 2776 4646 655212
internal_value=0.000340468 0.00308033 -0.0243037 -0.0026757 -0.00502989 0.011102 -0.00345274 -0.00394175 -0.0139291 -0.000853431 0.00299821 0.00622976 -0.00669326 -0.0143054
internal_weight=1761.97 1585.68 176.291 923.216 803.762 662.465 766.323 758.983 179.263 579.72 61.886 261.972 317.748 124.464
internal_count=2249956 676582 1573374 648090 578390 28492 299413 298648 130782 167866 3366 3611 164255 660530
is_linear=0
shrinkage=0.05


Tree=103
num_leaves=15
num_cat=0
split_feature=22 10 22 7 18 18 3 18 8 22 16 3 27 12
split_gain=43.5422 36.4604 19.9979 12.3382 12.2093 11.803 11.4504 6.60205 7.657 5.91859 5.80995 5.58513 5.46215 4.85964
threshold=0.48296612501144415 0.010752825997769834 0.71941202878952037 47.640907287597663 0.29746453464031225 0.22501371800899508 0.057560086250305183 0.049730988219380386 1.5000000000000002 0.75472605228424083 2.0126758217811589 0.047123700380325324 3.4248991012573247 0.15450928360223773
decision_type=8 10 10 10 10 10 8 8 10 10 8 8 10 8
left_child=11 2 5 4 -3 13 10 -5 -9 12 -4 -1 -6 -2
right_child=1 3 6 7 9 -7 -8 8 -10 -11 -12 -13 -14 -15
leaf_value=-0.019458894299773627 -0.019458894299773627 0.015570167117906731 0.055329322508325673 0.060165460846413367 -0.019458894299773627 -0.019458894299773627 -0.0035638982814169108 0.040190015564237846 0.01721933836456855 0.0053606023765552574 0.0078846289856394618 -0.047225204439321294 -0.0053414815697238787 -0.0035638982814169108
leaf_weight=6.90735591698808 47.850718049945954 222.59483512904887 6.5675133517943314 12.84383947965034 43.555704981446752 175.71818572665927 272.22909587733011 42.957114026214185 82.265339987952871 77.246499355765991 368.89436055362421 54.716268689423714 11.947080065568796 299.3919672062442
leaf_count=7218 70955 18488 49 722 20493 382749 9277 1348 7669 803 3446 1426193 2067 298782
internal_value=0.000412917 0.0019413 -0.00286362 0.0133413 0.00841287 -0.0101364 0.00300856 0.0260258 0.0225242 -0.00358853 0.00871452 -0.0408591 -0.0160436 -0.00476652
internal_weight=1725.69 1664.06 1170.65 493.41 355.344 522.961 647.691 138.066 125.222 132.749 375.462 61.6236 55.5028 347.243
internal_count=2250259 816848 765258 51590 41851 752486 12772 9739 9017 23363 3495 1433411 22560 369737
is_linear=0
shrinkage=0.05


Tree=104
num_leaves=15
num_cat=0
split_feature=22 3 22 16 4 8 22 10 26 3 4 23 4 23
split_gain=42.8827 26.4545 21.8271 15.7565 13.818 11.1643 8.2831 7.27434 6.24564 10.1569 12.2 10.2898 5.4329 6.81019
threshold=0.68443962931633007 0.027712970972061161 0.48296612501144415 3.7726949453353886 0.057797789573669441 1.5000000000000002 0.75472605228424083 0.018912463448941711 0.13961039483547213 1.0000000180025095e-35 0.019343286752700809 2.5000000000000004 0.0086143612861633318 7.5000000000000009
decision_type=8 8 8 8 10 8 10 8 10 10 10 10 8 10
left_child=2 4 -1 -4 8 -3 -7 -8 9 10 -2 -11 13 -5
right_child=1 5 3 12 -6 6 7 -9 -10 11 -12 -13 -14 -15
leaf_value=-0.041087940341637 -0.0035401443958798088 0.043373267941771369 -0.0035401443958798088 -0.024688034044914275 0.050089313872800245 -0.0035401443958798088 0.03560982705971321 0.0028852029473881973 0.023606819623774894 0.02273700161969671 0.018903593650704861 -0.00071461593271938799 -0.024688034044914275 -0.0035401443958798088
leaf_weight=58.131076151578327 103.15075199113971 14.168683276708178 241.71086280696306 17.790557663445725 25.288755229339586 363.7390008046068 17.821795594485593 360.30101343441311 96.720518009293301 168.09945967029489 64.932466113346891 64.805524537165184 91.484254292970604 46.948473791396282
leaf_count=1433315 679 246 308838 910 1335 97173 176 4778 891 901 695 1085 298611 100170
internal_value=0.000694789 0.00538858 -0.0124689 -0.00828813 0.0140343 -0.00059223 -0.00143192 0.00442759 0.0122023 0.00945145 8.4216e-05 0.0162116 -0.0211347 -0.00918746
internal_weight=1735.09 1279.03 456.065 397.934 522.997 756.03 741.862 378.123 497.709 400.988 168.083 232.905 156.223 64.739
internal_count=2249803 107959 2141844 708529 5586 102373 102127 4954 4251 3360 1374 1986 399691 101080
is_linear=0
shrinkage=0.05


Tree=105
num_leaves=15
num_cat=0
split_feature=22 28 0 16 25 18 22 16 22 1 18 17 10 14
split_gain=41.8961 26.4667 17.9983 17.4065 12.1314 13.4625 9.25185 8.26564 7.71706 6.97227 7.88958 6.5414 6.31875 5.94606
threshold=0.449222281575203 2.5000000000000004 0.68959107995033275 3.5114340782165532 1.0000000180025095e-35 0.30400764942169195 0.75472605228424083 2.0126758217811589 0.68443962931633007 2.5000000000000004 0.26908361911773687 4.4716224670410165 0.021661921404302124 1.0000000180025095e-35
decision_type=8 10 10 8 10 10 8 8 10 10 10 10 8 10
left_child=-1 2 3 -2 6 7 11 -6 -5 -9 -11 -3 13 -7
right_child=1 4 -4 8 5 12 -8 9 -10 10 -12 -13 -14 -15
leaf_value=-0.048431599190727544 -0.0031920192139054827 -0.023763774354338491 0.0030969467541015279 -0.023928068681440855 0.069700211367971651 0.050433389589793411 0.011291010526756559 0.035543211221923429 -0.011200394482499581 0.008721974682054481 0.069556350124305 0.00081842116265230845 -0.01260389964980459 -0.023928068681440855
leaf_weight=44.789400426646466 276.39778119640266 37.624804329572271 529.57675751229726 128.79719401148111 10.487389280513524 8.2840442145679809 178.93604977791438 66.331303566152656 209.17290344182584 70.077405770846553 5.7683116832872647 96.402578672131767 38.341380240100079 1.3998487106828186
leaf_count=1249922 309969 10033 38661 583333 276 2672 3165 1714 14900 5621 464 25732 2949 1214
internal_value=-0.000713902 0.000575462 -0.00365817 -0.00948099 0.0100041 0.0195997 0.0038508 0.0268631 -0.0173573 0.0237033 0.0133486 -0.00608241 -0.00348921 0.0325985
internal_weight=1702.39 1657.6 1143.94 614.368 513.653 200.69 312.963 152.664 337.97 142.177 75.8457 134.027 48.0253 9.68389
internal_count=2250625 1000703 946863 908202 53840 14910 38930 8075 598233 7799 6085 35765 6835 3886
is_linear=0
shrinkage=0.05


Tree=106
num_leaves=15
num_cat=0
split_feature=22 27 22 16 2 22 14 12 16 11 17 2 12 15
split_gain=35.1573 27.6201 20.9773 13.3112 9.75562 9.67517 8.79449 7.59269 7.07541 6.55971 11.4774 6.47268 5.95339 5.59056
threshold=0.45233139395713812 2.3535244464874272 0.75472605228424083 3.6242519617080693 1.3954468965530398 0.67306184768676769 1.0000000180025095e-35 0.043167702853679664 6.4457147121429452 0.52500000596046459 6.0695817470550546 1.299439609050751 0.19543650746345523 1.0000000180025095e-35
decision_type=8 10 10 10 10 8 10 8 10 8 8 8 10 8
left_child=-1 2 3 13 -5 -6 8 -8 -3 10 -9 -4 -13 -2
right_child=1 6 11 4 5 -7 7 9 -10 -11 -12 12 -14 -15
leaf_value=-0.04419981911979165 -0.021737492029599032 0.020893669258757144 -0.0010301584849786453 -0.021480501935408115 -0.021737492029599032 -0.0010301584849786453 -0.021737492029599032 -0.021737492029599032 0.2562852753657841 0.020226754372100558 0.053901357062443617 0.0075908545395958413 0.051997766311079774 -0.0010301584849786453
leaf_weight=44.733106701145175 32.135621267666465 189.03122875542158 138.73500953800612 205.49461728368624 34.984167356242097 138.16754154540104 8.6775295053919308 17.982114934267205 0.31977439592492274 39.638777083047444 5.3115998692328494 429.07992120293602 7.6826375632081172 399.03020565345628
leaf_count=1266948 40340 31661 2565 504212 20311 4867 8096 13394 169 8574 1881 4083 85 343018
internal_value=-0.000463583 0.000724835 -0.00208607 -0.00727289 -0.0141134 -0.00537031 0.0156465 0.000720808 0.0212912 0.00785207 -0.0132059 0.00521257 0.00837197 -0.00126557
internal_weight=1691 1646.27 1385.31 809.812 378.646 173.152 260.961 71.61 189.351 62.9325 23.2937 575.498 436.763 431.166
internal_count=2250204 983256 919481 912748 529390 25178 63775 31945 31830 23849 15275 6733 4168 383358
is_linear=0
shrinkage=0.05


Tree=107
num_leaves=15
num_cat=0
split_feature=3 9 22 16 22 18 26 16 4 23 26 3 22 15
split_gain=38.1421 22.4798 15.9407 13.8108 14.8271 13.7085 9.42691 8.04839 7.52381 7.3749 7.94957 7.18066 7.37403 6.9725
threshold=0.1276703476905823 0.25287660956382757 0.71941202878952037 8.1175711154937762 0.59828400611877453 0.30400764942169195 0.11437908560037614 4.1026091575622567 0.00011849403381347658 2.5000000000000004 0.26969698071479803 0.057560086250305183 0.64979484677314769 1.0000000180025095e-35
decision_type=10 10 10 10 10 8 10 8 8 10 8 10 10 10
left_child=1 2 8 4 -2 6 11 -6 -1 -7 -11 -3 -13 -4
right_child=3 5 13 -5 7 9 -8 -9 -10 10 -12 12 -14 -15
leaf_value=-0.082447492962989921 -0.040763511480942954 0.01665460952955005 -0.0011662366053098317 0.3976964834948804 0.00026575692604992589 0.0073152319662971744 0.03134805616009969 -0.025766130139220592 -0.0077411138030353604 -0.038758050353666765 0.0043139480182639916 -0.061470339471603901 0.0020890627539019054 0.0094611603939193985
leaf_weight=3.3957543927465386 67.894757936804808 135.31310010527477 314.21998188980251 0.19571300938855429 64.473441260674463 123.74476063783004 101.99777659252732 40.318841134049308 448.76962681999817 20.964044643922989 21.906953177216337 5.8111467383516837 21.252470698307661 303.32695248758318
leaf_count=3873 1660074 8727 5000 662 55156 1943 3986 49565 414871 18431 11276 11519 731 4099
internal_value=0.000153294 0.00271528 -0.00116908 -0.0220859 -0.0225617 0.0123562 0.0194353 -0.0107687 -0.00830216 0.00112355 -0.0167484 0.0119523 -0.0115585 0.00405373
internal_weight=1673.59 1500.7 1069.71 172.883 172.687 430.99 264.374 104.792 452.165 166.616 42.871 162.377 27.0636 617.547
internal_count=2249913 484456 427843 1765457 1764795 56613 24963 104721 418744 31650 29707 20977 12250 9099
is_linear=0
shrinkage=0.05


Tree=108
num_leaves=15
num_cat=0
split_feature=24 27 15 8 2 0 14 16 18 2 3 17 3 3
split_gain=34.8682 32.0025 16.1489 12.7258 14.0045 13.6438 8.92355 8.29587 7.99253 11.6583 7.90955 7.64671 8.78768 8.95106
threshold=0.64464259147644054 2.9892170429229741 1.0000000180025095e-35 4.5000000000000009 1.0882717370986941 0.59694635868072521 1.0000000180025095e-35 3.7726949453353886 0.068581741303205504 1.3954468965530398 1.0000000180025095e-35 5.5314092636108407 1.0000000180025095e-35 0.027712970972061161
decision_type=8 10 8 8 8 8 10 8 10 10 8 10 10 10
left_child=-1 2 6 4 -4 -5 7 -2 -7 -10 -3 12 -11 -14
right_child=1 10 3 5 -6 8 -8 -9 9 11 -12 -13 13 -15
leaf_value=-0.040486291167655425 -0.017580205563507957 0.035285932825319916 0.080377939309899879 -0.018833488086162756 0.011881683264314024 0.01043122213808035 -0.0083643217722197214 -0.060506233726769713 -0.0083083851253730866 -0.0092751193019581634 0.013375344212220728 0.01065428359161094 0.013970002071789698 -0.0055523949962908211
leaf_weight=51.633237755374125 25.263287129267383 53.495698072809205 8.2119992421188481 102.21114202358831 81.74528635568231 164.36042693445961 71.149983414166854 20.299120634083238 375.08386317387908 91.46641149955758 179.04768816800481 209.00145328426879 114.63133521382952 120.36831866949638
leaf_count=1462962 25212 1266 1242 434154 2061 29079 40579 24074 159558 1071 40405 8575 2129 18104
internal_value=-3.87511e-05 0.00125333 -0.00163078 8.53227e-06 0.0181346 -0.00137668 -0.0194279 -0.0367048 0.000283249 -0.00154853 0.0184158 0.00318662 -0.00159414 0.00397051
internal_weight=1667.97 1616.34 1383.79 1267.08 89.9573 1177.12 116.712 45.5624 1074.91 910.551 232.543 535.468 326.466 235
internal_count=2250471 787509 745838 655973 3303 652670 89865 49286 218516 189437 41671 29879 21304 20233
is_linear=0
shrinkage=0.05


Tree=109
num_leaves=15
num_cat=0
split_feature=24 7 27 22 15 10 16 10 1 18 16 1 18 4
split_gain=31.0576 25.723 16.8449 15.7188 14.3515 7.65137 7.16629 55.2319 7.43555 10.4504 19.1558 7.03875 6.86628 6.5447
threshold=0.64464259147644054 46.771591186523445 2.3535244464874272 0.75472605228424083 1.0000000180025095e-35 0.011362744960933925 6.5419692993164071 0.003960411762818695 12.500000000000002 1.8104355931282046 4.8162329196929941 34.500000000000007 0.12725243717432025 0.0040641427040100106
decision_type=8 10 10 10 8 8 10 8 8 10 10 8 8 10
left_child=6 2 3 4 11 -6 8 -8 9 -1 -11 13 -5 -2
right_child=1 -3 -4 12 5 -7 7 -9 -10 10 -12 -13 -14 -15
leaf_value=0.0017376511692159761 -0.099840273636858032 0.022755934542889582 0.011130281383611841 0.011130281383611841 -0.06122131515391166 -0.0046251391672801198 4.0129391604458782 0.047325492702604992 -0.047999286047478967 0.92043721283822932 -0.0612039266994788 -0.014823841319568834 0.00048111077738902249 -0.03694441610447341
leaf_weight=4.7075683281659613 4.9497052661154184 129.26758188751182 201.01204461892166 138.80391980775312 6.0251448736164539 674.49285763568878 0.0088345779636244126 1.4289079608490738 44.449232346463646 0.088490132351580431 0.11336510406908928 37.502261326305415 402.49658721450032 25.160715926266903
leaf_count=14477 985 12488 49776 1393 32046 600172 73 8671 1439187 63 238 79771 4833 5823
internal_value=0.000152958 0.00136029 -0.000495372 -0.00261327 -0.00730908 -0.00512623 -0.0383445 0.0716932 -0.0415498 0.0168434 0.369132 -0.0292794 0.00387681 -0.0472836
internal_weight=1670.51 1619.71 1490.44 1289.43 748.131 680.518 50.7964 1.43774 49.3587 4.90942 0.201855 67.6127 541.301 30.1104
internal_count=2249996 787287 774799 725023 718797 632218 1462709 8744 1453965 14778 301 86579 6226 6808
is_linear=0
shrinkage=0.05


Tree=110
num_leaves=15
num_cat=0
split_feature=28 3 13 24 14 26 2 16 1 18 22 26 22 18
split_gain=31.3527 22.5402 14.2581 13.0775 12.8518 14.8967 14.8787 12.9008 16.5091 14.0378 10.6517 10.6497 9.50638 9.20868
threshold=2.5000000000000004 0.1584788262844086 0.97222220897674572 2.3152083158493046 1.0000000180025095e-35 0.24404761940240863 -0.68558081984519947 2.8029010295867924 3.5000000000000004 0.15608907490968707 0.62046942114830028 0.085144929587841048 0.69894883036613475 0.68781778216362011
decision_type=10 10 10 10 8 10 8 10 8 10 8 8 10 8
left_child=1 3 -3 4 5 6 10 -8 9 -9 -1 13 -11 -2
right_child=11 2 -4 -5 -6 -7 7 8 -10 12 -12 -13 -14 -15
leaf_value=-0.090308747736661144 0.0055688411468534675 -0.030521624566226237 0.40254674499813198 0.0071615075223425018 -0.0032761552198143046 0.021318490024575615 -0.0026196079078257962 0.048365540535707435 -0.053801685071654053 -0.065232160285820739 1.3189586970546872 0.015789107040493404 0.0060183821638357211 -0.024031857480848774
leaf_weight=0.021658739552549378 163.15105271401609 86.639154275652345 0.19047634976732197 241.22053111086643 687.72039501203051 18.849847446293325 37.507109526074885 8.2413923249851013 54.783955082968589 9.4521529692219719 0.035198867321014404 303.54220939848591 9.2752560015360341 31.318022862442831
leaf_count=189 27247 1479376 2600 2923 448842 14695 41412 329 192059 1261 13 30182 138 8257
internal_value=-0.000548589 -0.00507379 -0.0295716 -0.00308042 -0.00607183 -0.0199872 -0.0265128 -0.0268983 -0.038037 -0.00601298 0.782127 0.00993671 -0.0299434 0.000801835
internal_weight=1651.95 1153.94 86.8296 1067.11 825.887 138.167 119.317 119.26 81.7528 26.9688 0.0568576 498.011 18.7274 194.469
internal_count=2249523 2183837 1481976 701861 698938 250096 235401 235199 193787 1728 202 65686 1399 35504
is_linear=0
shrinkage=0.05


Tree=111
num_leaves=15
num_cat=0
split_feature=28 22 28 22 0 16 18 7 17 16 16 9 4 0
split_gain=31.1902 27.0702 10.6303 11.9455 8.43254 12.4232 7.39602 5.61219 6.16788 5.5129 6.0998 5.32032 4.80195 5.20888
threshold=2.5000000000000004 0.56571912765502941 3.5000000000000004 0.75472605228424083 0.68959107995033275 4.2413008213043222 0.16003441810607913 29.349168777465824 5.4004201889038095 2.6735538244247441 5.6039605140686044 0.49875752627849584 0.041898548603057868 0.73891928791999828
decision_type=10 8 10 8 10 10 8 8 10 10 10 10 10 10
left_child=1 9 3 6 5 -3 -2 8 -8 -1 -11 12 -6 -14
right_child=2 4 -4 -5 11 -7 7 -9 -10 10 -12 -13 13 -15
leaf_value=-0.017470664316080974 0.0059496890637417629 -0.0024684086261777022 0.026099756868237445 0.014623738592948436 0.00060754668665795276 -0.017470664316080974 -0.01702601193167887 0.0018924829289166424 -0.078184068765001669 -0.046255694041019521 -0.017470664316080974 0.050761716381423107 -0.0020833772392904195 0.036629739521776027
leaf_weight=15.223403795284353 70.708851530834352 440.80025975163846 90.829318310114331 231.04896352739797 482.43246480141602 125.33814986398204 54.410511574130226 44.346023972906323 4.4605450620556431 56.939714039275316 6.5023779598304818 5.6094672375802466 9.7822325020401895 19.520818313546442
leaf_count=240257 14048 212691 3844 4136 21404 122649 26505 13354 3705 1491472 92915 106 2444 578
internal_value=0.000140951 -0.00433843 0.0106405 0.00717319 -0.00228222 -0.00649887 -0.00272436 -0.0115409 -0.0216598 -0.0326591 -0.0399047 0.00233211 0.00180124 0.0214537
internal_weight=1657.95 1162.15 495.804 404.975 1083.48 566.138 173.926 103.217 58.8711 78.6655 63.4421 517.345 511.736 29.3031
internal_count=2250108 2184516 65592 61748 359872 335340 57612 43564 30210 1824644 1584387 24532 24426 3022
is_linear=0
shrinkage=0.05


Tree=112
num_leaves=15
num_cat=0
split_feature=28 22 24 7 15 1 17 16 24 22 16 16 16 17
split_gain=28.1335 21.3848 10.4629 9.46158 7.73637 11.1992 10.3172 7.33407 6.99587 6.55125 8.48768 6.52279 6.51293 6.1115
threshold=2.5000000000000004 0.56571912765502941 2.3152083158493046 48.500291824340827 1.0000000180025095e-35 3.5000000000000004 4.5163240432739267 4.0689902305603036 1.7424008250236513 0.69894883036613475 3.7954261302948002 2.6735538244247441 2.6020033359527592 5.7153801918029794
decision_type=10 8 10 8 10 8 10 8 8 8 8 10 10 10
left_child=1 11 4 7 5 6 -3 9 -6 10 -2 -1 -10 -4
right_child=3 2 13 -5 8 -7 -8 -9 12 -11 -12 -13 -14 -15
leaf_value=-0.016411761249579625 0.00058499200721899905 -0.016411761249579625 0.0013088741411924603 0.01971871283443229 -0.0089299246132134389 -0.014415179131493492 0.013786931659635435 -0.0069770578280367174 0.032289480309383257 0.012298385519599121 -0.069371812611218733 -0.03872369723804512 0.0022476572448324461 0.018740305383322234
leaf_weight=15.234051630580494 58.396679740641673 12.040239287372286 175.7619854662953 160.2925023931399 154.6360154834266 331.50664892703514 75.124247065415148 93.128964644960774 19.548413985130537 169.25434099639097 4.6835398530209309 61.525126421041819 233.98375814868268 70.432965757059719
leaf_count=240305 22335 441 2749 13551 79535 261435 1853 22271 438 2998 4654 1584555 12383 648
internal_value=-0.000313808 -0.00457616 -0.00275239 0.00977526 -0.00544651 -0.0102219 0.00572597 0.00487806 -0.000548217 0.00963006 -0.00460912 -0.0300711 0.00456401 0.00629577
internal_weight=1635.55 1149.79 1073.03 485.756 826.839 418.671 87.1645 325.464 408.168 232.335 63.0802 76.7592 253.532 246.195
internal_count=2250151 2184342 359482 65809 356085 263729 2294 52258 92356 29987 26989 1824860 12821 3397
is_linear=0
shrinkage=0.05


Tree=113
num_leaves=15
num_cat=0
split_feature=24 3 8 27 14 2 26 1 16 2 23 24 4 0
split_gain=28.4181 19.8542 13.5286 11.6389 13.5263 15.2045 15.5015 14.9013 9.69289 11.5004 9.22994 38.4029 8.83049 7.95845
threshold=2.3152083158493046 0.19175282120704654 6.5000000000000009 2.1672358512878422 1.0000000180025095e-35 -1.1629297733306883 0.19523809850215915 2.5000000000000004 2.7403194904327397 0.33496418595314031 2908.5000000000005 -0.56073507666587818 0.0042467415332794198 0.56881511211395275
decision_type=10 10 8 10 10 8 10 8 8 8 10 10 10 8
left_child=1 2 -1 4 5 6 -4 -7 9 10 -9 -12 -11 -6
right_child=-2 -3 3 -5 13 7 -8 8 -10 12 11 -13 -14 -15
leaf_value=0.022248363004309865 0.0095570302073764522 -0.037691157051448619 -0.050609894120054746 0.010797350577288862 -0.042915843458182799 0.0068583670204188894 1.8645667059331812 0.048375190929797418 -0.031389476981175501 -0.058298334763782406 -0.050365881312418842 3.1383370509746791 -0.0034937936114345538 -0.0020673441391716053
leaf_weight=49.558392290544248 521.18126520275018 43.584869591517418 0.020613060575215059 110.49426603098777 12.145066818404983 50.474846637695578 0.021676213727914728 7.1045610048541903 125.9510184097976 9.3342448174546444 0.039087059759822296 0.012449728325009235 34.577362304571579 654.60761211465899
leaf_count=8787 8734 1203003 311 75075 58524 2014 6 17879 437579 11814 753 1 44178 381251
internal_value=-5.73609e-05 -0.00462128 -0.00325422 -0.00451207 -0.00640363 -0.01693 0.931052 -0.0171062 -0.0239394 -0.00556496 0.0532116 0.719928 -0.0151435 -0.00281141
internal_weight=1619.11 1097.93 1054.34 1004.78 894.289 227.536 0.0422893 227.494 177.019 51.0677 7.1561 0.0515368 43.9116 666.753
internal_count=2249909 2241175 1038172 1029385 954310 514535 317 514218 512204 74625 18633 754 55992 439775
is_linear=0
shrinkage=0.05


Tree=114
num_leaves=15
num_cat=0
split_feature=27 22 2 18 14 17 26 18 14 24 8 2 22 24
split_gain=24.4273 21.5021 11.5324 10.1674 9.34986 12.9714 9.01661 8.78871 7.95295 6.73729 6.70583 6.64925 6.40952 5.7769
threshold=2.9892170429229741 0.65650355815887462 1.329852879047394 0.063114859163761153 1.0000000180025095e-35 6.6133832931518564 0.96153846383094799 0.10191553458571435 1.0000000180025095e-35 1.6618920564651491 4.5000000000000009 0.75273722410202037 0.75472605228424083 -0.1444694101810455
decision_type=10 8 8 8 10 10 10 10 8 8 8 10 8 10
left_child=1 7 3 9 -2 11 -7 -1 -9 -3 -5 -6 -4 -10
right_child=4 2 12 10 5 6 -8 8 13 -11 -12 -13 -14 -15
leaf_value=-0.0082020240690098157 0.021337962756556219 -0.0082020240690098157 -0.0026086161403988915 0.052146480612289783 -0.057317585756273472 -0.050155955145215994 1.4379682075254787 -0.039843762520118613 -0.050894445564325388 0.024373669742199136 -0.0082020240690098157 0.0027051415824482354 0.0070914215069227543 -0.012249384635375853
leaf_weight=79.330185831077074 161.10960685549009 11.812412406817655 262.51974481718389 4.9101722851646619 5.0272039987242456 0.016529317249022735 0.02649498770279024 51.339059494720516 10.713514773944381 40.529629820463015 342.78113402335748 56.141608690085718 484.80138995759989 99.326616801452587
leaf_count=401490 85558 2346 10713 482 59265 694 55 591491 417866 7018 96034 12718 6462 557569
internal_value=-0.000369456 -0.00283396 1.64306e-05 -0.0068351 0.0150176 -0.00161744 0.866252 -0.0164205 -0.0235934 0.0141564 -0.00820202 -0.00222787 0.00368398 -0.0160119
internal_weight=1610.39 1388.06 1147.35 400.033 222.321 61.2118 0.0430243 240.709 161.379 52.342 347.691 61.1688 747.321 110.04
internal_count=2249761 2091471 123055 105880 158290 72732 749 1968416 1566926 9364 96516 71983 17175 975435
is_linear=0
shrinkage=0.05


Tree=115
num_leaves=15
num_cat=0
split_feature=7 22 27 15 22 2 16 16 17 26 3 1 1 23
split_gain=26.351 20.8232 13.894 16.1811 12.7027 11.5862 11.1399 9.62897 5.81502 5.73891 5.21079 5.07685 4.99899 5.55118
threshold=48.500291824340827 0.449222281575203 2.3535244464874272 1.0000000180025095e-35 0.68443962931633007 1.329852879047394 3.6242519617080693 4.3502571582794198 5.4617087841033944 0.10818713530898096 1.0000000180025095e-35 11.500000000000002 1.5000000000000002 2.5000000000000004
decision_type=10 8 10 8 8 10 10 8 8 8 10 8 10 10
left_child=1 -1 3 -3 6 -6 11 -4 12 -2 -9 -5 -7 -14
right_child=9 2 7 4 5 8 -8 10 -10 -11 -12 -13 13 -15
leaf_value=-0.042353866505005944 0.010478616036112894 -0.021144656598412696 0.010478616036112894 -0.020220385604957581 -0.0041404759700428327 -0.0041404759700428327 -0.02152279042826688 0.010478616036112894 0.010478616036112894 0.031732648828314371 -0.02152279042826688 -0.0041404759700428327 0.010478616036112894 -0.0041404759700428327
leaf_weight=30.628483363024714 51.919609611952808 107.85598694633956 162.74783143202995 51.307577188531752 330.50267858124266 88.551763577415841 102.3833969715194 7.3829998752094097 251.90937119382579 71.266325521532792 23.470144935402402 117.21696184696293 146.25895795941688 53.39859899592193
leaf_count=1186757 59159 124255 37094 9828 70617 902 398446 893 4189 19061 24128 307528 2269 2682
internal_value=0.000299441 -0.00155765 -0.000691714 -0.00263294 -0.000883882 0.00205831 -0.0103393 0.0104786 0.00660966 0.0225149 -0.01766 -0.00414048 0.00161897 0.00637037
internal_weight=1596.8 1473.61 1442.99 1249.39 1141.53 870.621 270.908 193.601 540.119 123.186 30.8531 168.525 288.209 199.658
internal_count=2247808 2169588 982831 920716 796461 80659 715802 62115 10042 78220 25021 317356 5853 4951
is_linear=0
shrinkage=0.05


Tree=116
num_leaves=15
num_cat=0
split_feature=28 22 18 0 16 27 2 2 22 9 9 16 26 15
split_gain=24.3293 19.4247 10.9547 9.90801 9.18193 8.71614 9.41348 8.05777 7.8452 6.72231 7.8686 6.67742 6.20297 6.12807
threshold=2.5000000000000004 0.56571912765502941 0.30400764942169195 0.68959107995033275 3.6242519617080693 1.023424029350281 0.97123992443084728 1.4776930212974551 0.75472605228424083 0.22654894739389422 0.093674376606941237 2.6735538244247441 0.51470589637756359 1.0000000180025095e-35
decision_type=10 8 8 10 8 8 8 8 8 8 10 10 10 10
left_child=1 11 5 4 -3 6 -2 -8 12 10 -9 -1 -4 -6
right_child=2 3 8 -5 13 -7 7 9 -10 -11 -12 -13 -14 -15
leaf_value=-0.016165523727809279 -0.077708207220893263 -0.0022509839435152592 -0.010228875772831443 0.0026100385193705976 -0.016165523727809279 0.021573775410219705 0.034679453775587829 0.10255362296456048 0.0074948457338280669 0.0031195934047450594 -0.082163865573057215 -0.039727771137130247 -0.074540578027106938 -0.0039142518637789205
leaf_weight=15.208786793291663 3.432486645870199 272.03478196748461 61.88544596871634 505.30884224382498 159.44145795610757 192.37957191423448 20.314831448197424 0.66689820724854953 115.5706303659681 77.920646883812651 4.2546247087993834 53.364851933682587 3.9911918914533535 112.93676571662286
leaf_count=240112 8389 118636 31461 24576 162144 13562 4557 117 2385 3090 615 1583887 1396 54208
internal_value=-7.35528e-05 -0.00411633 0.00933708 -0.00243207 -0.00711201 0.0152191 0.00374964 0.0064601 -0.000354595 -0.000459945 -0.0571335 -0.029899 -0.0141253 -0.0137185
internal_weight=1598.71 1118.3 480.416 1049.72 544.413 298.969 106.589 103.157 181.447 82.8422 4.92152 68.5736 65.8766 272.378
internal_count=2249135 2183563 65572 359564 334988 30330 16768 8379 35242 3822 732 1823999 32857 216352
is_linear=0
shrinkage=0.05


Tree=117
num_leaves=15
num_cat=0
split_feature=8 22 22 1 26 17 18 18 18 16 18 23 1 16
split_gain=25.4902 19.7607 10.5678 8.97172 8.90521 8.65204 8.14048 6.58606 6.37911 6.20361 5.94175 5.92613 7.58157 9.50144
threshold=8.5000000000000018 0.48296612501144415 0.71941202878952037 26.500000000000004 0.19523809850215915 3.7726949453353886 0.21243916451931003 0.14216277003288272 0.49040302634239202 4.2121002674102792 0.051621668040752418 2.5000000000000004 13.500000000000002 4.7317931652069101
decision_type=8 8 8 8 8 8 8 10 8 10 8 8 10 10
left_child=4 -2 6 7 8 -6 -3 -4 -1 -9 -5 12 13 -11
right_child=1 2 3 10 5 -7 -8 9 -10 11 -12 -13 -14 -15
leaf_value=0.013600877110223626 -0.037891149105199744 -0.0020482190590365604 0.013224991778592802 0.027445476806458691 -0.040151657520944566 0.032544585330228408 -0.014696058299987567 -0.0020482190590365604 -0.020920168930167196 0.024149176679155955 -0.0020482190590365604 -0.0020482190590365604 0.04266526248925067 -0.0020482190590365604
leaf_weight=65.375932005675054 36.841055156604398 305.92068976811095 210.61486203067136 21.860900036705061 4.2925915341050986 87.99608899798352 191.88703730448265 217.02250539354281 16.826756917419175 56.313678252807222 233.50841245776246 70.380130313453265 21.216347727822722 48.287656669286662
leaf_count=13210 1407311 313168 3206 5014 668 11223 407410 3835 9677 414 71767 2485 130 407
internal_value=0.000472712 -0.00175249 -0.000785624 0.00251031 0.0185029 0.0291633 -0.00660675 0.00602894 0.00653448 0.00236118 -0.00204822 0.0089061 0.0154124 0.0098847
internal_weight=1588.34 1413.85 1377.01 879.204 174.491 92.2887 497.808 623.835 82.2027 413.22 255.369 196.198 125.818 104.601
internal_count=2249925 2215147 807836 87258 34778 11891 720578 10477 22887 7271 76781 3436 951 821
is_linear=0
shrinkage=0.05


Tree=118
num_leaves=15
num_cat=0
split_feature=22 7 24 28 22 24 16 12 1 1 1 12 4 22
split_gain=22.6243 18.6493 13.8143 12.2374 9.57615 8.55208 7.57273 7.38669 6.36448 7.24409 6.12116 4.77538 4.81011 4.46523
threshold=0.449222281575203 46.771591186523445 2.0047768354415898 1.5000000000000002 0.69894883036613475 1.2523145675659182 3.1984648704528813 0.13270440697669986 3.5000000000000004 13.500000000000002 28.500000000000004 0.031754031777381904 0.0043772459030151376 0.61679121851921093
decision_type=8 10 8 8 8 8 8 10 10 10 10 10 10 10
left_child=-1 2 6 -4 -5 -3 8 13 -2 -10 -11 -7 -13 -8
right_child=1 5 3 4 -6 11 7 -9 9 10 -12 12 -14 -15
leaf_value=-0.04310051657380809 0.0096105071062120503 0.072569259401880984 -0.02105754440578456 -0.010613965796546325 0.0072308067491408615 0.012443891157617884 -0.02105754440578456 0.0096105071062120503 -0.02105754440578456 0.0096105071062120503 -0.0092200487865498251 0.083168264399272551 0.02316026043159955 -0.0088310541543897576
leaf_weight=29.658526892309283 67.503482833666226 7.2282065764638901 33.203825048173258 84.801731224225477 662.69083342598742 98.476886944045873 52.390659030072982 15.144407042644046 22.97463244134849 29.606612715026472 58.114745510798286 4.9234797461613189 10.379795405653566 402.01108253791062
leaf_count=1249346 106782 9636 51520 6886 26063 7192 584262 11808 6010 8533 88204 82 751 92511
internal_value=0.000157414 0.000985428 -0.000611145 0.00386769 0.00520635 0.0198322 -0.00600926 -0.00933975 0.0027664 -0.00519301 0.00183464 0.0164819 0.0424665 -0.0106804
internal_weight=1579.11 1549.45 1428.44 780.696 747.493 121.008 647.746 469.546 178.199 110.696 87.7214 113.78 15.3033 454.402
internal_count=2249586 1000240 982579 84469 32949 17661 898110 688581 209529 102747 96737 8025 833 676773
is_linear=0
shrinkage=0.05


Tree=119
num_leaves=15
num_cat=0
split_feature=3 8 12 24 18 3 18 23 1 4 24 17 8 26
split_gain=22.0278 18.7536 12.2687 10.0442 7.8988 6.93622 8.31803 8.95053 8.50197 7.92965 6.82639 6.28826 6.75528 6.612
threshold=0.19175282120704654 8.5000000000000018 0.19543650746345523 2.3152083158493046 0.27833382785320288 0.079786419868469252 0.14216277003288272 2.5000000000000004 25.500000000000004 0.026846319437026981 1.5478209853172304 3.7726949453353886 4.5000000000000009 0.16228070110082629
decision_type=10 8 10 8 8 10 10 10 10 10 8 8 10 8
left_child=1 4 3 -3 10 6 -5 8 -8 -7 -1 12 -6 -13
right_child=-2 2 -4 5 11 9 7 -9 -10 -11 -12 13 -14 -15
leaf_value=0.064438912816515315 -0.036928926753854723 -0.004910072978513088 0.050746245911097554 0.017021541551526857 -0.08701822037204561 0.0012713551207377436 0.006550076503894141 -0.029041348189007127 -0.034552584608262465 -0.035044991331065194 0.020991151529964971 -0.0099886888105452185 0.037770299091739117 0.021237110025185239
leaf_weight=10.062083317830227 39.947932966505959 872.6141277540944 11.228582923812153 130.74368479161126 3.6016593994204404 46.156741105518449 235.63196831033656 21.820859319479496 13.290767532562311 22.289781635313375 89.051942506300747 29.742897158797518 1.5517717618527056 39.42396884389791
leaf_count=3296 1203449 990338 4744 1984 249 15322 2620 728 1595 15247 2227 4721 190 3399
internal_value=-0.00027662 0.000682111 -0.00130105 -0.00173635 0.016162 0.00415689 0.00666504 0.00166382 0.00435548 -0.0105552 0.025402 0.00383959 -0.0494426 0.0078095
internal_weight=1567.16 1527.21 1353.78 1342.55 173.434 469.934 401.487 270.744 248.923 68.4465 99.114 74.3203 5.15343 69.1669
internal_count=2250109 1046660 1032578 1027834 14082 37496 6927 4943 4215 30569 5523 8559 439 8120
is_linear=0
shrinkage=0.05


Tree=120
num_leaves=15
num_cat=0
split_feature=10 22 18 22 24 24 17 2 1 23 18 23 10 1
split_gain=21.3441 14.8601 10.4905 10.2563 9.99342 9.20257 15.0823 8.79197 9.27505 8.78443 8.6466 7.94705 9.79486 7.44308
threshold=0.010752825997769834 0.48785217106342321 0.15805961191654208 0.75472605228424083 2.0047768354415898 0.088347319513559355 4.2268071174621591 0.70819029211997997 290.50000000000006 2.5000000000000004 0.26619537174701696 40.500000000000007 0.014493090566247703 38.500000000000007
decision_type=10 8 8 8 10 8 8 8 10 8 10 10 10 10
left_child=1 -1 11 -4 5 6 -3 8 -6 -7 13 12 -2 -9
right_child=2 4 3 -5 7 9 -8 10 -10 -11 -12 -13 -14 -15
leaf_value=-0.037139554201747353 -0.08837470739968184 0.73397756831677696 -0.007647997366407768 0.011394503781557919 -0.019775636296642307 -0.019775636296642307 -0.019775636296642307 0.0072181220117485019 0.070210876502959582 -0.0042688910548479364 -0.0041781925993567221 0.066074769387424223 0.019019285500905935 0.029951945348320155
leaf_weight=31.704711936983756 2.1559322234858191 0.11047864409852082 114.77502478032056 184.1783835293395 36.952481272585828 82.364128976994664 0.1387359067387024 216.96325790256833 2.8657442940302635 554.59245973353336 147.05564534008408 8.9074451804691517 139.57535737479657 43.167053792295974
leaf_count=1314415 1761 170 146261 7127 1957 1161 4337 3418 39 725694 3310 33657 5777 990
internal_value=0.000307354 -0.00339839 0.00950522 0.00408365 -0.00241172 -0.00643228 0.297343 0.0033196 -0.0191044 -0.00655113 0.00551241 0.0202647 0.0173857 0.0109907
internal_weight=1565.51 1115.91 449.592 298.953 1084.21 637.206 0.249215 447.004 39.8182 636.957 407.186 150.639 141.731 260.13
internal_count=2250074 2055491 194583 153388 741076 731362 4507 9714 1996 726855 7718 41195 7538 4408
is_linear=0
shrinkage=0.05


Tree=121
num_leaves=15
num_cat=0
split_feature=22 8 22 16 16 22 2 9 22 18 9 18 16 17
split_gain=17.8935 15.3776 11.9345 9.76664 9.03677 9.54583 7.90099 7.41714 5.86716 5.85937 4.35572 4.96472 4.32787 4.4408
threshold=0.449222281575203 7.5000000000000009 0.75472605228424083 1.7005987167358401 3.5694335699081425 0.67306184768676769 1.329852879047394 0.60025635361671459 0.63839575648307811 0.27833382785320288 0.63283172249794017 0.25727148354053503 2.1383330821990971 5.9229171276092538
decision_type=8 8 10 8 10 8 10 10 8 8 10 8 8 8
left_child=-1 3 4 -2 7 -6 -7 -3 -5 10 -10 -12 -4 -14
right_child=1 2 12 8 5 6 -8 -9 9 -11 11 -13 13 -15
leaf_value=-0.041100456371290769 0.078812445911706858 -0.0012603048311825957 0.033975712756187069 -0.017131514027451406 -0.02072519801772002 -0.013509391564375637 -0.0012603048311825957 -0.02072519801772002 0.05575068034028139 0.0034266240408640093 0.015633280890065718 0.062880048964028892 0.00035693192003192185 0.010901448402429176
leaf_weight=27.424005747223134 5.6513317887884105 396.02759523864239 11.410162904459865 15.653890894757751 114.21762829640028 119.26716320547291 151.55851361074747 16.082473550970349 9.5466018845563649 60.557692387235875 63.867612147155796 6.0904243591066907 419.83210622376282 131.00782700953278
leaf_count=1249485 108 382307 132 6321 527754 63315 6239 3772 292 1916 1499 93 5164 1563
internal_value=-0.00107178 -0.00034994 -0.00208221 0.0142432 -0.00601673 -0.0115322 -0.00629359 -0.0012603 0.0118998 0.0151444 0.0240697 0.0197465 0.00349612 0.00286476
internal_weight=1548.2 1520.77 1359.4 161.368 797.153 385.043 270.826 412.11 155.716 140.062 79.5046 69.958 562.25 550.84
internal_count=2249960 1000475 990246 10229 983387 597308 69554 386079 10121 3800 1884 1592 6859 6727
is_linear=0
shrinkage=0.05


Tree=122
num_leaves=15
num_cat=0
split_feature=8 3 27 12 24 17 18 4 15 28 4 13 2 2
split_gain=17.5361 14.5781 12.8594 10.3269 9.3286 8.98659 11.3007 8.67531 12.798 8.40404 7.59154 7.53187 7.14467 7.08993
threshold=7.5000000000000009 0.12981992959976199 9.0439276695251483 0.19543650746345523 2.0047768354415898 5.8036265373229989 0.2516892552375794 0.00011849403381347658 1.0000000180025095e-35 1.5000000000000002 0.029350489377975467 0.97222220897674572 0.4578703790903092 0.70819029211997997
decision_type=8 10 10 10 8 8 10 10 8 8 10 10 8 8
left_child=-1 2 3 4 -2 6 10 8 -8 12 -3 -7 -6 -11
right_child=1 5 -4 -5 9 11 7 -9 -10 13 -12 -13 -14 -15
leaf_value=0.015847923843299069 -0.0058514918413003587 0.014204905276734032 0.037616058559378968 0.049875344502495825 0.0041541192148581438 -0.040204320804471283 1.1686293686619673 -0.032223780317886017 0.12287470934291458 -0.032315114099586401 -0.028018350292461299 0.33175133745129504 -0.069732140960250905 0.0044742980355233072
leaf_weight=160.36426696417328 551.19724408849447 45.452241642816887 22.391327284819681 10.043324354636296 5.9413556802501244 35.497572615994045 0.032643818438373273 39.421614578763865 0.28194571225321752 13.36806660002185 13.901391165935307 0.13662460629211537 7.2820179447844566 643.28411282524849
leaf_count=30627 467480 200199 2665 1883 789 367454 271 838195 1984 1920 316374 278 5901 14014
internal_value=0.000193237 -0.00161514 6.46236e-05 -0.000618355 -0.00103367 -0.0172441 -0.00950017 -0.0301368 0.231389 0.00293061 0.00431567 -0.0387782 -0.0365345 0.00372534
internal_weight=1548.6 1388.23 1253.51 1231.12 1221.07 134.724 99.0898 39.7362 0.31459 669.876 59.3536 35.6342 13.2234 656.652
internal_count=2250034 2219407 494652 491987 490104 1724755 1357023 840450 2255 22624 516573 367732 6690 15934
is_linear=0
shrinkage=0.05


Tree=123
num_leaves=15
num_cat=0
split_feature=22 10 2 22 26 22 18 16 2 16 18 1 24 23
split_gain=18.8918 11.9742 11.1129 9.04396 8.73588 10.452 7.13744 6.96814 6.83919 6.29903 5.42137 5.29901 5.29005 5.18247
threshold=0.449222281575203 0.010752825997769834 0.65916055440902721 0.71941202878952037 0.24404761940240863 0.75472605228424083 0.28456890583038336 2.5249279737472539 1.2484151124954226 2.7403194904327397 0.051621668040752418 168.50000000000003 2.3152083158493046 2.5000000000000004
decision_type=8 10 8 10 10 8 10 8 10 8 8 10 10 10
left_child=-1 3 -3 11 5 6 12 -6 10 -9 -5 -2 -4 -7
right_child=1 2 4 8 7 13 -8 9 -10 -11 -12 -13 -14 -15
leaf_value=-0.041923311331001967 -0.0054390936131185506 0.060992710013250601 0.0015448646819479191 0.026256493341635032 0.053015326299494618 0.014416610965269831 -0.020423443446980195 -0.020423443446980195 0.0065434831982084012 0.019782127001680833 -0.002273020818329829 -0.020423443446980195 -0.017254322980527394 0.0015448646819479191
leaf_weight=25.981655950763638 449.60111234810262 9.6988616238634204 60.49086285879082 18.811501978714659 13.989121177127798 173.76329689553859 39.374210066038131 8.737744712493166 384.07603961337736 69.103651474245567 198.06299035144184 28.556277898944643 38.086648058528226 22.648897366962046
leaf_count=1249878 791273 21514 15155 400 320 3594 18358 213 5093 4518 7311 130726 1191 412
internal_value=0.00035143 0.00107642 0.00807049 -0.00174875 0.00686615 0.00311466 -0.00743358 0.0205257 0.00233428 0.0146869 -0.00227302 -0.00688033 6.85627e-07 0.0105233
internal_weight=1540.98 1515 435.893 1079.11 426.194 334.364 137.952 91.8305 600.951 77.8414 216.874 478.157 98.5775 196.412
internal_count=2249956 1000078 65275 934803 43761 38710 34704 5051 12804 4731 7711 921999 16346 4006
is_linear=0
shrinkage=0.05


Tree=124
num_leaves=15
num_cat=0
split_feature=24 24 9 12 27 18 27 22 23 23 17 16 22 12
split_gain=18.3145 12.5938 12.1079 7.41015 6.28571 5.76946 5.4191 5.41137 7.28898 11.6013 20.1755 7.17453 5.38228 4.98891
threshold=2.3152083158493046 -0.1444694101810455 0.90763464570045482 0.19543650746345523 2.0270251035690312 2.064725518226624 1.9657929539680483 0.60392275452613842 118.50000000000001 120.50000000000001 4.7405652999877939 6.3198683261871347 0.69894883036613475 0.07619738951325418
decision_type=10 8 10 10 10 10 10 8 10 8 8 10 10 10
left_child=1 -1 3 4 6 12 7 -3 -9 10 -10 -11 -2 -12
right_child=5 2 -4 -5 -6 -7 -8 8 9 11 13 -13 -14 -15
leaf_value=-0.046352954619735563 -0.0052726782570622806 -0.018268587266061901 0.031175120987105617 0.037629367036235942 0.0069114875847527853 -0.042654675488053788 -0.073076639259418194 -0.0043228421906469578 2.2062333791666173 0.036643550963155233 -0.011177394731866429 0.49748340199020613 0.010726438987801106 0.60185878744546828
leaf_weight=16.829572236526587 59.85504024670081 73.428699186878134 25.647866377709988 10.77299362047779 115.30324015907695 5.5135907938356459 2.9572719904992928 798.47257846061109 0.015991987094365556 1.7396386178454575 0.05253458565357505 0.088766053895142361 431.72764861730229 0.067136144682081067
leaf_count=902953 2973 1015738 2534 6290 97946 169 6366 200415 69 8529 446 46 5687 49
internal_value=0.000307042 -0.00344997 -0.00274797 -0.00361551 -0.00406337 0.00820791 -0.00550658 -0.00527791 -0.0040862 0.0921175 0.538238 0.0590166 0.00877839 0.315338
internal_weight=1542.47 1045.38 1028.55 1002.9 992.126 497.096 876.823 873.865 800.437 1.96407 0.135663 1.8284 491.583 0.119671
internal_count=2250210 2241381 1338428 1335894 1329604 8829 1231658 1225292 209554 9139 564 8575 8660 495
is_linear=0
shrinkage=0.05


Tree=125
num_leaves=15
num_cat=0
split_feature=27 22 16 2 8 14 12 1 1 25 1 10 16 16
split_gain=18.7269 15.0325 13.5491 8.3635 9.17578 6.77471 8.02276 7.19402 5.90353 5.74287 5.2727 6.07675 5.33923 5.36725
threshold=2.9892170429229741 0.65650355815887462 3.7494349479675297 1.3954468965530398 4.5000000000000009 1.0000000180025095e-35 0.048980407416820533 3.5000000000000004 1.5000000000000002 2.5000000000000004 1.5000000000000002 0.024393817409873012 1.2424533367156985 2.1383330821990971
decision_type=10 8 10 8 8 10 8 10 8 10 10 8 10 10
left_child=1 2 -1 4 -3 10 7 -7 -4 -8 -2 -12 -13 -14
right_child=5 3 8 -5 -6 6 9 -9 -10 -11 11 12 13 -15
leaf_value=-0.0068073748447559966 0.033082806366897054 0.051104356362917082 -0.082429571608331836 0.0038674288311496795 -0.006065991509009945 0.002537046072037872 0.011865167552833554 -0.097188647989754531 -0.027139722916994707 -0.046706843012597407 0.038034784772477556 -0.087674865548877989 0.062127648104967161 0.006012744376324524
leaf_weight=143.04350405076588 48.39521141296575 7.137613684961706 5.1672519908897803 659.2716724632046 420.38675587501803 3.4389578618503833 44.875742549211225 3.8140988746609423 73.520364275629788 4.615347810713387 19.912752313094472 1.4524991690428795 4.5017674034498887 79.751477541009535
leaf_count=884264 59025 549 504 15256 107244 16334 33891 5551 1083902 16929 6763 671 350 18610
internal_value=0.000142466 -0.00208538 -0.01395 0.000335285 -0.00511152 0.0139744 -0.00079431 -0.0499048 -0.0307705 0.00640297 0.0194157 0.0131534 0.00737246 0.00901104
internal_weight=1519.29 1308.53 221.731 1086.8 427.524 210.758 56.7441 7.25306 78.6876 49.4911 154.014 105.618 85.7057 84.2532
internal_count=2249843 2091719 1968670 123049 107793 158124 72705 21885 1084406 50820 85419 26394 19631 18960
is_linear=0
shrinkage=0.05


Tree=126
num_leaves=15
num_cat=0
split_feature=10 24 27 16 1 4 10 9 26 4 12 16 12 1
split_gain=16.925 11.8439 9.00052 14.095 7.73049 8.15165 7.64287 7.57159 11.9448 7.39008 7.3778 7.61386 7.53456 7.18512
threshold=0.010752825997769834 2.0047768354415898 1.023424029350281 2.5249279737472539 162.50000000000003 0.0049379169940948495 0.003960411762818695 0.29960128664970404 0.47338935732841497 0.0008278489112854005 0.13270440697669986 6.310826539993287 0.11483516544103624 39.500000000000007
decision_type=10 10 8 8 8 8 10 10 10 8 10 8 10 10
left_child=1 6 9 -4 13 -6 10 8 -5 -2 12 -12 -1 -3
right_child=2 4 3 7 5 -7 -8 -9 -10 -11 11 -13 -14 -15
leaf_value=-0.0071765487473508839 0.041332212919613448 0.0025387052268623879 0.044125615245260284 -0.036756870983980387 -0.056138645615719018 -0.0053113998104539224 -0.042394864733394516 0.013275897553347599 0.0393670003690334 -0.0027128437480499674 0.019841318530110487 0.20710018790217455 -0.09392737930839877 0.021062600756569311
leaf_weight=611.73903713067705 10.108136192567256 329.57905809166709 34.830323083896019 18.559407000734044 9.8987394412188205 38.843399399635928 15.308240033633636 192.62047285637345 7.1340022744856233 164.64694211713538 16.156497447490555 0.5616974638130604 2.5132234493380556 62.234117263976032
leaf_count=1400176 3368 5686 3929 12782 287 1877 622195 56317 667 117561 16003 782 6329 1949
internal_value=0.000139349 -0.00317696 0.00856255 0.0145876 0.0031449 -0.0156336 -0.00748645 0.00987509 -0.0156204 -0.000165201 -0.00663952 0.0261328 -0.00753149 0.00548097
internal_weight=1514.73 1086.83 427.899 253.144 440.555 48.7421 646.279 218.314 25.6934 174.755 630.97 16.7182 614.252 391.813
internal_count=2249908 2055284 194624 73695 9799 2164 2045485 69766 13449 120929 1423290 16785 1406505 7635
is_linear=0
shrinkage=0.05


Tree=127
num_leaves=15
num_cat=0
split_feature=10 22 24 27 16 17 22 27 7 8 22 16 7 1
split_gain=17.0783 10.8698 7.65853 6.96262 7.19492 6.89327 6.8658 6.50093 6.24157 5.69718 5.69426 7.32827 6.82559 5.5108
threshold=0.010989159345626833 0.48785217106342321 0.088347319513559355 1.023424029350281 2.5249279737472539 4.2268071174621591 0.75472605228424083 6.1380231380462655 123.231502532959 195.50000000000003 0.75472605228424083 3.9219243526458745 31.060947418212894 169.50000000000003
decision_type=10 8 8 8 8 8 10 8 10 8 8 8 10 10
left_child=1 -1 5 10 7 -3 13 -5 9 -6 11 -2 -13 -4
right_child=3 2 6 4 8 -7 -8 -9 -10 -11 -12 12 -14 -15
leaf_value=-0.034220616597011214 0.00069611639713784571 0.43138073049930831 -0.0042470447739695405 0.06138214207726881 0.0095264142228136083 -0.018151984886346183 0.0027740005283169982 0.017660091471183241 0.046034938216000861 -0.077863125809330525 0.009634107629017433 -0.059459721426037518 -0.0080206874289042648 -0.018151984886346183
leaf_weight=26.977448573086861 57.787435284061473 0.19274910280648783 607.97248525840985 14.060007243494736 209.34549553002239 0.12227285700600987 424.6503927516269 21.506507982917128 11.853024156085437 1.8817728394950552 94.733850018631529 11.320015814376804 14.987359253070222 32.637840357190385
leaf_count=1322271 42930 178 630371 793 65076 4380 5371 2989 1407 232 5058 33160 34063 102100
internal_value=0.000465812 -0.00287689 -0.00208335 0.00881389 0.0140589 0.244412 -0.00215625 0.0349441 0.0107291 0.00874788 0.00122786 -0.00824187 -0.0301548 -0.00542443
internal_weight=1530.03 1092.55 1065.58 437.475 258.647 0.315022 1065.26 35.5665 223.08 211.227 178.829 84.0948 26.3074 640.61
internal_count=2250379 2064671 742400 185708 70497 4558 737842 3782 66715 65308 115211 110153 67223 732471
is_linear=0
shrinkage=0.05


Tree=128
num_leaves=15
num_cat=0
split_feature=27 22 16 22 23 16 3 16 13 14 16 1 12 22
split_gain=18.4241 17.5149 11.6579 9.84184 7.61555 7.04892 6.69998 8.30266 6.26749 6.26388 7.12313 6.23648 6.10504 6.08051
threshold=2.3535244464874272 0.75472605228424083 2.9700856208801274 0.41220951080322271 2.5000000000000004 3.1984648704528813 0.077592134475708022 5.478551149368287 0.013245614245533945 1.0000000180025095e-35 3.3140207529067998 1.5000000000000002 0.057983193546533592 0.68443962931633007
decision_type=10 10 8 8 10 10 10 10 10 8 10 8 8 8
left_child=1 3 -2 -1 6 12 7 -3 11 -7 -11 13 -5 -4
right_child=2 4 8 5 -6 9 -8 -9 -10 10 -12 -13 -14 -15
leaf_value=-0.045868742084890196 0.030098594927236145 0.010229167602620428 -0.048342434569464465 -0.025969626190418423 -0.00096372476967156629 -0.021255636824730955 -0.00096372476967156629 0.05184002236139832 0.032997562138041503 -0.025969626190418423 -0.0050741311254873869 -0.0038849843610087964 -0.00096372476967156629 0.028938429178047127
leaf_weight=15.870866042711752 72.085539028920209 323.16168630913671 2.8029704376895097 18.975987785659981 117.7019753653658 96.032156041640008 73.398726275992431 12.449764713179318 18.492583269127636 20.105185483287414 344.09940088024734 103.88103399456764 253.08453005803295 27.686281539827181
leaf_count=940553 15409 2683 107 30932 3138 264777 841 80 13068 22566 517099 159239 278044 750
internal_value=0.000330357 -0.00199746 0.0135231 -0.00691475 0.0049873 -0.00607051 0.008636 0.0117728 0.00570661 -0.00989598 -0.0069007 0.00195072 -0.000963725 0.0218338
internal_weight=1499.83 1274.88 224.948 748.168 526.712 732.297 409.01 335.611 152.863 460.237 364.205 134.37 272.061 30.4893
internal_count=2249286 2060713 188573 2053971 6742 1113418 3604 2763 173164 804442 539665 160096 308976 857
is_linear=0
shrinkage=0.05


Tree=129
num_leaves=15
num_cat=0
split_feature=22 16 24 24 17 1 9 15 16 18 4 16 23 16
split_gain=14.7483 10.3356 9.01917 7.18014 6.3215 6.80064 8.53487 6.40677 6.05902 5.92942 9.64812 6.32847 6.14631 5.53719
threshold=0.75472605228424083 3.1984648704528813 2.3152083158493046 -0.1444694101810455 4.6001451015472421 126.50000000000001 0.30271321535110479 inf 2.0126758217811589 0.15003714710474017 0.00051006674766540538 3.5408543348312382 2.5000000000000004 4.135134458541871
decision_type=8 8 10 8 8 10 8 8 8 8 8 10 10 8
left_child=1 -1 8 -3 7 6 -6 -5 -2 10 -8 -12 -13 -7
right_child=2 3 -4 4 5 13 9 -9 -10 -11 11 12 -14 -15
leaf_value=-0.00035485442985598581 0.04465061937679838 -0.048335067267687208 0.01056133110969772 -0.00035485442985598581 -0.041046221679839998 -0.011292761854517865 -0.098274400269549811 -0.043179051162419164 -0.00035485442985598581 -0.00043108669186617596 -0.00035485442985598581 -0.060120570550710878 -0.015658459517554398 -0.051854008863717785
leaf_weight=271.13572397536825 7.4901335332242516 11.79314737128797 339.08100075115453 11.334415386801766 16.263009468283144 19.656652099012859 3.2959663006502913 24.902120311754231 381.38663227669167 296.7292295654147 50.635363617349014 9.3199491406630823 46.821094096644288 14.711277281924508
leaf_count=467660 1956 759465 4051 12945 49024 80624 1957 145498 75895 446860 46439 191 60089 97092
internal_value=-0.000514976 -0.0053078 0.00459809 -0.00977877 -0.00885771 -0.00726524 -0.00552762 -0.0289603 -0.000354854 -0.00410767 -0.0140189 -0.0114181 -0.0230396 -0.0286551
internal_weight=1504.56 776.598 727.958 505.462 493.669 457.433 423.065 36.2365 388.877 406.802 110.072 106.776 56.141 34.3679
internal_count=2249746 2167844 81902 1700184 940719 782276 604560 158443 77851 555536 108676 106719 60280 177716
is_linear=0
shrinkage=0.05


Tree=130
num_leaves=15
num_cat=0
split_feature=27 22 25 24 18 11 4 27 7 18 18 7 10 18
split_gain=13.2601 11.7883 9.39069 8.83735 7.78292 13.889 9.33211 8.56287 8.80546 5.90897 5.24581 5.23594 4.96762 4.57539
threshold=9.0439276695251483 0.75472605228424083 1.5000000000000002 -0.1444694101810455 0.31113496422767645 0.52500000596046459 0.041345149278640754 2.4703655242919926 35.142026901245124 0.25445108115673071 0.78072521090507518 47.640907287597663 0.0050378153100609788 0.38632823526859289
decision_type=10 10 10 8 10 8 8 10 10 10 8 10 8 10
left_child=1 3 -2 -1 12 7 13 8 -6 -4 -9 -3 -5 -7
right_child=2 11 9 4 5 6 -8 10 -10 -11 -12 -13 -14 -15
leaf_value=-0.044942612637093454 0.064263074791210378 0.0029640160894569005 0.026763192787131681 -0.091133169691709079 -0.046956208006071254 -0.022586520311551589 -0.052979655924082249 -0.00039625067876816782 -0.00039625067876816782 -0.013442262102287756 -0.063932799583637498 0.022061574272785225 -0.0013876932142930737 -0.00039625067876816782
leaf_weight=13.607771494209997 11.539207777007617 562.95947270597389 27.056571510251274 1.5456983366281623 50.335897484959503 24.252684592191144 8.5757306106448237 16.692317002530221 9.442882384697894 13.799605934546205 3.2492248614688028 38.334394471836276 631.68070863673711 87.16794219456466
leaf_count=886750 1205 6938 5032 17916 254817 30851 84245 18470 7278 17522 12304 652 775961 130048
internal_value=-0.000277475 -0.0011717 0.0244328 -0.00497405 -0.00432108 -0.0129272 -0.00217988 -0.0291042 -0.0385687 0.0131834 -0.000732214 0.00418155 -0.00160676 -0.000396251
internal_weight=1500.24 1447.84 52.3954 846.551 832.943 199.717 119.996 79.7203 59.7788 40.8562 19.9415 601.294 633.226 111.421
internal_count=2249989 2226230 23759 2218640 1331890 538013 245144 292869 262095 22554 30774 7590 793877 160899
is_linear=0
shrinkage=0.05


Tree=131
num_leaves=15
num_cat=0
split_feature=8 22 27 12 18 17 3 4 4 27 4 17 4 10
split_gain=14.7869 13.4242 11.5525 9.1573 8.45689 7.82069 7.49695 9.03384 7.74042 6.85632 7.57141 7.40337 6.72122 6.6271
threshold=7.5000000000000009 0.45233139395713812 9.0439276695251483 0.19543650746345523 0.33366666734218603 3.8393944501876835 0.027712970972061161 0.059270083904266364 0.039758652448654182 2.0270251035690312 0.0086143612861633318 4.5798392295837411 0.026417344808578495 0.021285823546350006
decision_type=8 8 10 10 8 8 8 10 10 10 10 8 8 10
left_child=4 -2 3 6 13 -6 7 9 -8 11 -11 -3 -12 -1
right_child=1 2 -4 -5 5 -7 8 -9 -10 10 12 -13 -14 -15
leaf_value=0.081129864189811218 -0.044179136585051161 -0.016184181302712455 0.035374461349224853 0.041552201107109416 -0.059515949508512238 0.0048947216929921588 -0.0037093315876398089 0.053328183292010813 -0.021763606524808129 0.03270868372972232 -0.017121781417041404 0.0027457410762989805 0.041857026234655675 0.020354756040057959
leaf_weight=4.7131310493717242 18.584722430299792 63.07245448320856 21.031680777289694 11.96739999371516 5.1913489702335474 51.112948752721081 799.56072260503765 8.7662342666881141 64.128433340401671 34.946128209068775 19.909280307712837 285.20607219480326 6.3780278855992938 92.879088033838514
leaf_count=8913 1246559 1155 4052 4072 1075 16827 615779 276 340337 483 282 6567 90 3803
internal_value=-0.000287904 -0.00198145 -0.00138506 -0.00198255 0.0143871 -0.00104405 -0.00238896 0.00310544 -0.00504985 0.00203035 0.0174598 -0.000682425 -0.00281189 0.0232898
internal_weight=1487.45 1333.55 1314.97 1293.93 153.897 56.3043 1281.97 418.278 863.689 409.512 61.2334 348.279 26.2873 97.5922
internal_count=2250270 2219652 973093 969041 30618 17902 964969 8853 956116 8577 855 7722 372 12716
is_linear=0
shrinkage=0.05


Tree=132
num_leaves=15
num_cat=0
split_feature=27 22 10 15 18 2 17 22 23 10 7 4 7 17
split_gain=14.7938 14.251 11.2226 9.22851 9.11144 7.54939 7.53989 7.30274 6.74384 5.99225 8.01499 5.81987 5.2275 4.96895
threshold=2.3535244464874272 0.75472605228424083 0.012049691751599314 1.0000000180025095e-35 0.43419210612773901 0.56739214062690746 4.6681339740753183 0.56941539049148571 2.5000000000000004 0.024393817409873012 13.719125270843508 0.00011849403381347658 47.640907287597663 5.7153801918029794
decision_type=10 10 8 8 8 8 10 8 8 8 10 10 10 10
left_child=1 2 -1 5 6 -4 -2 -5 -9 10 -6 -11 -3 -13
right_child=4 12 3 7 9 -7 -8 8 -10 11 -12 13 -14 -15
leaf_value=-0.049107705939807407 0.037443243338315911 0.0028292756042293415 -0.0012661019639520932 -0.023672824317586008 -0.052441062572404266 -0.032658284671549902 0.011457974324938339 -0.012508137556668292 -0.0012661019639520932 0.058170279371549907 0.061489935841807779 -0.039209832599572995 0.023216516605229137 0.03323770425063418
leaf_weight=15.248631228231771 34.246321946628882 492.3774330875608 14.179565710424013 43.709757522074767 2.2041127843597783 52.513825523896116 151.01709746131206 140.7996146768337 463.84876960215729 1.9898283285167533 5.1519065972491944 20.662431237261504 33.587315439683152 2.6729515850232124
leaf_count=627577 8195 6210 84370 981519 14321 96464 85707 2582 261736 2015 24009 48366 556 5971
internal_value=-5.77565e-05 -0.00214399 -0.00666338 -0.00575824 0.0119676 -0.0234688 0.0162614 -0.00393644 -0.00250971 -0.0123733 0.0273523 -0.0239121 0.00413117 -0.0309113
internal_weight=1474.21 1256.26 730.3 715.052 217.945 66.6934 185.263 648.358 604.648 32.6812 7.35602 25.3252 525.965 23.3354
internal_count=2249598 2061014 2054248 1426671 188584 180834 93902 1245837 264318 94682 38330 56352 6766 54337
is_linear=0
shrinkage=0.05


Tree=133
num_leaves=15
num_cat=0
split_feature=28 0 15 18 24 27 22 1 27 13 22 8 15 27
split_gain=14.9569 10.5816 10.1511 9.31169 10.3336 8.34555 7.23942 5.69194 6.0897 5.68344 7.01618 9.13587 5.83764 5.31856
threshold=2.5000000000000004 0.68959107995033275 1.0000000180025095e-35 0.30400764942169195 1.3992313742637636 1.66561496257782 0.449222281575203 6.5000000000000009 4.2637674808502206 0.26794873178005224 0.71941202878952037 2.5000000000000004 1.0000000180025095e-35 3.0573540925979619
decision_type=10 10 10 8 8 8 10 10 8 10 8 10 8 8
left_child=1 2 6 4 -2 -6 -1 -7 -9 10 11 -5 -13 -8
right_child=3 -3 -4 9 5 7 13 8 -10 -11 -12 12 -14 -15
leaf_value=-0.032396162943375703 0.050664803775683713 0.0031696842525786536 -0.0018897520083256511 -0.065566392807668947 -9.5289965184762668e-05 0.025156718981495924 -0.01543363961797614 0.046117046596866641 -0.0027614073207553832 0.051891540851236664 0.0038000771774461175 -0.085525539587122432 -0.0082315318314639015 -0.0024034314655120305
leaf_weight=40.224714104996053 18.350599240983229 475.62278780295173 204.95928301396458 8.7272973582171272 92.940172186640211 109.00836882771637 184.14970406490784 7.5181112788354758 41.814243943827478 5.002224395508903 121.00508102736785 2.44385125499997 29.236957214194266 136.25855823348638
leaf_count=1203194 20191 44664 258509 3151 5593 2208 488961 414 1987 695 2900 2661 26039 189526
internal_value=0.000928872 -0.00232693 -0.00694919 0.00870324 0.0144435 0.0117983 -0.0124024 0.0187794 0.00468753 -0.000597261 -0.0022239 -0.0202631 -0.00823153 -0.00989234
internal_weight=1477.26 1041.22 565.592 436.047 269.631 251.281 360.633 158.341 49.3324 166.415 161.413 40.4081 31.6808 320.408
internal_count=2250693 2184854 2140190 65839 30393 10202 1881681 4609 2401 35446 34751 31851 28700 678487
is_linear=0
shrinkage=0.05


Tree=134
num_leaves=15
num_cat=0
split_feature=27 22 15 14 3 25 18 7 23 18 22 4 22 27
split_gain=17.2373 13.5115 12.405 7.03142 7.45861 6.59662 6.84179 8.25414 6.08173 9.09305 6.68512 5.92643 5.89032 5.74132
threshold=2.9892170429229741 0.75472605228424083 1.0000000180025095e-35 1.0000000180025095e-35 0.039593756198883064 1.5000000000000002 0.45632994174957281 13.616288185119631 2.5000000000000004 0.047498673200607307 0.41220951080322271 0.0034605860710144047 0.71941202878952037 8.3861227035522479
decision_type=10 10 8 8 10 10 10 10 8 8 8 8 8 8
left_child=1 2 3 4 -1 13 -7 -8 9 -4 -10 12 -11 -2
right_child=5 -3 8 -5 -6 6 7 -9 10 11 -12 -13 -14 -15
leaf_value=-0.093619818484715567 0.020903278927133121 0.0041643463926187138 -0.062632124959923444 -0.013749300180696797 -0.031695798682979309 0.011383962767846388 -0.066647866781986073 0.01014270617628755 -0.042652742392184896 -0.06526533796069886 -0.0010501240572186206 -0.0059518523028091828 -0.010665331064822172 0.063509161697529778
leaf_weight=6.349896359651896 53.165292511344404 530.35058585302227 8.6691661232026984 43.445788004552156 20.762786705058403 127.62363320325562 6.5060306518649025 7.5724241016434348 9.751353563569408 8.9900648770853859 513.61207181414341 126.90680705644445 10.963610644888833 9.2884378484375798
leaf_count=6517 47789 6855 172 133498 171666 57809 38660 12794 794361 135 975586 2467 113 1173
internal_value=0.000209465 -0.00194284 -0.00626459 -0.0262182 -0.0461986 0.0137017 0.00773492 -0.0253443 -0.00419078 -0.0128719 -0.00161097 -0.0099346 -0.0352652 0.0272398
internal_weight=1483.96 1279.8 749.452 70.5585 27.1127 204.156 141.702 14.0785 678.893 155.53 523.363 146.86 19.9537 62.4537
internal_count=2249595 2091370 2084515 311681 178183 158225 109263 51454 1772834 2887 1769947 2715 248 48962
is_linear=0
shrinkage=0.05


Tree=135
num_leaves=15
num_cat=0
split_feature=27 8 0 22 3 1 2 24 10 16 4 26 24 16
split_gain=14.896 11.8354 12.1892 9.17055 6.82484 6.61881 6.55229 5.40907 5.12701 4.89688 6.34625 5.3716 4.87118 4.83837
threshold=2.6893538236618046 7.5000000000000009 0.59694635868072521 0.75472605228424083 0.0706785023212433 1.5000000000000002 0.9809364676475526 2.0047768354415898 0.028923837468028072 2.4414010047912602 0.051967203617095954 0.097619049251079573 1.5026199221611025 2.0126758217811589
decision_type=10 8 8 8 10 10 8 10 10 8 8 10 8 8
left_child=1 6 4 -4 -3 -2 -1 13 12 -7 11 -11 -8 -5
right_child=5 2 3 7 -6 9 8 -9 -10 10 -12 -13 -14 -15
leaf_value=0.057739779887622571 0.026675756252033628 -0.07834701470825306 -0.0057897743976786844 0.049081414820141417 -0.015829431426812948 0.032083505467676444 0.035512734027264979 0.0075954819498866514 0.014413118262531841 -0.043184156094106058 -0.063966863516643366 0.0078944479222959468 -0.059859609403634217 -0.0011019968786197369
leaf_weight=8.2414070551257606 62.148998923625754 4.5481310197815779 517.9139026992118 5.1628218849257328 108.68082785072005 17.673365592707682 1.8971982446660707 331.39756590468187 87.501291186879939 5.364929281029446 3.3399440369535673 126.78771553008448 4.5491595217442864 188.8608672368614
leaf_count=21325 120424 5789 592492 318 1425524 1880 1978 2952 2628 3039 19517 31445 417 19218
internal_value=0.000760703 -0.0013181 -0.00275925 -0.00106827 -0.0183406 0.0129136 0.0149927 0.00358578 0.0112428 0.00732942 0.00410054 0.00582084 -0.031791 -0.001102
internal_weight=1474.07 1258.75 1156.56 1043.34 113.229 215.315 102.189 525.421 93.9476 153.166 135.493 132.153 6.44636 194.024
internal_count=2248946 2072641 2046293 614980 1431313 176305 26348 22488 5023 55881 54001 34484 2395 19536
is_linear=0
shrinkage=0.05


Tree=136
num_leaves=15
num_cat=0
split_feature=10 22 16 18 22 12 3 22 27 18 17 24 18 18
split_gain=13.7685 10.5102 7.13657 6.94704 6.74482 6.25029 6.07177 5.84902 5.74114 5.72754 6.88691 5.56246 9.44265 4.67171
threshold=0.010752825997769834 0.71941202878952037 2.1383330821990971 0.091434128582477583 0.449222281575203 0.037386443465948112 0.047123700380325324 0.75472605228424083 1.023424029350281 0.69866004586219799 6.2822651863098153 1.8478996753692629 0.057510951533913619 0.28456890583038336
decision_type=10 10 8 8 8 8 10 8 10 10 10 10 10 10
left_child=1 4 -3 11 -1 8 -4 13 -6 10 -7 -2 -13 -5
right_child=3 2 6 7 5 9 -8 -9 -10 -11 -12 12 -14 -15
leaf_value=-0.04210190566862488 0.043063426403791238 0.041514788211110036 0.0061099814210176517 0.0043556367958807506 -0.024478161881278354 -0.0028951411186279889 -0.0028951411186279889 0.010965915621430662 -0.0028951411186279889 -0.024478161881278354 -0.024478161881278354 -0.018026530941383085 0.03163078004098191 -0.013695535769438359
leaf_weight=13.987978373280894 23.326622765480749 11.272095170283135 315.78543612128942 85.077885426170155 42.539813102352014 371.67154708670199 264.08564143864714 208.67659057939039 9.4553281448953026 17.373058155883029 15.692563904518691 15.629741331830699 24.706509995932265 54.569822378184199
leaf_count=1120593 18967 185 3157 58063 148215 622893 9543 8430 22961 95226 32757 540 715 108166
internal_value=0.000682845 -0.00232735 0.00211155 0.00844137 -0.00790184 -0.00685442 0.0013456 0.00566562 -0.0231735 -0.00475797 -0.00342366 0.0236285 0.0123893 -0.00225464
internal_weight=1473.85 1061.86 591.143 411.987 470.72 456.732 579.871 348.324 51.9951 404.737 387.364 63.6629 40.3363 139.648
internal_count=2250411 2055530 12885 194881 2042645 922052 12700 174659 171176 750876 655650 20222 1255 166229
is_linear=0
shrinkage=0.05


Tree=137
num_leaves=15
num_cat=0
split_feature=10 0 22 4 23 16 7 27 16 24 27 24 8 10
split_gain=12.3463 9.60455 7.49081 7.4105 6.25295 6.77466 6.73163 5.65258 5.51867 5.46742 5.33163 5.31785 4.59882 4.99847
threshold=0.012049691751599314 0.68959107995033275 0.51005101203918468 0.0046421587467193612 35.500000000000007 3.5972183942794804 81.980415344238295 1.4612500667572024 4.1971738338470468 1.2523145675659182 31.572264671325687 2.3152083158493046 1.5000000000000002 0.019315313547849659
decision_type=10 10 8 10 10 10 10 8 8 8 10 10 10 10
left_child=1 2 -1 9 7 -6 10 -2 -3 -4 -7 -11 -9 -14
right_child=4 8 3 -5 5 6 -8 12 -10 11 -12 -13 13 -15
leaf_value=-0.034980972436565588 -0.0014462302706706306 -0.002697062116003195 -0.0033013926862542307 -0.0033013926862542307 0.056461448480583522 -0.046525564129653973 0.061070871320054392 0.028441682322695623 0.008289714118408037 -0.020923234255312007 -1.1292863028640652 -0.0033013926862542307 0.031350830933319702 0.0048212185091064553
leaf_weight=24.798704435239586 171.78980619312335 297.85721555231913 14.219455884201407 366.23896165031027 12.28039321698745 3.6871652567601525 2.1696893150980827 31.281791022614925 185.46549435888886 119.35022353965996 0.011404505538621268 30.428497286848142 19.916502934543814 163.57894794301365
leaf_count=1456950 14496 23195 85266 488910 36823 80757 6511 1104 21041 25766 69 362 3521 5258
internal_value=-0.000746983 -0.0036343 -0.00812168 -0.0068655 0.00666086 0.0353441 -0.00884787 0.00531423 0.0015189 -0.0157126 -0.0498642 -0.0194234 0.0107216 0.00770073
internal_weight=1443.07 1038.36 555.036 530.237 404.716 18.1487 5.86826 386.567 483.323 163.998 3.69857 149.779 214.777 183.495
internal_count=2250029 2101490 2057254 600304 148539 124160 87337 24379 44236 111394 80826 26128 9883 8779
is_linear=0
shrinkage=0.05


Tree=138
num_leaves=15
num_cat=0
split_feature=27 22 15 16 22 15 10 24 8 8 8 8 18 2
split_gain=15.2977 10.5237 8.00243 7.31332 6.23697 5.76663 5.76168 5.06438 4.99755 5.14038 4.93508 5.04726 6.21997 4.4798
threshold=2.9892170429229741 0.75472605228424083 1.0000000180025095e-35 2.5249279737472539 0.449222281575203 1.0000000180025095e-35 0.016330883838236335 1.8478996753692629 9.5000000000000018 1.5000000000000002 173.50000000000003 113.50000000000001 0.47298756241798406 1.024612605571747
decision_type=10 8 8 8 10 8 10 10 8 10 10 10 8 10
left_child=1 2 6 -2 -4 8 -1 -3 9 -5 11 12 -7 -14
right_child=3 7 4 5 -6 10 -8 -9 -10 -11 -12 -13 13 -15
leaf_value=-0.018679789931207422 0.039317881696932809 -0.0015736630846211583 -0.041100759791494836 0.052396572136129221 -0.0036764313281003381 0.0086543905675142228 -0.072639506627399708 0.0058517694174570105 0.041531839074719808 -0.072493039221087019 -0.081108749570692806 0.044808643923597818 0.022671949554877814 -0.037216784297375183
leaf_weight=54.273673593989059 23.508385946318185 144.82316322281054 11.350445723856408 1.3573381748481126 580.69446534647477 125.79307245763607 5.4432437771356481 459.5304604590342 20.809985433440573 2.0965158388014515 1.6069778237928165 8.331325164047767 4.0753210094546004 13.356110168669657
leaf_count=296344 4738 69228 959796 87 756314 59117 5039 4987 16535 375 3707 14740 54779 4125
internal_value=0.000302565 -0.00174651 -0.00615349 0.0131121 -0.00439392 0.0096399 -0.0235983 0.00300616 0.0322873 -0.0234124 0.00605213 0.00697632 0.00477562 -0.0232153
internal_weight=1457.05 1256.12 651.762 200.935 592.045 177.427 59.7169 604.354 24.2638 3.45385 153.163 151.556 143.225 17.4314
internal_count=2249911 2091708 2017493 158203 1716110 153465 301383 74215 16997 462 136468 132761 118021 58904
is_linear=0
shrinkage=0.05


Tree=139
num_leaves=15
num_cat=0
split_feature=27 15 14 28 16 2 17 16 22 16 23 1 8 0
split_gain=15.2266 10.2307 12.4434 8.248 7.60396 7.32135 7.876 7.14628 6.96225 7.12108 6.80921 6.33681 8.48732 6.30172
threshold=2.9892170429229741 1.0000000180025095e-35 1.0000000180025095e-35 1.5000000000000002 2.5249279737472539 0.42716483771801 5.2390944957733163 5.4951148033142099 0.65650355815887462 3.5694335699081425 7.5000000000000009 6.5000000000000009 5.5000000000000009 0.53015035390853893
decision_type=10 8 8 8 8 10 8 10 8 10 10 10 8 10
left_child=1 2 -1 5 -2 6 13 -8 9 -5 -7 -10 -13 -3
right_child=4 3 -4 8 -6 10 7 -9 11 -11 -12 12 -14 -15
leaf_value=-0.041512138730940944 0.040106982902876426 -0.020964250909444898 -0.0049396212443627661 -0.0035528645715613831 0.0096275924508418438 -0.07153151847844462 -0.024449924201552162 0.064982179927770847 0.0065183040157791809 -0.024992443463356204 -0.011218969614089837 0.044377155374433735 -0.0028824453536094733 0.027941079301767691
leaf_weight=33.890100917961348 23.142894445896559 9.6553827216424128 74.133693872989085 84.712160607835457 176.70545690134065 9.6627024841386646 45.907108402408255 2.3479912215660752 477.71133789580404 49.590907755583729 9.0747068926498269 9.7174684292644979 424.81235774473225 20.727429575309813
leaf_count=178298 4758 388610 134136 214003 153573 12264 371768 28335 10195 277219 342068 282 42483 91761
internal_value=0.0003409 -0.00170497 -0.0164134 -0.000316002 0.0131572 -0.0142348 -0.0075424 -0.0200983 0.000979065 -0.00964958 -0.0423216 0.00254385 -0.00182557 0.0123994
internal_weight=1451.79 1251.94 108.024 1143.92 199.848 97.3753 78.6379 48.2551 1046.54 134.303 18.7374 912.241 434.53 30.3828
internal_count=2249753 2091422 312434 1778988 158331 1234806 880474 400103 544182 491222 354332 52960 42765 480371
is_linear=0
shrinkage=0.05


Tree=140
num_leaves=15
num_cat=0
split_feature=27 12 15 14 14 18 4 18 22 20 17 27 24 1
split_gain=12.8463 9.5988 8.0719 9.81352 7.44458 6.87518 8.14316 6.64456 6.50564 5.22323 5.00484 4.85548 4.83626 6.14663
threshold=2.9892170429229741 0.19543650746345523 1.0000000180025095e-35 1.0000000180025095e-35 1.0000000180025095e-35 0.18668776750564578 0.029350489377975467 0.30400764942169195 0.56571912765502941 1.0000000180025095e-35 6.1147871017456064 1.023424029350281 2.3152083158493046 28.500000000000004
decision_type=10 10 8 8 10 8 8 10 8 8 8 8 8 10
left_child=1 2 3 7 9 -6 10 -1 11 -2 -7 -4 -10 -14
right_child=4 -3 8 -5 5 6 -8 -9 12 -11 -12 -13 13 -15
leaf_value=-0.021177862588835888 -0.079046770025102603 0.040210382552311456 -0.035918354124877643 -0.0048447971217053564 0.010761011180321384 -0.057867576336299277 0.026101158923006809 -0.067517530396279016 -0.0026116896820112825 0.019035609508324725 0.010173781172740114 -0.0095946435481160473 0.0065082345351160148 -0.0095946435481160473
leaf_weight=22.262277201219277 1.3704339683251305 13.590833476359192 23.636436243429515 73.68743852139707 33.459206974529337 12.727144680019711 5.6974685400905107 11.855154361722411 669.88565229067751 142.3500764475985 3.4312408761416568 22.416410235888222 362.32732268018742 44.845231960355477
leaf_count=117894 2579 12534 998175 132939 15701 22510 31634 59177 247270 82604 2764 460714 38114 24254
internal_value=0.000306814 -0.00157948 -0.0020409 -0.0151097 0.0121012 -0.00348576 -0.0252962 -0.03728 -0.000786451 0.0181004 -0.043419 -0.0191897 4.36037e-07 0.00429794
internal_weight=1443.54 1244.51 1230.92 107.805 199.036 55.3151 21.8559 34.1174 1123.11 143.721 16.1584 46.0528 1077.06 407.173
internal_count=2248863 2091071 2078537 310010 157792 72609 56908 177071 1768527 85183 25274 1458889 309638 62368
is_linear=0
shrinkage=0.05


Tree=141
num_leaves=15
num_cat=0
split_feature=27 15 12 14 24 8 28 3 15 8 8 13 22 17
split_gain=13.2158 9.09142 9.90877 8.26931 7.27727 11.7465 9.24649 10.1905 7.20101 6.81602 7.64142 6.50706 6.27958 6.47338
threshold=2.9892170429229741 1.0000000180025095e-35 0.19543650746345523 1.0000000180025095e-35 1.8478996753692629 6.5000000000000009 1.5000000000000002 0.12093469500541688 1.0000000180025095e-35 166.50000000000003 101.50000000000001 0.094494048506021514 0.65650355815887462 3.9607677459716801
decision_type=10 8 10 10 8 8 8 8 10 10 10 10 10 10
left_child=1 3 4 12 5 -3 7 -6 -8 10 -2 -10 13 -1
right_child=9 2 -4 -5 6 -7 8 -9 11 -11 -12 -13 -14 -15
leaf_value=-0.24199655105820803 0.010209733937949076 0.035626580450712882 0.044113160428312058 -0.0053841662169996189 -0.078885905816879084 -0.008218836694644854 -0.00098129307427054463 -0.0095787497851776791 0.012172773960688178 -0.080905485334651361 0.050500439719180383 -0.015596297225572785 -0.018734882118412354 -0.053812198545180157
leaf_weight=0.47196922948297881 180.87914652457746 15.885907822156481 12.161282448004384 68.152263147321094 6.8385181214273443 397.64689445407458 423.00175192477184 23.631503865992386 232.24737626048136 1.9589724797908434 12.586953698074238 23.203802344103678 24.946403247889975 14.396245687926166
leaf_count=11150 133617 14582 10313 120784 4251 1677709 28230 38262 5135 6073 18686 540 2298 178444
internal_value=-0.000195276 -0.00209619 -0.000776889 -0.0159606 -0.00126325 -0.00653451 0.00181161 -0.0251337 0.00302175 0.0118914 0.0128311 0.00965038 -0.0340648 -0.0597858
internal_weight=1438.01 1242.58 1134.62 107.967 1122.46 413.533 708.923 30.47 678.453 195.425 193.466 255.451 39.8146 14.8682
internal_count=2250074 2091698 1779022 312676 1768709 1692291 76418 42513 33905 158376 152303 5675 191892 189594
is_linear=0
shrinkage=0.05


Tree=142
num_leaves=15
num_cat=0
split_feature=24 7 16 22 24 23 22 24 18 16 18 16 13 18
split_gain=10.5019 9.48224 6.09661 10.2273 7.0863 5.90883 5.67748 5.17561 5.06617 4.843 6.28079 6.02116 4.72627 5.49418
threshold=2.3152083158493046 46.771591186523445 3.6242519617080693 0.67306184768676769 1.6618920564651491 30.500000000000004 0.68443962931633007 1.4286566376686098 0.051621668040752418 3.1984648704528813 0.47874850034713751 3.6242519617080693 0.23904761672019961 0.14216277003288272
decision_type=10 10 10 10 10 8 10 10 8 8 8 10 10 10
left_child=1 2 5 4 -4 -1 9 -5 -3 10 -2 -11 13 -8
right_child=6 8 3 7 -6 -7 12 -9 -10 11 -12 -13 -14 -15
leaf_value=-0.0027184622843710341 -0.0013830449628795365 0.058812332808136226 -0.014761480553770277 0.0078479407147816153 -0.049208167355613286 0.0078479407147816153 0.015959178818934102 -0.0050275470997546094 0.01245467850901146 -0.075541320078585078 -0.090365013815310549 -0.011241966634479482 0.039908501730467838 0.0033301103975820834
leaf_weight=359.77475343150036 23.440658522848029 6.9524875005578783 130.4753160065942 23.620999677730651 16.859359419753503 93.047995996270345 126.57360899573541 317.11587107788864 38.694466884473229 5.4569325599554785 2.0406427420903119 10.940303623096041 11.481055557024773 269.45028841605017
leaf_count=56322 1022 10765 1282941 8067 8573 786531 1868 15604 72507 549 37 1017 227 4010
internal_value=0.000146116 -0.00273983 -0.00381953 -0.00769627 -0.0187032 0.000358978 0.0064817 -0.00293687 0.0195154 -0.0110494 -0.00138304 -0.0326405 0.00828334 0.0073665
internal_weight=1435.92 986.541 940.894 488.072 147.335 452.823 449.383 340.737 45.647 41.8785 25.4813 16.3972 407.505 396.024
internal_count=2250040 2241310 2158038 1315185 1291514 842853 8730 23671 83272 2625 1059 1566 6105 5878
is_linear=0
shrinkage=0.05


Tree=143
num_leaves=15
num_cat=0
split_feature=27 15 12 23 24 16 2 2 25 17 2 2 2 8
split_gain=16.3455 12.1739 9.41267 7.06355 8.81048 18.3746 18.1533 17.851 9.14051 9.71942 7.80845 8.06786 6.99857 6.76323
threshold=2.9892170429229741 1.0000000180025095e-35 0.19543650746345523 108.50000000000001 0.90132036805152904 1.0000000180025095e-35 0.82649999856948864 0.35816365480422979 1.0000000180025095e-35 6.5057828426361093 2.0746576786041264 1.6878933906555178 -1.1629297733306883 178.50000000000003
decision_type=10 8 10 8 10 10 10 10 10 8 10 8 8 10
left_child=1 3 13 4 5 6 7 -1 9 10 11 -6 -7 -3
right_child=-2 2 -4 -5 8 12 -8 -9 -10 -11 -12 -13 -14 -15
leaf_value=-0.050179078967224434 0.013143394476414483 -0.0018592689225970537 0.04371303047567654 -0.057250807429395568 -0.0046017139744275433 0.41080416194781799 0.54351979262544325 3.871354896842278 -0.078796579129964628 -0.079685929552987173 0.031605826764098198 -0.045171794248455195 -0.051006478928898452 0.03224732931659377
leaf_weight=0.0043653875336521217 194.79501426361321 1095.6890027650816 11.680509902055062 10.744037252226716 54.846443930881584 0.10655371309667316 0.079930790417563458 0.0086564268811457623 5.3898366548598338 4.9544646494064741 11.009239119662878 15.77993346292998 0.35658837269329524 14.730479286896069
leaf_count=204 158142 1725019 10334 264063 31738 220 51 96 3161 2941 313 1908 7527 43823
internal_value=-0.000310404 -0.00244911 -0.000937146 -0.0188761 -0.0144205 0.184 0.82555 2.55671 -0.0156202 -0.0116877 -0.00756091 -0.0136662 0.0552409 -0.00140682
internal_weight=1420.18 1225.38 1122.1 103.28 92.536 0.556095 0.0929526 0.0130218 91.9799 86.5901 81.6356 70.6264 0.463142 1110.42
internal_count=2249540 2091398 1779176 312222 48159 8098 351 300 40061 36900 33959 33646 7747 1768842
is_linear=0
shrinkage=0.05


Tree=144
num_leaves=15
num_cat=0
split_feature=24 0 28 2 26 18 12 27 15 2 23 22 8 18
split_gain=12.1869 8.33711 6.60974 7.9323 5.81207 8.68339 5.46598 4.49601 4.71638 4.11509 4.68743 6.42878 6.4039 5.75346
threshold=2.3152083158493046 0.49398362636566168 1.5000000000000002 0.42716483771801 0.18465909361839297 0.47298756241798406 0.19543650746345523 2.6893538236618046 1.0000000180025095e-35 0.74682927131652843 2.5000000000000004 0.75472605228424083 79.500000000000014 0.40985365211963659
decision_type=8 8 8 10 10 10 10 10 8 8 10 8 8 8
left_child=1 -1 3 -2 9 -6 7 8 -3 -4 11 12 -11 -12
right_child=2 6 4 -5 5 -7 -8 -9 -10 10 13 -13 -14 -15
leaf_value=-0.051697576923048355 0.002541798748665931 -0.017598349509607668 -0.025982556093958456 -0.066359905451617893 0.022684933832710599 -0.023442502157387468 0.033933135214126137 0.0062815173225091413 -0.0040515907649664529 -0.02480875051182636 -0.0018953567874868916 0.0094548462523443393 0.0011828249615358445 -0.051628359403182195
leaf_weight=9.1109340688809493 10.510405121146052 70.767349568960981 11.226830409990724 6.9321979195165104 87.821763107837796 11.543663478597407 9.5839264492900593 94.071568855776263 697.72322804175235 31.065378364764001 24.830401626079492 304.77788353372102 41.667562368236759 7.5939375049795208
leaf_count=614283 38865 210029 9305 14876 3093 1260 7856 103050 1232340 640 1672 11054 770 870
internal_value=-0.000495811 -0.0041159 0.00543431 -0.0248417 0.00644885 0.0173261 -0.00361883 -0.00403607 -0.00529906 0.00388255 0.00470046 0.0062674 -0.0070892 -0.0135431
internal_weight=1419.23 881.257 537.97 17.4426 520.527 99.3654 872.146 862.562 768.491 421.162 409.935 377.511 72.7329 32.4243
internal_count=2249963 2167558 82405 53741 28664 4353 1553275 1545419 1442369 24311 15006 12464 1410 2542
is_linear=0
shrinkage=0.05


Tree=145
num_leaves=15
num_cat=0
split_feature=1 16 24 8 23 4 17 16 23 23 18 18 18 4
split_gain=11.3971 9.00119 8.99361 7.8786 6.14635 11.8748 45.2559 6.07807 20.8282 9.59543 5.87564 18.5281 5.84875 5.61173
threshold=6.5000000000000009 6.4457147121429452 0.64464259147644054 3.5000000000000004 173.50000000000003 0.0008278489112854005 4.7405652999877939 1.2424533367156985 185.50000000000003 182.50000000000003 0.049730988219380386 0.047498673200607307 0.30776585638523107 0.057187378406524665
decision_type=8 10 8 8 10 8 8 8 10 10 8 10 8 10
left_child=-1 2 7 12 13 6 -6 8 9 -2 11 -7 -4 -5
right_child=1 -3 3 4 5 10 -8 -9 -10 -11 -12 -13 -14 -15
leaf_value=0.0051485157183853887 -0.050342304439237588 0.067865370144535198 0.047694979140496141 -0.0039997201700141764 4.0558621433209341 0.080910670981216279 -0.050316298820164397 -0.0386442149280583 -0.050525475145918958 2.7519180076541279 0.0080208711211187632 0.80582650582015602 -0.01640160961895825 -0.043812339945051952
leaf_weight=610.90507804772324 0.0041313080061965426 4.3439809212480887 12.633894532008187 749.13871037034869 0.0089535600046838359 0.69904317714224395 0.026782307866142219 20.336302794941737 0.051545111500431062 0.011723889581816138 1.7021122554565264 0.10086278744097399 4.9548590909640771 8.9568843050104743
leaf_count=26220 355 12553 831 512271 76 1172 608 1444977 2920 26 18228 87 1179 229087
internal_value=1.8575e-06 -0.00391376 -0.00430419 -0.00344504 -0.00421006 0.0734733 0.97848 -0.0370732 0.436954 2.02175 0.0605473 0.172318 0.0296386 -0.00447011
internal_weight=1413.87 802.97 798.626 778.222 760.633 2.53775 0.0357359 20.4037 0.0674003 0.0158552 2.50202 0.799906 17.5888 758.096
internal_count=2250590 2224370 2211817 763539 761529 20171 684 1448278 3301 381 19487 1259 2010 741358
is_linear=0
shrinkage=0.05


Tree=146
num_leaves=15
num_cat=0
split_feature=27 12 1 24 25 12 18 10 17 18 3 24 17 17
split_gain=11.1552 6.95639 6.55203 6.21721 6.07397 5.93589 7.3985 10.2808 10.0711 7.32045 7.17453 7.79344 9.51397 14.5335
threshold=2.3535244464874272 0.19543650746345523 1.5000000000000002 2.3152083158493046 1.0000000180025095e-35 0.031754031777381904 0.066714018583297743 0.016393928788602356 6.4630281925201425 0.075646542012691512 0.17458796501159671 1.0746698379516604 4.5900437831878671 4.5798392295837411
decision_type=10 10 10 10 10 8 10 10 10 8 10 8 8 10
left_child=1 3 -2 5 -3 9 7 8 10 -1 11 12 13 -7
right_child=2 4 -4 -5 -6 6 -8 -9 -10 -11 -12 -13 -14 -15
leaf_value=-0.065514946802412682 0.024193501428231207 0.043935432272644931 0.0048078639857864758 0.0032329754409822944 -0.10893639226615213 0.23765625859359416 -0.0054361392396349781 0.044297686874191451 -0.084083780883094317 -0.012192814762748687 -0.059982156458518038 0.0038775997761439683 0.050133694394672038 1.5446301393607731
leaf_weight=6.8568583519026651 61.007972285480406 11.602279860392596 152.63932876071553 344.49224195883539 0.68831490000073436 0.14582447991810443 607.63462010267415 16.689994276130761 3.2771459696341472 105.04223514934756 4.1123429520968662 101.49081176578028 6.4425953614625655 0.024902942819096552
leaf_count=19870 127232 11417 61405 6428 986 2223 1449479 2870 11373 343525 137115 15675 60533 84
internal_value=-0.000188479 -0.0020504 0.0103435 -0.00243492 0.0353741 -0.00472741 -0.00310404 0.00761637 0.00231555 -0.0154602 0.00483874 0.00730457 0.0598962 0.428296
internal_weight=1422.15 1208.5 213.647 1196.21 12.2906 851.717 739.818 132.184 115.494 111.899 112.216 108.104 6.61332 0.170727
internal_count=2250215 2061578 188637 2049175 12403 2042747 1679352 229873 227003 363395 215630 78515 62840 2307
is_linear=0
shrinkage=0.05


Tree=147
num_leaves=15
num_cat=0
split_feature=27 25 27 16 18 24 8 12 18 1 25 18 1 7
split_gain=9.59797 7.73964 6.82964 7.63583 6.28127 6.06231 9.85789 8.52622 6.02052 11.003 9.07491 8.94729 7.83728 8.8083
threshold=2.3535244464874272 1.5000000000000002 9.0439276695251483 4.1666352748870858 0.45632994174957281 2.0047768354415898 5.5000000000000009 0.19543650746345523 0.67836797237396251 1.5000000000000002 2.5000000000000004 0.72054255008697521 29.500000000000004 38.345289230346687
decision_type=10 10 10 8 8 10 8 10 10 10 8 10 8 8
left_child=5 2 3 -2 -3 6 -1 -8 -7 -10 12 -12 13 -11
right_child=1 4 -4 -5 -6 8 7 -9 9 10 11 -13 -14 -15
leaf_value=0.026065306746558554 0.023138751812804569 0.0058459456139516456 0.062397620499162691 -0.026839621726639135 -0.0275548396263549 0.0032989728830453476 -0.0076160924077581229 0.043229455309107233 -0.041694186815557512 -0.054920885553617863 -0.088845043843877869 0.034685025449992135 -0.07790528543019748 0.021033546340100726
leaf_weight=23.438409375379265 55.93246381919414 120.28763305212738 9.1770130723969299 8.8519407732276232 15.941260259106995 475.93570488108639 630.15737157202216 8.3543084298319155 21.988374563461207 5.805565138262188 1.5859612942877017 19.35314019972634 4.7079165303704249 11.143914302859001
leaf_count=16998 25997 65417 1202 34091 61903 11806 2018611 11906 468 247 56 574 327 351
internal_value=-0.000850609 0.009007 0.0220284 0.0163099 0.00193745 -0.00257371 -0.00578179 -0.00695083 0.00135508 -0.0129698 0.00185783 0.0253287 -0.0208346 -0.0049825
internal_weight=1412.66 210.19 73.9614 64.7844 136.229 1202.47 661.95 638.512 540.521 64.5849 42.5965 20.9391 21.6574 16.9495
internal_count=2249954 188610 61290 60088 127320 2061344 2047515 2030517 13829 2023 1555 630 925 598
is_linear=0
shrinkage=0.05


Tree=148
num_leaves=15
num_cat=0
split_feature=24 27 25 15 14 16 0 12 16 2 10 22 23 0
split_gain=10.2226 8.21518 6.15444 5.84432 9.30342 5.08333 6.63529 4.93275 4.69944 10.0898 5.79881 5.06547 6.88394 4.40034
threshold=-0.1444694101810455 2.1672358512878422 1.5000000000000002 1.0000000180025095e-35 1.0000000180025095e-35 3.7726949453353886 0.73891928791999828 0.19543650746345523 6.3035306930542001 0.9911039173603059 0.011362744960933925 0.60698100924491893 30.500000000000004 0.5406683385372163
decision_type=8 10 10 8 10 8 10 10 10 8 8 8 10 8
left_child=-1 2 3 4 5 -2 -7 8 10 -10 -5 12 -12 -3
right_child=1 13 -4 7 -6 6 -8 -9 9 -11 11 -13 -14 -15
leaf_value=-0.051607604687597092 -0.015799858343042504 -0.06361480769033287 -0.072364801700768158 -0.049184877087597473 -0.0010496184348405815 -0.067004131345224108 0.024473411390427954 0.032888130924759708 0.096372226802424479 -0.058166255772291987 -0.033536827930831854 0.0009262746535538195 -0.0062411059158370983 0.010589569553229003
leaf_weight=9.4079469421581603 19.808768374995964 2.0174781474032093 3.0056381263211724 6.0151362950221587 65.90979903797691 13.645627291746676 2.3192206388064269 11.518592568349275 3.4179851278526874 1.528563794627672 27.626041251409163 1003.2551767398339 38.035499398809691 205.56534389535449
leaf_count=902576 38364 32411 7765 101636 69216 43452 171 5016 4371 900 43709 160766 776736 62798
internal_value=0.00033834 0.000686502 -0.000907029 -0.000727011 -0.0121919 -0.0327205 -0.0537151 0.000341147 -6.01713e-06 0.0486173 -0.000229769 4.57173e-05 -0.0134085 0.00986838
internal_weight=1413.08 1403.67 1196.09 1193.08 101.683 35.7736 15.9648 1091.4 1079.88 4.94655 1074.93 1068.92 65.6615 207.583
internal_count=2249887 1347311 1252102 1244337 151203 81987 43623 1093134 1088118 5271 1082847 981211 820445 95209
is_linear=0
shrinkage=0.05


Tree=149
num_leaves=15
num_cat=0
split_feature=3 27 25 22 16 1 17 22 18 4 0 17 4 27
split_gain=8.95699 8.31022 7.73084 7.27286 6.07942 7.75964 7.99631 6.07989 5.98008 5.52954 5.09876 5.37622 4.39221 4.32795
threshold=0.23922684788703921 9.0439276695251483 1.5000000000000002 0.75472605228424083 3.1984648704528813 169.50000000000003 4.6001451015472421 0.71941202878952037 0.13670469820499423 0.020378142595291141 0.63653224706649791 5.9519429206848153 0.0034605860710144047 7.9817838668823251
decision_type=10 10 10 10 8 10 8 8 10 10 8 8 10 10
left_child=1 3 -3 4 -1 6 7 -6 9 10 -8 -12 -7 -10
right_child=-2 2 -4 -5 5 12 8 -9 13 -11 11 -13 -14 -15
leaf_value=0.00033384152409234903 -0.044574165079594913 0.062074885109370537 0.010924811538264037 0.0040426611210715403 -0.045879658593955139 0.00033384152409234903 -0.04463076900910954 -0.0067805165518870199 0.00033384152409234903 0.00033384152409234903 -0.029225829326498112 -0.0033860942738709781 -0.050964733107044462 -0.080150883450215482
leaf_weight=269.27999924973653 11.138944986962995 9.3762677873388878 34.820469552902608 570.30937303321889 20.611542472846992 5.1165874121115165 16.105806972545068 19.208392501468325 324.06924872215694 33.952796370756758 31.937748715278559 48.840035324568589 14.940007584282922 1.6769549476314285
leaf_count=317427 797945 761 10413 7474 147544 18721 54246 4945 639592 76200 12621 21356 138530 2487
internal_value=8.47706e-05 0.000440032 0.0217762 -0.000255363 -0.00337498 -0.00676233 -0.00553041 -0.027019 -0.00365633 -0.0126853 -0.0189427 -0.0138209 -0.0372526 -2.98197e-05
internal_weight=1411.38 1400.25 44.1967 1356.05 785.739 516.459 496.403 39.8199 456.583 130.836 96.8836 80.7778 20.0566 325.746
internal_count=2250262 1452317 11174 1441143 1433669 1116242 958991 152489 806502 164423 88223 33977 157251 642079
is_linear=0
shrinkage=0.05


Tree=150
num_leaves=15
num_cat=0
split_feature=27 22 10 16 14 16 22 27 10 9 18 10 16 1
split_gain=8.72894 8.23571 7.24495 7.06377 5.45143 6.85026 6.74419 4.92112 7.90886 5.40638 4.8011 10.1884 5.67285 4.59387
threshold=2.9892170429229741 0.75472605228424083 0.022063667885959152 2.1383330821990971 1.0000000180025095e-35 2.4414010047912602 0.64979484677314769 3.2228242158889775 0.021661921404302124 0.99919417500495922 0.47298756241798406 0.022467030212283138 5.0782890319824228 3.5000000000000004
decision_type=10 8 10 8 10 8 8 8 8 10 8 8 10 10
left_child=1 4 3 -3 5 -1 -7 8 -2 10 -9 -12 -13 -8
right_child=7 2 -4 -5 -6 6 13 9 -10 -11 11 12 -14 -15
leaf_value=-0.0022850318196454213 -0.09662200532437254 0.036941114948046805 0.012905585609162398 -0.0019365147065281863 -0.002833103784348793 -0.030268352148917169 -0.0022850318196454213 0.0068196578601667475 0.040708559683188927 0.033624892031596444 0.038062764881143185 -0.062407507355909046 0.0096295850416097881 -0.020085014455711567
leaf_weight=55.889689755997516 1.1116368980435876 11.98852108562903 118.00394441643198 459.38320907235266 397.13113939182472 65.615890950245699 54.039089372635317 133.4680151521577 18.424055653860194 16.449010944729139 5.4353414655007439 10.026060176825409 3.7570346499438889 57.601182129674271
leaf_count=112793 5964 2426 1937 69777 846851 1041193 6084 71433 10582 1014 27712 20309 20991 10246
internal_value=-0.00087467 -0.00242289 0.00182596 -0.00094773 -0.00639602 -0.012465 -0.0175468 0.00913373 0.0328941 0.00638934 0.00345524 -0.01991 -0.0427714 -0.0100698
internal_weight=1408.32 1219.65 589.376 471.372 630.277 233.146 177.256 188.671 19.5357 169.135 152.686 19.2184 13.7831 111.64
internal_count=2249312 2091307 74140 72203 2017167 1170316 1057523 158005 16546 141459 140445 69012 41300 16330
is_linear=0
shrinkage=0.05


Tree=151
num_leaves=15
num_cat=0
split_feature=3 4 18 17 0 17 2 4 26 17 8 15 17 17
split_gain=8.01708 7.82032 7.4375 6.40223 7.47715 6.41444 8.24075 6.38918 7.62555 5.99498 5.78601 8.59702 9.5848 7.4666
threshold=0.027712970972061161 0.051967203617095954 0.041128322482109077 5.4531798362731942 0.59777379035949718 5.2067463397979745 1.2484151124954226 0.059270083904266364 0.47338935732841497 4.6395599842071542 61.500000000000007 1.0000000180025095e-35 5.8245229721069345 5.1676349639892587
decision_type=8 10 8 10 8 10 8 10 10 8 10 10 10 8
left_child=1 10 3 5 -5 6 -2 8 -4 -3 13 -12 -13 -1
right_child=2 9 7 4 -6 -7 -8 -9 -10 -11 11 12 -14 -15
leaf_value=-0.0056151527843392238 0.03156112053832328 -0.017068281760678896 -0.0044963586374036071 -0.067266472042669348 0.010721627280778419 0.061602054649765974 -0.083950918866357332 -0.036772466643611799 0.014160143545360805 0.052656529740980687 0.027802119410482301 -0.1217842767499757 0.021310502481845583 0.0077614094609485349
leaf_weight=179.35674342947038 6.7425874161293269 3.9408899245972888 787.99064751329297 3.531984746751081 23.671211252000916 11.811175362487488 2.0026021675969901 14.412439743103389 58.862401406273989 14.159288114358786 42.252124808775307 2.1339268654519392 2.5913110573455924 249.35991674095408
leaf_count=3754 15064 358 1457781 43991 15243 9800 1014 638733 56206 1121 743 81 55 6362
internal_value=8.94926e-05 0.00521802 -0.00269639 0.0165095 0.000595877 0.0375687 0.00510947 -0.00376141 -0.0031996 0.0374756 0.00399061 0.0206491 -0.0433114 0.00216523
internal_weight=1402.82 493.794 909.025 47.7596 27.2032 20.5564 8.74519 861.265 846.853 18.1002 475.694 46.9774 4.72524 428.717
internal_count=2250306 12474 2237832 85112 59234 25878 16078 2152720 1513987 1479 10995 879 136 10116
is_linear=0
shrinkage=0.05


Tree=152
num_leaves=15
num_cat=0
split_feature=10 23 12 4 9 22 18 1 18 1 1 18 17 17
split_gain=8.92718 6.31129 6.37391 6.09599 5.94346 5.81231 8.49652 5.16709 5.62115 6.13271 7.20273 7.75149 6.83017 11.3898
threshold=0.0093467044644057768 23.500000000000004 0.19543650746345523 0.005178093910217286 0.093674376606941237 0.71941202878952037 0.73218020796775829 168.50000000000003 0.1714701056480408 192.50000000000003 205.50000000000003 0.16426252573728564 4.6586997509002694 4.6395599842071542
decision_type=10 10 10 8 10 8 10 10 10 10 10 10 8 10
left_child=4 2 5 -3 7 6 -2 -1 9 -9 -11 -12 13 -13
right_child=1 3 -4 -5 -6 -7 -8 8 -10 10 11 12 -14 -15
leaf_value=-0.0016665734219726653 -0.0031783687547223432 0.057630355003479031 0.052446648741082826 0.0093504302362334892 -0.041689431914237733 0.0073324970811518043 -0.064394818745575774 -0.052277031136302089 -0.043342882553825186 0.052168700640205783 -0.018992225223663135 -0.056102134851333176 0.093064956955181966 1.4829940839407385
leaf_weight=951.97597252925152 91.925877650307825 11.191001601934717 6.757134152019602 15.725152973080354 9.7462463497095069 260.63413282128272 6.0406642549353355 5.8372515615262897 15.516007511588226 6.0302117778906732 17.106547288625595 0.024369199631904537 1.000889810377501 0.023721757376591768
leaf_count=1237003 10320 32936 319 199079 548647 12591 2158 27995 131077 8775 37879 251 1267 6
internal_value=-0.000341224 0.00605777 0.00433637 0.0294239 -0.00283329 0.00342982 -0.006953 -0.00245364 -0.018907 -0.00627844 0.00482337 -0.010902 0.121032 0.703086
internal_weight=1399.54 392.274 365.358 26.9162 1007.26 358.601 97.9665 997.515 45.539 30.023 24.1857 18.1555 1.04898 0.048091
internal_count=2250303 257403 25388 232015 1992900 25069 12478 1444253 207250 76173 48178 39403 1524 257
is_linear=0
shrinkage=0.05


Tree=153
num_leaves=15
num_cat=0
split_feature=24 12 7 22 1 18 1 24 8 16 24 4 18 23
split_gain=8.77266 8.60252 6.36151 5.8605 5.26988 8.06491 7.47667 4.80243 4.54651 4.23819 4.87556 3.73842 5.44527 4.63485
threshold=-0.08768697082996367 0.21240601688623431 47.640907287597663 0.71941202878952037 24.500000000000004 0.4845160990953446 22.500000000000004 1.2523145675659182 1.5000000000000002 4.0517470836639413 1.7424008250236513 0.0009677112102508546 0.082752548158168807 2.5000000000000004
decision_type=8 10 10 8 8 10 10 8 10 8 8 10 8 10
left_child=-1 2 3 4 6 -6 11 -4 -9 10 -5 12 -2 -14
right_child=1 -3 7 9 5 -7 -8 8 -10 -11 -12 -13 13 -15
leaf_value=-0.049002199237324844 -0.002813269777231021 0.044898869132675073 0.048082883325937055 -0.002813269777231021 -0.002813269777231021 -0.035138097427004376 -0.079687361511932453 0.026083598838628947 0.0047390923569217312 -0.002813269777231021 0.0047390923569217312 -0.0094606896055547153 -0.002813269777231021 -0.088124032870966096
leaf_weight=9.408631370116721 2.286616593223866 10.330352003235474 8.1551993315873101 47.052895889130241 229.07972133907114 19.824773810148002 4.0356846916608609 27.081653069457388 63.249903267685283 310.0497092822925 442.69543808451272 197.15522934541556 2.2458608956076214 5.4440198823031096
leaf_count=937421 282 4017 15374 2831 838561 284238 6554 1119 6710 39092 43175 68798 28 2081
internal_value=-0.000886727 -0.000555971 -0.000901657 -0.00185834 -0.00635461 -0.00281327 -0.012285 0.0113365 0.00801904 0.000728067 0.00367634 -0.0109717 -0.0408328 -0.0631919
internal_weight=1378.1 1368.69 1358.36 1259.87 460.072 248.904 211.167 98.4868 90.3316 799.798 489.748 207.132 9.9765 7.68988
internal_count=2250281 1312860 1308843 1285640 1200542 1122799 77743 23203 7829 85098 46006 71189 2391 2109
is_linear=0
shrinkage=0.05


Tree=154
num_leaves=15
num_cat=0
split_feature=3 22 23 1 1 9 22 4 23 22 23 28 9 25
split_gain=10.1724 7.85467 6.48588 5.37204 5.02369 4.61785 4.98568 4.4152 3.88091 8.54692 4.92967 3.66158 3.60766 3.53921
threshold=0.20120581984519961 0.71941202878952037 2.5000000000000004 26.500000000000004 265.50000000000006 0.30271321535110479 0.62438565492630016 0.02337703108787537 4.5000000000000009 0.64979484677314769 17.500000000000004 1.5000000000000002 0.2542340755462647 1.0000000180025095e-35
decision_type=10 8 10 10 10 8 10 10 8 10 10 8 8 8
left_child=1 2 5 -3 -4 -1 -7 8 -2 11 -11 -10 -5 -12
right_child=7 3 4 12 -6 6 -8 -9 9 10 13 -13 -14 -15
leaf_value=-0.087683937503222245 -0.098669822916928829 0.0054310996747518464 -0.0014249603880133728 0.043253069762753456 -0.062652252691746776 -0.046364170804802221 -0.010491598064264814 -0.05931909731727613 -0.040351312921244123 0.035779217085195929 0.21351305346715704 0.035779217085195929 -0.00076382750501103572 0.035779217085195929
leaf_weight=2.2292773920399886 1.1918452621756763 706.90156310870748 398.19112675278961 6.9733234266968784 3.378641769840157 11.023234704003015 79.836415678347294 9.7578500882292456 6.7894146602650922 0.72964427972056078 0.87567858868442239 1.4888789685755206 171.78274156017142 0.17386374104489744
leaf_count=207 178 23260 1051722 692 26620 436 1600 773215 310998 852 1987 29929 27343 758
internal_value=-0.00017532 0.000350222 -0.00469668 0.00316902 -0.0019401 -0.0165881 -0.0148437 -0.0347071 -0.0133582 -0.00324846 0.0961752 -0.0246168 -0.000763828 0.169667
internal_weight=1401.32 1380.32 494.659 885.658 401.57 93.0889 90.8597 21.0072 11.2493 10.0575 1.77919 8.27829 178.756 1.04954
internal_count=2249797 1131880 1080585 51295 1078342 2243 2036 1117917 344702 344524 3597 340927 28035 2745
is_linear=0
shrinkage=0.05


Tree=155
num_leaves=15
num_cat=0
split_feature=27 25 24 1 2 1 15 17 28 2 13 23 25 26
split_gain=9.23766 7.05554 6.77891 7.15543 6.74536 6.80642 6.38383 10.2495 16.7903 5.42432 6.09844 8.15677 4.51263 5.78675
threshold=2.9892170429229741 1.5000000000000002 2.3152083158493046 197.50000000000003 1.024612605571747 25.500000000000004 1.0000000180025095e-35 3.4811217784881596 1.5000000000000002 0.9911039173603059 0.020620748400688175 9.5000000000000018 1.5000000000000002 0.12771739065647128
decision_type=10 10 10 10 8 10 8 10 10 8 8 8 10 10
left_child=1 2 -1 -4 6 12 7 8 -2 10 11 -8 -6 -14
right_child=4 -3 3 -5 5 -7 9 -9 -10 -11 -12 -13 13 -15
leaf_value=-0.0031275178151668089 1.7027097065127181 -0.04425266995731908 0.0059303565181049447 -0.071373506656990451 0.022400926797360245 -0.036084682871787677 -0.11704393617815062 0.061294933077641001 -0.98547908601503209 0.073209979866110886 -0.021962244587413887 0.078113386491384745 -0.047106729273343959 0.0063653444241304705
leaf_weight=852.60289019998038 0.021901856424705879 9.3948476457862835 335.02964494603668 3.0204446347336207 46.212424599941841 8.7002851538840087 0.62601816254732501 10.686825695654177 0.0079052865399660277 3.1904110171582003 9.3264997398210152 3.699320584666836 5.3337674918723215 98.451388830527236
leaf_count=2053878 328 31530 6410 110 3763 7293 128 15234 169 1252 98367 21838 910 9062
internal_value=0.000515505 -0.00109247 -0.000751911 0.00523965 0.0108756 0.00691046 0.0337091 0.0638774 0.989763 0.0145131 0.000795787 0.0498677 0.0094043 0.00361729
internal_weight=1386.3 1200.05 1190.65 338.05 186.257 158.698 27.5589 10.7166 0.0298071 16.8422 13.6518 4.32534 149.998 103.785
internal_count=2250272 2091928 2060398 6520 158344 21028 137316 15731 497 121585 120333 21966 13735 9972
is_linear=0
shrinkage=0.05


Tree=156
num_leaves=15
num_cat=0
split_feature=27 25 3 15 22 23 2 2 1 3 23 16 16 2
split_gain=9.57974 7.45013 6.63868 5.80964 6.17522 8.21964 17.0999 14.5796 7.78505 7.33733 5.91526 6.54391 5.47705 7.404
threshold=2.3535244464874272 1.5000000000000002 0.23922684788703921 1.0000000180025095e-35 0.64979484677314769 26.500000000000004 0.027197523042559627 -0.026114902459084984 74.500000000000014 0.10536301136016847 14.500000000000002 1.0000000180025095e-35 5.3636341094970712 1.0021235346794131
decision_type=10 10 10 8 10 8 8 10 8 8 10 10 10 10
left_child=1 2 3 4 10 -6 7 -7 -8 -10 11 -1 -5 -14
right_child=-2 -3 -4 12 5 6 8 -9 9 -11 -12 -13 13 -15
leaf_value=-0.67681802428916615 0.010091708007586851 -0.074828868407473201 -0.04362821735971268 -0.00054446049164062532 -0.0087945249437259409 0.25185133943897103 -0.021020961491456949 1.1652066356883517 0.2278558938533698 -0.021020961491456949 -0.021020961491456949 -0.067161093018094864 0.053081221011569646 0.0034081937892944583
leaf_weight=0.044258580402572245 209.27503025915075 3.454894168541613 9.1903130218568077 1039.5043710220534 74.368867221478013 0.1528294007985096 0.97060559360943521 0.061184251188023175 0.7496437450390655 0.3511784118391007 13.675107331273678 8.0170440307733752 11.23031112027793 22.595422672315451
leaf_count=87 188450 13409 715307 1084614 4697 317 631 43 171 1034 173479 7951 51370 8503
internal_value=0.000229922 -0.00151264 -0.00129814 -0.000966127 -0.0125946 -0.00592429 0.087474 0.51297 0.043513 0.138719 -0.0361176 -0.0705083 9.9838e-05 0.0198999
internal_weight=1393.64 1184.37 1180.91 1171.72 98.3907 76.6543 2.28544 0.214014 2.07143 1.10082 21.7364 8.0613 1073.33 33.8257
internal_count=2250063 2061613 2048204 1332897 188410 6893 2196 360 1836 1205 181517 8038 1144487 59873
is_linear=0
shrinkage=0.05


Tree=157
num_leaves=15
num_cat=0
split_feature=27 3 13 15 7 8 17 24 0 2 27 13 17 1
split_gain=9.01571 6.6441 6.8814 8.42834 6.96838 6.88641 6.3844 8.22806 8.10288 6.22521 5.88352 5.512 5.46486 12.8768
threshold=3.0573540925979619 0.027712970972061161 0.1649659872055054 1.0000000180025095e-35 87.561401367187514 181.50000000000003 4.8559212684631357 -1.8400957584381101 0.72043824195861828 1.5291855931282046 1.1027093529701235 0.001508420624304563 5.2390944957733163 76.500000000000014
decision_type=10 10 8 10 10 10 8 10 10 8 10 10 10 10
left_child=1 -1 5 4 10 12 7 -5 9 -8 -4 -2 13 -3
right_child=11 2 3 6 -6 -7 8 -9 -10 -11 -12 -13 -14 -15
leaf_value=0.0032665470488507189 0.0075564089113029295 0.0089889299793555338 -0.0065468773462875052 0.54413068277116339 0.048071344529337243 0.061484170371089414 -0.0011117024852754494 0.026786935067418267 0.018510668947874922 -0.045003812091247958 -0.035202159870168469 0.036769526732533579 -0.024938270801577192 -0.068981660107454837
leaf_weight=459.42448549222377 168.47197338815027 35.807280482096836 336.59852563500738 0.077089148440864785 5.6141259009468731 2.8575676373485512 170.85007550738101 25.432442033190839 56.611156629388802 8.479247910306297 18.919842569423054 17.858724464064778 77.40858685712486 6.214196350025964
leaf_count=71967 146364 110838 1367907 766 9761 7896 173366 14981 3610 1388 70165 10522 212254 47704
internal_value=0.000121287 -0.0014623 -0.00437897 -0.00224907 -0.00719905 -0.0152226 0.00458819 0.0283503 0.00201906 -0.00318706 -0.00807184 0.0103563 -0.017058 -0.00254147
internal_weight=1390.63 1204.29 744.87 622.583 361.132 122.288 261.45 25.5095 235.94 179.329 355.518 186.331 119.43 42.0215
internal_count=2249489 2092603 2020636 1641944 1447833 378692 194111 15747 178364 174754 1438072 156886 370796 158542
is_linear=0
shrinkage=0.05


Tree=158
num_leaves=15
num_cat=0
split_feature=27 3 27 24 12 16 1 18 2 12 8 9 3 2
split_gain=9.03808 8.27186 7.87735 5.99561 5.06969 5.14502 6.18067 6.10611 7.26397 10.3487 8.27879 7.83953 6.38998 7.60505
threshold=9.0439276695251483 0.23922684788703921 9.0791335105896014 2.3152083158493046 0.19543650746345523 5.6039605140686044 9.5000000000000018 0.3614740669727326 2.0746576786041264 0.031754031777381904 6.5000000000000009 0.6957170069217683 0.15174648165702823 1.0000000180025095e-35
decision_type=10 10 10 10 10 10 10 10 10 8 8 10 10 8
left_child=1 3 -2 4 5 7 -7 8 9 -1 -11 -12 13 -9
right_child=2 -3 -4 -5 -6 6 -8 12 -10 10 11 -13 -14 -15
leaf_value=-0.0205321017484335 0.060457626055849437 -0.046803155006036587 0.011190918892467866 0.0053597240125858991 0.03199924146961014 0.042836107162295758 -0.0091456297414773818 0.16359425646583356 0.013866868990607012 0.034397733419535441 -0.0011074582030394301 -0.077080233931733036 -0.052693880529957077 -0.010227742039666334
leaf_weight=72.708263471816139 10.494648198761636 9.418145761592994 35.761181330890963 398.67123081699799 10.866773561735611 13.483976202034563 9.9292753927890143 0.63201942136464595 73.246105118320202 16.465747593188581 588.254634105479 3.415295299592457 9.086475918717893 144.2968312530885
leaf_count=124084 1347 785266 22409 7440 7205 30103 27623 4740 2606 5052 757368 4282 261926 208301
internal_value=0.000636085 -0.00010829 0.0223687 0.000219645 -0.00195484 -0.00235094 0.0207913 -0.0029476 -0.00109469 -0.00270427 -0.000572791 -0.001546 -0.0120198 -0.00946972
internal_weight=1396.73 1350.47 46.2558 1341.06 942.385 931.519 23.4133 908.105 754.09 680.844 608.136 591.67 154.015 144.929
internal_count=2249752 2225996 23756 1440730 1433290 1426085 57726 1368359 893392 890786 766702 761650 474967 213041
is_linear=0
shrinkage=0.05


Tree=159
num_leaves=15
num_cat=0
split_feature=24 27 25 24 1 16 7 4 17 1 17 2 24 2
split_gain=10.2562 7.34458 6.85478 6.31419 7.04386 10.7405 9.45963 9.15681 8.44812 9.07712 11.9159 8.97388 6.79652 8.63448
threshold=2.3152083158493046 9.0439276695251483 1.5000000000000002 -0.1444694101810455 3.5000000000000004 5.3636341094970712 123.231502532959 0.010213136672973635 5.7413980960845956 1.5000000000000002 5.8245229721069345 0.25931994616985327 1.7424008250236513 1.6878933906555178
decision_type=10 10 8 8 10 10 10 8 10 10 10 10 8 10
left_child=1 3 -3 -1 5 7 12 8 11 -10 -11 -5 13 -6
right_child=-2 2 -4 4 6 -7 -8 -9 9 10 -12 -13 -14 -15
leaf_value=-0.048586716445030709 0.0058138048440996987 0.085025318343719569 0.0094286284307159157 0.047161513647888245 -0.011722359927658603 0.040655305247885305 0.071212948863566827 -0.0071216236810513816 -0.034318417115300363 -0.069571973270027898 0.03114185272674698 0.009932961002515929 -0.0030744830993846219 -0.053210327207058941
leaf_weight=7.8937408979768335 426.71766195132375 4.2789044478036518 10.022326617463307 20.632286090342987 222.60612721304258 17.104754656706291 3.8417837270225155 188.51343439652558 19.085462954252534 3.5550608774028687 16.889708630244058 75.13128602075092 349.28749224430265 13.289688040079595
leaf_count=887176 8803 851 21802 88475 643180 33254 564 457189 33176 93 358 15704 50087 9145
internal_value=-0.000627634 -0.0035145 0.032047 -0.00405678 -0.00367879 0.00204119 -0.00698937 1.43782e-06 0.00992645 -0.00952027 0.0136291 0.0179539 -0.00750277 -0.0140597
internal_weight=1378.85 952.132 14.3012 937.831 929.937 340.912 589.025 323.807 135.294 39.5302 20.4448 95.7636 585.183 235.896
internal_count=2249857 2241054 22653 2218401 1331225 628249 702976 594995 137806 33627 451 104179 702412 652325
is_linear=0
shrinkage=0.05


Tree=160
num_leaves=15
num_cat=0
split_feature=27 22 24 1 16 18 10 18 22 22 24 3 3 18
split_gain=10.1847 7.57587 6.21258 5.47555 5.95206 5.84095 4.94843 4.903 4.77421 4.3047 6.05432 5.27173 4.286 5.58158
threshold=2.1672358512878422 0.75472605228424083 2.3152083158493046 209.50000000000003 2.8617925643920903 0.057510951533913619 0.011362744960933925 0.049730988219380386 0.41220951080322271 0.51492512226104747 1.1943128705024721 0.087302923202514662 1.0000000180025095e-35 0.35308745503425604
decision_type=10 10 10 10 8 10 8 10 8 8 8 10 10 10
left_child=1 6 -3 4 5 7 -1 -2 -8 -6 11 -11 13 -10
right_child=3 2 -4 -5 9 -7 8 -9 12 10 -12 -13 -14 -15
leaf_value=-0.040770917837316956 0.017281235897239577 -0.0011824783979387499 0.008771623269620733 -0.079845417169391752 -0.060264037424120169 0.037256707652172261 -0.053167845030471887 -0.054135810853899513 -0.0076005368086852244 -0.026429353837672361 0.0055145727777407812 0.081473502825380031 -0.0027208667671777941 -0.028773622204514238
leaf_weight=9.6708693341284917 8.0951465516455325 251.19296301501345 239.02405231667501 1.6724611123940452 2.3864218399950388 34.177607326312625 5.0523869425040875 3.4179470470623547 77.634794831502631 0.89117603954878166 149.25093937230116 4.5624650540082996 567.69484433047228 19.213911708391038
leaf_count=601493 4257 4093 2675 8323 138184 7014 444482 899 19392 2538 17247 16199 973585 10709
internal_value=-4.17263e-05 -0.00184168 0.00289545 0.0102541 0.0109972 0.0268809 -0.0052604 -0.00392068 -0.00474753 0.00637734 0.00740533 0.0591501 -0.0043794 -0.0141012
internal_weight=1373.94 1169.48 490.217 204.454 202.782 45.6907 679.267 11.5131 669.596 157.091 154.705 5.45364 664.544 96.8487
internal_count=2251090 2056429 6768 194661 186338 12170 2049661 5156 1448168 174168 35984 18737 1003686 30101
is_linear=0
shrinkage=0.05


Tree=161
num_leaves=15
num_cat=0
split_feature=24 7 22 23 16 13 2 27 22 16 10 13 23 14
split_gain=8.59376 6.5906 4.68803 5.09478 12.5702 6.38421 4.74459 4.62627 4.45306 3.8904 3.88829 3.51064 3.49058 3.43431
threshold=2.3152083158493046 123.231502532959 0.449222281575203 30.500000000000004 3.65057384967804 0.098780486732721343 2.0746576786041264 8.3861227035522479 0.66424882411956798 2.0126758217811589 0.031299682334065444 0.1234756112098694 17.500000000000004 inf
decision_type=10 10 8 10 10 10 10 10 10 10 10 8 10 8
left_child=1 2 -1 6 11 13 7 -4 9 -2 12 -5 -8 -6
right_child=8 -3 3 4 5 -7 10 -9 -10 -11 -12 -13 -14 -15
leaf_value=-0.033519255314057694 -0.062986972587913026 0.04256495307170715 -0.0057750848426347499 -0.018093211787358596 -0.018093211787358596 0.019743662478385812 0.011839736634043732 0.019743662478385812 0.0071973220673615919 -0.0065138843931844886 -0.018093211787358596 0.019743662478385812 -0.018093211787358596 0.019743662478385812
leaf_weight=12.478936227469664 3.5394826657193361 7.9763138906806708 722.33964980271764 3.650742775663872 29.294200819284605 5.7599672531327846 86.073721729702243 7.6223944788104054 395.92560797358976 22.037067021124471 9.8442506623146055 54.980150121979243 1.8868135254954257 4.0445258880177724
leaf_count=1244704 215 6200 186245 39385 375009 39733 2030 1737 6655 1898 275 299670 480 45954
internal_value=-4.68842e-05 -0.00269277 -0.00307763 -0.00266717 0.00812942 -0.0140338 -0.00394186 -0.00532748 0.00589111 -0.0143291 0.00639968 0.0197437 0.00979143 -0.0180932
internal_weight=1367.45 945.952 937.975 925.496 97.7296 39.0987 827.767 729.962 421.502 25.5765 97.8048 58.6309 87.9605 33.3387
internal_count=2250190 2241422 2235222 990518 799751 460696 190767 187982 8768 2113 2785 339055 2510 420963
is_linear=0
shrinkage=0.05


Tree=162
num_leaves=15
num_cat=0
split_feature=22 28 23 4 12 18 22 10 17 17 23 22 2 0
split_gain=6.18974 5.10567 4.29628 9.39378 7.33119 6.87286 5.82834 5.82487 4.98932 15.9076 31.6593 31.4049 10.2206 10.4737
threshold=0.41220951080322271 3.5000000000000004 28.500000000000004 0.018595755100250248 0.07619738951325418 0.041128322482109077 0.60698100924491893 0.011362744960933925 5.4049246311187753 5.4004201889038095 142.50000000000003 0.60392275452613842 0.69162210822105419 0.66398701071739208
decision_type=8 10 10 10 10 8 8 10 10 10 10 10 8 10
left_child=-1 2 6 4 7 -5 -2 8 9 12 -11 -12 13 -4
right_child=1 -3 3 5 -6 -7 -8 -9 -10 10 11 -13 -14 -15
leaf_value=-0.042231660163146223 -0.020667120974613658 0.014168290967746253 0.047720254197726991 0.051680558914193188 0.065851121698849394 -0.020892001655200502 -0.00048675855723983512 0.043185880396511014 -0.0058874273819852271 0.33643865224000569 -0.020892001655200502 5.3223284742792529 -0.0095820016451822112 0.43905398570531978
leaf_weight=8.5484001994267 36.923952678346041 64.598182007300693 12.306652452865649 3.5135866338272832 7.3094390381179428 27.320098630385225 1153.7398386572968 13.382419369203914 34.076483078644728 0.10703843049941397 0.004603970244716038 0.006649392656981945 13.527821053714819 0.17338882751997253
leaf_count=1050278 47820 3569 133997 23408 23191 546692 143927 19616 178781 558 743 8 76712 552
internal_value=0.000182423 0.000447657 -0.000232882 0.00914184 0.0180926 -0.0143413 -0.00111258 0.0133486 0.00671614 0.023155 0.601664 3.1244 0.0205238 0.0531572
internal_weight=1375.54 1366.99 1302.39 111.728 80.8945 30.8337 1190.66 73.5851 60.2026 26.1262 0.118292 0.0112534 26.0079 12.48
internal_count=2249852 1199574 1196005 1004258 434158 570100 191747 410967 391351 212570 1309 751 211261 134549
is_linear=0
shrinkage=0.05


Tree=163
num_leaves=15
num_cat=0
split_feature=22 13 3 18 22 3 23 17 12 24 24 28 10 18
split_gain=6.68748 5.89211 5.35918 5.71158 9.34617 6.42812 6.34256 8.37854 6.65073 6.08985 7.50442 6.52624 6.34947 6.5984
threshold=0.449222281575203 0.15301003307104113 0.17652207612991336 0.28456890583038336 0.68443962931633007 0.14977487921714785 35.500000000000007 5.962292194366456 0.10741758346557619 1.1943128705024721 1.7424008250236513 1.5000000000000002 0.019797164015471939 0.12143779918551446
decision_type=8 10 10 10 8 10 10 10 8 8 8 8 10 10
left_child=-1 2 3 5 -5 6 9 8 -8 -2 12 -12 13 -11
right_child=1 -3 -4 4 -6 -7 7 -9 -10 10 11 -13 -14 -15
leaf_value=-0.037927492538848875 0.067682791177083146 0.013508490357448489 -0.01881939277815475 -0.01881939277815475 -0.001600885572509197 0.024714500063270042 -0.01881939277815475 -0.01881939277815475 0.035040949915607141 -0.01881939277815475 -0.01881939277815475 0.0037097777289361944 0.021206896121014125 -0.0015888981342149413
leaf_weight=11.544231021984443 3.3389417889756601 79.385059099099408 28.849419161223295 61.548946809507655 311.28866525238431 30.490982525296886 3.6034805558757768 7.8161147678621026 36.642914228668374 89.794167473053221 16.363086100113378 587.58019701698254 16.559758673039823 91.640333017243506
leaf_count=1250042 994 40750 444605 189501 22147 76026 23732 38623 109339 13556 5632 18472 1349 15617
internal_value=-3.18116e-05 0.000288707 -0.00052766 -3.29577e-05 -0.0052229 0.00215638 0.00135035 0.0189949 0.0283831 0.000297245 1.66787e-05 0.00278608 -0.00843086 -0.0111359
internal_weight=1376.45 1364.9 1285.52 1256.67 372.838 883.83 853.339 48.0625 40.2464 805.276 801.938 603.943 197.994 181.435
internal_count=2250385 1000343 959593 514988 211648 303340 227314 171694 133071 55620 54626 24104 30522 29173
is_linear=0
shrinkage=0.05


Tree=164
num_leaves=15
num_cat=0
split_feature=24 27 27 0 23 9 18 18 18 0 18 18 4 3
split_gain=10.2262 5.99309 7.11726 5.57501 4.78294 4.35363 4.20015 5.72171 5.00734 5.66051 4.99279 9.79751 8.27986 7.29857
threshold=2.3152083158493046 9.0439276695251483 9.4501094818115252 0.49051268398761755 110.50000000000001 0.90763464570045482 0.14216277003288272 0.055598488077521331 0.047498673200607307 0.61570414900779735 0.16674263030290606 0.16936419904232028 0.0048017203807830819 0.027712970972061161
decision_type=10 10 8 8 8 10 10 8 8 10 10 10 8 10
left_child=1 3 -3 -1 -4 -5 7 8 9 -2 12 -12 -8 -14
right_child=6 2 4 5 -6 -7 10 -9 -10 -11 11 -13 13 -15
leaf_value=-0.045776356656680992 -0.071602389157604154 0.069314125639602209 -0.045253045071045855 -0.0030001420680047836 0.03379178773478065 0.022300009251638719 -0.064411242041942054 0.018780346852634022 -0.04375744233543194 0.01945421280896675 0.080811806229267757 0.0043412546793824992 0.027683570336037019 -0.03650513522503232
leaf_weight=7.5115067038747751 1.967881507900304 6.3321071533098179 3.5145880254518156 908.37043620515226 4.2016373794461543 17.328128536927352 6.8987431409914306 113.24654529325142 7.0721156955796678 12.862590606245247 4.259148268131411 252.82336981818673 10.263332273432754 7.7897561861741442
leaf_count=599482 140 2902 1584 1613243 18140 3997 59 2333 149 226 40 5375 235 237
internal_value=0.000485919 -0.00238671 0.0300277 -0.00287467 -0.00221157 -0.00252655 0.00700853 0.0142559 -0.00913733 0.00737175 0.00353561 0.00560816 -0.0178182 -1.33175e-05
internal_weight=1364.44 947.258 14.0483 933.21 7.71623 925.699 417.183 135.149 21.9026 14.8305 282.034 257.083 24.9518 18.0531
internal_count=2248142 2239348 22626 2216722 19724 1617240 8794 2848 515 366 5946 5415 531 472
is_linear=0
shrinkage=0.05


Tree=165
num_leaves=15
num_cat=0
split_feature=27 25 24 7 22 9 4 3 18 18 7 26 4 21
split_gain=8.76916 9.13669 7.31053 4.96758 4.78769 4.67308 4.11755 4.04151 3.97452 4.98667 4.06041 4.10467 5.80195 3.89352
threshold=9.0439276695251483 1.5000000000000002 2.3152083158493046 71.305595397949233 0.64364916086196911 0.71020442247390758 0.0040641427040100106 0.23374149203300479 0.14216277003288272 0.051621668040752418 28.448482513427738 0.40454545617103582 0.014115929603576662 1.5000000000000002
decision_type=10 10 10 10 10 8 10 10 8 10 10 8 8 10
left_child=2 -2 3 7 5 -4 -5 13 9 -6 11 12 -11 -1
right_child=1 -3 4 6 8 -7 -8 -9 -10 10 -12 -13 -14 -15
leaf_value=-0.0027152796523846833 0.069714598688173243 0.011411608030851035 -0.060769068129480665 0.051829724981541703 -0.0071602603655691963 -0.0071602603655691963 0.0099708548279003675 -0.036564174857179596 0.0034497188807884518 -0.0071602603655691963 0.038010754688842657 0.02568465058570836 0.02568465058570836 -0.079111961378225681
leaf_weight=903.75875105346802 8.301324555012938 35.267921720878434 5.1523077969023943 7.682329733716375 14.979772901055183 11.127487047849057 10.60858664188258 8.9806270074462855 264.99155993709292 26.775692611758132 22.35884536816593 24.049139256785566 15.207994004929786 1.6708413087192173
leaf_count=1375632 1194 22618 680 3875 247 897 24048 812465 4403 238 413 278 413 3651
internal_value=0.000450639 0.0225202 -0.000279279 -0.00267123 0.00552084 -0.0210141 0.023129 -0.00318731 0.00669355 0.0150091 0.0195944 0.0133585 0.00369866 -0.00285626
internal_weight=1360.91 43.5692 1317.34 932.701 384.643 16.2798 18.2909 914.41 368.363 103.371 88.3917 66.0328 41.9837 905.43
internal_count=2251052 23812 2227240 2219671 7569 1577 27923 2191748 5992 1589 1342 929 651 1379283
is_linear=0
shrinkage=0.05


Tree=166
num_leaves=15
num_cat=0
split_feature=7 1 24 23 1 28 16 16 10 2 17 0 16 0
split_gain=8.69345 6.05726 7.6319 11.3771 5.99705 6.8676 5.42783 6.42098 5.59036 5.52819 5.5816 5.38101 5.18033 5.0972
threshold=46.771591186523445 3.5000000000000004 1.7424008250236513 2.5000000000000004 12.500000000000002 3.5000000000000004 4.0517470836639413 4.1971738338470468 0.0050378153100609788 2.0746576786041264 4.8713660240173349 0.59694635868072521 2.4414010047912602 0.68527415394783031
decision_type=10 10 10 8 10 8 8 8 8 8 10 10 8 10
left_child=1 6 3 -3 5 13 8 9 -1 10 -8 -5 -7 -4
right_child=-2 2 4 11 -6 12 7 -9 -10 -11 -12 -13 -14 -15
leaf_value=-0.080718347120132997 0.014425365129572426 -0.081639291893474047 -0.017585942157412094 -0.036449705002489202 0.0053304217770449996 0.0068923991482331111 0.0068923991482331111 0.00023694217797451888 0.0068923991482331111 -0.0079689844730634115 -0.072248557035764979 -0.0068508093767281966 -0.051632580345847334 0.0019417678240111565
leaf_weight=1.8249303997457804 103.66801293228241 5.4305185548410426 46.643681176237465 16.302521434946527 262.97648205820769 1.8388008176991633 1.4418857808581851 159.66018132995887 338.90484603959715 15.156249929643325 8.4941476476731044 264.22444305197223 12.938894865247903 117.846068409704
leaf_count=82193 85116 115 3399 414183 15528 46 17715 564367 510364 3682 37171 513537 390 1988
internal_value=0.000510097 -0.000640567 -0.00359291 -0.00995853 0.000523134 -0.00652892 0.00345073 -0.00345834 0.0068924 -0.0269711 -0.0559566 -0.00857092 -0.0391793 -0.00359562
internal_weight=1357.35 1253.68 728.201 285.957 442.244 179.267 525.482 184.752 340.73 25.0923 9.93603 280.527 14.7777 164.49
internal_count=2249794 2164678 949186 927835 21351 5823 1215492 622935 592557 58568 54886 927720 436 5387
is_linear=0
shrinkage=0.05


Tree=167
num_leaves=15
num_cat=0
split_feature=27 25 22 18 10 4 8 10 13 16 26 17 16 26
split_gain=7.72739 5.9637 5.92106 5.32145 6.61603 6.30933 6.05265 5.0867 4.51178 5.09384 5.38315 4.30556 5.55877 3.96668
threshold=2.3535244464874272 1.5000000000000002 0.71941202878952037 0.47298756241798406 0.022467030212283138 0.049331009387969978 3.5000000000000004 0.032654678449034698 0.001508420624304563 3.7726949453353886 0.34057971835136419 4.6586997509002694 3.5694335699081425 0.96153846383094799
decision_type=10 10 10 10 8 8 8 10 10 10 8 8 10 10
left_child=2 8 7 -3 -5 6 -6 -1 9 11 -11 -2 -13 -12
right_child=1 3 -4 4 5 -7 -8 -9 -10 10 13 12 -14 -15
leaf_value=-0.0049594404445801044 0.043684683859225699 0.0062412005906434444 0.0017483504044835875 0.037954235597354946 0.022686031935194795 0.050089766707786837 -0.083075224139493767 -0.05352551877527037 0.060232284368816252 -0.036748821357835144 0.049048317528125863 0.0044397107952698685 0.062937867104714676 -0.039900044568440172
leaf_weight=492.89041781701542 18.295284636857566 119.26664047224412 652.10624135914634 2.9987210494157255 1.6759914369811184 1.4467960942056031 7.0151909485794173 5.4511287803179576 6.6042939335658835 7.9892501015526465 4.624875156721644 27.002026953869066 4.7798972855870536 1.7193796097674861
leaf_count=2047059 4812 69951 14475 21952 66 15726 19615 71 3808 28816 4539 12315 2747 4048
internal_value=0.000201006 0.00918433 -0.00138739 0.00291446 -0.0272887 -0.0465869 -0.0626804 -0.00549068 0.0208741 0.0168386 -0.00944336 0.0243612 0.0132376 0.0249421
internal_weight=1353.87 203.418 1150.45 132.403 13.1367 10.138 8.69118 498.342 71.015 64.4107 14.3335 50.0772 31.7819 6.34425
internal_count=2250000 188395 2061605 127310 57359 35407 19681 2047130 61085 57277 37403 19874 15062 8587
is_linear=0
shrinkage=0.05


Tree=168
num_leaves=15
num_cat=0
split_feature=10 9 28 9 28 18 1 15 2 3 8 16 10 20
split_gain=7.50058 6.16925 5.45652 5.3417 5.31548 4.89262 5.47382 5.84941 5.80325 8.80983 4.80095 4.62281 4.71373 5.76312
threshold=0.0081974081695079821 0.29814319312572485 inf 0.34015345573425299 2.5000000000000004 0.018532829359173778 20.500000000000004 inf 1.2484151124954226 0.13938072323799136 193.50000000000003 5.7838203907012948 0.020094855688512329 1.0000000180025095e-35
decision_type=8 10 8 10 10 8 10 8 8 10 8 10 10 8
left_child=2 11 -1 4 -3 -5 8 -8 9 -7 -10 12 -2 -14
right_child=1 3 -4 5 -6 6 7 -9 10 -11 -12 -13 13 -15
leaf_value=-0.066259148493396952 -0.00057939318265395217 -0.063795398309586068 0.066962103996137154 0.076492743131667471 0.035963290318903073 0.082185787216121145 -0.050280585909532084 -0.00084232948485024042 0.0060379251847577226 -0.020348121538744629 -0.091000533978613296 0.026327206675271431 0.072220636762704141 -0.026009441834979677
leaf_weight=6.3187975970111134 988.14569407437398 1.4204062330872229 0.87505677233512802 2.3968607165739781 22.287941902989502 5.9388938386051073 8.7243050118583891 19.042079310497986 261.67642635287592 3.2366837510689415 1.2808556049608899 15.518935627732501 1.5768793951434077 28.126646908694799
leaf_count=487435 1470314 23357 18317 1261 4752 4461 6694 36574 18264 135732 62 37817 66 4397
internal_value=0.000866051 0.00113552 -0.0500542 0.0071325 0.0299866 0.00534011 0.00477145 -0.016376 0.00692918 0.046017 0.00556525 -0.00075639 -0.00116933 -0.0207947
internal_weight=1366.57 1359.37 7.19385 326.004 23.7083 302.296 299.899 27.7664 272.133 9.17558 262.957 1033.37 1017.85 29.7035
internal_count=2249503 1743751 505752 231157 28109 203048 201787 43268 158519 140193 18326 1512594 1474777 4463
is_linear=0
shrinkage=0.05


Tree=169
num_leaves=15
num_cat=0
split_feature=24 16 16 28 3 3 1 16 4 14 7 16 9 14
split_gain=7.82762 7.29807 6.79364 6.75811 6.58292 6.10122 4.85593 7.38615 7.54986 7.3365 13.6926 6.30506 5.84952 6.36234
threshold=2.3152083158493046 6.3035306930542001 1.2424533367156985 1.5000000000000002 0.12093469500541688 0.20592841506004336 3.5000000000000004 2.5249279737472539 0.025936007499694828 1.0000000180025095e-35 13.39708995819092 2.4414010047912602 0.2542340755462647 inf
decision_type=8 10 8 8 8 10 10 8 8 10 10 8 8 8
left_child=1 2 -1 4 -2 6 7 8 -4 10 -8 -11 13 -9
right_child=3 -3 5 -5 -6 -7 9 12 -10 11 -12 -13 -14 -15
leaf_value=0.067085845358280119 -0.069534684830151156 0.052576561914780232 0.041121496932162216 0.0063864614802072832 -0.0031985442712219071 -0.037103773368091141 -0.02611066995760979 -0.070073801737812011 -0.020684983629275996 -0.042630622307471992 0.010829998432835062 -0.0012238228078095457 0.0010881830612568845 0.067482089180547933
leaf_weight=3.4561163666418073 5.7111057604890929 5.9765797144164017 21.553501130387982 497.58128958058961 10.835355570157445 13.032502660442558 91.751679673798321 5.2252805405492913 6.4105124511392324 9.4142302151168646 34.52404111821329 392.30282923275342 262.19612740649234 1.0017792625931532
leaf_count=5636 5561 17691 15545 28523 48024 1027560 376620 30624 11051 8311 38903 336958 293389 5844
internal_value=0.000474488 -0.00248008 -0.0028714 0.0053411 -0.0260948 -0.00316012 -0.00262351 0.00249834 0.0269529 -0.00549865 -0.016011 -0.00219419 -4.93092e-05 -0.0479445
internal_weight=1360.97 846.845 840.869 514.128 16.5465 837.412 824.38 296.387 27.964 527.993 126.276 401.717 268.423 6.22706
internal_count=2250240 2168132 2150441 82108 53585 2144805 1117245 356453 26596 760792 415523 345269 329857 36468
is_linear=0
shrinkage=0.05


Tree=170
num_leaves=15
num_cat=0
split_feature=10 1 2 3 10 16 16 4 14 16 2 26 27 3
split_gain=6.72133 6.45311 8.06162 7.24412 6.27724 6.13963 5.11595 5.4639 4.79736 12.0291 10.7616 8.85907 6.08179 5.49008
threshold=0.010752825997769834 193.50000000000003 0.9517502784729005 0.15368023514747622 0.02701977547258139 5.7838203907012948 6.1290478706359872 0.0009677112102508546 1.0000000180025095e-35 2.3502402305603032 1.5957945585250857 0.47338935732841497 3.2130168676376347 0.052876651287078864
decision_type=10 8 8 8 10 10 10 8 8 8 8 10 10 10
left_child=8 2 5 -3 6 -2 7 -5 9 -1 11 -11 13 -12
right_child=1 3 -4 4 -6 -7 -8 -9 -10 10 12 -13 -14 -15
leaf_value=0.020569762564540659 -0.056956478174030094 0.063642347259983773 0.0051236782843008845 0.18812671093909239 0.039859711239906837 0.054555025175941664 0.088822830610264192 -0.042929715825321929 -0.00050755359737779209 -0.03265624513504288 -0.011194656891373746 0.019091158671852959 0.039044696192763829 0.030845344804808852
leaf_weight=28.76143893310844 8.44916060147815 9.7580337373771773 337.06931752534103 0.26523775668991501 8.5179773369415539 1.4455465145786437 0.94259080499784875 7.2384948183466378 793.55703733897985 75.114649431009553 63.858058913666888 9.2942597103709641 8.3208045227307803 8.8411216596461539
leaf_count=62677 29221 9343 41192 3009 253 1568 2482 107419 1271735 676938 24095 13357 1756 5333
internal_value=-7.0421e-05 0.00564132 0.00381787 0.0293172 0.00957301 -0.0406654 -0.0209706 -0.0347625 -0.0022313 -0.00927537 -0.0144642 -0.0269583 -0.00144752 -0.00608207
internal_weight=1361.43 373.686 346.964 26.7223 16.9643 9.89471 8.44632 7.50373 987.747 194.19 165.429 84.4089 81.02 72.6992
internal_count=2250378 194487 71981 122506 113163 30789 112910 110428 2055891 784156 721479 690295 31184 29428
is_linear=0
shrinkage=0.05


Tree=171
num_leaves=15
num_cat=0
split_feature=27 25 18 10 8 4 7 27 27 16 9 9 8 18
split_gain=8.30014 6.12163 5.31677 6.91719 5.86988 6.66465 5.2122 4.94237 8.55905 7.81763 4.72457 5.54039 5.09929 4.67738
threshold=2.1672358512878422 1.5000000000000002 0.47298756241798406 0.022467030212283138 4.5000000000000009 0.049331009387969978 13.616288185119631 9.0439276695251483 3.4650033712387089 4.0342013835906991 0.1852068826556206 0.67093545198440563 173.50000000000003 0.17576161026954654
decision_type=10 10 10 8 8 8 10 10 10 10 8 8 8 10
left_child=-1 7 10 6 -5 -6 -4 8 -2 13 -3 12 -12 -10
right_child=1 2 3 4 5 -7 -8 -9 9 -11 11 -13 -14 -15
leaf_value=-0.0007765593187215302 0.037051573147270221 -0.070318703353007814 -0.11652991306471981 0.033578587871751213 -0.083430367680697101 0.042788916363507491 0.068098405148777102 0.062830849165369421 -0.0096524128398306208 -0.059770248674015453 0.030068292100626483 0.001650560335555956 -0.078649774298959543 0.031136291397326279
leaf_weight=1151.3446150779673 30.236281055431149 1.9301929028542435 0.4499060135286731 1.8748837208918576 6.968365364720575 1.2305231116132525 2.5425979424217005 6.7656919671884301 14.504567049917112 4.6654515704740644 30.725857834027881 81.350920412673858 1.117802959147794 13.636245900768555
leaf_count=2055477 28372 2823 8463 191 19692 15833 13773 1192 8824 20988 13694 53471 931 5983
internal_value=0.000849666 0.010306 0.00381821 -0.0264073 -0.0462354 -0.0644869 0.0403406 0.0222197 0.0178613 0.000174444 0.0072487 0.00857138 0.026252 0.0101126
internal_weight=1349.34 197.999 128.191 13.0663 10.0738 8.19889 2.9925 69.8082 63.0425 32.8063 115.125 113.195 31.8437 28.1408
internal_count=2249707 194230 128871 57952 35716 35525 22236 65359 64167 35795 70919 68096 14625 14807
is_linear=0
shrinkage=0.05


Tree=172
num_leaves=15
num_cat=0
split_feature=27 18 10 1 1 16 25 7 18 18 15 10 17 26
split_gain=6.99944 6.23979 8.40455 6.36694 5.4869 5.17504 4.81449 4.47069 4.80193 4.32011 4.05676 7.89992 5.60593 4.35971
threshold=2.3535244464874272 0.45632994174957281 0.023361822590231899 4.5000000000000009 163.50000000000003 4.9522936344146737 1.5000000000000002 48.500291824340827 3.7907736301422124 0.89748844504356395 1.0000000180025095e-35 0.027791182510554794 6.6133832931518564 0.1702898591756821
decision_type=10 10 8 10 10 10 10 10 10 10 8 8 8 8
left_child=6 4 -3 5 -2 -4 7 8 10 -9 11 -1 13 -13
right_child=1 2 3 -5 -6 -7 -8 9 -10 -11 -12 12 -14 -15
leaf_value=-0.055275064224575454 0.013131155888853647 0.037609462690371714 -0.035429349779109269 -0.074530374343471761 -0.075792892030705702 0.039158591003155684 -0.067004993396282506 0.0085622232353216692 -0.078855954674577997 0.060316712714431155 -0.00056935669544366221 -0.013782334754852507 -0.07209093764260624 0.0052819200514973149
leaf_weight=9.3023569527464591 174.63549616015845 5.4766376067687572 6.8420218686605327 6.0790260947897314 1.7521198114671666 3.5228701769582571 2.7603235138240043 57.357210051740928 2.0095512374975888 4.3370634608753624 992.12315490775973 48.421661414416839 3.1435548028768769 29.542631690869364
leaf_count=129746 92653 34941 14326 15867 9704 20954 13368 64824 25963 4246 1666614 108127 9518 39565
internal_value=0.000446448 0.00912121 -0.0160378 -0.0339049 0.0122478 -0.010078 -0.00105075 -0.000891922 -0.00163669 0.0122005 -0.00149334 -0.0116328 -0.00662737 -0.00398785
internal_weight=1347.31 198.308 21.9206 16.4439 176.388 10.3649 1149 1146.24 1084.54 61.6943 1082.53 90.4102 81.1078 77.9643
internal_count=2250416 188445 86088 51147 102357 35280 2061971 2048603 1979533 69070 1953570 286956 157210 147692
is_linear=0
shrinkage=0.05


Tree=173
num_leaves=15
num_cat=0
split_feature=27 2 27 24 18 18 22 2 16 7 3 22 23 3
split_gain=4.75885 7.16473 5.61494 8.50963 5.54364 5.04644 8.25228 8.94487 5.96132 4.68636 4.39136 4.37185 5.84269 6.97797
threshold=3.0573540925979619 1.024612605571747 3.4650033712387089 1.8478996753692629 0.47298756241798406 0.15608907490968707 0.75472605228424083 2.0746576786041264 5.3958952426910409 35.142026901245124 0.17652207612991336 0.59828400611877453 14.500000000000002 0.095632016658782973
decision_type=10 8 8 10 8 10 8 8 8 10 10 8 10 10
left_child=5 10 3 -3 -4 6 -1 -8 11 -6 -2 -7 -13 -14
right_child=1 2 4 -5 9 8 7 -9 -10 -11 -12 12 13 -15
leaf_value=-0.0031674558220573241 0.038005371422842889 -0.037488119376485163 0.0033482093570267012 0.049321802666241393 -0.049145688059693132 -0.023474082133608874 0.0038549526847352399 0.027592204505913671 0.013948985885291299 0.011383552204583713 -0.042411135410287716 -0.0064926027549902501 -0.0025351645391778642 0.031916369610129815
leaf_weight=300.06868491570674 23.125895073116116 3.5990360083435204 122.67883669989345 13.092441106523891 9.7649168556998358 32.740526927542888 161.81061092247535 52.585058542284969 41.212049634027608 4.754842767465802 1.8321494346336056 507.58570466720852 42.238973185649343 22.541492942119532
leaf_count=640914 32443 2726 11769 243 5429 1147987 22529 686 135685 666 103574 66893 15382 63085
internal_value=-0.000340109 0.00725199 0.00322178 0.0306037 -0.000109492 -0.00150986 0.00218529 0.00967701 -0.00445118 -0.0293239 0.0321021 -0.00570436 -0.00468789 0.00945285
internal_weight=1339.63 178.848 153.89 16.6915 137.199 1160.78 514.464 214.396 646.319 14.5198 24.958 605.107 572.366 64.7805
internal_count=2250011 156850 20833 2969 17864 2093161 664129 23215 1429032 6095 136017 1293347 145360 78467
is_linear=0
shrinkage=0.05


Tree=174
num_leaves=15
num_cat=0
split_feature=24 24 23 3 3 12 13 3 4 17 17 8 15 17
split_gain=8.89996 4.96682 5.75692 7.45337 8.75124 9.39756 5.95035 16.5942 5.90499 7.09105 8.25932 6.67619 5.51709 5.08757
threshold=2.3152083158493046 -0.08768697082996367 32.500000000000007 0.11639323830604555 0.077592134475708022 0.051503095775842674 0.48999999463558203 0.081815451383590712 0.0055261850357055673 5.7021131515502939 5.6954128742218026 2.5000000000000004 1.0000000180025095e-35 1.0000000180025095e-35
decision_type=10 8 10 10 10 8 10 10 10 10 10 8 8 10
left_child=1 -1 -3 4 -4 -6 -7 -8 9 10 12 -10 -5 -9
right_child=-2 2 3 8 5 6 7 13 11 -11 -12 -13 -14 -15
leaf_value=-0.046729526793346167 0.0064623091303505874 -0.0034520044426945111 0.0039183278167980009 0.10410685892139307 -0.054323350614956828 0.047544520475437189 1.6102682886091566 0.43311769384543253 0.097334497653357083 -0.05174846023574127 0.58082692224487242 -0.027206324961764974 0.0099961048321386102 -0.055862873244614419
leaf_weight=6.2690348981521744 410.09731975244836 826.42199234841269 39.266865400447955 2.489496404389655 2.3673082625438298 24.514030839954906 0.021910070751572586 0.097277340819346136 1.1252826594619261 2.2364057690395782 0.072768893443480809 24.611630151583721 4.1588553985848282 0.11738431471110289
leaf_count=937290 8757 204000 91749 8580 26161 107853 53 24 1289 27135 429 771293 64464 632
internal_value=0.000322396 -0.00237416 -0.00207436 0.00918926 0.0190047 0.0408499 0.0499529 0.299513 -0.00959179 0.0253733 0.051035 -0.0217611 0.0452362 0.165726
internal_weight=1343.87 933.77 927.501 101.079 66.3848 27.1179 24.7506 0.236572 34.6944 8.95753 6.72112 25.7369 6.64835 0.214662
internal_count=2249709 2240952 1303662 1099662 226472 134723 108562 709 873190 100608 73473 772582 73044 656
is_linear=0
shrinkage=0.05


Tree=175
num_leaves=15
num_cat=0
split_feature=10 1 2 3 18 23 16 8 26 12 9 9 8 16
split_gain=6.98655 5.83306 5.40284 4.76432 4.17315 6.34927 5.48431 6.52645 4.84872 4.78534 5.83297 7.16957 7.03751 4.81284
threshold=0.010752825997769834 116.50000000000001 0.9517502784729005 0.13938072323799136 0.31113496422767645 4.5000000000000009 4.6298508644104013 28.500000000000004 0.36038962006568914 0.031754031777381904 0.24252938479185107 0.18062184751033786 41.500000000000007 2.4414010047912602
decision_type=10 8 8 8 10 10 8 8 10 10 10 10 8 8
left_child=-1 2 -2 -3 8 -6 7 -7 9 10 11 -4 -12 -13
right_child=1 3 4 -5 5 6 -8 -9 -10 -11 12 13 -14 -15
leaf_value=-0.0024964384302821109 -0.042263652141350368 0.051977297103159063 0.016960154397525833 0.010578771413443298 0.0017365576352422508 -0.056829980164450525 -0.067836721031181407 0.024325804905593586 0.027464975503948476 0.02921738547397389 -0.0013350677048326611 0.029071591586270443 0.021649166141248195 -0.069613503391407539
leaf_weight=974.93290798282305 6.2633469974765035 11.57305580426778 5.7896748644371163 17.396809122448463 99.108287338043283 4.1951873701240538 6.4235973413904537 6.0497064383071981 29.675161030730976 19.438374606605151 105.45131697102549 1.4682364188042925 48.677912494035425 7.7937975465428346
leaf_count=2055127 16874 10967 2214 125508 2635 3307 7127 7337 1155 1451 6980 235 6836 1889
internal_value=-0.000277893 0.00557888 0.00374553 0.0271169 0.00460813 -0.00306536 -0.0316168 -0.00890672 0.00867792 0.00572218 0.00302266 -0.0266864 0.00592394 -0.0539697
internal_weight=1344.24 369.304 340.335 28.9699 334.071 115.777 16.6685 10.2449 218.294 188.619 169.181 15.0517 154.129 9.26203
internal_count=2249642 194515 58040 136475 41166 20406 17771 10644 20760 19605 18154 4338 13816 2124
is_linear=0
shrinkage=0.05


Tree=176
num_leaves=15
num_cat=0
split_feature=27 25 0 27 8 12 14 1 3 4 1 22 4 17
split_gain=5.8756 5.88857 7.12109 5.60305 4.96592 4.4129 10.4155 4.84618 7.33479 8.76305 7.20753 5.94333 6.57774 6.29195
threshold=2.9892170429229741 1.5000000000000002 0.72043824195861828 3.2228242158889775 80.500000000000014 0.0014045193674974146 1.0000000180025095e-35 1.5000000000000002 0.039593756198883064 0.011000305414199831 11.500000000000002 0.62046942114830028 0.0090516507625579851 5.4531798362731942
decision_type=10 10 8 10 10 10 10 8 10 10 10 8 10 8
left_child=1 -1 -3 4 -2 7 -7 -5 9 10 -9 -10 -13 -14
right_child=3 2 -4 5 -6 6 -8 8 11 -11 -12 12 13 -15
leaf_value=-0.0010873561389194656 0.040136508078831283 -0.065104690664226667 0.038897334864586686 0.020595610056146615 -0.079187233627883158 0.047164056572632784 -0.06486626574334188 0.0020888932104914854 -0.04157790084401515 -0.047350223442619493 -0.10103906109348489 -0.008813120963575621 0.042580479821163163 0.00021164408892217882
leaf_weight=1159.2857836514122 17.704546161798064 7.1300988430166798 2.1398576819226074 29.66496747649586 0.91710645826857984 13.653846319395429 2.4463811865817595 36.247108846030414 5.2102236858375797 15.485818464885595 1.7773074612073276 20.171940068930546 23.267269801071734 14.056244153457781
leaf_count=2060117 12950 30046 1353 1110 3622 4322 5497 4741 116467 335 144 2068 3608 3344
internal_value=-0.000107561 -0.00140475 -0.0410971 0.00828563 0.0342599 0.00529958 0.0301414 0.0025579 -0.00204636 -0.0156441 -0.00273143 0.00955732 0.0141912 0.0266241
internal_weight=1349.16 1168.56 9.26996 180.603 18.6217 161.981 16.1002 145.881 116.216 53.5102 38.0244 62.7057 57.4955 37.3235
internal_count=2249724 2091516 31399 158208 16572 141636 9819 131817 130707 5220 4885 125487 9020 6952
is_linear=0
shrinkage=0.05


Tree=177
num_leaves=15
num_cat=0
split_feature=27 18 24 23 4 16 16 22 16 10 7 16 15 4
split_gain=7.11388 5.87685 5.5505 8.99231 9.89155 8.59397 7.79731 7.39184 5.80741 5.34316 5.59127 5.68826 5.25207 5.30648
threshold=2.1672358512878422 0.43419210612773901 2.0047768354415898 2.5000000000000004 0.016560256481170658 3.7256208658218388 4.0517470836639413 0.65650355815887462 4.4716224670410165 0.024393817409873012 13.719125270843508 3.2384861707687382 1.0000000180025095e-35 0.012140810489654543
decision_type=10 8 10 8 8 8 10 8 8 8 8 8 8 8
left_child=2 -2 3 4 5 -1 -7 -4 -8 10 11 -3 -11 -14
right_child=1 9 7 -5 -6 6 8 -9 -10 12 -12 -13 13 -15
leaf_value=-0.065806994641917513 0.011791121391707109 0.012161468593803848 -0.023695400500357594 -0.0028548327370590942 -2.7782660694355711e-05 0.010341940438281379 -0.081390243889989944 0.0034332870957639924 -0.018984781212591544 0.028003298676861167 0.05807360653028474 -0.094644466580579456 -0.068572315845958479 -0.011127398002049448
leaf_weight=16.013931080310101 169.8718606450862 0.90961630756627743 26.514272625778091 558.28122664476155 31.895862854159873 12.101015137042852 6.0661777902678269 473.85981759255708 9.6720233963424107 3.573140064447287 4.441916705878441 1.7353518262199399 7.8113582001698552 8.283122210895689
leaf_count=220 97769 153 4993 2040566 626 109 107 8721 144 6026 24532 14723 11828 39549
internal_value=-0.000419351 0.00836061 -0.00194118 -0.00504821 -0.0212137 -0.0366229 -0.0198354 0.00199577 -0.0430385 -0.0134207 0.0238029 -0.0337507 -0.0268336 -0.0390079
internal_weight=1331.03 196.626 1134.4 634.03 75.749 43.8531 27.8392 500.374 15.7382 26.7545 7.08688 2.64497 19.6676 16.0945
internal_count=2250066 194580 2055486 2041772 1206 580 360 13714 251 96811 39408 14876 57403 51377
is_linear=0
shrinkage=0.05


Tree=178
num_leaves=15
num_cat=0
split_feature=27 16 15 3 26 16 4 16 3 7 18 0 27 9
split_gain=5.66928 4.98232 5.29208 5.227 8.08545 7.03443 5.60465 4.78027 4.56142 10.3484 5.28238 4.84322 4.42698 4.16571
threshold=2.3535244464874272 2.3502402305603032 1.0000000180025095e-35 0.027712970972061161 0.12132352963089944 2.6735538244247441 0.051186233758926399 2.8617925643920903 0.039593756198883064 60.760738372802741 0.19804161787033084 0.72043824195861828 3.2130168676376347 0.36614039540290838
decision_type=10 8 8 10 10 8 8 8 10 10 10 10 10 10
left_child=-1 -2 12 7 -5 -6 8 -4 9 10 -7 13 -3 -10
right_child=1 2 3 4 5 6 -8 -9 11 -11 -12 -13 -14 -15
leaf_value=-0.0011498837302668528 0.035191867852781784 -0.071285574695527196 0.039601574765152338 -0.077521883789926638 -0.058304097280882095 -0.091011488772688443 -0.070521789979957228 0.0058606901664995104 -0.0097518142892593605 0.056400583473185023 -0.012266309990517303 0.039659712893720292 0.031599754244387608 0.02103954694573032
leaf_weight=1145.5780470904442 15.626974048462424 1.0935137978122025 12.532953416723613 3.8782215329837717 5.3821840804556578 4.3274321704582288 2.6163749945773906 64.630820751885523 25.555219123228579 2.9498020226601502 4.1935333592898587 11.180445164009368 23.831427867649893 14.290235852914011
leaf_count=2061452 3934 3814 472 23150 2332 180 53675 6990 63767 31 277 342 15749 13828
internal_value=0.00018302 0.00813217 0.00573584 0.00222417 -0.0072346 -0.00336782 0.00117317 0.0113409 0.00417462 -0.0243153 -0.0522576 0.0105792 0.0270859 0.00241938
internal_weight=1337.67 192.089 176.462 151.537 74.3734 70.4952 65.113 77.1638 62.4967 11.4708 8.52097 51.0259 24.9249 39.8455
internal_count=2249993 188541 184607 165044 157582 134432 132100 7462 78425 488 457 77937 19563 77595
is_linear=0
shrinkage=0.05


Tree=179
num_leaves=15
num_cat=0
split_feature=27 13 10 18 2 2 4 23 4 24 23 3 23 23
split_gain=6.82761 4.8057 5.35707 4.24576 5.61676 8.74346 6.47065 4.8348 6.39084 6.05955 8.26642 13.4291 4.27375 4.22572
threshold=2.3535244464874272 0.15301003307104113 0.010752825997769834 0.91506350040435802 1.6878933906555178 1.821476995944977 0.013767749071121218 32.500000000000007 0.00073683261871337901 0.94412466883659374 71.500000000000014 0.061360150575637824 19.500000000000004 17.500000000000004
decision_type=10 10 8 10 10 8 10 10 8 10 8 10 10 10
left_child=1 2 -1 4 6 -6 7 8 -3 -9 -11 -12 13 -10
right_child=-2 3 -4 -5 5 -7 -8 9 12 10 11 -13 -14 -15
leaf_value=-0.045888628303583007 0.0088004893622373685 -0.12176190575645696 -0.0019895241579750401 0.048165796910967736 -0.075234748956248543 0.002306024630304757 -0.015760090626883928 -0.055172005974835896 0.027285797842330137 0.085941470853964155 0.88662956402635773 -0.051420002850065864 -0.06975294913165199 0.13460201553290368
leaf_weight=6.9949623895195456 189.31862679121627 0.74493273331643806 1070.233338659795 7.0017559237698626 4.341267347166351 22.362040730648008 9.4511751308274849 0.74485871715021446 19.283731441041205 4.1400785792177714 0.083737642879498142 0.070088335012485459 1.0786171229004811 0.96310981111264382
leaf_count=553211 188766 137 1421894 15519 390 751 42928 21852 1381 1769 78 434 565 85
internal_value=3.22863e-06 -0.00144818 -0.00227458 0.0112212 0.00713235 -0.0103001 0.0198648 0.0322849 0.0221957 0.076477 0.099314 0.459222 0.0272244 0.0323907
internal_weight=1336.81 1147.49 1077.23 70.2654 63.2636 26.7033 36.5603 27.1092 22.0704 5.03876 4.2939 0.153826 21.3255 20.2468
internal_count=2249760 2060994 1975105 85889 70370 1141 69229 26301 2168 24133 2281 512 2031 1466
is_linear=0
shrinkage=0.05


Tree=180
num_leaves=15
num_cat=0
split_feature=27 18 8 17 27 22 2 23 17 4 2 23 24 0
split_gain=7.5142 4.07219 4.73848 5.40791 4.10668 3.89279 7.14556 5.44328 6.1921 5.47417 4.71493 6.07616 5.72526 4.41235
threshold=7.2879035472869882 0.081009123474359526 37.500000000000007 4.8559212684631357 7.4240570068359384 0.68443962931633007 1.3954468965530398 47.500000000000007 5.962292194366456 0.048693835735321052 -0.40576887130737299 17.500000000000004 1.3691715002059939 0.49051268398761755
decision_type=10 8 10 10 10 8 10 10 10 10 8 10 10 10
left_child=5 4 -3 -4 -2 6 -1 8 -8 -10 11 13 -13 -7
right_child=1 2 3 -5 -6 10 7 -9 9 -11 -12 12 -14 -15
leaf_value=-0.0030994883019781457 -0.10451173619361408 0.0055437572334500916 -0.04695895657507243 0.066603177710989628 0.060135567771076349 -0.0030994883019781457 -0.018259296499546187 -0.0030994883019781457 -0.083398349870774727 -0.0030994883019781457 -0.00022542623392775158 -0.0030994883019781457 0.28919025888413191 0.052884188172538642
leaf_weight=211.51738573420334 0.40036022961410722 45.516808095709983 1.25323219406195 6.4122235652635666 7.0076061758390153 1.5109940998305544 89.734891118785853 10.752913913536373 6.7102453995172473 1.0718675391663621 942.33069187055014 0.17451101397034552 0.43593806817352743 5.4093939212814348
leaf_count=2052416 47 27331 2868 6883 1556 17536 17683 35157 1172 595 81785 410 200 5048
internal_value=-0.000695999 0.0165063 0.0116685 0.0480368 0.0512373 -0.00151693 -0.00628847 -0.0170648 -0.0219697 -0.0647536 8.94919e-05 0.0394951 0.190713 0.0261561
internal_weight=1330.24 60.5902 53.1823 7.66546 7.40797 1269.65 319.787 108.27 97.517 7.78211 949.862 7.53084 0.610449 6.92039
internal_count=2250687 38685 37082 9751 1603 2212002 2107023 54607 19450 1767 104979 23194 610 22584
is_linear=0
shrinkage=0.05


Tree=181
num_leaves=15
num_cat=0
split_feature=16 3 12 8 3 0 17 18 2 2 23 23 3 23
split_gain=4.35212 9.91403 7.00297 5.21571 5.13315 4.85568 7.63233 4.92894 4.54362 6.92122 8.54648 13.1741 6.58628 5.94097
threshold=2.5249279737472539 0.083797037601470961 0.10620300844311716 31.500000000000004 0.19175282120704654 0.59864753484725963 4.6395599842071542 0.053508620709180839 0.34688507020473486 0.51222771406173717 173.50000000000003 176.50000000000003 0.085557550191879286 2.5000000000000004
decision_type=8 10 8 10 8 8 8 8 10 8 10 10 8 8
left_child=1 2 3 -1 8 6 -2 -8 12 10 -10 -12 -3 -14
right_child=5 4 -4 -5 -6 -7 7 -9 9 -11 11 -13 13 -15
leaf_value=-0.081344795171599024 -0.042720414774554183 0.4695534284699962 0.002802160771264911 0.095369622118718092 -0.059907382342545279 0.00057549352049567971 -0.067321330740068588 -0.0050746070587000735 -0.082688606517052593 0.028154910059933008 1.2927930755854933 -0.050620279600574317 -0.091076741708337003 0.061616871868683781
leaf_weight=3.8741638457976961 15.805377600148448 0.095896931288732001 84.916469083919353 0.46798988338264269 1.5711475537851303 1111.3869842189854 3.1804178601557203 84.970636753017487 2.1346632838031234 26.464747265306912 0.029087695226024723 0.048975570004358815 0.67212298846425156 12.198627645729921
leaf_count=789 358268 4 10564 117 93907 613289 38511 1077660 3897 34281 49 2320 18 16151
internal_value=0.000546951 0.00915272 -0.000364799 -0.0622988 0.0288106 -0.000391088 -0.0107247 -0.00507461 0.0321577 0.0210523 -0.0638972 0.449958 0.056719 0.0536431
internal_weight=1347.82 132.474 89.2586 4.34215 43.2153 1215.34 103.956 88.1511 41.6441 28.6775 2.21273 0.0780633 12.9666 12.8708
internal_count=2249825 162097 11470 906 150627 2087728 1474439 1116171 56720 40547 6266 2369 16173 16169
is_linear=0
shrinkage=0.05


Tree=182
num_leaves=15
num_cat=0
split_feature=27 13 22 1 24 1 13 2 8 9 14 1 1 13
split_gain=6.47918 4.999 4.11593 10.0465 5.80764 4.77285 5.16938 5.55213 4.01228 5.26762 4.95913 4.71262 5.85404 4.29969
threshold=2.1672358512878422 0.85026738047599804 0.64979484677314769 24.500000000000004 1.101870119571686 20.500000000000004 0.22111111134290698 1.299439609050751 1.5000000000000002 0.65124410390853893 1.0000000180025095e-35 120.50000000000001 119.50000000000001 0.024099883623421196
decision_type=10 10 8 8 8 10 10 10 8 10 8 10 10 8
left_child=1 2 3 4 -1 -4 -7 -8 -2 10 13 12 -12 -10
right_child=8 -3 5 -5 -6 6 7 -9 9 -11 11 -13 -14 -15
leaf_value=-0.0043399214112553311 0.033733156599044245 0.066203014264962029 0.0022298200119736829 -0.0043399214112553311 -0.033868157392444295 -0.0043399214112553311 0.0070903343741233211 0.085846933559890953 0.055457978457985141 -0.011513819811776732 0.0046034215606810492 -0.078428451793715701 0.36121401714246015 0.016633587804240579
leaf_weight=7.8594585260845733 14.923422292177731 2.7547855853511001 701.00339133264811 103.60050887961374 48.889829333600311 270.37006265223988 7.2505163742392806 3.2368609705840754 8.3718472129435302 32.3383778715434 87.570845039418032 1.7229572102759494 0.11523341222999661 48.125288042331206
leaf_count=55496 1086 3279 72747 1847741 20337 54559 1525 151 7199 5641 110505 17448 160 52252
internal_value=0.000358493 -0.00107057 -0.00123282 -0.00865996 -0.0265956 -1.98791e-05 -0.00433992 0.031398 0.00882899 0.0067439 0.0107905 0.00346297 0.00507206 0.0223867
internal_weight=1338.13 1144.97 1142.21 160.35 56.7493 981.861 280.857 10.4874 193.168 178.245 145.906 89.409 87.6861 56.4971
internal_count=2250126 2055835 2052556 1923574 75833 128982 56235 1676 194291 193205 187564 128113 110665 59451
is_linear=0
shrinkage=0.05


Tree=183
num_leaves=15
num_cat=0
split_feature=16 24 11 23 4 1 13 1 11 3 15 10 16 23
split_gain=5.2655 6.99366 6.75518 9.07431 8.6092 7.01384 6.27733 6.08356 14.6406 9.09215 10.6946 9.01328 8.47931 14.5792
threshold=2.6020033359527592 2.0047768354415898 inf 2.5000000000000004 0.0067486166954040536 2.5000000000000004 0.15587044507265094 17.500000000000004 0.41428571939468389 0.0706785023212433 inf 0.011362744960933925 4.2696731090545663 7.5000000000000009
decision_type=8 10 8 8 10 10 8 10 8 10 8 8 10 10
left_child=2 7 3 4 -1 -5 -4 -2 9 -9 -11 -12 -10 -14
right_child=1 -3 6 5 -6 -7 -8 8 12 10 11 -13 13 -15
leaf_value=-0.033962070797663745 -0.00019735877487468608 0.0034979768244066977 -0.074747301158409579 0.053771129503633844 0.015247421662592048 0.016622537484055493 -0.00042439477219347027 -0.062269454352286174 0.002411109567141034 0.0025136309282400809 0.064236844059191667 -0.055965045417710371 -0.053147510424896641 0.0041608762873393745
leaf_weight=12.928764288770919 386.7991498479193 557.26693148893673 2.9992961507827047 20.777146802517677 28.438158790118223 32.708906684484958 53.825490377540469 17.057212952499704 148.75862046555727 25.001833371569141 1.6991586631038966 18.981466705143106 20.711563899351543 23.90891855052843
leaf_count=151 1225015 14778 3999 72867 592 49828 56646 20518 224291 80216 14296 344893 6076 135819
internal_value=0.000507679 -0.000601651 0.0092855 0.0174527 -0.000132449 0.0310532 -0.00434727 -0.00415512 -0.0101323 -0.0311198 -0.019489 -0.046089 -0.00332307 -0.0224401
internal_weight=1351.86 1200.18 151.678 94.853 41.3669 53.4861 56.8248 642.918 256.119 62.7397 45.6825 20.6806 193.379 44.6205
internal_count=2249985 2065902 184083 123438 743 122695 60645 2051124 826109 459923 439405 359189 366186 141895
is_linear=0
shrinkage=0.05


Tree=184
num_leaves=15
num_cat=0
split_feature=27 8 17 8 25 17 17 9 22 4 15 14 18 18
split_gain=7.61316 5.85931 7.14521 6.32927 5.34842 5.15918 4.43948 4.04303 6.06654 4.55127 3.95129 5.24919 5.81368 5.27716
threshold=2.1672358512878422 7.5000000000000009 5.4315338134765634 4.5000000000000009 1.5000000000000002 3.7726949453353886 5.4701652526855478 0.62354162335395824 0.75472605228424083 0.018263667821884159 1.0000000180025095e-35 1.0000000180025095e-35 0.30400764942169195 0.28128996491432195
decision_type=10 8 10 10 10 10 10 10 10 10 8 8 8 8
left_child=1 2 3 5 7 -1 -4 10 9 -9 11 12 13 -3
right_child=-2 4 6 -5 -6 -7 -8 8 -10 -11 -12 -13 -14 -15
leaf_value=-0.050951659047184794 0.0087453837014539477 -0.023897681241700407 0.083494228829410419 0.033878575630021335 -0.083827487869363115 -0.00047755465542815407 0.024325237721994835 -0.074759633969331565 -0.00057333869040779588 -0.024317174236366992 -0.0013974014303548003 -0.0048562451987586956 -0.064928915157579911 0.069579830186107111
leaf_weight=5.681910967661671 193.39751898456848 14.699317640712509 3.7484871922302743 12.313091741825849 2.0444036435208082 46.456739369308025 20.548648771015507 7.1773967404589456 14.970628877577838 5.033779555172444 926.66425669052501 64.602764640104056 8.6695695068969005 1.6826545484460904
leaf_count=1029 194590 103229 573 7069 11604 7834 9554 13416 178 19299 1685124 129097 63011 4588
internal_value=-0.000424024 -0.00198741 0.0103471 0.00163629 -0.0030344 -0.00597807 0.0334536 -0.00287611 -0.0219067 -0.048061 -0.00236713 -0.0123902 -0.0318187 -0.0142963
internal_weight=1327.69 1134.29 88.7489 64.4517 1045.54 52.1387 24.2971 1043.5 27.1818 12.2112 1016.32 89.6543 25.0515 16.382
internal_count=2250195 2055605 26059 15932 2029546 8863 10127 2017942 32893 32715 1985049 299925 170828 107817
is_linear=0
shrinkage=0.05


Tree=185
num_leaves=15
num_cat=0
split_feature=24 18 13 4 24 0 28 24 4 3 22 3 24 4
split_gain=5.07894 5.29204 7.39479 5.58918 7.05547 6.91124 5.83383 5.38034 5.48221 9.17019 7.05897 5.65292 5.45129 5.80513
threshold=2.3152083158493046 0.049730988219380386 0.082843139767646803 0.00037497282028198248 1.1608766913414004 0.73891928791999828 2.5000000000000004 1.2133302688598635 0.01632785797119141 0.12659722566604617 0.71941202878952037 0.057560086250305183 1.6618920564651491 0.019343286752700809
decision_type=10 8 8 8 8 10 10 8 8 10 10 8 8 10
left_child=1 2 -1 4 5 -4 7 -5 10 12 11 -9 13 -10
right_child=-2 -3 3 6 -6 -7 -8 8 9 -11 -12 -13 -14 -15
leaf_value=-0.046854369871051071 0.0045402869479829874 -0.0032696487624430054 0.22460778897861089 0.040651807906184445 0.063085062086674498 0.95561144332538184 0.044053368535862544 -0.10373469081111482 0.032269691895171482 -0.084356755320787499 0.0073458998059576152 -0.024562017504252767 0.045357852822881045 -0.07915214172786221
leaf_weight=5.1284873965384534 398.69620686488088 866.69036944645961 0.16308075473672812 8.8191759216182941 2.4491866264490914 0.040329972354811616 11.87392135786998 3.2460016876685467 2.6233926189743251 2.0035363547764424 11.879463520366697 7.3815086626252659 12.904989176679466 2.1085840309220885
leaf_count=9671 8787 2120942 1223 94915 141 4 2126 268 350 7002 231 3310 559 498
internal_value=-0.000186576 -0.0021972 0.0109642 0.0154917 0.0865854 0.369543 0.0124908 0.0051375 -0.00229372 0.0170102 -0.0191391 -0.048744 0.0285253 -0.0173802
internal_weight=1336.01 937.312 70.6217 65.4932 2.6526 0.203411 62.8406 50.9667 42.1475 19.6405 22.507 10.6275 17.637 4.73198
internal_count=2250027 2241240 120298 110627 1368 1227 109259 107133 12218 8409 3809 3578 1407 848
is_linear=0
shrinkage=0.05


Tree=186
num_leaves=15
num_cat=0
split_feature=27 2 1 17 16 27 13 2 22 16 8 17 16 13
split_gain=8.37118 6.0442 6.05638 11.2731 7.14864 5.78423 5.36465 4.60752 4.59667 4.5585 4.91017 4.08016 3.95115 3.731
threshold=3.1843570470809941 1.024612605571747 6.5000000000000009 5.1789667606353769 2.8029010295867924 6.5831062793731698 0.92676767706871044 1.821476995944977 0.67306184768676769 2.6735538244247441 8.5000000000000018 5.8156206607818612 3.979637980461121 0.14495798945426944
decision_type=10 8 10 10 8 10 10 8 10 10 10 10 8 8
left_child=6 13 4 5 -3 -4 -1 8 -5 -7 -11 12 -6 -2
right_child=1 2 3 7 11 9 -8 -9 -10 10 -12 -13 -14 -15
leaf_value=-0.0019872880481766808 0.059771563065935909 0.041878462643586578 0.026253120600389836 -0.070182363958250088 0.0089245952714495976 -0.083182006306977377 0.069764939235422152 -0.090494755565608001 -0.010686409299999741 0.045257117540920405 -0.084201494960889231 0.027929881257514444 -0.018260121077649041 0.019109833713194389
leaf_weight=1149.6697564269443 8.3895107382810803 17.621712640807985 19.495318453872702 4.3992608622053728 45.340808042296601 2.4080136552458944 2.610934645809265 3.3506632879598319 12.388764215698755 2.433650877460082 1.0477935986328928 17.851859127185804 18.954000436392874 17.222998136055779
leaf_count=2101423 28380 734 3545 6142 2166 177 3322 161 559 541 378 1534 3350 98141
internal_value=-0.000293088 0.0100335 0.00608555 -0.0090269 0.0129812 0.0131348 -0.00182471 -0.0369617 -0.0262772 -0.0302896 0.00629458 0.00678234 0.000910587 0.0324288
internal_weight=1323.19 170.904 145.292 45.5235 99.7684 25.3848 1152.28 20.1387 16.788 5.88946 3.48144 82.1467 64.2948 25.6125
internal_count=2250553 145808 19287 11503 7784 4641 2104745 6862 6701 1096 919 7050 5516 126521
is_linear=0
shrinkage=0.05


Tree=187
num_leaves=15
num_cat=0
split_feature=10 26 16 18 22 2 18 22 18 1 3 2 12 16
split_gain=4.65028 4.01284 4.99854 5.38174 6.09612 6.09137 5.57649 9.83485 9.50795 6.92443 5.16366 5.59317 5.00184 6.39913
threshold=0.0093467044644057768 0.41421568393707281 5.4617087841033944 0.11404671892523767 0.68443962931633007 -1.0529541373252866 0.10007587447762491 0.75472605228424083 0.10191553458571435 119.50000000000001 0.19175282120704654 -1.1629297733306883 0.031754031777381904 3.8606742620468144
decision_type=8 10 10 8 10 8 8 10 10 8 10 8 8 8
left_child=-1 2 3 6 -5 -6 10 8 -8 -10 11 -2 -13 -14
right_child=1 -3 -4 4 5 -7 7 -9 9 -11 -12 12 13 -15
leaf_value=-0.041316438119360595 0.32679346845272572 0.010138911044816137 0.01687593983617864 -0.010030884655139774 0.089404507134970668 -0.00086707813811061514 0.018326308065111319 0.037767581254673048 -0.037610958212050884 0.018314458570548996 -0.051813690173474092 -0.025711184365945196 0.0018423850444414793 0.041989123873980516
leaf_weight=6.7645073778327101 0.13244116954354013 95.121759458517772 39.939947573535619 238.91401741532775 1.8746254435534409 597.11982113932288 8.9217161298814975 30.891328910129232 17.277632992250993 8.1436386938930934 4.540223101761284 15.607475580677409 251.89079091424878 10.332843713739861
leaf_count=571060 40 61683 85132 1181935 155 24125 6409 299 14225 31540 118514 15275 133748 6058
internal_value=3.41975e-05 0.00024599 -0.000521831 -0.0011079 -0.00327801 -0.000584562 0.00412119 0.0172976 -0.00111497 -0.0196954 0.00107855 0.00194249 0.00178763 0.00342436
internal_weight=1327.47 1320.71 1225.59 1185.65 837.908 598.994 347.738 65.2343 34.343 25.4213 282.504 277.964 277.831 262.224
internal_count=2250198 1679138 1617455 1532323 1206215 24280 326108 52473 52174 45765 273635 155121 155081 139806
is_linear=0
shrinkage=0.05


Tree=188
num_leaves=15
num_cat=0
split_feature=27 14 25 13 17 12 13 16 13 12 13 16 3 3
split_gain=6.46257 5.68633 6.13073 5.91549 5.04497 4.40213 4.10645 7.41838 4.40097 5.82817 6.72733 7.77963 4.52058 5.38919
threshold=2.9892170429229741 1.0000000180025095e-35 2.5000000000000004 0.43303571641445165 6.3017024993896493 0.19543650746345523 0.25543478131294256 5.7838203907012948 0.15301003307104113 0.063164893537759795 0.053342817351222045 4.610145330429078 0.17271244525909427 0.079786419868469252
decision_type=10 10 10 8 8 10 10 8 10 10 10 10 10 10
left_child=5 3 -3 4 -2 6 8 -8 9 10 -1 -12 13 -10
right_child=1 2 -4 -5 -6 -7 7 -9 12 -11 11 -13 -14 -15
leaf_value=-0.0020035752793697206 0.040959401029245633 0.00084759828978224353 -0.057824233775788304 0.0094756654960414643 -0.090994996894796176 0.028632739461150289 -0.04991720936358672 0.057949264457918842 0.016953083889998555 -0.028687116097991117 0.038714721236928366 -0.036547788896666163 0.073295103028856987 -0.032349087244796723
leaf_weight=1038.725882032639 23.874352071606406 46.139725704761325 4.9279179971852107 95.709678185006709 0.74701831539378005 12.201813256332114 9.3688657261674173 1.920736280033801 37.567273380506776 19.947559191949722 19.088513185365123 4.186596644657409 2.9814546368392518 6.5021814007032566
leaf_count=1930553 14138 46376 26336 70256 1065 12603 19984 1736 5000 36045 22400 14802 30970 16964
internal_value=0.000106988 0.0091656 -0.00481411 0.0150985 0.0369559 -0.00124021 -0.00155987 -0.0315655 -0.00125982 -0.00191082 -0.00140788 0.0251769 0.01371 0.00967885
internal_weight=1323.89 171.399 51.0676 120.331 24.6214 1152.49 1140.29 11.2896 1129 1081.95 1062 23.2751 47.0509 44.0695
internal_count=2249228 158171 72712 85459 15203 2091057 2078454 21720 2056734 2003800 1967755 37202 52934 21964
is_linear=0
shrinkage=0.05


Tree=189
num_leaves=15
num_cat=0
split_feature=10 0 8 15 8 25 7 4 16 1 4 9 10 7
split_gain=4.74485 9.84071 7.97062 7.54035 7.28229 6.91838 5.9186 5.31792 5.57095 5.13688 5.76274 4.95847 4.71269 5.01089
threshold=0.024393817409873012 0.52823826670646679 56.500000000000007 inf 40.500000000000007 1.5000000000000002 9.6287512779235858 0.019650280475616459 3.7494349479675297 6.5000000000000009 0.030475676059722904 0.30911125242710119 0.02701977547258139 39.736946105957038
decision_type=8 10 10 8 10 8 10 8 8 10 10 8 8 10
left_child=1 -1 4 5 12 -3 -6 11 -9 -7 -11 -5 -2 -14
right_child=2 3 -4 7 6 9 -8 8 -10 10 -12 -13 13 -15
leaf_value=-0.043640137852699282 -0.022835178608192286 -0.016085727868109242 -0.078111024398044918 0.00340001858407637 -0.055772761360953133 0.048291277782486736 0.039737551194420746 0.018725657929244476 -0.016085727868109242 -0.016085727868109242 0.064055660911056092 0.034722856674432152 -0.002270540821696795 0.0099873041787276445
leaf_weight=8.6204465789712099 25.956786588771244 22.841107203213603 3.3852572826001497 16.923694814633595 1.8016377127999188 7.9154184155170979 16.27030901724946 18.19811005978411 10.000460890676896 6.2891593142103925 2.3427162508497901 49.854713543144641 1038.9963410910511 90.647148345492951
leaf_count=588579 4322 54971 72 18813 78 13875 541 34457 61643 3262 1739 38260 1425195 3997
internal_value=-0.000454576 0.00814624 -0.00149938 0.0114687 -0.00127841 -0.00692409 0.0302159 0.0190964 0.000889532 0.0191994 -0.00747783 0.0267847 -0.00177093 -0.00128692
internal_weight=1320.04 142.986 1177.06 134.365 1173.67 39.3884 18.0719 94.977 28.1986 16.5473 8.63188 66.7784 1155.6 1129.64
internal_count=2249804 815599 1434205 227020 1434133 73847 619 153173 96100 18876 5001 57073 1433514 1429192
is_linear=0
shrinkage=0.05


Tree=190
num_leaves=15
num_cat=0
split_feature=27 13 12 23 24 24 22 18 18 23 1 1 0 8
split_gain=6.16462 4.64053 6.62002 5.28668 5.4371 5.17186 9.53518 7.39638 6.75593 6.66345 8.0512 6.81267 9.11432 6.52955
threshold=2.9892170429229741 0.15587044507265094 0.084039550274610533 4.5000000000000009 2.0047768354415898 1.8478996753692629 0.66424882411956798 0.047498673200607307 0.11781215667724611 11.500000000000002 78.500000000000014 73.500000000000014 0.6542620360851289 17.500000000000004
decision_type=10 10 10 10 10 10 10 10 8 8 10 10 10 8
left_child=1 2 5 -4 -5 9 7 -7 -8 -1 11 -11 -13 -12
right_child=-2 -3 3 4 -6 6 8 -9 -10 10 13 12 -14 -15
leaf_value=-0.01260169368959539 0.0090830075465356281 0.011298307193390651 -0.10446177184426853 -0.038606565597025411 0.1596357251194914 -0.080809901084933938 0.012490099045826016 -0.014203298499952924 -7.3215145151735733e-05 0.0017760243507953023 0.048766349237875622 -0.065511685553871865 0.095909266489304659 -0.024691738028728719
leaf_weight=194.37156864578702 171.92496676300902 71.206713833736103 2.8210176239616702 1.9113701054474126 0.42228567566644404 4.7331656708098953 145.20815401449005 34.904179522988173 406.76612450455576 239.46821490487602 3.249995279350002 1.1222284146675949 3.9609194949555402 43.722604407091694
leaf_count=21358 158206 86133 446 10903 22 1018 2254 8380 9171 1362005 6289 16065 3377 565136
internal_value=0.000250302 -0.00106576 -0.00187895 -0.0584068 -0.00273372 -0.00160852 0.0015308 -0.0221569 0.00323182 -0.00543087 -0.000649777 0.00299189 0.0602717 -0.0196092
internal_weight=1325.79 1153.87 1082.66 5.15467 2.33366 1077.51 591.612 39.6373 551.974 485.896 291.524 244.551 5.08315 46.9726
internal_count=2250763 2092557 2006424 11371 10925 1995053 20823 9398 11425 1974230 1952872 1381447 19442 571425
is_linear=0
shrinkage=0.05


Tree=191
num_leaves=15
num_cat=0
split_feature=27 14 25 12 16 12 24 16 3 17 3 8 3 1
split_gain=5.79423 6.15012 4.97748 4.73077 4.70877 4.37354 4.24649 4.45307 5.0491 4.40057 5.21012 5.78635 5.04559 4.16106
threshold=2.3535244464874272 1.0000000180025095e-35 2.5000000000000004 0.043167702853679664 2.8617925643920903 0.19543650746345523 2.3152083158493046 5.6039605140686044 0.18782624602317813 6.3198683261871347 0.047123700380325324 180.50000000000003 0.089113980531692519 159.50000000000003
decision_type=10 10 8 8 8 10 8 10 8 10 8 8 10 8
left_child=5 4 3 -3 -2 6 7 9 13 -1 11 -11 -12 -9
right_child=1 2 -4 -5 -6 -7 -8 8 -10 10 12 -13 -14 -15
leaf_value=-0.0034995534547267028 0.029453812763038989 -0.048649413436322231 -0.054510330862057178 0.0040710332935198967 0.0084180483809568538 0.028858621367140826 0.0029141569554330528 0.016774637696632313 0.072840832055421065 0.032647838108509193 0.014174429472262879 -0.076776008025123701 -0.048878229974218562 -0.070654695026088149
leaf_weight=692.79262787289542 36.722573416481438 4.7169215696269617 4.7944487030522529 43.464586895553197 96.538558383603188 12.10493822979697 382.28633674209823 12.772889176088793 3.7215641397015018 1.4675023812781205 9.2334170078547952 6.8361211857248927 4.8338332605277001 1.5232016691275454
leaf_count=1832682 9115 15837 26583 43064 93702 12386 72589 15115 56041 72 6866 868 50274 14275
internal_value=0.000315654 0.00848601 -0.00592489 -0.00109025 0.0142148 -0.00103381 -0.0013582 -0.00358584 0.0209639 -0.00420435 -0.0260307 -0.0574375 -0.00749193 0.00745933
internal_weight=1313.81 186.237 52.976 48.1815 133.261 1127.57 1115.47 733.181 18.0177 715.164 22.3709 8.30362 14.0673 14.2961
internal_count=2249469 188301 85484 58901 102817 2061168 2048782 1976193 85431 1890762 58080 940 57140 29390
is_linear=0
shrinkage=0.05


Tree=192
num_leaves=15
num_cat=0
split_feature=7 16 0 15 22 16 10 17 22 16 24 17 14 13
split_gain=5.99879 4.66649 5.86716 7.07396 7.38683 6.0093 6.31202 5.60399 4.05246 3.88909 3.74403 3.06735 6.05218 3.30349
threshold=48.500291824340827 2.8029010295867924 0.68959107995033275 inf 0.50368028879165661 3.113268375396729 0.025573470629751686 5.881927728652955 0.59316357970237743 2.0126758217811589 2.0047768354415898 5.349482774734498 1.0000000180025095e-35 0.018693221732974056
decision_type=10 8 8 8 10 8 8 8 8 8 8 10 8 8
left_child=1 7 3 4 -3 6 -5 -1 -7 -2 -4 12 -10 -13
right_child=9 2 10 5 -6 8 -8 -9 11 -11 -12 13 -14 -15
leaf_value=0.005441632595752058 0.06880535539437671 -0.042310300137180706 -0.0029798487898035336 -0.0029798487898035336 -0.0029798487898035336 -0.030744758472449171 -0.043418312268862364 -0.037566153710503557 -0.0029798487898035336 0.010197336836587381 0.004400949480514697 -0.019110347584493696 -0.019110347584493696 -0.0029798487898035336
leaf_weight=197.19382479214494 2.9232988867934031 13.339944845024034 240.24920738206765 6.1108845711536679 200.03108369410867 20.826772374871283 27.794853007068212 7.5826969823966399 60.89278164276611 89.233738759884332 322.94186275918082 10.868422175163971 34.313039893986925 78.163838798162544
leaf_count=241193 1183 307451 97048 33146 187884 1069167 92382 18768 30211 77106 5196 8900 42713 36328
internal_value=-0.000244229 -0.00117317 -0.00256252 -0.00680316 -0.00297985 -0.0130632 -0.0325625 0.00544163 -0.00983916 0.0120564 0.000843465 -0.00747594 -0.013919 -0.00297985
internal_weight=1312.47 1220.31 1015.53 452.342 213.371 238.971 33.9057 204.777 205.065 92.157 563.191 184.238 95.2058 89.0323
internal_count=2248676 2170387 1910426 1808182 495335 1312847 125528 259961 1187319 78289 102244 118152 72924 45228
is_linear=0
shrinkage=0.05


Tree=193
num_leaves=15
num_cat=0
split_feature=18 18 16 27 4 8 3 7 18 4 3 24 24 4
split_gain=5.4041 7.90231 11.1624 9.00485 7.27931 6.18228 5.73246 5.89697 5.60904 5.26726 5.26114 6.8849 7.78946 6.18079
threshold=0.68781778216362011 0.8356485664844514 5.3351285457611093 8.3656630516052264 0.00011849403381347658 21.500000000000004 1.0000000180025095e-35 123.231502532959 0.85006144642829906 0.032229661941528327 0.19175282120704654 1.5478209853172304 1.5026199221611025 0.0009677112102508546
decision_type=10 10 10 8 8 10 10 10 8 10 10 10 10 8
left_child=10 2 3 -2 -3 6 8 -8 -6 -10 -1 12 13 -12
right_child=1 4 -4 -5 5 -7 7 -9 9 -11 11 -13 -14 -15
leaf_value=0.001316718136138388 -0.071487154465730715 0.14957620853849049 0.022338622501203328 -0.01160595777064973 0.075988593448561056 0.020415390748499577 -0.00711795057711616 0.091642880099446433 -0.069593650754971995 0.017472975605402508 0.079984024949612431 -0.078528037223701164 0.08201108333561305 -0.034982311407738262
leaf_weight=1186.4758446196586 15.112715751895392 0.78580992624719748 7.5942985637231102 10.739781457546519 0.9195506085865518 20.049843975756929 42.150676986352963 1.5676861794722174 8.870710467709193 2.160078354529106 1.3044755770652123 4.5843029982329275 2.0524148606716599 11.263166433932845
leaf_count=868358 63434 1368 15238 23115 187 178257 197367 145 5899 103 17697 10485 2070 866390
internal_value=-7.12069e-05 -0.0106828 -0.0309556 -0.046611 -0.00181979 -0.00339099 -0.0119652 -0.00357651 -0.0426537 -0.052544 0.00089651 -0.0250646 -0.00830049 -0.0230492
internal_weight=1315.63 109.951 33.4468 25.8525 76.5044 75.7185 55.6687 43.7184 11.9503 11.0308 1205.68 19.2044 14.6201 12.5676
internal_count=2250113 485113 101787 86549 383326 381958 203701 197512 6189 6002 1765000 896642 886157 884087
is_linear=0
shrinkage=0.05


Tree=194
num_leaves=15
num_cat=0
split_feature=1 4 3 27 16 24 23 10 23 24 18 22 3 12
split_gain=6.14251 9.31574 8.37372 9.41432 6.9824 6.19024 9.98344 7.2495 5.93302 8.43272 8.16987 7.50615 6.51669 5.7879
threshold=3.5000000000000004 0.0086143612861633318 1.0000000180025095e-35 2.0270251035690312 4.7229433059692392 1.7424008250236513 2.5000000000000004 0.027791182510554794 11.500000000000002 1.600064814090729 0.14036982506513598 0.48939886689186102 0.16708266735076907 0.1490740776062012
decision_type=10 8 10 10 10 10 8 10 8 10 8 8 8 10
left_child=1 2 3 4 -1 6 -2 13 9 -4 -10 -12 -11 -8
right_child=5 -3 8 -5 -6 -7 7 -9 10 12 11 -13 -14 -15
leaf_value=-0.007307115231040346 -0.083409880940411699 -0.0007949527939355895 -0.10196856721911923 0.034728799365803281 -0.074485491858114025 0.00076986865207330924 -0.010215792214926345 0.034784116675949786 0.0029302180325339574 0.016665243956509337 -0.054290892447513353 0.054289278188155869 -0.053520643197497747 0.033159938009625016
leaf_weight=43.149771917475761 4.3959583980627732 367.11187693082547 1.5914596237025751 12.981632739520135 4.248869655716816 438.48946120431623 269.53742633727956 9.7975978804234938 14.407285000112248 90.420005216864524 1.6822613396043928 29.56077316431756 3.4328145925900335 7.9166131418900809
leaf_count=698 111 1016285 532 150 123 22369 927589 1895 66908 1790 138589 63427 620 9188
internal_value=4.96598e-05 0.00394628 0.0125854 -0.00299672 -0.0133291 -0.0029848 -0.0086299 -0.0074855 0.0192536 0.0121628 0.034079 0.0484428 0.0140981 -0.00897815
internal_weight=1298.72 568.587 201.475 60.3803 47.3986 730.137 291.648 287.252 141.095 95.4443 45.6503 31.243 93.8528 277.454
internal_count=2250274 1289122 272837 971 821 961152 938783 938672 271866 2942 268924 202016 2410 936777
is_linear=0
shrinkage=0.05


Tree=195
num_leaves=15
num_cat=0
split_feature=16 3 24 17 13 9 23 3 1 4 18 17 17 17
split_gain=4.71485 7.01461 5.04497 5.94488 4.85035 4.5824 4.39423 4.34262 5.77427 4.53408 5.96589 4.73411 4.267 7.92421
threshold=2.5249279737472539 0.083797037601470961 2.3152083158493046 3.5972183942794804 0.22401433438062671 0.40098872780799871 4.5000000000000009 0.16612479090690616 58.500000000000007 0.024060785770416263 0.19804161787033084 5.8245229721069345 5.3302974700927743 5.5194568634033212
decision_type=8 10 10 10 8 8 10 10 10 10 10 10 10 10
left_child=1 4 -2 -4 5 -1 -5 8 -3 10 11 -10 -6 -14
right_child=2 7 3 6 12 -7 -8 -9 9 -11 -12 -13 13 -15
leaf_value=0.096019767900597353 -0.0031138182587359467 0.044429043844405797 -0.024097446311230508 0.00656489944792532 -0.002242379645714518 -0.076284417076356748 -0.031179534425940111 -0.030173463321362934 -0.057079484955193063 0.040055169448896623 0.067549090639546908 0.052574569723179643 0.055098344167405881 -0.013622051768511226
leaf_weight=0.43868030284874526 840.70565009506356 25.357946146948187 17.725405966014591 315.39507826895561 68.183940678245037 3.2053309488299959 7.904363284704174 3.2249481030424567 5.771918590877851 5.4770718091408872 1.6430274770696369 1.1866706285570812 9.795856639198762 7.3368090464335003
leaf_count=82 2080780 16984 497 6131 7874 741 968 111721 11501 8417 1083 875 842 1917
internal_value=-3.32987e-05 0.00894322 -0.00103311 0.00409632 0.000949903 -0.0555418 0.00564208 0.0256114 0.0301732 0.0044962 -0.0181459 -0.0383798 0.00336275 0.0256699
internal_weight=1313.35 131.622 1181.73 341.025 88.9606 3.64401 323.299 42.6616 39.4366 14.0787 8.60162 6.95859 85.3166 17.1327
internal_count=2250413 162037 2088376 7596 11456 823 7099 150581 38860 21876 13459 12376 10633 2759
is_linear=0
shrinkage=0.05


Tree=196
num_leaves=15
num_cat=0
split_feature=16 2 24 26 16 27 24 24 16 2 23 24 18 24
split_gain=4.81665 5.62513 4.54131 4.48959 4.21766 8.07574 7.83801 5.20121 6.51637 5.14021 6.56085 5.81402 5.61009 5.55604
threshold=6.3035306930542001 0.9911039173603059 -0.08768697082996367 0.26201373338699346 2.8029010295867924 1.66561496257782 1.1943128705024721 0.83153617382049572 1.2424533367156985 0.34688507020473486 2.5000000000000004 1.7424008250236513 0.053508620709180839 1.4647108316421511
decision_type=10 8 8 10 8 10 8 10 10 8 8 8 10 8
left_child=2 -2 -1 4 5 6 7 8 -4 10 -8 12 -12 -11
right_child=1 -3 3 -5 -6 -7 9 -9 -10 13 11 -13 -14 -15
leaf_value=-0.046223794377870289 0.070077620852282557 -0.032303963757680534 0.090066492138366039 0.0084506716156602189 -0.0023787657499050076 0.036345821828109769 -0.0980122924523983 0.056846052534291494 -0.057455878136629036 -0.036743633847519733 -0.079203437977606192 0.070679060814831648 0.03169036573339639 -0.00080059852546625863
leaf_weight=5.3433060220222472 4.9101652692730857 1.8460078416311416 1.0678487213680719 139.13091814301379 967.5473909882636 19.448121653732102 0.94931999227378305 10.109226890774776 2.5035903714327574 11.753202527063587 1.557448999460832 6.5532619507821996 4.260168973232247 126.17233420011419
leaf_count=927770 16382 2062 2363 68895 1055192 6637 49 41050 96573 8011 2958 5175 4035 13016
internal_value=-4.27641e-06 0.0421036 -0.000223722 -3.33404e-05 -0.00105805 0.00587269 0.0022793 0.0385216 -0.0133472 -0.000998933 0.0286621 0.0383828 0.00200271 -0.00386345
internal_weight=1303.15 6.75617 1296.4 1291.05 1151.92 184.375 164.926 13.6807 3.57144 151.246 13.3202 12.3709 5.81762 137.926
internal_count=2250168 18444 2231724 1303954 1235059 179867 173230 139986 98936 33244 12217 12168 6993 21027
is_linear=0
shrinkage=0.05


Tree=197
num_leaves=15
num_cat=0
split_feature=1 28 16 16 24 23 2 13 18 4 0 18 13 17
split_gain=5.337 6.08779 5.91293 5.88289 5.2585 12.842 10.1497 9.27845 8.97669 9.82109 7.77608 6.89326 5.76875 5.19423
threshold=3.5000000000000004 1.5000000000000002 2.8029010295867924 6.3198683261871347 1.7424008250236513 2.5000000000000004 1.4345687627792361 0.18019481003284457 0.13469853252172473 0.037679195404052741 0.59694635868072521 0.5484551489353181 0.50925925374031078 5.059420347213746
decision_type=10 8 8 10 8 10 8 8 8 8 8 10 8 8
left_child=2 -2 -1 -4 5 -3 7 11 -8 13 -9 -7 -12 -10
right_child=1 4 3 -5 -6 6 8 10 9 -11 12 -13 -14 -15
leaf_value=0.015163661384241956 -0.041083876210724554 -0.086002836417383988 0.0012334495065292536 0.069218918682818195 0.0010768664048204678 -0.042300263475248304 -0.064900920302378581 -0.040014923487168216 -0.066143310698070043 0.052353821481789187 0.042294156266456662 0.020442786514754143 0.0036704779518195738 -0.014293855407771073
leaf_weight=98.215238631321824 10.061080645664301 5.1694235220083149 473.36761640741457 3.2035195412001931 479.87726753346158 20.293106456452481 11.816130362262447 9.6119193885769718 6.1104669105302731 4.7527137012807819 10.404034471169863 5.5816299714492912 136.55962086916418 23.055613223824281
leaf_count=153507 414942 115 1124758 10717 40033 63484 6280 187987 5887 9904 10417 27946 187059 7140
internal_value=0.000396221 -0.00246179 0.00399265 0.00169045 -0.00191697 -0.0080736 -0.00630815 -0.0010285 -0.0273702 -0.0142958 0.00355514 -0.0287655 0.00640477 -0.0251566
internal_weight=1298.08 723.293 574.786 476.571 713.232 233.355 228.185 182.45 45.7349 33.9188 156.576 25.8747 146.964 29.1661
internal_count=2250176 961194 1288982 1135475 546252 506219 506104 476893 29211 22931 385463 91430 197476 13027
is_linear=0
shrinkage=0.05


Tree=198
num_leaves=15
num_cat=0
split_feature=26 17 13 22 14 18 24 18 17 24 9 16 4 1
split_gain=4.83629 4.11456 3.70421 3.66576 3.83201 6.62909 3.90428 3.78182 3.66286 3.61967 3.31029 4.66426 3.29601 6.28247
threshold=0.41421568393707281 6.3690412044525155 0.92676767706871044 0.75472605228424083 1.0000000180025095e-35 0.10191553458571435 1.0746698379516604 0.11055893823504449 4.8242976665496835 2.3152083158493046 0.10311125218868257 2.3502402305603032 0.046596795320510871 7.5000000000000009
decision_type=10 10 10 10 8 10 8 10 10 10 8 10 10 8
left_child=2 -2 3 4 5 -1 -7 -8 -4 -5 11 -9 -6 -14
right_child=1 -3 8 9 12 6 7 10 -10 -11 -12 -13 13 -15
leaf_value=-0.00035810547825460335 0.0095358293849999564 0.087010488428244104 0.096869317043701844 -0.00035810547825460335 -0.00035810547825460335 -0.051632911212694345 -0.062457429855558314 -1.2158120680267761 -0.032568989450782536 0.0067970857576690443 -0.011978695787638962 -0.17253484851211714 -0.00035810547825460335 -0.054538747969279947
leaf_weight=63.665658660828967 94.816083581780717 1.7452818639312813 1.850133573765546 251.98473463720535 494.18512228510679 7.2168663048572501 3.8677676310970375 0.012148820984562714 0.77571388919911033 253.5643816313663 119.45881578611528 0.090666990525640756 8.9593289360220787 8.2040220468666654
leaf_count=212526 74092 504 1778 4267 849191 558475 2834 9 1638 3358 84700 733 4530 451816
internal_value=0.000166445 0.0109361 -0.000690291 -0.000818897 -0.00314713 -0.00912428 -0.015887 -0.0137969 0.0586313 0.00243092 -0.0122228 -0.29581 -0.000875818 -0.0224506
internal_weight=1310.4 96.5614 1213.84 1211.21 705.66 194.312 130.646 123.429 2.62585 505.549 119.562 0.102816 511.348 17.1634
internal_count=2250451 74596 2175855 2172439 2164814 859277 646751 88276 3416 7625 85442 742 1305537 456346
is_linear=0
shrinkage=0.05


Tree=199
num_leaves=15
num_cat=0
split_feature=8 26 3 22 17 14 27 9 22 17 16 16 16 12
split_gain=3.617 5.25734 4.27568 4.39671 5.47256 4.3437 4.23169 4.22573 4.72613 3.9868 3.85043 3.66142 3.80143 3.63683
threshold=7.5000000000000009 0.12132352963089944 0.0706785023212433 0.68443962931633007 5.2496488094329843 1.0000000180025095e-35 9.0439276695251483 0.62354162335395824 0.67306184768676769 4.6681339740753183 3.7256208658218388 3.2384861707687382 3.7256208658218388 0.26975052058696752
decision_type=8 8 10 8 8 10 10 10 10 10 10 8 10 10
left_child=1 -1 3 4 -3 10 7 13 -9 -8 -5 -4 -13 -2
right_child=6 2 11 5 -6 -7 9 8 -10 -11 -12 12 -14 -15
leaf_value=-0.0043828851355189212 -0.0010494579928146278 -0.067557895596524628 0.074115571435138014 0.02401448146625805 0.00013423664559057135 0.058477718180994245 -0.055773470595792476 -0.059208212778934954 -0.010208337813610755 0.032326581961589433 0.00013423664559057135 -0.097733156672331956 0.031782950718109389 0.058620610363385152
leaf_weight=52.087291082710841 1120.4946442852702 3.710910371669752 5.4855841950345914 29.443877540399626 7.3672292255610623 5.7514562398791886 1.4089173529463952 5.9652038465890191 28.113123242884285 14.499905606506266 17.758783385739662 0.6500638591817286 4.4101058629799006 2.5594121589992929
leaf_count=18978 2157070 459 1287 827 293 98 4182 36240 627 17955 470 1519 6682 3399
internal_value=-0.000220938 0.007806 0.016319 0.0114605 -0.0171847 0.0174531 -0.00108769 -0.00143981 -0.0187855 0.0245243 0.0124544 0.0458194 0.0151444 -0.000913471
internal_weight=1299.71 126.665 74.578 64.0323 11.0781 52.9541 1173.04 1157.13 34.0783 15.9088 47.2027 10.5458 5.06017 1123.05
internal_count=2250086 30613 11635 2147 752 1395 2219473 2197336 36867 22137 1297 9488 8201 2160469
is_linear=0
shrinkage=0.05


Tree=200
num_leaves=15
num_cat=0
split_feature=24 13 22 16 3 17 1 4 1 8 8 8 7 4
split_gain=5.05442 5.77097 5.45332 4.6201 7.09207 5.09584 6.33944 4.99577 4.60021 4.37234 10.4393 6.16252 5.22885 4.9314
threshold=2.3152083158493046 0.97222220897674572 0.62438565492630016 2.5249279737472539 0.083797037601470961 5.2390944957733163 2.5000000000000004 0.024979948997497562 3.5000000000000004 181.50000000000003 166.50000000000003 149.50000000000003 13.39708995819092 0.0037864446640014653
decision_type=8 10 8 8 10 10 10 10 10 10 10 10 8 10
left_child=1 3 -2 4 5 6 -1 -7 -3 10 11 12 -5 -11
right_child=2 8 -4 9 -6 7 -8 -9 -10 13 -12 -13 -14 -15
leaf_value=0.013864020101637148 -0.033723675055338291 0.1048003906136861 0.0053031957773561761 -0.040493367672240127 0.026888721469012045 0.025317628883261452 -0.039274169280877264 -0.077527475040343824 -0.11963727675511392 -0.09126628143736755 -0.088256768752049533 0.044630206051615322 -0.0032284449833904043 0.044823660251699635
leaf_weight=9.0582630536498829 9.1267388065558332 1.9588866337084305 464.9606013782502 9.5364425045032615 33.331116218048535 15.010367741707826 14.75607402937038 1.2816156155909073 0.25843128581036001 0.72998681140468935 3.6316131833696081 6.6525069158874421 729.48143056761808 7.5551201425554755
leaf_count=3255 1260 2058 80969 147318 144844 3329 3680 207 1233 5609 52753 66482 1701170 36127
internal_value=0.000430246 -0.00191483 0.00455188 -0.00212977 0.00984442 -0.00432057 -0.019062 0.0172273 0.0786419 -0.0032905 -0.00368992 -0.00327806 -0.00370932 0.032833
internal_weight=1307.33 833.242 474.087 831.025 73.4374 40.1063 23.8143 16.292 2.21732 757.587 749.302 745.67 739.018 8.28511
internal_count=2250294 2168065 82229 2164774 155315 10471 6935 3536 3291 2009459 1967723 1914970 1848488 41736
is_linear=0
shrinkage=0.05


Tree=201
num_leaves=15
num_cat=0
split_feature=27 2 1 3 18 17 2 13 18 0 1 27 8 22
split_gain=6.84939 5.09241 6.91048 4.00243 6.32518 4.29702 3.92175 3.89102 4.89979 5.36072 4.61759 4.39619 5.54009 3.88544
threshold=2.9892170429229741 1.024612605571747 29.500000000000004 0.057560086250305183 1.3456336259841921 5.478551149368287 1.5291855931282046 0.14495798945426944 0.18668776750564578 0.64340209960937511 87.500000000000014 3.2228242158889775 139.50000000000003 0.75472605228424083
decision_type=10 8 10 10 8 10 10 8 10 10 10 10 10 10
left_child=13 7 3 4 -3 -5 -7 -2 9 10 -9 -10 -13 -1
right_child=1 2 -4 5 -6 6 -8 8 11 -11 -12 12 -14 -15
leaf_value=-0.0041421330422781264 0.056983151026207407 0.0056577442971645926 -0.050384562249779247 0.041826535862223686 -0.069368759233336394 0.035770420473085728 -0.038436538988296215 0.035559689281580237 0.043837377842301621 0.081652531229127356 -0.047863041265940584 -0.075140312508108723 0.078298432987447875 0.0018196069677169143
leaf_weight=653.86649001040792 8.5434269704480439 115.96603768639108 5.3512012444789994 15.29939608630192 2.878944630843022 3.2382157750592944 3.9550312753878671 5.5663854256269811 1.8275963316314481 4.0075805040630712 2.3629120781765067 3.4707689900334717 0.70834582509720778 469.55668240081923
leaf_count=2085419 30354 7570 6243 3955 1077 1463 758 21350 8367 818 7329 62356 6774 6816
internal_value=-0.000223501 0.00903245 0.00538906 0.00750071 0.00384027 0.0268415 -0.00503046 0.0292101 0.0159866 0.0345209 0.0106999 -0.0208459 -0.049133 -0.00165031
internal_weight=1296.6 173.176 146.689 141.338 118.845 22.4926 7.19325 26.487 17.9436 11.9369 7.9293 6.00671 4.17911 1123.42
internal_count=2250649 158414 21066 14823 8647 6176 2221 137348 106994 29497 28679 77497 69130 2092235
is_linear=0
shrinkage=0.05


Tree=202
num_leaves=15
num_cat=0
split_feature=27 12 16 2 17 18 2 24 18 22 11 16 18 18
split_gain=4.45315 3.95686 3.66577 5.4875 6.87483 4.43811 4.21897 4.99917 4.18006 3.94011 3.80389 8.76536 4.97972 4.87014
threshold=7.6283514499664316 0.19543650746345523 2.5249279737472539 0.34688507020473486 5.3821961879730233 0.031587261706590659 0.31109531223773962 1.8478996753692629 0.21488787233829501 0.41220951080322271 inf 2.2499048709869389 0.24076697230339053 0.049730988219380386
decision_type=10 10 8 8 10 8 8 8 8 8 8 10 10 10
left_child=1 2 3 4 6 -4 7 -1 -8 -7 -5 12 -12 -13
right_child=-2 -3 5 10 -6 9 8 -9 -10 -11 11 13 -14 -15
leaf_value=0.041923688498485864 0.01452660510623004 0.02694433432392104 -0.055149134948553759 0.010878729913850173 -0.067584468756483787 -0.045636375508167598 0.079333629295173902 -0.063661313681551979 0.35755017211178258 -0.0011657283404677731 -0.038648992841097733 0.042767285520280994 0.029571228069354406 -0.0074123482775509042
leaf_weight=8.8794206146340819 52.426374294757807 13.140078870326077 3.8491723322806353 67.363766556018589 1.4758962836827247 5.003456976297401 3.9115025845622418 1.2830645942026464 0.13983367967040639 1101.4034935543343 19.625364067214054 9.2074807655619413 3.0971081192618817 10.182910505642843
leaf_count=59253 35273 13111 9794 48758 26537 945392 1598 2225 144 1085309 11842 3003 693 7365
internal_value=0.000250909 -0.000348519 -0.000638809 0.00747291 0.0351275 -0.0015533 0.0457926 0.0285931 0.0889364 -0.00136684 0.00350958 -0.00827813 -0.0293505 0.0164153
internal_weight=1300.99 1248.56 1235.42 125.166 15.6897 1110.26 14.2138 10.1625 4.05134 1106.41 109.477 42.1129 22.7225 19.3904
internal_count=2250297 2215024 2201913 161418 89757 2040495 63220 61478 1742 2030701 71661 22903 12535 10368
is_linear=0
shrinkage=0.05


Tree=203
num_leaves=15
num_cat=0
split_feature=24 16 1 7 12 0 1 23 1 24 16 9 23 16
split_gain=6.4818 5.31939 4.42158 6.46759 5.72972 4.93976 6.71274 10.0187 7.82149 5.48226 6.69488 4.65075 6.88636 4.06693
threshold=2.3152083158493046 6.310826539993287 4.5000000000000009 159.77436065673831 0.1490740776062012 0.70098999142646801 39.500000000000007 215.50000000000003 29.500000000000004 2.0047768354415898 3.7494349479675297 0.3013297319412232 2.5000000000000004 3.113268375396729
decision_type=10 10 10 10 10 10 10 8 10 8 8 8 8 8
left_child=1 2 11 4 5 6 8 -8 -4 -7 -11 12 -1 -14
right_child=-2 -3 3 -5 -6 9 7 -9 -10 10 -12 -13 13 -15
leaf_value=-0.08369684057977328 0.0046203173684039025 0.045186543298650912 -0.013910454986553645 0.079639929988746305 0.029217663155850344 -0.0055032471838096821 -0.0055032471838096821 -0.044728531431523846 -0.045195456415461049 0.030629221120993547 -0.003272092159854292 0.001899979072102313 0.039047913017691789 -0.02675253320352295
leaf_weight=3.9008208143712837 385.97776117809997 5.6625123488613545 118.4811072551597 2.1762652239050331 10.852207050477999 101.10204687649139 193.84276312062744 16.29934439780618 24.03018910700176 26.632212354098556 32.134903630174449 355.73968801483073 3.4031059618831447 7.5760024360161706
leaf_count=68 8800 17489 88208 366 9204 22593 276035 509880 40159 411 802 916607 51184 307803
internal_value=-0.000801859 -0.00312251 -0.00342775 -0.00637706 -0.00673473 -0.00749599 -0.010801 -0.00550325 -0.0191857 -0.000205479 0.0120914 0.000754462 -0.0266318 -0.0063569
internal_weight=1287.81 901.833 896.171 525.551 523.375 512.523 352.653 210.142 142.511 159.869 58.7671 370.62 14.8799 10.9791
internal_count=2249609 2240809 2223320 947658 947292 938088 914282 785915 128367 23806 1213 1275662 359055 358987
is_linear=0
shrinkage=0.05


Tree=204
num_leaves=15
num_cat=0
split_feature=27 22 7 14 12 0 13 18 3 23 16 16 14 10
split_gain=4.49697 4.23918 3.54402 3.13685 6.99485 5.60861 5.04694 4.30204 3.77232 7.17904 3.59786 3.1055 7.17244 4.12086
threshold=2.3535244464874272 0.60698100924491893 48.500291824340827 1.0000000180025095e-35 0.043167702853679664 0.64477670192718517 0.14495798945426944 0.16674263030290606 0.14563199877738955 1.0000000180025095e-35 2.9174053668975835 2.6735538244247441 1.0000000180025095e-35 0.016793855465948585
decision_type=10 8 10 10 8 10 8 10 8 10 8 10 10 8
left_child=1 11 -3 6 -5 -6 7 -2 -7 -10 -8 -1 13 -13
right_child=3 2 -4 4 5 8 10 -9 9 -11 -12 12 -14 -15
leaf_value=-0.006454316670559037 -0.019809808737510631 -0.0010988156855036057 0.012559704809030554 -0.056470991160945783 -0.038190318713534233 0.0082641249657506403 0.019875807308748081 0.044278116080536861 0.65422924238278191 0.074932819088781882 0.00071656419795675737 -0.006454316670559037 -0.006454316670559037 -0.051370872310629145
leaf_weight=25.617766538857119 3.0951783472565948 977.53005148690022 49.91824722704132 5.4760437382860587 7.0826491210971261 42.613705979157935 36.913671594937021 17.004814922030956 0.061488653933337356 0.41070218180421847 72.884628884023044 3.3109102453357258 30.549770274033477 19.256293631954666
leaf_count=252832 2949 206408 4992 25264 55133 4418 9490 13320 21 700 77133 358615 685027 553738
internal_value=-8.38216e-05 -0.00129206 -0.000435221 0.00711956 -0.00281354 0.00304332 0.0113746 0.0344093 0.00982149 0.150369 0.00715781 -0.0124734 -0.0205917 -0.0420211
internal_weight=1291.73 1106.18 1027.45 185.543 55.6446 50.1685 129.898 20.1 43.0859 0.472191 109.798 78.7347 53.117 22.5672
internal_count=2250040 2061612 211400 188428 85536 60272 102892 16269 5139 721 86623 1850212 1597380 912353
is_linear=0
shrinkage=0.05


Tree=205
num_leaves=15
num_cat=0
split_feature=26 18 8 1 1 26 12 17 4 22 1 24 18 24
split_gain=3.32116 3.47421 7.14538 4.90575 4.8868 3.80064 3.13646 3.43758 2.95297 5.63665 3.36665 2.85014 8.39952 3.83353
threshold=0.41421568393707281 0.43419210612773901 159.50000000000003 207.50000000000003 3.5000000000000004 0.51470589637756359 0.19543650746345523 6.749887466430665 0.010014802217483522 0.71941202878952037 1.5000000000000002 1.4286566376686098 0.10366512089967729 1.600064814090729
decision_type=10 10 10 10 10 10 10 10 8 10 8 10 10 10
left_child=6 11 3 4 5 -3 7 -1 10 -10 -8 12 -2 -13
right_child=1 2 -4 -5 -6 -7 8 -9 9 -11 -12 13 -14 -15
leaf_value=-0.0012191725127716003 -0.064485981856127986 0.026956068786084017 0.086294675395844678 0.096488877418108965 -0.06916600280484525 -0.044270585565218096 -0.11541912805809687 -0.061038693816531736 -0.092206922998907037 0.022494229148942474 0.050841589623029738 -0.054994714478914998 0.04941818880388324 0.010770862232286061
leaf_weight=1164.8634041145103 1.8786017179515173 3.9832420791551737 1.6107332823260172 0.78230724116578265 5.3168749089304796 3.5350312049355175 0.31794149253991832 2.4065980831667266 1.3731150220858648 4.8695423693570774 7.1912005867921778 2.2943233878131926 11.690211403161248 64.79045265359116
leaf_count=2151812 8395 14526 1708 1415 8021 14153 7 10262 10139 131 2642 768 23658 1995
internal_value=-0.000336263 0.00861319 -0.0132905 -0.0250699 -0.032479 -0.00653413 -0.00106283 -0.0013425 0.0226764 -0.00273507 0.043802 0.0127488 0.0336482 0.00852166
internal_weight=1276.9 95.8818 15.2282 13.6175 12.8351 7.51827 1181.02 1167.27 13.7518 6.24266 7.50914 80.6536 13.5688 67.0848
internal_count=2249632 74639 39823 38115 36700 28679 2174993 2162074 12919 10270 2649 34816 32053 2763
is_linear=0
shrinkage=0.05


Tree=206
num_leaves=15
num_cat=0
split_feature=16 26 24 10 13 9 18 4 10 3 7 2 4 24
split_gain=5.52042 5.92584 5.7434 5.26006 5.0283 6.25707 4.72537 4.34531 4.30952 5.57447 4.96004 4.27586 5.87511 4.10415
threshold=2.6020033359527592 0.17914438992738727 2.0047768354415898 0.0098058069124817866 0.16064515709877017 0.36237932741642004 0.049730988219380386 0.0012231767177581789 0.018912463448941711 0.1350977420806885 7.3344733715057382 0.67550528049469005 0.046596795320510871 1.2714552283287051
decision_type=8 10 10 8 8 8 8 10 8 10 8 8 8 8
left_child=1 4 -2 -3 5 -1 -4 -5 9 -8 -10 12 -12 -6
right_child=2 3 6 7 13 -7 8 -9 10 -11 11 -13 -14 -15
leaf_value=0.078303872878926123 -0.0052162661972383114 0.25770781917881685 0.034438827307764278 -0.057627637723783126 0.030464493032499082 -0.07620365534572543 0.035638162103160502 0.032029116192398788 -0.048576211364717521 -0.06547887193969909 -0.023834686604395999 0.0019674232636394742 0.051929982679204949 0.001928065470737734
leaf_weight=0.79823954844168721 610.25443882095578 0.25001880596613801 10.942927183779913 1.426460269560496 14.480599538338646 3.658171818502904 14.942505165793991 25.694845321420189 5.1171897542020579 1.4998023342971851 21.319107419422672 465.24607556590581 2.6301664074564135 97.009272898669366
leaf_count=2154 2050340 1088 262 519 145248 8461 320 7806 174 509 901 12047 571 19045
internal_value=-0.000752694 0.00849257 -0.00192325 0.0294181 0.00355271 -0.048528 0.00192875 0.0273136 0.00123223 0.0264147 0.000394583 0.000906838 -0.0196964 0.00563445
internal_weight=1275.27 143.318 1131.95 27.3713 115.946 4.45641 521.698 27.1213 510.755 16.4423 494.313 489.195 23.9493 111.49
internal_count=2249445 184321 2065124 9413 174908 10615 14784 8325 14522 829 13693 13519 1472 164293
is_linear=0
shrinkage=0.05


Tree=207
num_leaves=15
num_cat=0
split_feature=27 8 24 7 4 24 4 17 23 4 17 4 17 24
split_gain=4.48081 3.95991 3.58949 3.97771 4.02213 3.94221 7.12558 5.87966 8.86218 124.236 134.264 5.76235 5.90982 6.42195
threshold=2.9892170429229741 166.50000000000003 2.3152083158493046 9.9739518165588397 0.0088095366954803484 1.2523145675659182 0.021119862794876102 4.9593360424041757 6317.5000000000009 0.019650280475616459 4.863673448562623 0.0053248405456542977 4.930863857269288 0.96313658356666576
decision_type=10 10 8 8 8 10 10 8 10 10 10 10 10 10
left_child=2 -2 3 4 -1 6 7 8 11 -10 -11 12 -5 -14
right_child=1 -3 -4 5 -6 -7 -8 -9 9 10 -12 -13 13 -15
leaf_value=-0.092729449870483024 0.0084874343154217602 -0.070292870078691339 0.0028391416653598452 0.062493810680757801 -0.022188938737720008 -0.0041594750170244367 -0.018548315096335619 0.0069003474826672198 -0.022188938737720008 -0.022188938737720008 21.559639568138593 0.008573606506129398 0.48749919460270369 -0.022188938737720008
leaf_weight=2.524941899633137 163.90764204485774 1.6107829642105844 382.507202127244 7.7533368734966892 4.1333794446435181 641.13552413501679 21.025042214588495 54.308083978326231 0.032429380235623806 0.001432300186003487 0.0014429123688159962 7.5084504743745946 0.16312510105321809 0.049364483404815473
leaf_count=26898 151994 6124 74135 84944 101652 125352 992166 543047 8498 333 32 132534 2731 356
internal_value=4.14328e-05 0.00772076 -0.00109229 -0.00312821 -0.0415996 -0.00277826 0.00696985 0.0146544 0.0418061 0.833085 10.7947 0.0400007 0.0696234 0.329769
internal_weight=1286.66 165.518 1121.14 738.637 6.65832 731.978 90.8427 69.8177 15.5096 0.0353046 0.00287521 15.4743 7.96583 0.21249
internal_count=2250796 158118 2092678 2018543 128550 1889993 1764641 772475 229428 8863 365 220565 88031 3087
is_linear=0
shrinkage=0.05


Tree=208
num_leaves=15
num_cat=0
split_feature=3 3 26 9 10 21 16 0 3 1 27 16 16 17
split_gain=7.00928 5.24362 4.07535 4.18551 4.87425 3.68154 3.44063 6.22224 3.93299 5.78971 3.7016 5.24492 3.6644 6.81946
threshold=0.23374149203300479 0.2305547893047333 0.41421568393707281 0.60734322667121898 0.028923837468028072 1.5000000000000002 4.424828529357911 0.72043824195861828 0.039593756198883064 6.5000000000000009 3.4248991012573247 3.7494349479675297 3.9415346384048466 5.4004201889038095
decision_type=10 10 10 8 8 10 10 8 10 10 10 8 8 10
left_child=1 2 5 -4 -5 -1 8 -8 9 10 -6 -12 13 -10
right_child=-2 -3 3 4 6 -7 7 -9 12 -11 11 -13 -14 -15
leaf_value=-0.00066771460540765589 -0.045455428065023749 0.09097841014042081 0.029770033221003519 -0.061569019348718515 0.035185734962325313 -0.053011820980349247 -0.070969874262608409 0.024272353732849552 0.025198130990905385 -0.077245647696305098 0.0098991794724134271 -0.042705634495839036 0.049749144259160036 -0.047721658935774708
leaf_weight=1179.5064123214727 8.5030181783331482 1.5850043356349477 20.844379599179824 2.6993253544036824 7.3255028616947611 3.3687768107363345 3.685241473270124 3.2073256298601649 17.861872967156469 2.3480570110994554 15.994263116597894 6.7330409690191564 9.1979840692956518 3.9077110288950356
leaf_count=1335268 841481 25712 8159 1292 800 3594 10825 977 10624 172 687 436 6753 3644
internal_value=-0.000209402 9.15744e-05 -2.12621e-05 0.0100103 0.00436506 -0.000816788 0.00689815 -0.0266507 0.0105472 -0.0016306 0.00427729 -0.00568518 0.0232887 0.0121088
internal_weight=1286.77 1278.26 1276.68 93.8047 72.9603 1182.88 70.261 6.89257 63.3684 32.4009 30.0528 22.7273 30.9676 21.7696
internal_count=2250424 1408943 1383231 44369 36210 1338862 34918 11802 23116 2095 1923 1123 21021 14268
is_linear=0
shrinkage=0.05


Tree=209
num_leaves=15
num_cat=0
split_feature=23 27 18 23 17 2 2 24 24 4 1 22 23 17
split_gain=3.89217 3.5666 4.35392 7.17103 6.20187 5.00337 6.15628 5.06613 8.35536 5.39228 5.00707 4.62771 5.01645 6.17256
threshold=6426.5000000000009 2.3535244464874272 0.041128322482109077 2.5000000000000004 5.4531798362731942 0.51222771406173717 0.52055600285530101 1.2133302688598635 1.5478209853172304 0.0028343200683593754 253.50000000000003 0.56571912765502941 113.50000000000001 5.5471267700195321
decision_type=10 10 8 8 10 8 8 8 10 8 10 8 10 8
left_child=1 2 3 -1 -5 -6 -7 -8 10 -10 -9 -4 -13 -14
right_child=-2 -3 11 4 5 6 7 8 9 -11 -12 12 13 -15
leaf_value=-0.02653302724704424 -0.096949709979672949 0.0070284633554897093 -0.018331176095934515 0.04675136861064056 -0.060717139629982098 0.42070752580127047 0.060432723582313788 -0.074321457953079317 -0.10598599791461256 0.030975674154407901 0.18483539894216924 -0.00088920286023314509 0.075207924587185032 -0.0094577780957929708
leaf_weight=8.7837953569100247 1.0252431089388654 180.29333830664814 38.11544610295509 16.479265074195094 2.476789722291123 0.092915391033681516 4.3405683280784704 3.8960479252544848 0.77176191766920688 10.441595237445213 0.19574348918595763 1005.8742111199232 4.7312787952961335 2.8212819115674392
leaf_count=194 133306 171646 1523451 24111 33576 163 14452 1862 47 682 34 283341 32057 29204
internal_value=0.000432313 0.000510355 -0.000558935 0.0142516 0.0235099 0.00626947 0.0146749 0.0127545 -0.000767071 0.0215493 -0.0619239 -0.00122765 -0.00058438 0.0400129
internal_weight=1280.34 1279.31 1099.02 47.4785 38.6947 22.2154 19.7386 19.6457 15.3051 11.2134 4.09179 1051.54 1013.43 7.55256
internal_count=2248126 2114820 1943174 75121 74927 50816 17240 17077 2625 729 1896 1868053 344602 61261
is_linear=0
shrinkage=0.05


Tree=210
num_leaves=15
num_cat=0
split_feature=23 21 1 24 23 22 17 10 16 18 14 15 16 17
split_gain=4.09022 3.73194 3.06319 5.32293 10.1186 5.36626 6.47212 4.94241 4.68609 5.15911 7.70045 8.20914 4.63456 5.3713
threshold=6426.5000000000009 1.5000000000000002 3.5000000000000004 1.7424008250236513 2.5000000000000004 0.69894883036613475 3.7012257575988774 0.027791182510554794 5.3636341094970712 0.68781778216362011 1.0000000180025095e-35 1.0000000180025095e-35 5.1619205474853525 5.6784632205963144
decision_type=10 10 10 10 8 8 8 10 10 8 8 8 10 10
left_child=1 2 8 4 -4 6 -5 -6 9 12 -11 -12 -1 -14
right_child=-2 -3 3 5 7 -7 -8 -9 -10 10 11 -13 13 -15
leaf_value=0.0039864888537280629 -0.10155877316338818 -0.052927507475684921 -0.077436848540015715 -0.11479856152246648 -0.0075994727022151839 0.0034614740821135633 -0.0099833904291164732 0.029690903778807922 0.02486080177360489 0.0031285821457277363 0.039991401257280762 -0.044888336288384394 0.21628455944198532 -0.048742632448792025
leaf_weight=469.46269031348686 0.99746082039200601 3.3557520191895938 5.099631344502483 1.5104599526066298 267.30789164226468 369.04326240107105 59.042412004043143 9.191089482271364 22.771053684603544 34.027108871770849 3.2868855175283969 21.362055038255047 0.19764078496367155 5.8467482293113253
leaf_count=809837 133378 5976 108 765 931147 7591 14033 1883 99798 72555 10456 145453 1470 15826
internal_value=-0.000348413 -0.000269016 -0.000129672 -0.00230431 -0.00764708 0.00119785 -0.012598 -0.00635991 0.0026472 0.00170029 -0.0122879 -0.0335698 0.00342638 -0.0400767
internal_weight=1272.5 1271.5 1268.15 711.195 281.599 429.596 60.5529 276.499 556.954 534.183 58.676 24.6489 475.507 6.04439
internal_count=2250276 2116898 2110922 955527 933138 22389 14798 933030 1155395 1055597 228464 155909 827133 17296
is_linear=0
shrinkage=0.05


Tree=211
num_leaves=15
num_cat=0
split_feature=16 2 22 18 18 2 1 9 8 9 7 12 16 24
split_gain=3.98568 6.43816 4.06661 5.90846 5.68895 3.63796 6.90982 4.54318 4.798 3.10075 3.74184 2.96439 4.751 2.87992
threshold=6.3035306930542001 0.9911039173603059 0.71941202878952037 0.21243916451931003 0.21982370316982272 1.3954468965530398 14.500000000000002 0.28901392221450811 43.500000000000007 0.99919417500495922 16.642174720764164 0.1123737394809723 2.9174053668975835 2.0047768354415898
decision_type=10 8 8 8 8 8 10 8 8 10 10 10 10 10
left_child=2 -2 3 11 -5 7 -7 8 -4 -6 -11 -1 -13 -10
right_child=1 -3 5 4 9 6 -8 -9 13 10 -12 12 -14 -15
leaf_value=-0.00068109564344062321 0.065973719984387211 -0.041920274897464076 0.072588488197088144 -0.058604998089199049 -0.0083192571025138672 0.0035014832521579938 0.029885164372199281 -0.00068109564344062321 -0.00068109564344062321 -0.2838709079872534 -0.043841556154934867 -0.00068109564344062321 -0.085096474070748093 0.040388855478756813
leaf_weight=288.8019544978294 5.2523382573841593 1.8766447472670575 4.5028552766730998 6.0611560031316456 166.82363484743996 506.3125532056016 26.095248281810086 255.31878393284552 2.7054363696793908 0.17042291483667193 3.4346980188469498 1.4864653310640346 2.8017735155859818 4.5085775785537408
leaf_count=794587 16320 2074 1123 24782 1308487 9230 956 66448 11726 133 2319 2081 9404 57
internal_value=0.000290255 0.0375715 8.08198e-05 -0.00361228 -0.0110036 0.00225008 0.00479464 -0.000681096 0.03209 -0.00931069 -0.0551883 -0.000681096 -0.0441097 0.00681155
internal_weight=1276.15 7.12898 1269.02 469.58 176.49 799.443 532.408 267.036 11.7169 170.429 3.60512 293.09 4.28824 7.21401
internal_count=2249727 18394 2231333 2141793 1335721 89540 10186 79354 12906 1310939 2452 806072 11485 11783
is_linear=0
shrinkage=0.05


Tree=212
num_leaves=15
num_cat=0
split_feature=27 3 18 16 4 23 25 7 9 16 16 7 23 24
split_gain=4.16135 4.23173 5.12038 4.97147 4.28466 4.00046 3.97551 5.74971 3.49266 6.71512 3.75713 3.33315 3.18077 3.32802
threshold=3.0573540925979619 0.057560086250305183 1.3456336259841921 2.3502402305603032 0.062486827373504646 6426.5000000000009 1.5000000000000002 26.184377670288089 0.28754249215126043 4.49422311782837 3.3497501611709599 13.719125270843508 6317.5000000000009 -0.1444694101810455
decision_type=10 10 8 10 10 10 10 10 10 8 10 10 10 8
left_child=5 2 -2 -3 8 6 12 -8 9 -5 -10 -12 13 -1
right_child=1 3 -4 4 -6 -7 7 -9 10 -11 11 -13 -14 -15
leaf_value=-0.051514921817954418 0.0040340566974446457 0.052305952998833644 -0.061572361146395888 0.014381414689680542 -0.066343656118652256 -0.10005708119979131 -0.05603576968088754 0.057533243741531397 -0.016097092319421989 -0.062746789305090533 -0.072534204416317832 0.057800468147560471 0.1033471587794511 -0.00044361062421981016
leaf_weight=3.1991805648309768 111.05733268128421 9.4589152248707702 3.055892010986013 24.261929623945946 1.6685471792725426 1.0155606573807734 6.4382766121592008 1.3477632511898585 2.6255847159808132 3.1935261886460067 0.51719186583675281 9.5191209194518951 0.73655005255636652 1095.2918276719597
leaf_count=684005 7796 7467 1065 36676 46076 118382 28423 2346 2946 34658 5141 15075 6893 1253223
internal_value=0.000238315 0.00763726 0.00227715 0.0195733 0.0121637 -0.000865875 -0.000774878 -0.036377 0.0154289 0.00541012 0.0371533 0.0510841 -0.000522702 -0.000592348
internal_weight=1273.39 165.358 114.113 51.2448 41.7859 1108.03 1107.01 7.78604 40.1174 27.4555 12.6619 10.0363 1099.23 1098.49
internal_count=2250172 156900 8861 148039 140572 2093272 1974890 30769 94496 71334 23162 20216 1944121 1937228
is_linear=0
shrinkage=0.05


Tree=213
num_leaves=15
num_cat=0
split_feature=27 3 2 2 27 13 25 26 9 10 15 18 17 4
split_gain=4.7555 4.51031 5.40337 3.70335 3.08006 2.98555 3.17548 2.85857 2.9966 2.71456 6.78267 7.97087 6.3101 5.14033
threshold=9.0439276695251483 0.30141846835613256 -1.0529541373252866 -0.77066773176193226 8.4639444351196307 0.85026738047599804 5.5000000000000009 0.08893280848860742 0.53725716471672069 0.024393817409873012 inf 1.4250435233116152 4.4716224670410165 0.036457121372222907
decision_type=10 10 8 8 10 10 8 10 10 8 8 10 10 8
left_child=1 2 -1 -4 5 9 -7 -2 -9 10 11 12 -5 -12
right_child=7 -3 3 4 -6 6 -8 8 -10 -11 13 -13 -14 -15
leaf_value=0.054215873253297998 -0.090550944331900585 -0.070336841717034068 -0.065436224031338627 -0.0901780381868625 -0.061032218662270911 -0.012711421091948045 0.093796401029488941 0.040557259276948837 0.0098892924473376019 -0.0011300901254143391 0.018069014072675409 0.071644574221808574 -0.011709226627725514 -0.017699176101151706
leaf_weight=4.5418595787636908 0.60092347339070684 2.297800533846611 2.1863902133676842 2.7884508698986883 2.0845125046023432 1.1797313268255742 1.7203175390808807 11.53316964208951 25.747260116358838 1100.7138066237644 81.895861904664159 2.6674812892423096 31.550353438687054 11.448927560681183
leaf_count=91622 353 394552 78561 6362 1759 1717 665 20646 2798 1269322 140317 7361 91055 142337
internal_value=0.00018092 -0.000350058 -0.000220658 -0.000420332 -0.000305328 -0.000202743 0.0504693 0.017633 0.0193768 -0.000322113 0.00650063 -0.0116136 -0.0180812 0.013682
internal_weight=1282.96 1245.08 1242.78 1238.24 1236.05 1233.96 2.90005 37.8814 37.2804 1231.06 130.351 37.0063 34.3388 93.3448
internal_count=2249427 2225630 1831078 1739456 1660895 1659136 2382 23797 23444 1656754 387432 104778 97417 282654
is_linear=0
shrinkage=0.05


Tree=214
num_leaves=15
num_cat=0
split_feature=3 7 16 10 15 16 25 24 18 11 24 18 22 17
split_gain=4.03374 3.60586 3.57846 2.62925 3.89355 8.98462 7.17692 4.06332 3.66508 6.22997 6.89693 4.75631 8.33954 6.03783
threshold=0.30141846835613256 59.135911941528327 5.8245229721069345 0.024393817409873012 inf 3.4498615264892583 1.5000000000000002 1.600064814090729 0.21243916451931003 0.6904762089252473 1.4647108316421511 0.32889626920223242 0.57945260405540477 4.79990577697754
decision_type=10 10 10 8 8 10 10 8 10 8 8 10 10 10
left_child=1 3 -3 4 5 6 -1 -7 -5 10 -10 12 -11 -14
right_child=-2 2 -4 8 -6 7 -8 -9 9 11 -12 -13 13 -15
leaf_value=-0.079552222346998158 -0.069835910558617556 0.0083327266603087629 0.064087725822239497 0.00047219370259448626 0.0048765977576022161 -0.046679029797176183 0.0048765977576022161 0.0048765977576022161 -0.048861069043661061 -0.069579469060788435 -0.010433664823878305 0.0038090255898463594 0.0048765977576022161 -0.014075120863628131
leaf_weight=7.0277735469069551 2.1031505501059646 62.284368242246146 3.0172663984318566 631.09616233820702 94.971805752318517 3.8652906336700612 1.4437391544962279 21.498401641769433 12.741757467918534 5.476067781868152 139.66899814102393 180.69058947828071 24.991463714079103 77.23182741596095
leaf_count=24830 402130 32048 1983 598058 356198 101519 380 4266 371153 72658 30788 228705 3351 21801
internal_value=-0.000648331 -0.000533393 0.0109089 -0.00115569 0.0048766 -0.0121485 -0.0567307 0.00274201 -0.00197129 -0.00546962 -0.0136463 -0.00114837 -0.00946555 -0.00624527
internal_weight=1268.11 1266.01 65.3016 1200.7 128.807 33.8352 8.47151 25.3637 1071.9 440.801 152.411 288.39 107.699 102.223
internal_count=2249868 1847738 34031 1813707 487193 130995 25210 105785 1326514 728456 401941 326515 97810 25152
is_linear=0
shrinkage=0.05


Tree=215
num_leaves=15
num_cat=0
split_feature=1 28 13 13 13 24 8 27 2 1 28 2 9 1
split_gain=3.75896 6.03959 4.6689 4.62247 4.79561 4.56618 4.48562 3.6256 6.06956 6.06283 7.67306 5.30701 4.33815 3.99101
threshold=4.5000000000000009 1.5000000000000002 0.85026738047599804 0.27525253593921667 0.23904761672019961 1.5026199221611025 197.50000000000003 5.9102666378021249 1.024612605571747 5.5000000000000009 3.5000000000000004 0.75273722410202037 0.38781879842281347 11.500000000000002
decision_type=10 8 10 10 10 10 10 10 8 10 8 10 8 10
left_child=2 -2 3 4 -1 -6 7 12 11 -10 13 -9 -3 -11
right_child=1 6 -4 -5 5 -7 -8 8 9 10 -12 -13 -14 -15
leaf_value=0.0025698899688513595 -0.044930707139073517 0.012978149024226063 0.071755770227667423 -0.034219399770970216 -0.083317246573317419 0.048408954810006122 -0.09759257916777149 -0.05089904647042668 0.046635115334578758 -0.00083107525060428756 0.022106739728542948 0.063115804647462775 -0.0040475237903843751 -0.047886623342665524
leaf_weight=599.01067986172404 8.3006446143001877 40.14016016434055 2.4516304026572007 8.3997485560872729 0.71149627233177071 8.7306587632880888 1.2249785730130032 1.172766318517892 6.5522463322327686 8.0010463295005696 13.731761572072321 7.8674977352954123 550.92691494685187 10.315927717124074
leaf_count=1261624 414002 57771 2228 18738 10400 181 1062 6686 213 639 1089 3795 468076 3418
internal_value=0.000106621 -0.00255478 0.00289234 0.00261865 0.0031272 0.038483 -0.00200511 -0.00182178 0.0114471 0.00281042 -0.00614938 0.048325 -0.00289129 -0.0273323
internal_weight=1267.54 648.234 619.304 616.853 608.453 9.44216 639.933 638.708 47.6412 38.601 32.0487 9.04026 591.067 18.317
internal_count=2249922 956751 1293171 1290943 1272205 10581 542749 541687 15840 5359 5146 10481 525847 4057
is_linear=0
shrinkage=0.05


Tree=216
num_leaves=15
num_cat=0
split_feature=9 27 10 4 28 16 0 18 18 18 27 18 26 8
split_gain=4.26396 4.0737 3.60665 5.23286 3.25428 7.40768 5.14027 4.23262 3.53589 4.20178 4.17328 3.66661 4.39937 3.56226
threshold=0.62354162335395824 9.0439276695251483 0.031299682334065444 0.043543964624404914 2.5000000000000004 2.2499048709869389 0.53112253546714794 2.1804417371749882 0.74391382932662975 0.5560303032398225 7.7890331745147714 0.85006144642829906 0.47338935732841497 192.50000000000003
decision_type=8 10 10 10 8 8 10 10 8 8 10 8 10 10
left_child=1 2 3 4 5 6 -1 8 9 10 13 -10 -13 -6
right_child=-2 -3 -4 -5 7 -7 -8 -9 11 -11 -12 12 -14 -15
leaf_value=-0.079190085626550846 -0.00064986138303358039 0.041435603036833302 0.043375277952214381 -0.030300857181763671 0.010001355044208711 -0.039926126767954748 0.14307248268027994 0.060030598782601245 -0.050150259501367735 0.038490191032000132 -0.062065004684049185 -0.011534176994793907 0.050500289156532999 -0.048284621236162575
leaf_weight=0.34996999143313279 1078.2677378082792 8.3917508215352239 6.1874741294179776 10.165279435058009 117.16170784334086 8.1303177258457886 1.0133538338311003 3.8567757644612746 4.676947748136091 11.987088926310404 2.1204671844351131 16.92217752843062 3.4387995174505397 2.681419922310865
leaf_count=12626 1478650 8127 221 292325 29393 410713 2142 1639 1542 3937 174 7243 433 739
internal_value=0.000586153 0.00734853 0.00583257 0.00455975 0.00661598 -0.0218402 0.0860169 0.00827493 0.00701943 0.0102432 0.00746696 -0.0102274 -0.00105707 0.00869724
internal_weight=1275.35 197.084 188.692 182.504 172.339 9.49364 1.36332 162.845 158.989 133.951 121.964 25.0379 20.361 119.843
internal_count=2249904 771254 763127 762906 470581 425481 14768 45100 43461 34243 30306 9218 7676 30132
is_linear=0
shrinkage=0.05


Tree=217
num_leaves=15
num_cat=0
split_feature=26 8 7 1 21 7 2 1 16 18 26 22 3 3
split_gain=3.87309 3.47032 8.67169 4.83738 3.34233 3.3639 3.56208 5.06262 4.82446 4.85186 5.81496 4.17428 4.96719 4.85091
threshold=0.41421568393707281 1.5000000000000002 37.015281677246101 2.5000000000000004 1.5000000000000002 6.0083663463592538 1.821476995944977 6.5000000000000009 2.3502402305603032 0.12143779918551446 0.19523809850215915 0.60392275452613842 0.061360150575637824 0.09400957822799684
decision_type=10 8 10 8 10 8 10 10 8 8 10 10 10 10
left_child=1 2 -1 -4 5 -3 8 -8 9 10 -7 12 -10 -13
right_child=-2 4 3 -5 -6 6 7 -9 11 -11 -12 13 -14 -15
leaf_value=-0.028728145319080939 0.0091199067947308754 -0.040217690706515132 0.011774772231429554 0.055136975982149894 -0.052555164983177596 -0.0039464370499199012 0.0038672773485769925 -0.020994920521632258 -0.0087566046075217389 0.042149575546590594 0.046685631311421109 -0.0060656282973941787 -0.020994920521632258 0.0035290671583280576
leaf_weight=9.2003730446905205 90.458573793707274 5.7187095395233651 18.068647972197144 9.9865497636670337 3.2745446675339727 37.845724722321812 324.02769646198669 15.818345092097045 42.397392189626913 10.020359765946933 6.6701057412413425 442.5764886085766 55.580748532461683 187.56412842076156
leaf_count=890 74553 36669 764 2226 6428 95992 12420 2446 85451 13213 3229 31913 1772953 111392
internal_value=-0.000847581 -0.00161904 0.0133959 0.02721 -0.00211342 -0.00196702 -0.00177215 0.00250222 -0.00362818 0.0107158 0.00364011 -0.00470254 -0.0143035 -0.00320972
internal_weight=1259.21 1168.75 37.2556 28.0552 1131.49 1128.22 1122.5 339.846 782.655 54.5362 44.5158 728.119 97.9781 630.141
internal_count=2250539 2175986 3880 2990 2172106 2165678 2129009 14866 2114143 112434 99221 2001709 1858404 143305
is_linear=0
shrinkage=0.05


Tree=218
num_leaves=15
num_cat=0
split_feature=3 16 24 18 3 3 0 18 24 0 3 22 1 24
split_gain=3.76531 3.36084 3.63329 3.37474 3.38508 4.87344 3.31405 2.869 3.57715 3.50159 2.87975 3.72434 2.60513 4.44482
threshold=0.30141846835613256 6.3035306930542001 1.2133302688598635 3.7907736301422124 0.28513279557228094 0.21813955903053286 0.66398701071739208 0.018532829359173778 1.1304783225059511 0.6290368139743806 0.21603944897651675 0.75472605228424083 3.5000000000000004 1.7424008250236513
decision_type=10 10 10 10 10 10 10 8 8 10 10 10 10 8
left_child=1 3 -3 4 5 7 -4 8 -1 -10 12 -12 -9 -14
right_child=-2 2 6 -5 -6 -7 -8 10 9 -11 11 -13 13 -15
leaf_value=0.077928820259569959 -0.070470825013221966 0.069839829267077588 -0.096832925341219026 -0.075443847372145822 0.061911555169323708 -0.039754748144635206 0.02417127316161146 0.0028289998827189054 -0.071333665326296189 0.032547304232220894 0.049642686013280396 0.35206247733441781 -0.0074887447882681576 0.0010238831832467714
leaf_weight=2.6768105386183132 1.8730323212166684 3.6162665890205679 0.72983580074995336 1.4694846347017563 2.2306584539446694 7.5622624135494325 2.518300570410247 549.18573382243983 1.1293043419470903 2.8799849769294354 1.0528898253187424 0.1127021114953094 228.64790680698013 465.60439528464372
leaf_count=6555 401973 14338 670 13235 84895 472109 127 419328 1132 249 17358 11 770915 47431
internal_value=0.000369057 0.000473582 0.0353647 0.000283881 0.000372123 0.000263077 -0.00301761 0.000504927 0.0331702 0.00328695 0.000329447 0.0788839 0.000255811 -0.0017797
internal_weight=1271.29 1269.42 6.8644 1262.55 1261.08 1258.85 3.24814 1251.29 6.6861 4.00929 1244.6 1.16559 1243.44 694.252
internal_count=2250326 1848353 15135 1833218 1819983 1735088 797 1262979 7936 1381 1255043 17369 1237674 818346
is_linear=0
shrinkage=0.05


Tree=219
num_leaves=15
num_cat=0
split_feature=8 17 23 24 4 16 1 24 17 17 4 4 18 13
split_gain=3.94039 4.70755 3.66294 3.5223 8.44298 4.54354 5.52185 8.18365 7.16899 8.77962 46.6077 37.1324 6.8523 6.22697
threshold=1.5000000000000002 5.4004201889038095 6426.5000000000009 1.2523145675659182 0.021119862794876102 3.1984648704528813 69.500000000000014 1.2133302688598635 5.2390944957733163 5.2284276485443124 0.013767749071121218 0.0058317184448242196 0.15411572158336642 0.098780486732721343
decision_type=8 10 10 8 10 10 8 8 8 10 8 8 10 10
left_child=1 -1 3 4 5 -2 -7 8 9 -8 11 -11 -9 -10
right_child=2 -3 -4 -5 -6 6 7 12 13 10 -12 -13 -14 -15
leaf_value=0.0058409589401586873 0.031182927470331374 0.04580295768599707 -0.093132776692591943 -0.0011121348453538022 -0.019308258532936887 -0.017044498409218883 0.039227925515308487 -0.058318807242149884 -0.027268501488821286 -0.050008548286390536 -0.050097339520609019 6.9621958956827363 0.10184788418072317 0.057029906755029308
leaf_weight=30.426084304456204 31.090175068330879 9.7250533028384307 1.0639250378862914 1123.1321777323597 21.057416863041482 16.215579992420206 9.1161791359750524 0.79064722201851978 13.074180826091416 0.003102674489355973 0.033262474111404927 0.0048220371827483169 4.2970489896418798 2.6316225291688093
leaf_count=2662 192845 1711 133001 217176 1079605 74767 237680 903 274722 603 1126 291 3485 28483
internal_value=0.000107685 0.0155202 -0.000398511 -0.000317736 0.00875742 0.0164071 0.00645656 0.0191802 0.00735735 0.0425187 0.770882 4.21679 0.0769574 -0.0131437
internal_weight=1262.66 40.1511 1222.51 1221.45 98.314 77.2566 46.1664 29.9509 24.8632 9.15737 0.0411872 0.00792471 5.0877 15.7058
internal_count=2249060 4373 2244687 2111686 1894510 814905 622060 547293 542905 239700 2020 894 4388 303205
is_linear=0
shrinkage=0.05


Tree=220
num_leaves=15
num_cat=0
split_feature=18 23 8 16 18 12 18 4 16 2 0 2 3 0
split_gain=3.79369 3.46308 3.44717 3.39357 3.17465 7.36057 7.72435 7.3756 5.8201 5.34329 5.52187 9.49152 8.78141 5.26891
threshold=3.7907736301422124 6426.5000000000009 197.50000000000003 6.3035306930542001 0.21243916451931003 0.031754031777381904 0.20988876372575763 0.042457461357116706 3.65057384967804 -0.65312147140502919 0.59864753484725963 -0.013157023116946219 0.16226312518119815 0.70945706963539135
decision_type=10 10 10 10 8 8 8 10 10 8 10 8 10 8
left_child=1 2 3 4 5 7 -7 8 13 -6 -11 12 -12 -1
right_child=-2 -3 -4 -5 9 6 -8 -9 -10 10 11 -13 -14 -15
leaf_value=-0.025924625298943654 -0.058380484760014367 -0.090834909799779595 -0.084304530721470844 0.042008875947082129 0.04512054812183737 0.0040169127877603085 0.051536920645734154 0.04568311249736122 -0.043722809989125221 -0.016643363709316624 0.53880023771728713 -0.00079586883969264769 -0.0086433624402623057 0.018603622471662539
leaf_weight=15.565000742326905 2.7053910467880078 1.028155999039426 1.1841141943655191 5.0360198404966914 5.9964164419744357 618.15952307645307 8.6715916553082462 4.4970762688048458 17.772768241108043 60.253759029761227 0.15662260847679832 513.09762336799895 0.10155957117468262 11.590299328952305
leaf_count=29624 32552 129193 4094 8730 271173 700668 7273 35591 26797 676485 236 324487 912 2209
internal_value=0.000764985 0.000891665 0.00096639 0.00104647 0.000882209 0.00320954 0.00467431 -0.0153673 -0.0214781 -0.00183321 -0.00232405 -0.000643361 0.302442 -0.00691928
internal_weight=1265.82 1263.11 1262.08 1260.9 1255.86 676.256 626.831 49.4251 44.9281 579.606 573.61 513.356 0.258182 27.1553
internal_count=2250024 2217472 2088279 2084185 2075455 802162 707941 94221 58630 1273293 1002120 325635 1148 31833
is_linear=0
shrinkage=0.05


Tree=221
num_leaves=15
num_cat=0
split_feature=24 12 9 9 22 27 3 17 8 16 9 13 16 13
split_gain=3.23415 3.20566 3.64287 4.02138 3.706 3.15547 4.2885 5.05093 3.83953 4.74745 4.50432 3.8351 9.36003 3.61537
threshold=-1.5976619124412534 0.19543650746345523 0.65124410390853893 0.99919417500495922 0.59061893820762645 7.2879035472869882 0.0706785023212433 5.4445774555206308 19.500000000000004 3.7494349479675297 0.57435482740402233 0.27525253593921667 5.7838203907012948 0.23904761672019961
decision_type=8 10 10 10 10 10 10 8 10 10 8 10 8 10
left_child=-1 5 4 -4 -3 11 8 -8 9 10 -7 13 -13 -2
right_child=1 2 3 -5 -6 6 7 -9 -10 -11 -12 12 -14 -15
leaf_value=-0.086745124616576533 -0.0014143822976878399 -0.072277179818408907 -0.088286352642587801 0.034255250844469405 0.044983997863275914 -0.065339679172744622 0.065254369333518011 -0.053096280211813209 0.03055192797503602 -0.022505779397706024 0.019466488042902991 -0.051204533322393914 0.059089836761141504 0.023237054945334498
leaf_weight=1.089822317391463 1162.2513464325696 0.72305924242555519 1.3665509375806613 1.3125218063034367 9.8923051890520792 1.6953436176727361 5.9386257576217956 1.062855371076626 11.744791064643954 16.390030317475549 20.477953964558878 9.7181969619140229 2.3982885347028349 15.066148384817323
leaf_count=155206 2014219 10383 596 110 985 46 16901 12762 659 1345 888 18797 1587 15539
internal_value=-0.000648833 -0.000574367 0.0238481 -0.0282512 0.0369968 -0.000834793 0.0106248 0.0472882 0.00552229 -0.00210069 0.0129823 -0.00138694 -0.0293733 -0.00109892
internal_weight=1261.13 1260.04 13.2944 2.67907 10.6154 1246.74 57.3096 7.00148 50.3081 38.5633 22.1733 1189.43 12.1165 1177.32
internal_count=2250023 2094817 12074 706 11368 2082743 32601 29663 2938 2279 934 2050142 20384 2029758
is_linear=0
shrinkage=0.05


Tree=222
num_leaves=15
num_cat=0
split_feature=27 1 22 23 1 1 18 18 28 2 4 2 8 3
split_gain=6.77649 4.73453 4.19442 6.70247 7.6195 6.36585 6.05429 7.88912 5.80176 5.45776 4.46434 4.35814 5.49952 4.90669
threshold=7.2879035472869882 2.5000000000000004 0.75472605228424083 2.5000000000000004 1.5000000000000002 265.50000000000006 0.15411572158336642 0.08808907121419908 1.5000000000000002 -0.15884337574243543 0.0013693273067474367 2.0746576786041264 27.500000000000004 0.11282742023468019
decision_type=10 10 10 10 10 10 8 10 8 8 8 8 8 8
left_child=2 -2 3 4 9 -5 7 -4 -6 -1 -10 13 -13 -11
right_child=1 -3 6 5 8 -7 -8 -9 10 11 -12 12 -14 -15
leaf_value=0.00067920606750269247 0.0039531049498846196 0.032335301749539296 0.00067920606750269247 0.00067920606750269247 -0.062428990592293065 -0.065355805284341414 0.00067920606750269247 0.020389772508098866 -0.037239225724496373 -0.088623013515401555 -0.00081578675896875296 -0.048148089985939925 -0.0054661380468492074 -0.031345488259178371
leaf_weight=4.6484757379905233 30.664090144188933 28.211978519969378 67.328970062000792 484.58736902371311 4.1895674568646077 3.6578896084333783 335.88581472904724 101.29447117874588 8.9050557594891782 6.1434392221441358 152.15647454457542 12.139193035967763 19.950264536157192 9.5535618545390975
leaf_count=27069 31780 6885 946 2089711 14309 39372 5212 1302 567 461 19811 211 254 12674
internal_value=0.000988226 0.0175532 0.000182504 -0.00230571 -0.00960998 0.000679206 0.00366412 0.0114689 -0.00434064 -0.0262165 -0.00282963 -0.0321732 -0.0216124 -0.0537626
internal_weight=1269.32 58.8761 1210.44 705.931 217.686 488.245 504.509 168.623 165.251 52.4349 161.062 47.7865 32.0895 15.697
internal_count=2250564 38665 2211899 2204439 75356 2129083 7460 2248 34687 40669 20378 13600 465 13135
is_linear=0
shrinkage=0.05


Tree=223
num_leaves=15
num_cat=0
split_feature=16 3 3 3 3 16 12 4 4 12 16 27 16 3
split_gain=3.6983 3.37444 2.79737 3.58922 5.35754 3.15567 3.04934 2.94181 4.60437 2.64222 4.83956 5.56373 4.8193 5.67954
threshold=6.4457147121429452 0.30141846835613256 0.28513279557228094 0.23374149203300479 0.2305547893047333 5.9686551094055185 0.13100686669349673 0.018595755100250248 0.018263667821884159 0.031754031777381904 4.2555875778198251 2.3880039453506474 3.5408543348312382 0.1350977420806885
decision_type=10 10 10 10 10 10 8 10 10 10 10 8 8 10
left_child=1 2 3 4 5 9 -7 8 -6 -1 11 -11 13 -13
right_child=-2 -3 -4 -5 7 6 -8 -9 -10 10 -12 12 -14 -15
leaf_value=-0.0007347948091022999 0.050104908309675095 -0.068238927847640074 0.053823408397648292 -0.044368844903737693 0.10271835761774095 -0.067487330922409369 0.017410896426841762 -0.063189536118410092 0.52375022896778434 0.0024890976158976463 -0.0066694255637693121 -0.0065497035837267063 0.042694681232287507 0.095276263126687633
leaf_weight=1119.9188841919849 3.6694497889418463 1.8177902640697983 2.4035506527275166 4.5763037436136065 1.1756294874243445 3.3060534168035596 1.5552033499651865 0.24619756296283335 0.068731632846578461 46.191527204799961 43.089922633211827 12.021423788678286 22.772313324274009 1.5454703540298993
leaf_count=1258773 12607 399973 86283 350032 7355 9022 4972 18119 84 37389 51300 2222 9563 2625
internal_value=-1.8395e-05 -0.000164287 -6.59887e-05 -0.000169076 -7.50326e-06 -0.000120436 -0.0403269 0.0947295 0.125974 3.64871e-05 0.00691253 0.0140038 0.0286403 0.00504978
internal_weight=1264.36 1260.69 1258.87 1256.47 1251.89 1250.4 4.86126 1.49056 1.24436 1245.54 125.621 82.5307 36.3392 13.5669
internal_count=2250319 2237712 1837739 1751456 1401424 1375866 13994 25558 7439 1361872 103099 51799 14410 4847
is_linear=0
shrinkage=0.05


Tree=224
num_leaves=15
num_cat=0
split_feature=21 3 16 3 24 9 15 3 24 23 24 0 3 3
split_gain=3.65627 3.04494 2.89399 2.85875 4.50191 2.92183 4.06425 4.8388 13.4097 4.23748 7.80845 5.83768 9.80112 6.32725
threshold=1.5000000000000002 0.30141846835613256 8.1175711154937762 0.28513279557228094 -0.1444694101810455 0.62354162335395824 1.0000000180025095e-35 1.0000000180025095e-35 1.5026199221611025 17.500000000000004 1.5478209853172304 0.64340209960937511 0.17557322978973391 0.17652207612991336
decision_type=10 10 10 10 8 8 10 8 10 8 8 10 8 10
left_child=1 2 3 4 -1 -6 -7 8 -8 10 -9 -11 -13 -14
right_child=-2 -3 -4 -5 5 6 7 9 -10 11 -12 12 13 -15
leaf_value=-0.057274105966069022 -0.053145521092203662 -0.068234287628482729 0.078476329192716743 0.053968717197668985 0.0054681282457845698 -0.0038919634306410207 -0.091174603095026396 -0.029205349079929679 -0.0027894527384152417 -0.0077166894538845459 0.0031771827143892207 0.019125716436569497 0.5441622256274139 0.006195675751220985
leaf_weight=3.4775426127763871 3.2910165025955385 1.6509191086499857 1.1652034694386646 2.4167849591851782 186.36341360167421 627.13608969439258 5.0037603155204016 19.949900638147398 30.144997559818876 25.365742918445875 278.39042409284502 73.175921551866622 0.14613059768123449 0.065356599805085125
leaf_count=551601 6501 400585 1097 86659 162774 859592 280 3316 410 109593 8001 57622 116 1978
internal_value=-0.000512901 -0.000374821 -0.000285397 -0.00035872 -0.000463824 -0.000305236 -0.00132087 0.0024095 -0.0153719 0.00398342 0.00101178 0.012961 0.020108 0.359999
internal_weight=1257.74 1254.45 1252.8 1251.64 1249.22 1245.74 1059.38 432.242 35.1488 397.093 298.34 98.7532 73.3874 0.211487
internal_count=2250125 2243624 1843039 1841942 1755283 1203682 1040908 181316 690 180626 11317 169309 59716 2094
is_linear=0
shrinkage=0.05


Tree=225
num_leaves=15
num_cat=0
split_feature=3 2 24 23 24 2 2 22 7 3 0 23 24 2
split_gain=3.39681 4.16281 4.14657 3.61914 3.5041 3.81452 4.39967 5.64949 4.62178 4.13999 4.23573 3.80822 4.85595 7.82169
threshold=0.30141846835613256 -1.0529541373252866 -0.1444694101810455 752.50000000000011 2.3152083158493046 0.50343364477157604 2.0746576786041264 0.62860289216041576 21.698338508605961 0.12093469500541688 0.57725477218627941 11.500000000000002 1.4647108316421511 1.3611463308334353
decision_type=10 8 8 10 10 8 8 8 8 10 10 8 8 10
left_child=1 -1 -3 4 11 9 -7 -8 -9 -6 -11 12 13 -4
right_child=-2 2 3 -5 5 6 7 8 -10 10 -12 -13 -14 -15
leaf_value=0.048291188349102412 -0.069371168535792976 -0.057021102314766869 -0.087727234819206856 0.055808160079144256 -0.10172454613948641 0.011526019257916902 -0.051825861392682165 -0.011381526722952989 0.0061089237332880089 -0.056043477885815575 0.025832439744557085 0.0029454131020188543 -0.0032907828939228567 0.022535764967853547
leaf_weight=4.5585961630808889 1.7370245324466385 3.1335054592343528 4.2237002401425769 2.9580908958334922 1.5966901813952743 158.23581958748809 5.0419293000334164 50.279989012096905 151.80465397816261 2.9150747367094141 3.4480984083597832 334.10016689141207 547.13107043627815 2.5974322689375242
leaf_count=93716 401991 531414 1082 58503 31 3784 374 832 3403 235 62 1117918 37003 150
internal_value=0.000501296 0.000596711 0.000425172 0.000567546 0.000437999 0.00450256 0.00524856 0.000452852 0.00175718 -0.0297393 -0.0116763 -0.00127067 -0.00381348 -0.04574
internal_weight=1273.76 1272.02 1267.47 1264.33 1261.37 373.322 365.362 207.127 202.085 7.95986 6.36317 888.052 553.952 6.82113
internal_count=2250498 1848507 1754791 1223377 1164874 8721 8393 4609 4235 328 297 1156153 38235 1232
is_linear=0
shrinkage=0.05


Tree=226
num_leaves=15
num_cat=0
split_feature=3 1 13 4 3 23 18 2 16 24 4 16 26 1
split_gain=4.30901 4.34995 4.44396 4.07097 8.2669 8.64107 9.03446 8.54637 7.05326 7.04016 6.09278 6.02113 10.629 5.80874
threshold=0.30141846835613256 3.5000000000000004 0.85026738047599804 0.0086143612861633318 1.0000000180025095e-35 11.500000000000002 0.14036982506513598 0.52892184257507335 4.7229433059692392 1.0881792902946474 0.0033396184444427495 3.65057384967804 0.060661764815449722 2.5000000000000004
decision_type=10 10 10 8 8 8 10 8 10 8 10 10 10 8
left_child=1 2 3 4 8 7 13 10 11 -8 -6 12 -1 -7
right_child=-2 -3 -4 -5 5 6 9 -9 -10 -11 -12 -13 -14 -15
leaf_value=-0.036165164528824643 -0.075095294591732892 -0.0023294044028042906 0.071307842689699849 0.00013715735694078571 -0.055394106882947526 -0.096354732879007671 -0.0013373505147698313 0.015172949029468306 -0.060668508495598905 0.060670318671247184 0.0011557243461366065 0.015067554709726486 0.035364821410134542 0.012083006700562006
leaf_weight=20.161995113077186 1.8984457193607784 702.37124421527665 2.4116734465815162 360.67909709040589 8.1297817004315522 1.3494903485554957 5.6020244369944487 68.247766103376307 5.4024438689392573 25.030552845439367 11.502016939479573 28.833912005983052 6.9953794193716012 14.554578529904411
leaf_count=316 402383 950825 1414 674544 967 163 139347 803 145 17091 1107 445 90 61118
internal_value=0.000176636 0.000289934 0.00358166 0.00328815 0.00909224 0.0160354 0.0334565 0.00681013 -0.00610931 0.0493305 -0.0222623 -0.000845042 -0.01774 0.00288186
internal_weight=1263.17 1261.27 558.901 556.489 195.81 134.416 46.5366 87.8796 61.3937 30.6326 19.6318 55.9913 27.1574 15.9041
internal_count=2250758 1848375 897550 896136 221592 220596 217719 2877 996 156438 2074 851 406 61281
is_linear=0
shrinkage=0.05


Tree=227
num_leaves=15
num_cat=0
split_feature=24 27 18 16 24 16 1 2 1 15 23 16 2 18
split_gain=3.99345 3.66207 3.91788 5.04927 12.5755 6.18928 6.9098 7.26868 6.36574 4.72493 4.68271 3.94302 6.4374 5.17395
threshold=-1.5976619124412534 1.3935604095458987 0.11404671892523767 3.8176519870758061 1.6618920564651491 3.6242519617080693 4.5000000000000009 0.82024547457695018 98.500000000000014 inf 35.500000000000007 5.1619205474853525 -0.17159454524517057 2.8230428695678715
decision_type=8 10 10 10 8 10 10 8 10 8 10 8 10 8
left_child=-1 2 3 5 -5 -2 9 8 -8 -7 -9 13 -13 -4
right_child=1 -3 11 4 -6 6 7 10 -10 -11 -12 12 -14 -15
leaf_value=-0.082503531416691603 0.003558370992377552 0.0063281345086217983 -0.0041471063020336449 -0.059026906983961069 0.043326601557022199 0.021966449269124902 0.44796550355794812 -0.086632894582693173 0.0087933900454472552 -0.070619507270859777 0.036978456302015697 0.053147027716434286 0.0030183434167603885 -0.099019157207042116
leaf_weight=1.4654568858392176 299.76221159631922 197.95235070984563 653.32065988941395 3.5890329028952257 18.314966866605904 7.9658903740545473 0.085556193743748898 7.5762943009658166 2.3193375633194879 1.666221226123447 0.85235791538609884 7.1541358938994213 61.111415016187323 1.4402651597474676
leaf_count=155531 391652 221403 1241369 22915 1292 6062 122 859 5373 4650 4190 80455 104108 10057
internal_value=-1.26721e-05 8.30335e-05 -0.00107758 0.0033307 0.0265557 0.00174208 -0.0248612 -0.0522559 0.0244173 0.00595037 -0.0741325 -0.00316355 0.00827176 -0.00435579
internal_weight=1264.58 1263.11 1065.16 342.132 21.904 320.228 20.4657 10.8335 2.40489 9.63211 8.42865 723.026 68.2656 654.761
internal_count=2250038 2094507 1873104 437115 24207 412908 21256 10544 5495 10712 5049 1435989 184563 1251426
is_linear=0
shrinkage=0.05


Tree=228
num_leaves=15
num_cat=0
split_feature=22 16 1 4 1 23 0 15 22 15 1 18 15 0
split_gain=5.00184 3.0045 2.75556 6.32822 9.92172 8.06405 8.67458 7.1099 5.74253 7.3659 8.53207 17.627 6.21137 4.76124
threshold=0.32947826385498052 8.1175711154937762 3.5000000000000004 0.0094568133354187029 1.5000000000000002 11.500000000000002 0.61783078312873851 inf 0.69894883036613475 1.0000000180025095e-35 1.5000000000000002 0.47874850034713751 1.0000000180025095e-35 0.52328681945800792
decision_type=8 10 10 8 8 8 8 8 8 10 10 10 10 10
left_child=-1 2 3 4 7 6 -6 -2 12 -10 11 -11 13 -7
right_child=1 -3 -4 -5 5 8 -8 -9 9 10 -12 -13 -14 -15
leaf_value=-0.06354932025335619 -0.030910451507886089 0.09605045452655403 -0.0019963936257568322 -0.0015009265335124233 -0.022990270597182047 -0.027328051986599069 0.015190599820029611 0.0046992244254894008 0.036115907905475718 0.11287387228313102 0.063389160340408465 0.52345994034829768 -0.023821923163636051 0.036115907905475718
leaf_weight=3.0883053194366887 21.003614341676439 0.81637076053539104 695.6711614720532 340.36226210308649 18.21963068312067 3.1218371322447238 81.07105803047034 42.14247348709852 10.409498390073981 1.5507246233023586 8.0415107155567949 0.31440046081979733 6.6384933072278036 20.774194078115357
leaf_count=640441 398 832 827741 602683 2113 63793 1024 636 8867 1587 45 434 31956 67273
internal_value=4.11624e-06 0.000161117 9.84579e-05 0.00273068 0.00948344 0.0164771 0.00818449 -0.00714524 0.0326692 0.0532683 0.0857362 0.182086 0.0189636 0.0308497
internal_weight=1253.23 1250.14 1249.32 553.65 213.287 150.141 99.2907 63.1461 50.8507 20.3161 9.90664 1.86513 30.5345 23.896
internal_count=2249823 1609382 1608550 780809 178126 177092 3137 1034 173955 10933 2066 2021 163022 131066
is_linear=0
shrinkage=0.05


Tree=229
num_leaves=15
num_cat=0
split_feature=13 16 3 2 0 10 16 16 4 16 18 4 10 27
split_gain=3.20581 3.03426 2.8215 2.8807 4.82836 2.73703 4.56436 5.09176 9.19042 4.85881 5.71561 5.00616 5.63921 4.51217
threshold=0.85026738047599804 3.0677825212478642 0.30141846835613256 -1.0529541373252866 0.49051268398761755 0.024393817409873012 5.8957784175872812 3.65057384967804 0.014917135238647463 4.9870197772979745 0.25445108115673071 0.0057209730148315438 0.015875016339123253 1.023424029350281
decision_type=10 10 10 8 8 8 10 8 8 10 8 8 8 8
left_child=2 -2 3 -1 -5 6 7 13 9 10 -9 12 -12 -6
right_child=1 -3 -4 4 5 -7 -8 8 -10 -11 11 -13 -14 -15
leaf_value=0.041341191819309418 0.12749663723410817 0.017136268179974098 -0.067313334621248652 -0.063054078581064585 -0.0015713886670532659 -0.00093039311307603276 0.055912709648791969 -0.016731684080296277 -0.030037788681267438 -0.031594433034707582 0.045978638896563978 0.047603858504342261 -0.029863691833578634 0.025045705805286214
leaf_weight=4.1696676525771537 0.92178892767700871 1.920349545595134 1.5656280849059374 3.0564645435081905 26.365845771654385 1133.4918069849382 4.5424708584417592 9.609481129969291 23.500515846975418 4.0066364854809029 4.1994052273336786 14.468018971185435 5.8866696824192219 40.197080792241174
leaf_count=93494 543 2969 401043 169371 66475 1225030 15797 18389 156790 22450 18485 21328 2299 35537
internal_value=-0.000114231 0.0529294 -0.000232466 -0.000149997 -0.000286294 -0.000134787 0.00665719 0.00491239 -0.00543855 0.00970663 0.0159596 0.0287536 0.00171377 0.0145026
internal_weight=1277.9 2.84214 1275.06 1273.49 1269.32 1266.27 132.776 128.234 61.6707 38.1702 34.1636 24.5541 10.0861 66.5629
internal_count=2250000 3512 2246488 1845445 1751951 1582580 357550 341753 239741 82951 60501 42112 20784 102012
is_linear=0
shrinkage=0.05


Tree=230
num_leaves=15
num_cat=0
split_feature=22 23 25 14 16 10 26 7 16 2 2 16 3 12
split_gain=3.1036 5.99139 3.93028 3.86788 4.53674 3.10458 3.05326 2.81082 3.53196 2.73071 3.23944 3.65791 2.98003 2.68126
threshold=0.66424882411956798 7.5000000000000009 2.5000000000000004 1.0000000180025095e-35 1.8688347935676577 0.011111282743513586 0.40454545617103582 16.881388664245609 2.8029010295867924 -0.40576887130737299 1.3954468965530398 1.8688347935676577 0.15271985530853274 0.13270440697669986
decision_type=8 10 10 10 10 8 8 8 10 8 10 8 8 10
left_child=1 3 -3 4 -1 -4 -5 8 -6 12 11 -11 -2 -13
right_child=9 2 5 6 7 -7 -8 -9 -10 10 -12 13 -14 -15
leaf_value=-0.055818190260003654 0.19819756513836428 -0.0022234523010395035 -0.0022234523010395035 -0.077766779307592016 -0.096489670628212218 -0.083260170856478286 -0.022602143906502208 -0.0028405561424615176 -0.02286314315791426 0.027910203351356307 0.0030525525467331987 -0.0022234523010395035 0.023364923650126334 0.028286508686261327
leaf_weight=5.602981056308372 0.2505964301999456 175.35968502850523 0.40954388279208087 4.6207264968761637 1.9988024856569939 2.7272187696848507 5.486758408914171 35.350953461797779 3.0032418881046468 10.164159945305498 612.51723194134365 403.71387371432718 8.9000920258110554 7.8411978646971638
leaf_count=749 67 2066153 12238 1423 272 35574 525 7798 714 1223 15562 82074 25028 1233
internal_value=-0.000209158 -0.00540604 -0.00222345 -0.0198174 -0.0136583 -0.0591023 -0.0478211 -0.00780444 -0.0428857 0.000959132 0.000718529 -0.00222345 0.0281528 -0.00222345
internal_weight=1277.95 234.56 178.496 56.0635 45.956 3.13676 10.1075 40.353 5.00204 1043.39 1034.24 421.719 9.15069 411.555
internal_count=2250633 2125446 2113965 11481 9533 47812 1948 8784 986 125187 100092 84530 25095 83307
is_linear=0
shrinkage=0.05


Tree=231
num_leaves=15
num_cat=0
split_feature=1 24 8 1 4 18 3 13 9 10 4 13 2 17
split_gain=4.27309 7.1694 7.0043 4.96286 4.73477 6.6511 6.62165 6.516 5.2943 8.05607 5.04108 4.7202 4.63499 10.2206
threshold=3.5000000000000004 1.7424008250236513 119.50000000000001 255.50000000000003 0.0074118673801422128 0.12143779918551446 1.0000000180025095e-35 0.14495798945426944 0.39012178778648382 0.025573470629751686 0.0057209730148315438 0.15301003307104113 1.6878933906555178 4.5271940231323251
decision_type=10 10 10 10 8 8 10 8 8 8 10 10 10 10
left_child=4 2 3 12 6 11 7 -1 10 -10 -8 -6 -2 -14
right_child=1 -3 -4 -5 5 -7 8 -9 9 -11 -12 -13 13 -15
leaf_value=-0.04887709750592692 -0.0053798512773069523 0.0012742106203632603 -0.066039410300385182 -0.062228077993579468 0.0081999537600410174 -0.004104786447872058 -0.052390972206072466 0.0021000163699507776 0.059881941093067881 0.014661834134207874 0.033083292189721551 0.058085984214685263 0.033361986618687264 -0.054405183122047597
leaf_weight=7.2917120740039536 246.29296381631113 421.32426315457695 5.3009173873498403 4.153554513100743 103.39081915696015 279.47138853172254 5.1492549764014282 44.67613070606788 10.884462670180406 103.54885974968997 2.594018514662527 4.9697144203082919 4.4517237736886832 13.014022284797337
leaf_count=145 847797 22376 31408 49171 214328 831045 78301 709 41960 99921 17454 5643 2260 7683
internal_value=-0.000193747 -0.00281657 -0.00912499 -0.00799888 0.00304776 -2.75884e-05 0.00989676 -0.00505268 0.0162555 0.018963 -0.0237569 0.0104879 -0.00714491 -0.0320348
internal_weight=1256.51 694.537 273.213 267.912 561.976 387.832 174.144 51.9678 122.177 114.433 7.74327 108.361 263.759 17.4657
internal_count=2250201 960695 938319 906911 1289506 1051016 238490 854 237636 141881 95755 219971 857740 9943
is_linear=0
shrinkage=0.05


Tree=232
num_leaves=15
num_cat=0
split_feature=13 26 25 22 24 16 24 9 13 1 2 27 1 1
split_gain=3.7375 4.68657 4.59946 3.63886 3.9652 5.67156 3.35608 3.61527 3.09605 6.13712 9.40271 4.78939 4.37391 4.94897
threshold=0.15301003307104113 0.27525253593921667 6.5000000000000009 0.51959267258644115 -2.4871637821197505 5.2548844814300546 1.2933786511421206 0.25856919586658483 0.10102041065692903 9.5000000000000018 1.272925913333893 4.2454400062561044 3.5000000000000004 2.5000000000000004
decision_type=10 10 10 8 10 8 8 8 10 8 10 10 10 10
left_child=1 8 -2 4 5 -3 -5 -8 -1 12 11 -11 13 -10
right_child=2 3 -4 6 -6 -7 7 -9 9 10 -12 -13 -14 -15
leaf_value=-0.0018898202892409161 0.011463366543821858 -4.9742424823221096 -0.10033327226452399 0.040543202206293052 -0.06580533740142705 -0.051609611443996763 0.040501624101358019 0.0044211465387900125 -0.0554546405700624 -0.055977266263852826 0.039215124761579775 0.10856793846410895 -0.10279753528216506 0.041920639062278969
leaf_weight=1026.9704325123441 76.795806373194466 0.0010006045157754375 0.93115790631685413 7.7884029515466011 1.520018199536082 0.0014091552042017064 7.4032041481187454 111.6466249076438 4.7811064161908359 5.8902472609642196 7.4129188540336362 0.47812866151368627 2.8768193421330075 1.7946215835668224
leaf_count=1991530 91603 442 103 22286 92900 200 835 13013 135 33914 1323 596 463 68
internal_value=-0.000495492 -0.00119586 0.0101241 0.0078228 -0.0690182 -2.09563 0.00874511 0.00666484 -0.00229816 -0.0203472 0.000935184 -0.0436234 -0.0513759 -0.0288794
internal_weight=1256.29 1178.56 77.727 128.361 1.52243 0.00240976 126.838 119.05 1050.2 23.2338 13.7813 6.36838 9.45255 6.57573
internal_count=2249411 2157705 91706 129676 93542 642 36134 13848 2028029 36499 35833 34510 666 203
is_linear=0
shrinkage=0.05


Tree=233
num_leaves=15
num_cat=0
split_feature=9 9 8 1 1 17 1 4 27 9 17 17 27 1
split_gain=3.47472 5.71622 3.88032 3.47245 4.20391 5.60311 3.15379 4.84426 3.11835 3.9816 3.60049 3.50945 3.16569 3.13232
threshold=0.62354162335395824 0.59397903084754955 48.500000000000007 205.50000000000003 52.500000000000007 5.4445774555206308 205.50000000000003 1.0000000180025095e-35 1.66561496257782 0.45753851532936102 4.8081026077270517 3.3842465877532963 4.1868867874145517 16.500000000000004
decision_type=8 10 8 10 10 10 10 10 10 8 10 8 8 10
left_child=1 3 -3 4 8 -6 -2 -8 -1 11 12 -10 -11 -12
right_child=6 2 -4 -5 5 -7 7 -9 9 10 13 -13 -14 -15
leaf_value=0.00031310441553468894 -0.0011369130866117274 0.045954720928144593 -0.051813779192329004 0.048698069113785811 -0.0050059412999804683 -0.084555570871815117 0.2521104706147918 -0.021688807553699199 0.089108820189215787 0.050614639316151844 0.05164023439786735 -0.00095149626552604421 -0.050801936266556852 -0.073310310258838246
leaf_weight=118.95459934446716 1043.0233780503156 11.997232476493924 1.1086504665935386 4.1385543971840368 7.7233989825233786 3.1028662621920633 0.16268862231924686 23.051960180656017 1.1356500210292155 1.247849804781956 12.792271421714229 22.775900077237196 2.0071502934815979 0.52203667358531269
leaf_count=628006 1375153 8622 4175 21464 30712 13401 71 103839 246 2059 6486 53040 2402 288
internal_value=-0.000438762 0.00583813 0.0376843 0.00344495 0.00234498 -0.0278053 -0.0015426 -0.01977 0.0043923 0.0163792 0.0352168 0.00332581 -0.0119225 0.0467411
internal_weight=1253.74 187.506 13.1059 174.4 170.262 10.8263 1066.24 23.2146 159.435 40.4809 16.5693 23.9116 3.255 13.3143
internal_count=2249964 770901 12797 758104 736640 44113 1479063 103910 692527 64521 11235 53286 4461 6774
is_linear=0
shrinkage=0.05


Tree=234
num_leaves=15
num_cat=0
split_feature=24 18 1 12 2 4 27 4 27 2 17 4 18 23
split_gain=4.19163 4.0034 3.35976 5.81331 3.74123 4.18414 3.53379 3.35933 3.34749 5.04905 4.48764 4.15944 4.11832 6.76762
threshold=2.3152083158493046 2.064725518226624 14.500000000000002 0.06612021848559381 1.3954468965530398 0.012600451707839968 1.023424029350281 0.013767749071121218 1.023424029350281 2.0746576786041264 4.6586997509002694 0.05502936244010926 0.10529233142733575 106.50000000000001
decision_type=10 10 10 10 8 10 8 10 10 10 8 10 10 10
left_child=8 2 4 6 5 -2 -4 -3 9 11 -11 -1 13 -10
right_child=1 7 3 -5 -6 -7 -8 -9 12 10 -12 -13 -14 -15
leaf_value=-0.003876330385297957 -0.058086942570604733 -0.080753630557719114 -0.0001168121259824088 0.078943146331780581 0.0042298345297516627 0.0065247780444881893 0.025913745076580175 0.0031469757414785472 0.011786053216601713 -0.022775303198153279 0.014541574462953464 -0.044810777341079126 -0.0002303450556794773 0.07668349688718501
leaf_weight=679.56841330342922 5.176188178900702 2.5043968152313303 27.159213784513156 3.4998898832365049 299.56090573630865 4.8566653284682531 25.076218024260186 2.2785152828485877 34.999625181783507 9.2542537874626927 62.248866742249724 6.2629864269356395 86.893207207487222 4.5380388415281265
leaf_count=1320757 94 42 994 70 6512 220 702 129 16206 997 2650 604109 261784 35381
internal_value=0.000196203 0.00466341 0.00525841 0.0165593 0.00322394 -0.0268099 0.0123795 -0.0407845 -0.00167462 -0.00293193 0.00971186 -0.00425014 0.00585683 0.0192348
internal_weight=1253.88 370.112 365.329 55.7353 309.594 10.0329 52.2354 4.78291 883.765 757.335 71.5031 685.831 126.431 39.5377
internal_count=2250647 8763 8592 1766 6826 314 1696 171 2241884 1928513 3647 1924866 313371 51587
is_linear=0
shrinkage=0.05


Tree=235
num_leaves=15
num_cat=0
split_feature=18 18 23 4 25 18 4 1 2 17 22 24 23 4
split_gain=4.64498 6.05605 7.28331 5.71924 5.4797 4.79713 6.35037 7.37912 5.52794 5.2012 6.04117 4.8238 5.62769 5.40243
threshold=0.28456890583038336 0.27212752401828771 30.500000000000004 0.030475676059722904 5.5000000000000009 0.32889626920223242 0.0046421587467193612 40.500000000000007 -1.6996257901191709 4.6200466156005868 0.71941202878952037 2.3152083158493046 2.5000000000000004 0.0048017203807830819
decision_type=10 10 8 8 10 10 8 10 8 8 10 8 10 10
left_child=1 -1 3 -3 5 6 7 -2 -8 10 -10 13 -13 -7
right_child=4 2 -4 -5 -6 11 8 -9 9 -11 -12 12 -14 -15
leaf_value=0.001671778468867219 0.016659834613935619 0.045414390264626285 -0.07270134999022114 -0.051922151106290421 -0.081454378317744991 -0.021668404089455948 0.19564565322151908 -0.096051909102123662 -0.065975365640298878 -0.037574765908888183 0.045766106501506407 0.0075758507341769955 -0.03136184743625 -0.0016379153208360799
leaf_weight=852.89296587933052 17.022218927434867 17.902611240161526 1.633175760537166 1.6480540056479096 2.2877891008412794 46.972534399550327 0.27346888560488575 1.5875653269763415 1.7023460877969423 33.382734798207011 4.1786371689213411 141.71468678346724 9.9298240312045873 118.79841217561291
leaf_count=1112176 8983 1039 32792 1097 4523 152514 4657 6012 18102 74781 100 33968 1247 797748
internal_value=0.000325258 0.00232769 0.0287357 0.0372093 -0.00430694 -0.00383699 -0.0170399 0.00704461 -0.0283763 -0.0299366 0.0134207 -0.00141836 0.00502617 -0.00731372
internal_weight=1251.93 874.077 21.1838 19.5507 377.85 375.562 58.147 18.6098 39.5372 39.2637 5.88098 317.415 151.645 165.771
internal_count=2249739 1147104 34928 2136 1102635 1098112 112635 14995 97640 92983 18202 985477 35215 950262
is_linear=0
shrinkage=0.05


Tree=236
num_leaves=15
num_cat=0
split_feature=8 22 9 21 17 24 4 26 9 2 17 11 16 13
split_gain=3.83971 3.62685 3.39473 3.32767 3.09749 6.71161 3.07436 2.94899 4.40541 3.45086 3.39668 2.68904 3.21377 2.64151
threshold=9.5000000000000018 0.75472605228424083 0.78835061192512523 1.5000000000000002 5.1789667606353769 2.3152083158493046 0.03820240497589112 0.41421568393707281 0.66093412041664135 2.0746576786041264 6.8243525028228769 0.036472149193286903 4.135134458541871 0.97222220897674572
decision_type=8 8 10 10 8 10 10 10 10 8 10 8 10 10
left_child=1 4 3 7 5 6 -1 10 9 -9 13 -3 -13 -2
right_child=2 11 -4 -5 -6 -7 -8 8 -10 -11 -12 12 -14 -15
leaf_value=-0.065523137288983804 -0.0018503874755036336 0.0071822063689620285 -0.048406332300846788 -0.047638028851583192 0.0057003689242739082 0.0016413598515186119 0.0057003689242739082 0.018004885060081861 -0.076878830739663034 -0.0064453692303618167 -0.089070971277689273 0.040200449506135355 0.0066696711947992707 0.062621822506249147
leaf_weight=7.0206560273602827 1034.6668642611337 49.672453048027464 3.8439189120442725 3.8671396727825131 23.55218286205977 18.694732246447415 1.2150036961273585 47.70364285503139 1.469848557652951 20.690333312561762 1.1149058576077084 17.18502877628794 12.232900326821435 1.5911600179454115
leaf_count=8883 2118046 1953 3939 6443 19513 620 7162 69036 676 2923 6542 562 522 3267
internal_value=-0.0005528 0.00759402 -0.00149958 -0.0013373 -0.00287651 -0.0149259 -0.0525332 -0.00117559 0.00876765 0.0106083 -0.00184524 0.0142772 0.0262573 -0.00175139
internal_weight=1244.52 129.573 1114.95 1111.1 50.4826 26.9304 8.23566 1107.24 69.8638 68.394 1037.37 79.0904 29.4179 1036.26
internal_count=2250087 39215 2210872 2206933 36178 16665 16045 2200490 72635 71959 2127855 3037 1084 2121313
is_linear=0
shrinkage=0.05


Tree=237
num_leaves=15
num_cat=0
split_feature=24 23 27 9 9 27 24 16 4 10 10 2 27 18
split_gain=3.96736 6.30009 4.18389 5.68328 4.62456 4.32269 4.1024 12.8953 8.34455 4.20401 4.80408 5.04188 4.08334 3.96562
threshold=2.3152083158493046 2.5000000000000004 4.1806299686431894 0.65124410390853893 0.76265382766723644 3.8114032745361333 1.8478996753692629 3.113268375396729 0.027277052402496341 0.018912463448941711 0.024954754859209064 1.821476995944977 4.458498716354371 0.23009801656007769
decision_type=10 8 10 8 8 10 10 10 8 8 8 8 10 10
left_child=1 6 5 12 -5 -3 7 -1 13 -8 11 -11 -4 -9
right_child=-2 2 3 4 -6 -7 9 8 -10 10 -12 -13 -14 -15
leaf_value=-0.11287365259243312 0.0037919860676579225 -0.00090915034996844448 0.098153744267704651 -0.075908957447180681 0.0063671278094012658 -0.05714352942815102 0.030338970229519743 -0.013120635907268819 0.029605465303431267 -0.015354770478609192 -0.0069972520531893295 -0.097581898307748105 0.027371045246005501 -0.063870991024816845
leaf_weight=3.8468755258548724 363.44810807067279 609.46436189279962 2.3713470299175734 1.7894653596719599 37.470292643011042 3.4366297842180975 7.1522560887582918 9.0800195702249784 7.441792905234478 4.856506201100216 171.50518047840086 3.0257061401207466 14.473370483651223 6.6817601791990446
leaf_count=98 8747 2113461 3327 1961 70113 13860 131 103 143 108 2361 60 35150 153
internal_value=-0.00060458 -0.00241506 -2.81408e-05 0.0130408 0.00261697 -0.00122447 -0.00989136 -0.0280882 -0.0140318 -0.0072526 -0.00875139 -0.0469189 0.0373356 -0.0346348
internal_weight=1246.04 882.596 669.005 56.1045 39.2598 612.901 213.59 27.0504 23.2036 186.54 179.387 7.88221 16.8447 15.7618
internal_count=2249776 2241029 2237872 110551 72074 2127321 3157 497 399 2660 2529 168 38477 256
is_linear=0
shrinkage=0.05


Tree=238
num_leaves=15
num_cat=0
split_feature=24 2 0 16 2 14 8 0 22 26 17 2 15 17
split_gain=2.93569 4.12369 4.73932 6.08582 5.17551 4.82019 4.39469 5.05179 3.8555 3.61702 3.58127 3.48331 8.65514 4.93797
threshold=2.3152083158493046 0.83302238583564769 0.63268250226974498 2.7403194904327397 0.89915853738784801 inf 28.500000000000004 0.53404173254966747 0.51649558544158947 0.19523809850215915 4.9522936344146737 0.78814804553985607 1.0000000180025095e-35 5.2704288959503183
decision_type=10 8 8 10 10 8 8 10 10 10 8 8 10 8
left_child=1 6 3 -3 -5 9 7 -1 10 -6 -8 13 -13 -10
right_child=-2 2 -4 4 5 -7 8 -9 11 -11 -12 12 -14 -15
leaf_value=-0.061772528899800686 0.0044988108141039975 -0.0094487284162084913 -0.0015695221675658573 -0.082415188970943062 -0.034664124819341592 -0.08074250760687432 -0.0056070110342066369 0.047995555261561601 0.015377980293553735 -0.0094487284162084913 -0.038613599997320898 -0.0056070110342066369 0.058389361999182959 -0.0029973649127844585
leaf_weight=1.1745849314845465 352.59377065257331 20.075911437535829 634.47773573171185 4.6354800882457061 16.403333568060649 3.4115050236426923 9.4042144474625591 9.739369664480428 57.236158996777476 7.0658252502337318 10.683121164377459 7.2870992551311256 9.8320841501944187 101.21328248228633
leaf_count=72459 8708 34580 256768 45692 97990 35544 503724 29668 156331 9899 765148 9532 3572 220731
internal_value=0.000636024 -0.000889781 -0.00275455 -0.0173279 -0.0336227 -0.0252086 0.00530356 0.0361821 0.00358112 -0.0171362 -0.0171693 0.00595523 0.0273815 0.0036403
internal_weight=1245.23 892.64 686.07 51.5921 31.5161 26.8807 206.57 10.914 195.656 23.4692 20.0873 175.569 17.1192 158.449
internal_count=2250346 2241638 480473 223705 189125 143433 1761165 102127 1659038 107889 1268872 390166 13104 377062
is_linear=0
shrinkage=0.05


Tree=239
num_leaves=15
num_cat=0
split_feature=9 4 9 18 24 26 1 24 9 12 25 18 24 7
split_gain=4.91469 3.15106 5.73955 4.22617 4.01738 6.84507 6.02343 5.24452 18.08 3.95071 4.80129 3.60266 4.63923 5.22636
threshold=0.62354162335395824 0.015179216861724855 0.47217327356338507 0.053508620709180839 2.3152083158493046 0.41421568393707281 1.5000000000000002 -2.1408632993698116 0.43510977923870092 0.056079665198922164 1.5000000000000002 2.3037464618682866 0.64464259147644054 73.977058410644545
decision_type=8 10 10 8 8 8 8 10 10 10 8 10 10 10
left_child=1 2 9 -4 5 6 -3 8 -8 11 -11 12 13 -1
right_child=-2 4 3 -5 -6 -7 7 -9 -10 10 -12 -13 -14 -15
leaf_value=-0.06572796229373068 -0.0015911884953584547 0.013148459526104231 -0.03995312620596151 0.031562892387794188 0.0088629914393368574 0.01340197567557036 -0.050035712659341751 -0.052674748160617624 -7.0651718389397349 -0.065694294817084137 0.033026793815149044 0.059104555020489773 0.0088622113209332349 0.052447432456175683
leaf_weight=4.2002237616225058 1055.7894168644339 4.6614582050097164 2.185757220301586 37.627954475413397 41.757369621477828 12.237800393869749 0.0040729595870521709 12.659483128916305 0.0011858995004248585 4.0176505540604408 1.7760894970856318 3.2288423012502525 63.216527187651934 1.2037145246237519
leaf_count=187903 1479574 75 2125 34532 19126 110434 12523 354934 2084 15324 5818 11578 12223 2544
internal_value=-0.000262583 0.00716798 0.0122018 0.0276367 -0.00112197 -0.0152251 -0.035445 -0.0533305 -1.63198 0.00428704 -0.035431 0.0074898 0.00506114 -0.0394047
internal_weight=1244.57 188.778 117.457 39.8137 71.3214 29.564 17.3262 12.6647 0.00525886 77.643 5.79374 71.8493 68.6205 5.40394
internal_count=2250797 771223 272047 36657 499176 480050 369616 369541 14607 235390 21142 214248 202670 190447
is_linear=0
shrinkage=0.05


Tree=240
num_leaves=15
num_cat=0
split_feature=2 2 3 24 23 16 16 16 22 24 17 4 2 2
split_gain=3.78783 3.63771 3.60605 3.18715 4.19604 4.26895 6.07527 4.38307 5.22947 4.17218 7.44206 5.46415 6.85292 4.0497
threshold=-1.2326034903526304 -1.0529541373252866 0.23922684788703921 2.3152083158493046 11.500000000000002 6.310826539993287 5.5073599815368661 5.349482774734498 0.71941202878952037 1.5026199221611025 4.6001451015472421 0.0031306147575378422 1.3611463308334353 -0.52667486667633046
decision_type=8 8 10 8 10 10 10 10 10 8 10 8 10 8
left_child=-1 -2 3 4 9 6 7 -6 -9 10 -3 12 -12 -5
right_child=1 2 -4 13 5 -7 -8 8 -10 -11 11 -13 -14 -15
leaf_value=-0.067307931991452047 0.049035749642543536 0.032743911714559433 -0.050399229659917361 0.067440785472558371 0.0026029699310713261 0.063852737880730467 -0.062499384089925614 -0.015883325376683643 0.1194296587189182 -0.0040319510538882357 -0.082810346447710736 -0.090082005152444328 0.057096265673695468 0.0027194350987027531
leaf_weight=2.1156738023924984 3.717812237497168 3.08037180496268 3.6096252606396311 2.430426786803821 244.6128169789919 2.8583764246664307 3.5547480388118222 1.21092556508384 1.7401008102478952 537.95185427270815 1.6681962754893764 5.2207459710985953 1.841407395317219 435.89384996585574
leaf_count=283920 70234 330 460483 2456 1255720 9978 60437 19954 56 33720 171 1454 16 51304
internal_value=-0.000462247 -0.000349053 -0.000496446 -0.000351421 -0.00222184 0.0030934 0.0024018 0.00333371 0.0639053 -0.00467735 -0.034074 -0.0576497 -0.0094046 0.0030783
internal_weight=1251.51 1249.39 1245.67 1242.06 803.74 253.977 251.119 247.564 2.95103 549.763 11.8107 8.73035 3.5096 438.324
internal_count=2250233 1966313 1896079 1435596 1381836 1346145 1336167 1275730 20010 35691 1971 1641 187 53760
is_linear=0
shrinkage=0.05


Tree=241
num_leaves=15
num_cat=0
split_feature=3 7 1 26 0 9 9 8 13 9 0 17 17 17
split_gain=2.92225 2.9255 4.36358 4.41713 4.90946 3.65034 2.77534 4.55352 2.55536 2.55049 2.44348 2.36253 2.33945 3.1497
threshold=0.30141846835613256 9.9739518165588397 156.50000000000003 0.11437908560037614 0.53112253546714794 0.14932899177074435 0.39219707250595098 28.500000000000004 0.18350168317556384 0.18999037146568301 0.73891928791999828 6.3198683261871347 5.4445774555206308 4.8713660240173349
decision_type=10 10 8 8 10 8 10 10 8 8 10 10 8 8
left_child=1 5 8 9 -5 -1 -7 -8 12 -4 -9 -10 13 -3
right_child=-2 2 3 4 -6 6 7 10 11 -11 -12 -13 -14 -15
leaf_value=-0.12151172919731451 -0.068309707657299087 0.0021680850437064657 0.061864745088214469 0.0072921433841815183 0.060833912223620029 -0.0007987715998861337 0.001624134535889103 -0.056122845646271048 0.001624134535889103 0.001624134535889103 0.001624134535889103 0.032487532276483898 0.001624134535889103 0.036499023532001705
leaf_weight=0.63012051808200453 1.5605744874537766 11.141500830574095 1.775979028435458 7.3128342997315352 10.328320927303217 934.28446645236181 4.4034463315143944 7.8344591908755543 222.5976067482091 10.265627704406887 1.5741613005120596 6.5998303504267417 13.44035491693799 16.687553714929159
leaf_count=10897 401960 2413 40017 78805 44720 1367240 2667 20237 48470 223219 49 1330 4955 3520
internal_value=6.8065e-05 0.000153509 0.00445592 0.0226541 0.0386391 -0.00120765 -0.00112769 -0.0233768 0.00245874 0.00162413 -0.0445009 0.00162413 0.014248 0.0227545
internal_weight=1250.44 1248.88 300.15 29.6828 17.6412 948.727 948.097 13.8121 270.467 12.0416 9.40862 229.197 41.2694 27.8291
internal_count=2250499 1848539 447449 386761 123525 1401090 1390193 22953 60688 263236 20286 49800 10888 5933
is_linear=0
shrinkage=0.05


Tree=242
num_leaves=15
num_cat=0
split_feature=22 9 4 13 2 28 16 1 4 9 16 3 3 16
split_gain=2.83803 2.16459 3.11517 4.2654 3.98762 3.59097 3.51461 5.91878 4.9196 5.28843 4.0249 3.80258 4.50953 4.33152
threshold=0.20705382525920871 0.66093412041664135 0.015179216861724855 0.039230769500136382 1.3954468965530398 2.5000000000000004 3.4175922870635991 2.5000000000000004 0.014115929603576662 0.29960128664970404 2.2499048709869389 0.047123700380325324 0.089113980531692519 3.5408543348312382
decision_type=8 8 10 8 10 10 10 10 8 10 8 10 10 10
left_child=-1 2 3 4 5 -2 7 -5 9 -9 -11 13 -13 -8
right_child=1 -3 -4 6 -6 -7 11 8 -10 10 -12 12 -14 -15
leaf_value=-0.073210940866767674 -0.036149846559362528 1.0209135943270846e-05 -0.0019715020080363003 0.034349367402428319 0.0069700075517422234 0.066350850136018644 -0.036149846559362528 -0.036149846559362528 0.082871402182324708 -0.036149846559362528 0.013946816322592918 0.029479808952613009 -0.026540667008024679 -0.0047848539429830115
leaf_weight=1.2927204188335419 0.62586671528218651 1062.9429900851185 80.401057370641453 24.254423848169051 7.0969592589700161 8.1788918374886563 3.0529721141749411 4.5611429714074232 1.7149058993764459 2.2851081314243613 20.014245997745817 14.493398940291152 4.7761625169465338 30.213003196210714
leaf_count=183214 32818 1429881 414065 45226 382 1887 633 2447 296 678 4239 4368 117027 13011
internal_value=0.000835555 0.000911248 0.0056604 0.0107204 0.0348586 0.0573379 0.00707748 0.0161839 0.000765245 -0.00447681 0.00629144 -0.00207993 0.0155945 -0.012318
internal_weight=1265.9 1264.61 201.668 121.267 15.9017 8.80476 105.365 52.8298 28.5754 26.8605 22.2994 52.5355 19.2696 33.266
internal_count=2250172 2066958 637077 223012 35087 34705 187925 52886 7660 7364 4917 135039 121395 13644
is_linear=0
shrinkage=0.05


Tree=243
num_leaves=15
num_cat=0
split_feature=16 7 22 23 18 16 28 1 4 16 22 17 17 23
split_gain=5.04173 6.08571 6.29406 5.32672 5.47332 4.94709 4.75027 8.23731 7.77336 5.51179 9.77305 6.72372 5.0304 4.39499
threshold=3.6242519617080693 123.231502532959 0.65650355815887462 35.500000000000007 0.075646542012691512 1.2424533367156985 3.5000000000000004 1.5000000000000002 0.02369564771652222 3.5694335699081425 0.65650355815887462 4.9870197772979745 5.3302974700927743 9.5000000000000018
decision_type=10 10 10 10 8 10 8 8 10 10 10 10 10 10
left_child=3 2 -2 6 5 -5 7 8 -1 -9 -11 -12 -10 -4
right_child=1 -3 13 4 -6 -7 -8 9 12 10 11 -13 -14 -15
leaf_value=-0.02895320672877957 -0.014671758010765243 0.036696434985956053 -0.0037145755383311955 0.074487409119685336 0.028355951224078718 -0.015405430485893535 0.015260455965703169 0.00095788124952640654 -0.0080292530850918052 -0.081823468147960959 -0.015479337010708669 0.05121288902233917 0.046438531709895481 0.0093325245058546689
leaf_weight=43.187187562230804 115.60283933663362 9.2522519998736907 423.25571198477337 1.7062543966291652 37.538241259323541 14.860527646590894 55.638487686230292 430.97230925757566 13.654312044192922 1.927054408997608 4.9176806201658136 16.324211535534801 6.1474926815862991 76.160460100139119
leaf_count=519 1335297 4537 13584 5213 569701 197641 3709 89221 551 3793 312 665 146 23778
internal_value=-0.000372368 -0.00355297 -0.00415848 0.00279503 0.0177912 -0.00614714 0.00137846 -0.000115119 -0.0170595 0.00223505 0.0259921 0.0357731 0.00888033 -0.00172491
internal_weight=1251.15 624.271 615.019 626.874 54.105 16.5668 572.769 517.13 62.989 454.141 23.1689 21.2419 19.8018 499.416
internal_count=2248667 1377196 1372659 871471 772555 202854 98916 95207 1216 93991 4770 977 697 37362
is_linear=0
shrinkage=0.05


Tree=244
num_leaves=15
num_cat=0
split_feature=3 2 3 3 4 3 17 3 23 16 2 22 4 17
split_gain=2.89346 2.93541 5.04525 3.99516 3.38193 2.39415 9.10639 5.83581 3.24311 5.51625 5.84002 8.48432 7.65332 7.07082
threshold=0.30141846835613256 -1.0529541373252866 0.23922684788703921 0.2305547893047333 0.018595755100250248 0.19175282120704654 4.8402345180511483 0.2139948904514313 28.500000000000004 3.65057384967804 1.5291855931282046 0.67306184768676769 0.017991751432418827 6.5301482677459726
decision_type=10 8 10 10 8 10 8 10 10 8 10 10 10 8
left_child=1 -1 3 5 -5 8 7 -7 -3 -10 11 12 -11 -12
right_child=-2 2 -4 4 -6 6 -8 -9 9 10 13 -13 -14 -15
leaf_value=0.040549864633512636 -0.071572627540743214 -0.00025344562822246893 -0.061136316677436964 0.095456351839147635 -0.053229069851248756 -0.055561644588051712 -0.048384292193648593 0.083267806256466709 0.018005300998248763 0.0050888493328788489 -0.075837911516726655 0.056622196050787936 -0.054170640526163487 0.030282163101314253
leaf_weight=4.5467507305185135 1.3961390197659955 1120.6233221150148 3.3326066600532149 1.888605145591316 0.47955420300946738 1.0522421589158759 9.0303735138069232 2.6975504150102489 65.907358414009579 28.021672254116776 5.3311691928096208 6.301022300015112 6.7635538079407125 2.2247385902028292
leaf_count=93647 402267 121821 318621 15990 47909 62630 219841 43843 340105 315120 13245 3174 250200 1054
internal_value=0.000367896 0.000447724 0.000302281 0.00046604 0.0653474 0.000342919 -0.021187 0.0443104 0.000565686 0.00857914 -0.00419276 0.00323684 -0.00643342 -0.0445922
internal_weight=1259.6 1258.2 1253.65 1250.32 2.36816 1247.95 12.7802 3.74979 1235.17 114.55 48.6422 41.0862 34.7852 7.55591
internal_count=2249467 1847200 1753553 1434932 63899 1371033 326314 106473 1044719 922898 582793 568494 565320 14299
is_linear=0
shrinkage=0.05


Tree=245
num_leaves=15
num_cat=0
split_feature=23 27 15 2 3 9 4 4 1 1 1 17 7 1
split_gain=2.71892 2.54414 4.27637 4.37979 5.57126 7.05892 5.1867 5.80647 6.83424 5.27271 6.87175 5.8606 5.16886 4.75798
threshold=6426.5000000000009 2.9892170429229741 1.0000000180025095e-35 2.0746576786041264 0.039593756198883064 0.40537218749523168 0.021119862794876102 0.017991751432418827 14.500000000000002 3.5000000000000004 72.500000000000014 5.0271592140197763 46.771591186523445 53.500000000000007
decision_type=10 10 8 10 10 10 8 10 8 8 10 8 10 10
left_child=1 2 3 4 12 6 7 8 -6 -8 -11 -12 -1 -10
right_child=-2 -3 -4 -5 5 -7 9 -9 13 10 11 -13 -14 -15
leaf_value=-0.045903875872885407 -0.076862665060639837 0.0059779450831862219 7.502346292038718e-05 0.01952577335618336 -0.074171600936889584 -0.084804830038047341 0.065877127739766714 0.045661169596796676 0.017606851967346817 -0.072319302642333355 0.063431410140876901 -0.060911000859528192 0.037153973015683239 -0.025292163539637563
leaf_weight=18.803116790788135 1.151150431270479 156.53940741034012 1009.971112255697 10.023265305103221 3.0982252647441451 2.789175229587598 1.2411401624933591 7.3509454806644348 20.181341671096906 7.0400584146616039 2.2290975751134621 1.648422261970292 2.0804033460167153 9.5089457277103957
leaf_count=10391 133277 142905 1689665 485 987 23840 158 11323 82075 78243 6800 27495 555 41267
internal_value=-5.52706e-05 1.53215e-05 -0.000836335 -0.0115399 -0.0156386 -0.0073018 -0.00316839 0.00549785 -0.00350648 -0.0317782 -0.0428799 0.0105706 -0.0376297 0.00386753
internal_weight=1253.66 1252.5 1095.97 85.9941 75.9709 55.0874 52.2982 40.1395 32.7885 12.1587 10.9176 3.87752 20.8835 29.6903
internal_count=2249466 2116189 1973284 283619 283134 272188 248348 135652 124329 112696 112538 34295 10946 123342
is_linear=0
shrinkage=0.05


Tree=246
num_leaves=15
num_cat=0
split_feature=24 28 2 23 24 3 13 2 17 4 24 17 18 0
split_gain=2.8135 5.44243 6.27665 4.04911 5.43892 14.3623 4.50331 4.09064 13.3324 5.92708 5.66168 4.07931 4.47104 5.99917
threshold=2.3152083158493046 1.5000000000000002 0.091387540102005019 2.5000000000000004 1.7424008250236513 0.14039829373359683 0.057983193546533592 1.6878933906555178 5.478551149368287 0.027849763631820682 1.600064814090729 6.3894009590148935 0.11781215667724611 0.63921856880187999
decision_type=8 8 10 10 10 8 10 10 8 10 8 10 8 10
left_child=3 2 -2 4 5 -1 -5 9 10 -8 -9 12 -6 -14
right_child=1 -3 -4 6 11 -7 7 8 -10 -11 -12 -13 13 -15
leaf_value=-0.10261789001279072 0.013787904401999368 0.0046212103643607462 -0.056751919002421269 -0.00070813529913433507 0.0070300729724005993 0.024362876664360669 0.026518697093136468 -0.078922657662864118 -0.056507143868344614 -0.050604525174596675 0.035922333673845605 -0.05281371822311455 -0.029921284925990544 -0.0041635724168148213
leaf_weight=4.9302422461646218 5.3079230284274761 429.7744505788757 7.7696719161413341 529.72219846963731 59.376641542099321 4.0610998845703543 41.441871101341789 1.177868906949578 7.8532074607483571 2.6505453123742759 12.07093405903268 4.4626819238915223 28.269837755448094 112.82377161088419
leaf_count=112 32364 28530 21320 2003378 681 69 86403 708 834 73038 313 86 975 1261
internal_value=0.000450648 0.00365431 -0.0281213 -0.0013034 -0.00720292 -0.0452648 0.000817985 0.0132181 -0.00488611 0.0218826 0.0257122 -0.00553297 -0.00448045 -0.00932445
internal_weight=1251.69 442.852 13.0776 808.841 213.924 8.99134 594.917 65.1944 21.102 44.0924 13.2488 204.933 200.47 141.094
internal_count=2250072 82214 53684 2167858 3184 181 2164674 161296 1855 159441 1021 3003 2917 2236
is_linear=0
shrinkage=0.05


Tree=247
num_leaves=15
num_cat=0
split_feature=24 1 16 9 9 10 16 25 12 2 10 24 16 12
split_gain=4.05961 3.75295 4.42112 3.26048 3.35315 4.55327 3.94037 3.19854 5.8039 4.95963 4.82571 3.64366 5.84852 3.14271
threshold=-0.56073507666587818 3.5000000000000004 5.3636341094970712 0.093674376606941237 0.24105522036552432 0.021661921404302124 5.2958111763000497 3.5000000000000004 0.077935222536325469 -0.039921658113598817 0.031299682334065444 2.0047768354415898 6.3198683261871347 0.19543650746345523
decision_type=8 10 10 8 8 8 10 8 8 10 10 10 10 10
left_child=-1 2 3 -2 5 -5 -6 8 -4 -9 -11 12 -10 -3
right_child=1 13 7 4 6 -7 -8 9 11 10 -12 -13 -14 -15
leaf_value=-0.062199467145191312 0.1392488200830487 -0.0034398172906147852 0.062475006984984364 -0.062362074099157651 0.0022952799098953582 0.00542072565549305 -0.059017976510915983 0.058819780920863741 -0.07756803590774615 -0.069857160093110257 0.065465664191505707 0.037252303955336012 0.064786725663120701 0.029662924627952898
leaf_weight=2.6825090487572294 0.42950573245729629 678.78514477979775 9.0348622395605194 4.7981834398614831 515.18241241939427 5.1226746590045247 2.6337993303295653 1.8888796318704004 2.4072545928288132 2.9987643119445955 0.84429355469183054 3.5635083844191513 1.030318809066699 7.2464967118214636
leaf_count=654633 8082 837891 15645 63597 626735 339 7158 8207 18252 3964 22 94 1429 4315
internal_value=-0.000756695 -0.000623341 0.00245396 0.00154383 0.00143176 -0.0273622 0.00198342 0.024537 0.0359958 -0.00752092 -0.0401277 0.00182456 -0.0349011 -0.00309016
internal_weight=1238.65 1235.97 549.934 528.167 527.737 9.92086 517.816 21.7679 16.0359 5.73194 3.84306 7.00108 3.43757 686.032
internal_count=2250363 1595730 753524 705911 697829 63936 633893 47613 35420 12193 3986 19775 19681 842206
is_linear=0
shrinkage=0.05


Tree=248
num_leaves=15
num_cat=0
split_feature=2 2 0 16 17 12 1 1 17 17 23 16 0 12
split_gain=4.31848 2.539 4.33134 2.45852 2.39032 2.3659 3.44882 4.25506 4.93934 4.77606 4.14852 5.53495 3.87515 3.72725
threshold=-1.1856461167335508 -1.0529541373252866 0.49051268398761755 8.1175711154937762 5.0005793571472177 0.098315384238958373 113.50000000000001 20.500000000000004 5.6954128742218026 5.1029059886932382 32.500000000000007 4.9522936344146737 0.67137306928634655 0.15894736349582675
decision_type=8 8 8 10 8 10 10 10 10 8 10 8 10 8
left_child=-1 4 -3 5 -2 -4 7 8 13 -9 11 12 -11 -7
right_child=1 2 3 -5 -6 6 -8 9 -10 10 -12 -13 -14 -15
leaf_value=-0.068131713500128435 0.070388592136900005 -0.061371226410399264 0.00020910040963597048 0.078595646357969839 -0.056159737898381294 0.026668953188603226 -0.030309794618245851 -0.030309794618245851 -0.027014741078687191 -0.028173397584601856 0.10393683535759785 -0.030309794618245851 0.066687486856049569 -0.0091943131362440134
leaf_weight=2.2818401235601109 2.2374014894524139 2.8121771924453269 1183.2642580705326 1.0134637900632686 0.44784040029426142 21.186675478812958 1.7436013789451781 1.4126826163492439 9.2698582565656746 1.2871462827997806 2.5798671350967437 1.8348290191759709 6.5816510003951407 11.009590241807983
leaf_count=301340 19220 270569 1573698 1082 33993 11754 13538 4472 6702 413 6986 318 262 5529
internal_value=0.000590253 0.000716037 0.000611202 0.000751637 0.0492831 0.000688023 0.0106464 0.0131268 0.00514584 0.0372897 0.047583 0.0326004 0.0511705 0.0144054
internal_weight=1248.96 1246.68 1244 1241.18 2.68524 1240.17 56.9059 55.1623 41.4661 13.6962 12.2835 9.70363 7.8688 32.1963
internal_count=2249876 1948536 1895323 1624754 53213 1623672 49974 36436 23985 12451 7979 993 675 17283
is_linear=0
shrinkage=0.05


Tree=249
num_leaves=15
num_cat=0
split_feature=27 18 24 0 3 16 18 13 27 8 4 4 16 2
split_gain=3.6107 4.66518 5.43581 4.79088 4.65114 4.14271 4.00538 3.9625 4.82939 5.93676 4.45011 7.87893 3.72842 5.43793
threshold=1.023424029350281 0.28456890583038336 0.87653428316116344 0.60789930820465099 0.13404914736747744 3.2384861707687382 0.27212752401828771 0.41885964572429663 2.0270251035690312 18.500000000000004 0.024060785770416263 0.002250522375106812 3.2384861707687382 1.6878933906555178
decision_type=10 10 8 8 10 10 10 8 8 10 8 10 8 8
left_child=-1 2 -2 5 6 -4 -5 8 -3 10 11 -10 -9 -14
right_child=1 7 3 4 -6 -7 -8 12 9 -11 -12 -13 13 -15
leaf_value=-0.0010114300949931943 0.062302860014166808 -0.05008329037887297 -0.041644938390116182 0.0084737999005060679 0.061524921530629918 -0.0023591538668547361 0.055130079995823617 0.027446395238373056 0.046222814740700613 0.06143525326629206 0.042438761100110772 -0.069329025626881868 -0.050535569374746007 -0.0076995580525169409
leaf_weight=1026.758627062884 4.8813618054197141 2.6290374948815778 8.8803825338016917 133.31933490697426 4.5385827748717409 8.0131579061762697 4.7644499110925542 4.579664941229848 2.3483381229304263 6.2012520863869485 3.7425403461228051 3.9676694659841396 10.566705794158924 24.79220139516557
leaf_count=1933939 97015 16003 13264 9303 3396 14104 293 3689 1461 11903 14235 7915 117428 6105
internal_value=0.000241568 0.00600494 0.0103288 0.00873838 0.0117206 -0.0164389 0.0100836 -0.0060785 0.0127909 0.022957 -0.000765427 -0.026366 -0.0150027 -0.0205007
internal_weight=1249.98 223.225 164.397 159.516 142.622 16.8935 138.084 58.8274 18.8888 16.2598 10.0585 6.31601 39.9386 35.3589
internal_count=2250053 316114 137375 40360 12992 27368 9596 178739 51517 35514 23611 9376 127222 123533
is_linear=0
shrinkage=0.05


Tree=250
num_leaves=15
num_cat=0
split_feature=21 1 9 3 1 17 4 22 14 18 23 22 17 18
split_gain=4.51748 2.8565 2.48162 3.25704 7.67311 6.61592 6.41682 5.14811 5.07418 4.65103 5.22509 7.63347 5.09177 5.04504
threshold=1.5000000000000002 1.5000000000000002 0.62354162335395824 0.083797037601470961 96.500000000000014 4.9593360424041757 0.00057461857795715343 0.51492512226104747 1.0000000180025095e-35 0.12319420278072359 23.500000000000004 0.64364916086196911 5.2390944957733163 0.096576344221830382
decision_type=10 8 8 10 10 8 10 10 10 8 10 10 10 10
left_child=2 -2 -1 4 -4 6 -5 -7 -6 13 -11 12 -12 -9
right_child=1 -3 3 5 8 7 -8 9 -10 10 11 -13 -14 -15
leaf_value=0.004910506380769928 -0.0018169733064974038 -0.085860505044758492 -0.002527050591745766 0.10408062342167719 -0.011310410374273886 -0.031393636585123466 0.013758699072088874 0.0016652571711390134 -0.081223996213778682 -0.011928077862462505 0.014688164406102842 0.040212793770156408 -0.015324395599983177 0.027072348639632926
leaf_weight=184.75445100158444 1.683554459828827 2.530976782291928 743.37135058309946 2.0237257627447454 5.2594435853943349 13.231156175377064 69.428265367909091 68.096743823001873 5.123416062444818 88.906452786914244 6.2169966232777822 13.413726934242716 9.9100937582053792 27.400553564094594
leaf_count=767867 3 6494 144190 7670 10382 495424 479608 71218 8233 26464 52290 13890 140012 26509
internal_value=-0.000610178 -0.0522881 -0.000434128 -0.00137242 -0.00312326 0.00304679 0.0163169 -0.00112696 -0.0458092 0.000744845 -0.00587468 0.0123437 -0.0108365 0.00895518
internal_weight=1241.35 4.21453 1237.14 1052.38 753.754 298.628 71.452 227.176 10.3829 213.945 118.447 29.5408 16.1271 95.4973
internal_count=2250254 6497 2243757 1475890 162805 1313085 487278 825807 18615 330383 232656 206192 192302 97727
is_linear=0
shrinkage=0.05


Tree=251
num_leaves=15
num_cat=0
split_feature=7 18 23 24 17 13 4 7 18 4 24 0 18 2
split_gain=3.79584 5.26798 3.30913 5.20829 5.2341 7.55956 6.86136 5.88135 4.93917 4.65968 4.69605 4.91161 4.59545 4.34968
threshold=123.231502532959 0.45056542754173284 11.500000000000002 2.0047768354415898 5.830414056777955 0.096006143838167204 0.0028343200683593754 37.467224121093757 0.070384789258241667 0.0094568133354187029 1.6618920564651491 0.64201158285141002 0.025928926654160026 0.9911039173603059
decision_type=10 10 10 8 10 8 8 10 10 8 8 10 8 8
left_child=2 -2 3 4 12 8 7 13 -6 -4 11 -11 -1 -7
right_child=1 -3 9 -5 5 6 -8 -9 -10 10 -12 -13 -14 -15
leaf_value=-0.090837592577858228 0.012159619373468249 0.07959899879181187 0.010967467074246662 0.0003817135073481477 0.0088407390188509714 -0.031512216598794655 -0.0064734162946646625 0.012159619373468249 -0.06941972623270376 -0.011826050258625331 -0.052664554036340197 0.0074361667094033444 -0.0031858596675220898 -0.10788406496670325
leaf_weight=1.5043573212384007 10.478047445390617 3.4232984761983074 125.25923864090524 615.99775004504272 2.5198248626422179 2.6736968737129758 65.162164337182219 1.3022081081289796 10.084913815436868 56.975803644675679 4.4802321459476095 78.954701893588336 250.11994001899171 4.0692463471641522
leaf_count=238 5898 794 493933 89212 180 306 4322 21 1192 1494085 5080 130243 24726 218
internal_value=-0.000682084 0.0252976 -0.000978328 -0.00235342 -0.00734647 -0.0180099 -0.011852 -0.0554161 -0.0537746 0.0039566 -0.00229774 -0.000637667 -0.00370989 -0.0751841
internal_weight=1233.01 13.9013 1219.1 953.434 337.436 85.8121 73.2073 8.04515 12.6047 265.67 140.411 135.931 251.624 6.74294
internal_count=2250448 6692 2243756 120415 31203 6239 4867 545 1372 2123341 1629408 1624328 24964 524
is_linear=0
shrinkage=0.05


Tree=252
num_leaves=15
num_cat=0
split_feature=3 2 0 22 2 2 16 17 18 10 4 2 4 17
split_gain=2.93075 3.02529 4.50104 2.64209 5.44004 5.12852 4.74361 4.64611 4.58466 3.98012 4.51671 5.85528 3.73248 3.43863
threshold=0.30141846835613256 -1.0529541373252866 0.49976676702499395 0.71941202878952037 -0.091224957257509218 1.1846840977668764 4.4601275920867929 5.8565025329589853 0.082752548158168807 0.021285823546350006 0.011868655681610109 1.4776930212974551 0.020378142595291141 4.7578821182250985
decision_type=10 8 8 8 8 10 8 8 8 8 10 10 8 10
left_child=1 -1 -3 5 12 -4 7 8 -7 -10 11 -11 -5 -13
right_child=-2 2 3 4 -6 6 -8 -9 9 10 -12 13 -14 -15
leaf_value=0.040930521837776887 -0.074370886087847837 -0.052698566448952516 -0.00070891279301823682 0.054856326971926508 0.0012388208300568491 -0.00070891279301823682 -0.00070891279301823682 -0.026387270668395021 -0.00070891279301823682 -0.026387270668395021 -0.026387270668395021 -0.025429013363108172 -0.00070891279301823682 -0.00070891279301823682
leaf_weight=4.476136350068507 1.3297107165858495 4.0770123046472166 231.6731211119147 7.9340206694598097 769.90399956102146 33.089189398974533 48.080001929172823 20.031868856097958 9.3204033028400897 15.77673759078032 51.339885457783275 14.281931097008121 1.0763769173856736 30.197062260376658
leaf_count=93614 402079 222199 1341919 3501 57340 8179 34280 11806 5367 11433 47761 2532 4241 3692
internal_value=-0.000180421 -0.000100943 -0.000249444 -7.59749e-05 0.00169086 -0.00310869 -0.0090449 -0.013232 -0.00992537 -0.014956 -0.01829 -0.00881379 0.0403162 -0.000708913
internal_weight=1242.59 1241.26 1236.78 1232.7 778.914 453.79 222.117 174.037 154.005 120.916 111.596 60.2557 9.0104 44.479
internal_count=2249943 1847864 1754250 1532051 65082 1466969 125050 90770 78964 70785 65418 17657 7742 6224
is_linear=0
shrinkage=0.05


Tree=253
num_leaves=15
num_cat=0
split_feature=3 18 23 12 3 22 18 23 23 18 10 0 7 3
split_gain=2.72976 2.43251 7.68173 5.86961 4.03113 3.40038 7.50626 5.98866 4.55991 4.3668 3.81181 4.78862 3.43041 3.24554
threshold=0.30141846835613256 0.041128322482109077 2.5000000000000004 0.07619738951325418 0.10399103164672853 0.75472605228424083 0.047498673200607307 14.500000000000002 2.5000000000000004 0.045490223914384849 0.032654678449034698 0.73891928791999828 15.077043056488039 0.027712970972061161
decision_type=10 8 8 8 10 10 8 8 8 8 10 8 10 8
left_child=1 2 4 -4 -1 6 7 12 -8 -7 -11 -12 -3 -5
right_child=-2 5 3 13 -6 9 8 -9 -10 10 11 -13 -14 -15
leaf_value=-0.049039786681709073 -0.073597974013000458 -0.10371665846074991 -0.068566390889733958 -0.015759646973623021 0.033193557528159577 0.044038392495741152 -0.0098562729219549665 -0.008050713731522904 0.000209915959471999 0.0017299124977956514 0.000209915959471999 0.057798640489548414 -0.007885013817008563 0.029440613323846426
leaf_weight=6.9002750310600263 1.2524318843770732 4.0790501982160512 1.7806273041508565 4.4859085171556261 1.9008221405300672 6.3722654497832982 139.99786451170661 5.7460682363668729 535.86094757249271 490.21551756269014 4.2189588658984549 6.8569244119198638 1.2110917583648015 34.627212573751883
leaf_count=163 402106 633 6104 179 83 69 3532 20241 1749254 7295 195 720 119 59260
internal_value=0.000181729 0.000255993 0.011095 0.0202148 -0.0312794 -0.000194922 -0.00248829 -0.0433912 -0.00182037 0.00290812 0.00238528 0.0313918 -0.0817776 0.0242566
internal_weight=1245.51 1244.25 49.6948 40.8937 8.8011 1194.56 686.895 11.0362 675.859 507.664 501.291 11.0759 5.29014 39.1131
internal_count=2249953 1847847 65789 65543 246 1782058 1773779 20993 1752786 8279 8210 915 752 59439
is_linear=0
shrinkage=0.05


Tree=254
num_leaves=15
num_cat=0
split_feature=28 26 18 18 18 26 18 18 26 9 9 4 26 7
split_gain=2.49698 4.04116 3.61762 6.63436 3.63552 2.94831 3.60174 4.16389 3.48439 3.3357 3.30087 2.85114 2.57494 2.41623
threshold=3.5000000000000004 0.12132352963089944 0.15608907490968707 0.11781215667724611 0.10702608153223993 0.1702898591756821 0.28456890583038336 0.32889626920223242 0.51470589637756359 0.90763464570045482 0.52375522255897533 0.031172871589660648 0.44097222387790685 3.7896275520324711
decision_type=10 8 10 10 10 10 10 8 10 8 10 10 10 8
left_child=13 -2 3 4 -3 -4 12 -8 11 10 -10 -9 -7 -1
right_child=1 2 5 -5 -6 6 7 8 9 -11 -12 -13 -14 -15
leaf_value=-0.093157444741196707 -0.057378066956846378 0.0052690887125828884 0.060725457387374594 -0.038117234018995291 0.067570115517039953 0.012126826176486638 -0.084389420175668417 0.050485684995209792 -0.065043126195343262 -0.083202226325410356 0.053961927233159117 -0.027512642505506169 0.053734960747014462 -0.00027130348456126072
leaf_weight=0.70053900688848936 2.1075581246443251 10.798988674557959 4.6761479845617115 8.1533054791259456 2.9899457504762941 7.0665849537833498 1.3852359647658588 4.7485938968585018 0.93967918606842493 1.6403144221496857 1.533774292620137 1.55538583448806 7.8477304974301774 1188.170385955312
leaf_count=9291 267 706 334 332 76 358 151 360 137 104 149 547 295 2236689
internal_value=0.000157656 0.0105295 0.0132128 -0.00236301 0.0187782 0.0240995 0.0176891 -0.0029474 0.00788185 -0.0279141 0.00875122 0.0312411 0.0340205 -0.000326036
internal_weight=1244.31 55.4432 53.3357 21.9422 13.7889 31.3934 26.7173 11.803 10.4177 4.11377 2.47345 6.30398 14.9143 1188.87
internal_count=2249796 3816 3549 1114 782 2435 2101 1448 1297 390 286 907 653 2245980
is_linear=0
shrinkage=0.05


Tree=255
num_leaves=15
num_cat=0
split_feature=3 2 4 0 4 0 16 3 4 2 16 4 4 15
split_gain=2.49541 2.80801 9.34748 5.73535 4.89956 3.91578 3.54465 3.17568 2.81902 3.73494 3.44437 2.69059 7.08791 4.65168
threshold=0.30141846835613256 0.27258309721946722 0.026846319437026981 0.59694635868072521 0.048693835735321052 0.57891008257865917 6.3198683261871347 0.16041538119316104 0.0063614249229431161 0.31109531223773962 4.4005842208862314 0.0012231767177581789 0.0031306147575378422 1.0000000180025095e-35
decision_type=10 8 10 8 10 10 10 8 8 8 8 8 8 8
left_child=1 2 6 7 -4 -6 11 8 10 -10 -3 -1 13 -13
right_child=-2 3 4 -5 5 -7 -8 -9 9 -11 -12 12 -14 -15
leaf_value=0.038377666132436032 -0.071746350344397206 -0.046150114255461783 -0.063851201306237268 0.0010192803803434909 -0.05446283546621758 0.076307575102616709 0.081926325502973518 -0.061587466269889861 -0.082813908708824935 -0.0074479492277365516 -0.0074479492277365516 0.045129356072770167 0.016018891299090583 -0.063465158641384189
leaf_weight=9.7882974605288489 1.1840569637940905 11.316224746390928 6.0053687603321899 1121.4657243609718 0.98785038504205824 1.3613397110946912 1.9850366101985049 3.547985860455106 1.6975824042793999 32.173052323732819 3.5968099952547385 1.2406307524402502 51.710505410049677 4.8071251969745239
leaf_count=37404 402040 35185 131070 638414 190168 9076 3549 290373 3335 132487 11950 9239 318231 37841
internal_value=0.000805692 0.000874324 0.010068 0.000264288 -0.0399028 0.0213177 0.0160722 -0.0159152 -0.0125935 -0.00744795 -0.0310951 0.0141369 0.0100288 -0.0411882
internal_weight=1252.87 1251.68 77.8862 1173.8 8.35456 2.34919 69.5316 52.3317 48.7837 33.8706 14.913 67.5466 57.7583 6.04776
internal_count=2250362 1848322 736578 1111744 330314 199244 406264 473330 182957 135822 47135 402715 365311 47080
is_linear=0
shrinkage=0.05


Tree=256
num_leaves=15
num_cat=0
split_feature=3 7 4 23 10 17 0 2 1 18 18 2 16 17
split_gain=3.32288 2.65175 2.93974 2.42987 2.3211 6.07926 6.20363 3.25374 3.22545 5.19553 4.15384 3.45789 3.11159 2.86635
threshold=0.28674250841140753 4.1765727996826181 0.0009677112102508546 2.5000000000000004 0.019315313547849659 5.7761018276214608 0.52823826670646679 -1.0529541373252866 41.500000000000007 0.28745292127132421 2.3037464618682866 0.61949867010116588 8.8703341484069842 6.2700424194335946
decision_type=10 8 8 10 8 8 10 8 10 10 10 10 10 8
left_child=1 2 3 -1 5 6 -3 -6 9 -8 11 -10 13 -7
right_child=-2 4 -4 -5 7 12 8 -9 10 -11 -12 -13 -14 -15
leaf_value=-0.7692084873564573 -0.066393556245277222 -0.034625581719828546 -0.044156845644878734 -0.19654066735830628 0.051780237703704761 -0.034625581719828546 0.050498998189076306 9.9605710351756183e-05 0.04533439137577254 -0.0041321305276785297 0.067857782800310032 -0.0041321305276785297 0.12641953789127353 0.0067414979256197986
leaf_weight=0.021868122287740821 1.853705165842938 2.5268493333275535 1.188416924157383 0.1211024115287529 3.053401204702785 6.3803917783959436 17.737567895969566 1186.2427574782064 3.5596054692437944 5.1221946270401437 2.2868147902530493 7.1633885268415574 0.34861803054809648 4.7561377384206187
leaf_count=3 479235 195495 5180 419 17635 75003 34149 1297791 20793 57590 2196 26275 1 37507
internal_value=0.000499732 0.000599691 -0.0699266 -0.284133 0.000675465 0.0112418 0.0207884 0.000232291 0.0263613 0.0376723 0.00648654 -0.00413213 -0.0206737 -0.0252784
internal_weight=1242.36 1240.51 1.33139 0.142971 1239.18 49.8816 38.3964 1189.3 35.8696 22.8598 13.0098 10.723 11.4851 11.1365
internal_count=2249272 1770037 5602 422 1764435 449009 336498 1315426 141003 91739 49264 47068 112511 112510
is_linear=0
shrinkage=0.05


Tree=257
num_leaves=15
num_cat=0
split_feature=3 10 17 18 17 4 14 10 27 22 24 0 10 17
split_gain=3.73317 3.33415 4.45703 4.5121 5.08122 3.25567 4.31549 4.17476 3.40778 4.04291 2.95292 2.86099 2.82421 2.81385
threshold=0.30141846835613256 0.018912463448941711 5.708768606185914 2.1804417371749882 6.005120277404786 0.01462531089782715 inf 0.0093467044644057768 5.8489398956298837 0.75472605228424083 1.2523145675659182 0.61889773607254039 0.015875016339123253 4.2696731090545663
decision_type=10 8 8 10 10 8 8 8 8 8 8 10 10 10
left_child=1 2 5 4 -4 6 7 -1 9 -7 -9 -6 -11 -10
right_child=-2 -3 3 -5 11 8 -8 10 13 12 -12 -13 -14 -15
leaf_value=-0.061200025867967835 -0.077736503204186541 0.00059371217785934459 -0.055622350882742401 0.10790257337854098 -0.058863533191356815 -0.063766204002636342 0.068477971069842894 -0.057364860319625746 -0.080036947324093277 -0.024823716357206163 0.034377756414634295 0.028687194694371872 0.05152876511759108 0.036523756675644954
leaf_weight=1.4281584291126206 1.5027813203496396 1188.5276563414286 5.3409198028385338 0.73156194446414247 1.1595408241144749 3.1057189368298568 6.5928792507102996 0.938060898660106 0.56125922613361812 1.4485111921818989 13.496613973535432 4.7786108423721387 2.1462612163456072 6.6822093182376952
leaf_count=70363 402293 1349556 80155 692 54292 167318 23673 29635 12757 5135 2351 5066 310 46259
internal_value=0.00102193 0.00111762 0.0139801 -0.0124312 -0.0202361 0.0226949 0.0344783 0.0203475 0.00371858 -0.0219814 0.0284157 0.0115912 0.0141188 0.0274921
internal_weight=1238.44 1236.94 48.4103 12.0106 11.2791 36.3997 22.4557 15.8628 13.944 6.70049 14.4347 5.93815 3.59477 7.24347
internal_count=2249855 1847562 498006 140205 139513 357801 126022 102349 231779 172763 31986 59358 5445 59016
is_linear=0
shrinkage=0.05


Tree=258
num_leaves=15
num_cat=0
split_feature=12 9 13 26 2 2 2 12 4 25 9 2 2 4
split_gain=2.64017 2.79024 3.33031 2.29432 3.26178 4.80428 3.90857 4.58162 3.75771 3.51953 3.08598 3.04942 4.73975 6.42018
threshold=0.26491229236125952 0.99919417500495922 0.97222220897674572 0.41421568393707281 1.0620810985565188 1.1657776832580569 0.89915853738784801 0.053101504221558578 0.0086143612861633318 1.5000000000000002 0.093674376606941237 1.821476995944977 0.92447018623352062 0.034857213497161872
decision_type=10 8 10 10 8 8 8 8 8 10 8 10 8 10
left_child=3 2 -2 11 6 -6 7 8 -5 -7 -9 12 13 -1
right_child=1 -3 -4 4 5 9 -8 10 -10 -11 -12 -13 -14 -15
leaf_value=0.0055933356674290518 -0.075993861079599656 0.072700932179601593 0.076671587102509209 -0.086601934171532557 -0.077552369705835567 0.020614492648539078 0.056894702003090415 0.34384163253798472 0.073462094869853264 -0.0029907927042109612 -0.023694712293852338 0.0034636835349445942 -0.0047716729768659885 -0.026645698473230051
leaf_weight=238.40406614658676 0.8758932442481866 2.5324912149171399 0.6032611113382329 0.4190262513767295 1.7849872721229298 24.72631468979943 6.8803025076405389 0.057689207275093746 2.9346410166102928 43.696769480662446 5.714057360997316 355.15891221461243 538.10349055380664 16.512295083009661
leaf_count=972894 1964 1469 568 3694 1682 3355 3698 308 11451 4985 45277 16029 356254 826767
internal_value=0.00033559 0.0408324 -0.0137305 0.00020398 0.00807057 0.00342699 0.0284393 0.00698482 0.0534628 0.00553954 -0.0200211 -0.000386702 -0.00211112 0.00350504
internal_weight=1238.4 4.01165 1.47915 1234.39 86.2138 70.2081 16.0057 9.12541 3.35367 68.4231 5.77175 1148.18 793.02 254.916
internal_count=2250395 4001 2532 2246394 74450 10022 64428 60730 15145 8340 45585 2171944 2155915 1799661
is_linear=0
shrinkage=0.05


Tree=259
num_leaves=15
num_cat=0
split_feature=24 10 4 4 16 3 15 2 1 16 26 24 13 13
split_gain=4.09754 3.55493 5.14361 6.96216 4.97547 5.83369 4.72687 5.94507 4.71146 4.22669 4.27121 4.12267 3.73548 4.05667
threshold=-0.56073507666587818 0.024393817409873012 0.019650280475616459 0.020785480737686161 3.7012257575988774 0.092440336942672743 inf 1.4345687627792361 50.500000000000007 5.8957784175872812 0.41421568393707281 1.8478996753692629 0.85026738047599804 0.65686276555061351
decision_type=8 8 8 8 8 8 8 8 10 10 10 10 10 10
left_child=-1 2 6 -4 5 -5 7 8 -2 10 -6 -9 13 -3
right_child=1 12 3 4 9 -7 -8 11 -10 -11 -12 -13 -14 -15
leaf_value=-0.06286359324111182 0.03004177412453593 -0.00075464986623212035 -0.08018128302419697 0.034265212617863854 -0.039004969649095327 -0.026664025957183368 0.022411268474323912 -0.10022127607690792 -0.030514858875065293 0.055635449268134664 0.031660947949102354 -0.017859368905967846 0.052934139232109968 -0.097448864121626885
leaf_weight=2.5803623038813592 11.841022044213231 1106.3701311476218 2.9790555505286904 13.755703287903847 13.465097476722834 5.4990435699265303 61.702753003481376 2.0529087461098952 4.4075675007140402 1.6776567610037236 2.5419883535522656 5.8462158086440468 3.2378331179825173 1.0857632618256037
leaf_count=654453 34297 1269101 3425 1065 119800 72134 76948 443 7242 5915 3844 95 1363 211
internal_value=7.81473e-05 0.0002095 0.0081767 -0.00665194 -0.000722027 0.0168642 0.0150717 -0.00368258 0.0136153 -0.0198695 -0.0277829 -0.0392645 -0.000692663 -0.00084945
internal_weight=1239.04 1236.46 125.769 39.9185 36.9395 19.2547 85.8505 24.1477 16.2486 17.6847 16.0071 7.89912 1110.69 1107.46
internal_count=2250336 1595883 325208 206183 202758 73199 119025 42077 41539 129559 123644 538 1270675 1269312
is_linear=0
shrinkage=0.05


Tree=260
num_leaves=15
num_cat=0
split_feature=24 12 23 16 23 8 24 23 17 17 14 23 17 17
split_gain=4.91278 4.11574 3.83305 4.66535 2.17386 2.0251 1.86383 5.38179 2.5728 8.54684 17.4798 3.2456 6.9253 14.0443
threshold=-0.1444694101810455 0.26491229236125952 752.50000000000011 4.7664294242858896 40.500000000000007 1.5000000000000002 0.64464259147644054 215.50000000000003 5.4004201889038095 5.3913497924804696 inf 511.50000000000006 4.2268071174621591 4.1971738338470468
decision_type=8 10 10 10 8 10 8 10 8 8 8 10 8 10
left_child=-1 2 6 -4 5 -3 8 -8 9 11 -11 -2 13 -13
right_child=1 4 3 -5 -6 -7 7 -9 -10 10 -12 12 -14 -15
leaf_value=-0.059554591759298947 -0.027423689008517826 0.088402795007296864 -0.051645844521294983 0.097313995612455406 -0.079476724060253981 0.0035129615728550739 5.0721378779926896e-05 0.10815385855358728 -0.054284932235737327 -0.05021922028392152 1.6879071161263175 -0.052033393033815913 0.00067950268042534857 0.74018612838680886
leaf_weight=3.4400263253034669 3.7775019466213098 2.4369123170351448 0.7073425107817285 2.0461973986957385 0.28636326085769015 0.98712785144827808 1217.41773917557 1.1523951353374275 3.7525827250937072 0.039777377785790935 0.022730830320050188 0.11960695635628255 0.72232534541436 0.1051030228051113
leaf_count=902613 244115 172 48954 14981 1552 97 784674 1525 189642 2547 243 9696 48374 451
internal_value=0.00011429 0.000280686 0.000122053 0.0590485 0.0528617 0.0639296 -1.01732e-05 0.000152954 -0.0232878 0.00101106 0.581843 -0.00667366 0.0760933 0.318509
internal_weight=1237.01 1233.57 1229.86 2.75354 3.7104 3.42404 1227.11 1218.57 8.53963 4.78705 0.0625082 4.72454 0.947035 0.22471
internal_count=2249636 1347023 1345202 63935 1821 269 1281267 786199 495068 305426 2790 302636 58521 10147
is_linear=0
shrinkage=0.05


Tree=261
num_leaves=15
num_cat=0
split_feature=24 23 16 22 16 4 4 16 3 3 17 17 1 3
split_gain=4.90457 3.53507 8.74652 7.27224 6.31903 6.10545 4.28477 5.61082 81.8733 87.045 4.32098 4.24553 4.07753 6.8213
threshold=-0.56073507666587818 35.500000000000007 3.6242519617080693 0.67306184768676769 5.478551149368287 0.0028343200683593754 0.017991751432418827 3.5972183942794804 0.28979589045047766 0.29135061800479894 5.962292194366456 4.7405652999877939 69.500000000000014 0.10261034965515138
decision_type=8 10 10 8 10 8 8 10 10 10 10 8 10 10
left_child=-1 -2 6 4 12 -5 10 -8 11 -10 -3 -9 -4 -14
right_child=1 2 3 5 -6 -7 7 8 9 -11 -12 -13 13 -15
leaf_value=-0.067429005995944299 -0.0013646834645510003 0.032839409214830299 -0.04330593018332194 0.13373873895822699 0.016086702730306348 0.016086702730306348 -0.0054065638567630083 0.33243907142827966 13.800111692865068 -0.050413096457614708 -0.037108667587681242 -0.052610727578382643 0.016086702730306348 -0.054876718497847601
leaf_weight=2.7507093739812642 1128.2123480468933 39.983451974835795 17.588982109531262 1.4746739129528084 4.9797977575741994 2.6841631737194689 15.774458295158107 0.12422277290823303 0.0022699844232869568 0.0022674623547880917 2.336894709595426 0.16895210500583319 4.8191356635675895 3.925236069288383
leaf_count=653879 225645 180363 446537 358 67085 2546 374915 2695 34 1425 16434 5804 39849 230794
internal_value=-0.000739126 -0.000589017 0.00873417 -0.0108485 -0.0190991 0.0512725 0.0206302 -0.00134805 0.213695 6.8787 0.0289769 0.110541 -0.0294333 -0.00152895
internal_weight=1224.83 1222.08 93.8645 35.472 31.3132 4.15884 58.3925 16.0722 0.297712 0.00453745 42.3203 0.293175 26.3334 8.74437
internal_count=2248363 1594484 1368839 787169 784265 2904 581670 384873 9958 1459 196797 8499 717180 270643
is_linear=0
shrinkage=0.05


Tree=262
num_leaves=15
num_cat=0
split_feature=3 16 21 4 1 1 24 4 0 16 16 14 1 11
split_gain=20.2284 6.77941 5.66117 5.15174 3.77587 6.14335 3.47055 6.7168 4.94397 4.15293 5.27999 5.95515 5.37621 5.30958
threshold=0.28674250841140753 5.3254430294036874 1.5000000000000002 0.15076917409896853 205.50000000000003 229.50000000000003 1.2523145675659182 0.021575599908828739 0.6947578787803651 6.310826539993287 3.3842465877532963 1.0000000180025095e-35 69.500000000000014 inf
decision_type=10 10 10 10 10 8 8 10 8 10 10 8 10 8
left_child=2 -2 3 4 6 -6 7 9 -9 10 -1 -12 -13 -14
right_child=1 -3 -4 -5 5 -7 -8 8 -10 -11 11 12 13 -15
leaf_value=0.025549538031745474 -0.10713924598111955 0.038130063835869379 -0.084956926097725746 0.096212154016845852 -0.062145128909328808 -0.004564261102731052 -0.00058959624808989299 -0.038670584441618423 0.019043127204706009 0.077838052217148179 -0.057404295021615731 -0.0055787379774966186 -0.053879905559283542 0.054919880051081948
leaf_weight=41.00786601124797 5.8091278431160731 0.93197523053987552 1.9672364371315314 1.3877597749528821 6.3240405485999132 17.315253063649592 1107.1407621739306 11.229041725048601 5.5421719913723448 2.5588389135463947 4.0795830071081269 24.688378278566329 1.3089962518629032 7.8227722555577861
leaf_count=203619 428521 50692 4692 31307 35774 82750 177856 717400 7765 5760 163007 238014 39411 62707
internal_value=-0.000677799 -0.0870554 -0.000205312 -6.98071e-05 -0.000178525 -0.0199684 0.000209585 0.00921638 -0.0195987 0.0151484 0.0131155 -0.00033822 0.00654542 0.0393239
internal_weight=1239.11 6.7411 1232.37 1230.41 1229.02 23.6393 1205.38 98.2376 16.7712 81.4664 78.9076 37.8997 33.8201 9.13177
internal_count=2249275 479213 1770062 1765370 1734063 118524 1615539 1437683 725165 712518 706758 503139 340132 102118
is_linear=0
shrinkage=0.05


Tree=263
num_leaves=15
num_cat=0
split_feature=22 7 4 4 8 13 24 15 22 17 8 4 9 8
split_gain=9.1508 6.0508 5.76744 3.51278 3.3455 4.2949 3.33435 4.66204 4.34363 3.14942 3.09892 3.09738 2.73042 2.43005
threshold=0.449222281575203 159.77436065673831 0.07098937034606935 0.025501906871795658 166.50000000000003 0.18350168317556384 1.2933786511421206 inf 0.65650355815887462 4.5900437831878671 174.50000000000003 0.086203277111053481 0.74429148435592662 64.500000000000014
decision_type=8 10 10 10 8 8 10 8 10 10 8 10 8 10
left_child=3 4 -3 -1 5 9 7 -7 13 12 -6 -12 -2 -8
right_child=1 2 -4 -5 10 6 8 -9 -10 -11 11 -13 -14 -15
leaf_value=-0.023188935094171664 -0.023120903738485268 0.018164847855887244 0.10040816034146352 -0.083893019794685497 -0.023120903738485268 -0.023120903738485268 -0.023120903738485268 0.018164847855887244 0.0030050037514904085 0.018164847855887244 -0.0004356517197853154 -0.023120903738485268 0.018164847855887244 -0.0079719259289613015
leaf_weight=6.0339115981027387 3.7945460573775796 9.6453130552830952 2.6964144494166495 3.9388751529513879 3.8241598412616313 5.5587552066010311 18.023414517120408 26.762965374570175 188.42234966921336 39.215304700690339 926.91753717652443 2.9248033304600076 2.1371944045178779 7.5670459613954888
leaf_count=546092 3930 451 302 704675 4577 22899 6487 59136 5834 22044 751748 118437 213 4099
internal_value=0.00053852 0.000922955 0.0357577 -0.0471648 0.000572042 0.00524828 0.00264057 0.0176093 0.000379883 0.0181648 -0.000887833 -0.000655948 -0.0184474 -0.0189489
internal_weight=1247.46 1237.49 12.3417 9.97279 1225.15 291.482 246.335 32.3217 214.013 45.147 933.667 929.842 5.93174 25.5905
internal_count=2250924 1000157 753 1250767 999404 124642 98455 82035 16420 26187 874762 870185 4143 10586
is_linear=0
shrinkage=0.05


Tree=264
num_leaves=15
num_cat=0
split_feature=3 4 3 26 16 3 1 7 8 28 18 18 28 22
split_gain=20.6888 5.33893 7.2136 3.51119 3.42211 5.20345 5.10575 4.65521 4.16582 4.91775 3.89382 4.91557 3.71986 4.05229
threshold=0.28979589045047766 0.091329693794250502 0.098565906286239638 0.45993590354919439 2.8029010295867924 1.0000000180025095e-35 53.500000000000007 5.4591417312622079 17.500000000000004 2.5000000000000004 0.031587261706590659 0.038852104917168624 2.5000000000000004 0.75472605228424083
decision_type=10 10 10 10 8 8 10 8 10 10 8 8 8 8
left_child=1 3 -3 4 5 12 7 -7 9 -8 -6 -12 -1 -14
right_child=-2 2 -4 -5 10 6 8 -9 -10 -11 11 -13 13 -15
leaf_value=-0.049320447359016854 -0.10542864459966195 0.08115013561089536 -0.053051612657531 0.010451456005379047 -0.070908745625237163 -0.083842254843660091 -0.01296410915626094 0.013510398410476757 -0.095425278416077883 0.060885730228742198 0.044771699860211664 -0.0015500268586493289 -0.032482625240175686 0.022660715191254618
leaf_weight=6.4973942109497029 4.6081768187514163 4.2557187213323449 1.3094204308036523 82.597570874050461 2.0117361334048072 1.2388246204253599 24.711116886881356 140.00248813919904 1.3751661705670191 2.4805698891313872 5.7615111244325039 962.62521904563198 6.2753844137550887 7.1021665853986642
leaf_count=130 462719 882 211116 52653 2974 1495 62700 109889 5384 618 4509 1334971 97 193
internal_value=0.000319464 0.000709857 0.0495738 0.000491027 -0.000218153 0.00592418 0.00875736 0.0126565 -0.010521 -0.00622714 -0.00141879 -0.00127443 -0.0182821 -0.00320692
internal_weight=1252.85 1248.24 5.56514 1242.68 1160.08 189.683 169.808 141.241 28.5669 27.1917 970.398 968.387 19.8749 13.3776
internal_count=2250330 1787611 211998 1575613 1522960 180506 180086 111384 68702 63318 1342454 1339480 420 290
is_linear=0
shrinkage=0.05


Tree=265
num_leaves=15
num_cat=0
split_feature=3 18 27 25 27 18 3 3 14 17 26 18 10 1
split_gain=16.9616 6.16966 4.44308 3.52121 4.21797 3.9392 3.61344 3.55007 3.25782 5.34499 3.61795 3.06056 7.11147 5.90798
threshold=0.28674250841140753 1.5649534463882449 1.3935604095458987 1.5000000000000002 2.3535244464874272 0.17576161026954654 0.12872028350830081 0.10261034965515138 1.0000000180025095e-35 5.8245229721069345 0.08893280848860742 0.22231241315603259 0.021661921404302124 2.5000000000000004
decision_type=10 10 10 10 8 8 10 10 10 10 10 8 10 10
left_child=2 -2 -1 -4 -5 6 7 -6 10 -10 -7 12 -12 -13
right_child=1 -3 3 4 5 8 -8 -9 9 -11 11 13 -14 -15
leaf_value=-3.6854173676091802e-05 -0.10135604796206582 0.040652957713709706 0.017168055392767213 -0.070502677569834735 0.012144204925216215 -0.080829813336117939 0.057021312803502013 -0.069198614937432165 -0.043660537834383527 0.020181143057761045 -0.081093986467232454 -0.012203497724788974 0.018178752793718885 0.028677549219154552
leaf_weight=1067.2068213067168 5.3849542760738691 0.89145254985504596 70.10843293250818 1.9182518116354199 51.103867946041724 1.27445293566815 4.4325505840393893 1.3774936004652563 10.858539652763904 4.6965620660662522 3.1781541769970687 15.793614808999363 4.1723693729457523 20.065839160219902
leaf_count=1587516 422216 57378 75371 11185 5123 1082 16426 2974 29875 6432 3232 18276 183 13250
internal_value=0.000804807 -0.0811862 0.00121447 0.00828091 0.00303943 0.00424566 0.0136706 0.0100092 -0.00468859 -0.0243848 0.00219868 0.00464756 -0.0247439 0.0106723
internal_weight=1262.46 6.27641 1256.19 188.98 118.872 116.953 56.9139 52.4814 60.0395 15.5551 44.4844 43.21 7.35052 35.8595
internal_count=2250519 479594 1770925 183409 108038 96853 24523 8097 72330 36307 36023 34941 3415 31526
is_linear=0
shrinkage=0.05


Tree=266
num_leaves=15
num_cat=0
split_feature=0 4 27 2 16 4 22 0 9 9 9 23 4 9
split_gain=3.95774 9.2461 3.44836 4.36464 4.18383 5.74987 3.70442 3.49557 3.4338 3.1728 6.70181 2.8761 6.6644 5.12357
threshold=0.50416922569274913 0.025501906871795658 3.1843570470809941 1.024612605571747 3.7726949453353886 0.030139148235321048 0.67306184768676769 0.68527415394783031 0.093674376606941237 0.46610596776008612 0.66093412041664135 28.500000000000004 0.021119862794876102 0.60025635361671459
decision_type=8 8 10 8 8 10 8 8 8 10 10 10 10 10
left_child=1 -1 11 8 5 7 -7 -5 -4 -6 -11 -2 13 -13
right_child=2 -3 3 4 9 6 -8 -9 -10 10 -12 12 -14 -15
leaf_value=-0.014282427999972534 -0.0017453485015464613 -0.095288971817189608 0.49580384680936984 -0.014282427999972534 -0.014282427999972534 -0.014282427999972534 0.045585237011849043 0.010515266996085581 0.027371980765577314 0.044025140138578923 -0.013449808169307107 0.0092974887473271425 -0.014282427999972534 0.05558311505003774
leaf_weight=8.1215906196634471 965.90172562737757 3.9031945705309825 0.039194445226362506 15.607638850139884 25.191273314727127 2.0442939597973675 14.784854234426225 48.511555152347178 21.205360442231473 7.8069865992519629 14.477576656646514 87.098393138071415 21.66505052358329 6.4195592900400831
leaf_count=289919 149991 424492 419 1834 10494 2289 898 2132 62044 709 845 595184 695940 13300
internal_value=-0.000148925 -0.0286948 0.000129976 0.00724302 0.00377022 0.0106816 0.0366927 0.00385458 0.0282362 -0.008014 0.00668548 -0.000854775 0.0066134 0.0124748
internal_weight=1242.78 12.0248 1230.75 149.669 128.424 80.9483 16.8291 64.1192 21.2446 47.4758 22.2846 1081.08 115.183 93.518
internal_count=2250490 714411 1536079 81664 19201 7153 3187 3966 62463 12048 1554 1454415 1304424 608484
is_linear=0
shrinkage=0.05


Tree=267
num_leaves=15
num_cat=0
split_feature=3 18 22 23 1 18 17 17 18 4 22 8 2 10
split_gain=13.9853 5.21249 3.89227 3.93228 4.37446 4.29213 3.88232 5.27043 4.95372 4.65344 3.82249 3.6563 3.23889 3.47059
threshold=0.27224054932594305 1.5649534463882449 0.75472605228424083 2.5000000000000004 12.500000000000002 0.053508620709180839 5.6612212657928476 4.610145330429078 0.33836483955383306 0.01055535674095154 0.64364916086196911 8.5000000000000018 -0.091224957257509218 0.030047404579818252
decision_type=10 10 8 10 10 8 10 8 8 8 10 10 8 10
left_child=2 -2 3 4 5 -1 7 8 11 -8 -9 -7 -4 -14
right_child=1 -3 12 -5 -6 6 9 10 -10 -11 -12 -13 13 -15
leaf_value=-0.056595051622895513 -0.098558908187954902 0.029737736553718381 0.03755194217250471 4.5454850612654954e-05 0.0007207275288372586 -0.00022997310692911122 -0.074246149198332251 -0.040417000072761028 -0.061642760290549353 -0.014901938817490605 0.0007207275288372586 -0.052518165715821234 0.0016530297351808308 0.013168161752416653
leaf_weight=5.9861237571720229 4.8156878597485528 0.9474475657996172 6.9109695923970733 498.90602262834659 52.25628910761975 13.749145271873209 5.2519133862224381 5.6482443823247186 7.3288163358578222 8.9036061478428792 44.96149441203643 4.4174621312031368 512.93949403222655 75.002135178982826
leaf_count=167 501122 65459 12417 1618202 1371 221 101 258 265 317 927 88 47931 1891
internal_value=0.000241705 -0.0774672 0.000602214 -0.00208053 -0.00922294 -0.0155945 -0.0128753 -0.00840311 -0.0269432 -0.0369195 0.000720728 -0.0129446 0.00352199 0.00312198
internal_weight=1248.02 5.76314 1242.26 647.409 148.503 96.2468 90.2607 76.1052 25.4954 14.1555 50.6097 18.1666 594.853 587.942
internal_count=2250737 566581 1684156 1621917 3715 2344 2177 1759 574 418 1185 309 62239 49822
is_linear=0
shrinkage=0.05


Tree=268
num_leaves=15
num_cat=0
split_feature=3 18 27 16 1 24 13 9 8 3 24 0 16 28
split_gain=12.6045 4.80812 4.75916 3.92406 7.40673 5.13511 4.82375 5.45956 5.40713 5.89583 7.7837 6.49479 6.4742 6.61146
threshold=0.27224054932594305 1.5649534463882449 2.1038601398468022 4.4601275920867929 22.500000000000004 0.21690840274095538 0.22111111134290698 0.90763464570045482 159.50000000000003 0.098565906286239638 2.3152083158493046 0.72043824195861828 4.5163240432739267 1.5000000000000002
decision_type=10 10 10 8 8 8 10 8 10 10 10 10 8 8
left_child=2 -2 3 -1 5 -5 8 -8 9 10 11 -6 13 -11
right_child=1 -3 -4 4 6 -7 7 -9 -10 12 -12 -13 -14 -15
leaf_value=-0.003028018156696329 -0.098307841441281699 0.025156481704502711 0.0076199532064656697 0.10080033466511218 -0.043417727752657689 0.0097337897502960315 -0.081323734554024293 0.04489039900721109 0.054867505762932992 0.16003722392917041 0.025700652405809151 0.045045071328355835 -0.0060315211451769596 0.012626101447327301
leaf_weight=807.87935512176716 4.461833404335386 0.95783711285263695 173.04975008005749 1.563222727747984 29.648712245663393 158.99486562517242 0.97332125058253394 7.1573501777079764 3.050991653479584 1.2056452117035759 5.8095998706276069 2.2309603761459575 42.176308387098686 2.0607561214814099
leaf_count=1073622 500697 65200 138607 5079 55932 17587 5646 9838 22905 15335 80 582 331121 6676
internal_value=-0.000403101 -0.0764876 -6.9428e-05 -0.0013215 0.00408772 0.0106204 -0.00703348 0.0297813 -0.0105067 -0.0129059 -0.0275271 -0.037227 -0.00077944 0.0670363
internal_weight=1241.22 5.41967 1235.8 1062.75 254.872 160.558 94.3136 8.13067 86.183 83.132 37.6893 31.8797 45.4427 3.2664
internal_count=2248907 565897 1683010 1544403 470781 22666 448115 15484 432631 409726 56594 56514 353132 22011
is_linear=0
shrinkage=0.05


Tree=269
num_leaves=15
num_cat=0
split_feature=3 18 24 8 2 21 1 4 1 3 17 12 4 16
split_gain=11.8074 5.48694 4.29497 4.17387 4.61781 4.07469 3.19366 4.52234 3.75523 4.92338 4.59515 4.34731 4.2453 3.47512
threshold=0.28674250841140753 1.5649534463882449 2.3152083158493046 164.50000000000003 1.6878933906555178 1.5000000000000002 28.500000000000004 0.0094568133354187029 21.500000000000004 0.057560086250305183 5.1503930091857919 0.077935222536325469 0.03820240497589112 5.2443854808807382
decision_type=10 10 8 10 8 10 10 10 10 10 8 8 10 8
left_child=2 -2 3 5 -5 -1 8 -8 11 10 -10 -4 -11 -9
right_child=1 -3 6 4 -6 -7 7 13 9 12 -12 -13 -14 -15
leaf_value=-0.002238493571244283 -0.10652168482351998 0.037442084268799157 0.017170075966145934 -0.01477264387692763 -0.10042411336563671 -0.080926173031083778 -0.030101417057630753 0.0094760192375119082 0.039112677517350147 0.054700918798893362 -0.068890120963823478 0.0016801526062214115 -0.072276345676308529 -0.052524992930624237
leaf_weight=794.12752825943414 3.7595372280956774 0.80326916265430526 52.75621620148371 5.4589513923022421 2.2110055607451606 1.6486238936420239 16.454869070749506 23.262920967671597 1.8484188651346181 10.311236321804241 2.1080143960862188 320.32949406253346 0.70314596880538793 2.5032071473843578
leaf_count=1641491 422524 57424 7362 55469 3894 4262 7201 20138 59 509 88 27887 638 1698
internal_value=-0.000893316 -0.0811773 -0.000596393 -0.00275532 -0.0394632 -0.00240151 0.00343491 -0.0096245 0.00485579 0.0294098 -0.0184319 0.00387051 0.0465948 0.00345255
internal_weight=1238.29 4.56281 1233.72 803.446 7.66996 795.776 430.278 42.221 388.057 14.9708 3.95643 373.086 11.0144 25.7661
internal_count=2250644 479948 1770696 1705116 59363 1645753 65580 29037 36543 1294 147 35249 1147 21836
is_linear=0
shrinkage=0.05


Tree=270
num_leaves=15
num_cat=0
split_feature=3 18 22 2 1 2 1 1 23 26 17 4 17 16
split_gain=11.8156 5.01497 3.17421 6.81896 5.78233 4.80305 6.91688 4.19826 4.19504 4.06159 5.17417 3.75852 3.33873 3.2666
threshold=0.28674250841140753 1.5649534463882449 0.68443962931633007 -0.40576887130737299 24.500000000000004 1.3954468965530398 15.500000000000002 22.500000000000004 32.500000000000007 0.18465909361839297 5.747798204421998 0.069285631179809584 5.7219483852386483 3.1567740440368657
decision_type=10 10 8 8 8 8 10 8 10 8 10 10 10 10
left_child=2 -2 4 -4 7 8 11 13 -5 10 -8 -7 -11 -1
right_child=1 -3 3 5 -6 6 9 -9 -10 12 -12 -13 -14 -15
leaf_value=-0.0029229608418551208 -0.10385458091117286 0.03514663606393733 0.045916376860133445 -0.0011679988322566548 -0.0011679988322566548 0.0026502888054091649 -0.0011679988322566548 -0.079721881168798817 0.047994513271566119 0.055452217083720258 0.045114476874017491 0.036007920471929848 -0.0011679988322566548 -0.019422099624178131
leaf_weight=56.466987190566712 3.8010681915449451 0.78246772692918032 8.6636536294609581 323.37962702095064 184.23170760611509 551.13519783812126 5.1371744674438578 2.3110951705872926 5.4227339495099036 13.202863748725575 6.4011416893681599 8.5757508566128973 1.7329592123624014 64.001961181373275
leaf_count=19792 422623 57443 9923 64447 1590859 10636 606 8037 2217 328 245 2252 124 60327
internal_value=3.80296e-06 -0.0801253 0.000302239 0.00176624 -0.00410224 0.0013482 0.00434262 -0.0129691 -0.001168 0.0293161 0.00703427 0.00316139 0.0465294 -0.0116885
internal_weight=1235.25 4.58354 1230.66 923.651 307.012 914.987 586.185 122.78 328.802 26.4741 11.5383 559.711 14.9358 120.469
internal_count=2249859 480066 1769793 90778 1679015 80855 14191 88156 66664 1303 851 12888 452 80119
is_linear=0
shrinkage=0.05


Tree=271
num_leaves=15
num_cat=0
split_feature=3 18 4 1 2 23 1 4 4 17 23 0 4 15
split_gain=14.1753 5.14221 3.64799 2.77848 5.0047 4.68574 5.88983 4.29292 4.45206 4.49865 4.18383 4.18267 3.68697 4.59277
threshold=0.28674250841140753 1.5649534463882449 0.1322467923164368 163.50000000000003 0.6310982108116151 82.500000000000014 199.50000000000003 0.00057461857795715343 0.0049379169940948495 6.6663203239440927 40.500000000000007 0.66865327954292308 0.006534755229949952 inf
decision_type=10 10 10 10 8 10 10 10 10 10 10 8 8 8
left_child=2 -2 3 -1 7 11 -7 -5 9 -9 12 -6 13 -10
right_child=1 -3 -4 4 5 6 -8 8 10 -11 -12 -13 -14 -15
leaf_value=8.0838050539458321e-05 -0.10808479166863671 0.033500393604524607 0.079752606573724127 0.04506378562794592 -0.0646411360050579 -0.059897328552828394 0.13897183376258621 -0.059898111370464836 -0.072329674012291054 0.11116010231177359 -0.056101919469276618 0.038186824363827331 -0.0018210044820373295 0.077308682949951454
leaf_weight=1173.0783843147497 4.0943406444176347 0.76038816595194347 1.4214541752317007 4.1066035219662167 8.9229299631260144 0.72821553087093027 0.7617914753573295 5.5665443080306956 0.61352567029666716 0.41286357771074822 2.9313988716876898 1.1122103159223105 18.094649162147142 3.1226386136400763
leaf_count=1462331 422778 57395 65308 4488 6670 32076 2313 25533 336 203 152124 166 18152 557
internal_value=-0.000639444 -0.0859085 -0.000300377 -0.000393691 -0.0123975 -0.0409598 0.0417779 -0.00295134 -0.00936542 -0.048087 -1.52076e-05 -0.0532446 0.00751601 0.0527362
internal_weight=1225.73 4.85473 1220.87 1219.45 46.3734 11.5251 1.49001 34.8482 30.7416 5.97941 24.7622 10.0351 21.8308 3.73616
internal_count=2250430 480173 1770257 1704949 242618 41225 34389 201393 196905 25736 171169 6836 19045 893
is_linear=0
shrinkage=0.05


Tree=272
num_leaves=15
num_cat=0
split_feature=0 4 26 22 14 16 18 8 8 22 18 17 7 18
split_gain=5.97777 6.31064 3.3917 3.99865 4.22147 8.45928 3.49399 3.05602 5.07969 2.95601 2.76452 2.62652 2.50658 2.36528
threshold=0.485785722732544 0.02303382754325867 0.24404761940240863 0.75472605228424083 1.0000000180025095e-35 2.8029010295867924 0.62939119338989269 148.50000000000003 164.50000000000003 0.68443962931633007 0.094853509217500701 3.9607677459716801 13.287721633911135 0.15003714710474017
decision_type=8 10 10 10 8 10 10 10 8 8 10 8 8 8
left_child=1 -1 3 4 5 -2 10 -5 -9 -8 -7 12 -4 -6
right_child=2 -3 11 7 13 6 9 8 -10 -11 -12 -13 -14 -15
leaf_value=-0.02160093716277639 0.00013418967899689986 -0.099188848067204086 -0.0055047250454550228 0.0024857120292783186 -0.0053685640084877723 0.00013418967899689986 -0.02160093716277639 0.066948876807794697 0.0032697563553170128 0.00013418967899689986 -0.02160093716277639 0.0064794206380950113 0.0652079289433493 0.00013418967899689986
leaf_weight=4.4206954612850593 65.4006994184505 3.2452416298059097 1.8894592909046484 438.11288993355311 202.48436896500507 11.548520872449073 3.426127888745746 4.9498329901252847 8.5261486594172311 14.957703214905914 69.56338477678409 133.95444500541709 3.721747495079974 272.02155307426904
leaf_count=222054 120922 355912 1149 6936 242563 46547 96979 40 104 4658 354088 109087 3815 684562
internal_value=0.000269861 -0.0437459 0.000544064 -0.000394808 -0.00293871 -0.00983047 -0.0192853 0.00320709 0.0266596 0.00013419 -0.0216009 0.00788327 0.0413969 -0.000543744
internal_weight=1238.22 7.66594 1230.56 1090.99 639.402 164.896 99.4957 451.589 13.476 18.3838 81.1119 139.566 5.61121 474.506
internal_count=2249416 577966 1671450 1557399 1550319 623194 502272 7080 144 101637 400635 114051 4964 927125
is_linear=0
shrinkage=0.05


Tree=273
num_leaves=15
num_cat=0
split_feature=3 26 2 13 18 7 18 22 25 18 8 1 18 16
split_gain=16.3771 3.61138 4.1008 4.78407 5.37723 5.82318 4.83446 4.82443 4.85847 4.7574 3.96344 3.87691 6.57438 4.0691
threshold=0.28674250841140753 0.41421568393707281 2.0746576786041264 0.091966174542903914 0.16218794882297519 159.77436065673831 0.081009123474359526 0.66424882411956798 1.5000000000000002 0.081009123474359526 133.50000000000003 1.5000000000000002 0.053508620709180839 2.1383330821990971
decision_type=10 10 8 8 10 10 10 8 8 8 10 10 10 10
left_child=1 2 -1 6 9 7 -4 8 -6 11 -11 13 -13 -5
right_child=-2 -3 3 4 5 -7 -8 -9 -10 10 -12 12 -14 -15
leaf_value=-0.0021928153244324079 -0.10459149402291877 0.010045577339293808 -0.054237218645864962 -0.054080744528575864 -0.020441652393858093 0.077862787760005145 0.026998498515230226 -0.0024121067476360249 -0.080537358996587233 0.020614878173607756 -0.041430599084062061 0.016532215707731824 -0.068512252401416271 0.01647747546427749
leaf_weight=858.26694564584545 3.7344032081914511 87.807938340830788 1.9424379993441707 2.3506443092987714 5.6955541670077316 2.1582762186826576 32.051196692176653 136.02238087546237 4.2592131552581751 68.081832354473732 2.6750371980590151 3.9416126162985687 5.3664743956629195 15.630771483937776
leaf_count=1642195 479226 57289 851 1680 23989 78 10317 3130 13301 10558 1071 156 242 6107
internal_value=-4.3067e-05 0.000275323 -0.000478256 0.00477399 0.00234612 -0.00366572 0.0223566 -0.00487112 -0.0384712 0.0114292 0.0182692 -0.00630552 -0.0324992 0.00725366
internal_weight=1229.98 1226.25 1138.44 280.175 246.182 148.135 33.9936 145.977 9.95477 98.0464 70.7569 27.2895 9.30809 17.9814
internal_count=2250190 1770964 1713675 71480 60312 40498 11168 40420 37290 19814 11629 8185 398 7787
is_linear=0
shrinkage=0.05


Tree=274
num_leaves=15
num_cat=0
split_feature=22 17 26 23 17 17 2 18 18 4 4 2 24 12
split_gain=4.05348 4.30617 4.10478 3.98715 9.25315 3.36761 2.84507 4.46964 11.2667 5.5267 4.37624 4.02663 4.42835 3.91228
threshold=0.449222281575203 4.8242976665496835 0.41421568393707281 511.50000000000006 4.2268071174621591 4.1971738338470468 2.0746576786041264 0.079146184027194991 0.16003441810607913 0.03175738453865052 0.039200365543365485 0.92447018623352062 2.3152083158493046 0.15450928360223773
decision_type=8 10 10 10 8 10 10 10 10 8 10 8 10 8
left_child=1 -1 3 6 5 -5 10 9 -9 -8 11 -2 -13 -10
right_child=2 -3 -4 4 -6 -7 7 8 13 -11 -12 12 -14 -15
leaf_value=-0.074412518123647353 0.0048560649493099373 -0.015410808967987561 0.011200410613797489 0.157821557908811 0.010373464918047123 0.42461142442368649 -0.015410808967987561 0.026928185451617598 0.014125489908827142 0.036239409152374773 -0.015410808967987561 -0.0048778194763082657 0.0055474799286723657 -0.0041409923132681983
leaf_weight=3.8259127559329249 239.34618897677686 5.8985492374963835 88.00167157836745 0.33469571219193694 1.6830413105773301 0.18293230213640754 22.36571280716274 53.904497342155565 39.07279221733306 5.1943473742650204 39.020630343138009 502.01295205206043 127.78920689123333 117.35320669245176
leaf_count=458139 439185 791656 31011 1835 53506 134 458 1406 1107 470 332773 132405 1982 4015
internal_value=0.000540271 -0.0316148 0.000793204 -4.39541e-06 0.0672324 0.252106 -0.000133504 0.00473402 0.0072149 -0.0141994 -0.00140853 -0.000664489 -0.00276249 0.000421692
internal_weight=1245.99 9.72446 1236.26 1148.26 2.20067 0.517628 1146.06 237.891 210.33 27.5601 908.169 869.148 629.802 156.426
internal_count=2250082 1249795 1000287 969276 55475 1969 913801 7456 6528 928 906345 573572 134387 5122
is_linear=0
shrinkage=0.05


Tree=275
num_leaves=15
num_cat=0
split_feature=3 4 9 17 4 8 3 9 24 3 8 8 3 13
split_gain=9.71183 4.39614 3.16302 4.01331 6.56376 4.73251 3.99431 4.19162 4.0763 3.8777 3.62985 5.1243 3.54527 4.94646
threshold=0.23922684788703921 0.019915759563446048 0.40751409530639654 5.2704288959503183 0.0014855265617370608 183.50000000000003 0.19081559777259829 0.093674376606941237 2.0047768354415898 1.0000000180025095e-35 89.500000000000014 152.50000000000003 0.085557550191879286 0.22401433438062671
decision_type=10 10 8 8 8 8 8 10 10 8 10 10 10 8
left_child=2 -2 3 4 6 9 7 8 -1 -6 -4 -12 -5 -14
right_child=1 -3 10 12 5 -7 -8 -9 -10 -11 11 -13 13 -15
leaf_value=-0.11032145543174399 -0.015644768551362168 -0.093828671802902164 0.00018353711795043615 0.0034174293229173171 -0.0081033747391340699 -0.032925035086576848 0.37272402873415017 -0.049038249864767888 -0.73337718429021292 0.031237725975926802 -0.057787491324098619 0.021789928556657245 0.025111570458983729 -0.069863091453261236
leaf_weight=0.064139267018390345 3.3629626190074688 3.8634855138977917 1114.064546306435 37.279105090257907 7.3006304751652742 3.696427463821748 0.05421816782168587 2.9682795604030723 0.044440214289352298 44.092991250223584 6.1144464072096083 3.0232555892215229 2.0745106907607713 4.0422932453031946
leaf_count=149 210583 587755 1214371 14170 156 7014 2721 4797 6 85381 19116 5483 26843 71546
internal_value=0.000349386 -0.0574443 0.000690369 0.00913791 0.0177166 0.021719 -0.0527033 -0.0601999 -0.36533 0.0256492 -7.38868e-05 -0.0314589 -0.00237152 -0.0376525
internal_weight=1232.05 7.22645 1224.82 101.617 58.2211 55.09 3.13108 3.07686 0.108579 51.3936 1123.2 9.1377 43.3959 6.1168
internal_count=2250091 798338 1451753 212783 100224 92551 7673 4952 155 85537 1238970 24599 112559 98389
is_linear=0
shrinkage=0.05


Tree=276
num_leaves=15
num_cat=0
split_feature=0 4 10 17 0 4 2 18 18 1 2 22 17 17
split_gain=3.35839 7.28735 4.15495 3.98072 3.10769 3.50262 2.93536 4.54437 3.68177 2.8463 4.33484 3.71117 3.34205 2.83866
threshold=0.52328681945800792 0.02337703108787537 0.019315313547849659 5.7761018276214608 0.70098999142646801 0.059270083904266364 1.2056722044944765 0.27833382785320288 0.27212752401828771 41.500000000000007 1.5957945585250857 0.65650355815887462 4.6586997509002694 5.6222093105316171
decision_type=8 10 8 8 10 8 8 8 8 8 10 8 8 8
left_child=1 13 3 -2 9 6 7 8 -6 10 12 -12 -4 -1
right_child=2 -3 4 -5 5 -7 -8 -9 -10 -11 11 -13 -14 -15
leaf_value=-0.010726821517558199 0.021944114924105182 -0.079369529522137286 -0.00053136925963237751 -0.010726821517558199 0.022532972137613089 0.030092840817655404 0.00057077797604690613 -0.00053136925963237751 0.094425938217358396 -0.00053136925963237751 -0.010726821517558199 -0.00053136925963237751 -0.010726821517558199 -0.069133955271194522
leaf_weight=12.465449474517765 37.337019450113175 4.3190581484494173 29.906847577551062 10.314827537686346 22.51409415926042 10.922633078491343 490.33125181100144 4.3823483949435902 1.9337973040516221 339.33977591406966 25.239426310709206 111.25094336432161 118.15946910285429 2.2597836657764541
leaf_count=234528 177958 533858 28424 73238 4225 3074 23837 2490 74 954093 17354 3979 89883 103279
internal_value=-0.000475713 -0.0213081 -0.000145547 0.0143231 -0.000743006 0.00207196 0.00148243 0.0169874 0.0282196 -0.0031347 -0.00684531 -0.000531369 -0.0107268 -0.0107268
internal_weight=1220.68 19.0443 1201.63 47.6518 1153.98 530.084 519.161 28.8302 24.4479 623.896 284.557 136.49 148.066 14.7252
internal_count=2250294 871665 1378629 251196 1127433 33700 30626 6789 4299 1093733 139640 21333 118307 337807
is_linear=0
shrinkage=0.05


Tree=277
num_leaves=15
num_cat=0
split_feature=0 10 17 24 27 17 9 8 10 18 18 8 9 9
split_gain=3.73252 3.54905 4.52502 5.5052 4.44434 6.63775 8.43492 4.09025 6.27806 3.62132 3.67641 5.09167 3.58826 5.3224
threshold=0.42216275632381445 0.024393817409873012 4.3241107463836679 2.3152083158493046 1.023424029350281 4.49422311782837 0.17904635518789294 44.500000000000007 0.022467030212283138 0.15219689160585406 0.39538216590881353 79.500000000000014 0.3013297319412232 0.40751409530639654
decision_type=8 8 8 10 8 8 10 8 10 10 8 10 10 8
left_child=-1 2 9 4 5 -4 -7 8 -6 -2 11 -11 -9 -14
right_child=1 -3 3 -5 7 6 -8 12 -10 10 -12 -13 13 -15
leaf_value=-0.096465150212888054 -0.048077986421386436 -0.00060392526864289336 0.051756637775506389 0.027665431800137832 0.048159343791626771 0.037808939002091001 -0.033648691001903028 -0.023543444328889156 -0.048077986421386436 -0.031222829419764293 -0.023223892576747431 0.054948871782920995 0.03294137794780521 -0.026985853755458328
leaf_weight=0.99717859371445206 3.1427204847812993 1106.1796821167293 3.7300511107660017 37.830303424733529 12.197356053216689 5.1445408521990386 20.936055129074081 8.3585657291585829 1.0587910817684498 2.7211074509057047 10.295828377648201 4.6327900548220278 13.110201226271011 5.1646905447651461
leaf_count=239846 4130 1391145 16345 1033 43012 59966 287069 77811 1072 4832 55183 7328 34616 27172
internal_value=0.00023107 0.000309177 0.00818037 0.0123091 0.00397432 -0.0106306 -0.0195533 0.014889 0.0375835 -0.0131717 -0.00393793 0.0230634 0.00359342 0.0160053
internal_weight=1235.5 1234.5 128.323 107.531 69.7003 29.8106 26.0806 39.8896 13.2561 20.7924 17.6497 7.3539 26.6335 18.2749
internal_count=2250560 2010714 619569 548096 547063 363380 347035 183683 44084 71473 67343 12160 139599 61788
is_linear=0
shrinkage=0.05


Tree=278
num_leaves=15
num_cat=0
split_feature=3 3 3 4 3 17 18 26 2 1 24 18 18 4
split_gain=12.6739 3.64375 3.45906 3.37385 3.15026 5.80396 3.05605 2.71998 4.13314 5.54035 4.11063 3.67971 3.80444 4.73148
threshold=0.23922684788703921 0.2305547893047333 0.21813955903053286 0.018595755100250248 0.2139948904514313 4.8402345180511483 1.5649534463882449 0.41421568393707281 2.0746576786041264 1.5000000000000002 2.0047768354415898 0.041128322482109077 0.079146184027194991 0.011534363031387331
decision_type=10 10 10 10 10 8 10 10 8 8 10 10 10 10
left_child=1 2 4 -3 7 -6 -2 -1 -9 10 -10 -11 -13 -14
right_child=6 3 -4 -5 5 -7 -8 8 9 11 -12 12 13 -15
leaf_value=-0.0011063275190291652 -0.083677228325534925 0.085678380411849941 -0.063323897291014092 -0.061737942351966092 0.093867593157513085 -0.065025078002213091 0.009724352862974784 0.017713314774395538 -0.04796769125186981 -0.102926318859849 0.029172697730252911 0.03128177006574847 -0.0045321732193299635 -0.059863731342705041
leaf_weight=1118.4006179220837 5.6688414866336272 2.1276812816284187 2.182939904892236 0.47472647327000306 2.1508354761085462 0.78428795692550357 1.0357934198687777 48.540876789727335 1.9959600703878368 1.2905753806260261 12.814459104515436 3.527651374610687 9.9603172018682802 6.3120075228752617
leaf_count=1203458 713842 19709 103568 49154 11489 23851 83550 36453 49 60 561 117 2625 170
internal_value=-0.000692963 -0.000313277 -0.000440601 0.058787 -0.000326757 0.0514102 -0.0692477 -0.000453004 0.00820003 -0.00466267 0.0187767 -0.0211225 -0.0157905 -0.0259952
internal_weight=1217.27 1210.56 1207.96 2.60241 1205.78 2.93512 6.70463 1202.84 84.4418 35.901 14.8104 21.0906 19.8 16.2723
internal_count=2248656 1451264 1382401 68863 1278833 35340 797392 1243493 40035 3582 610 2972 2912 2795
is_linear=0
shrinkage=0.05


Tree=279
num_leaves=15
num_cat=0
split_feature=3 9 1 3 24 18 26 26 18 16 7 17 16 16
split_gain=9.21982 4.89672 4.29845 4.63161 7.13667 8.76172 7.84712 5.55928 8.28015 5.25345 4.24156 4.19606 3.71495 5.03421
threshold=0.28674250841140753 0.34195309877395635 3.5000000000000004 0.027712970972061161 2.0047768354415898 0.10366512089967729 0.43167701363563543 0.37797619402408605 0.15411572158336642 3.5408543348312382 35.836921691894538 4.9732735157012948 3.9219243526458745 3.5972183942794804
decision_type=10 8 10 10 8 8 8 8 10 8 10 8 10 10
left_child=2 -2 -1 4 5 10 11 12 -9 -8 -4 -7 13 -6
right_child=1 -3 3 -5 7 6 9 8 -10 -11 -12 -13 -14 -15
leaf_value=0.0043031870413354932 0.039281603337115695 -0.10857799344323196 -0.10600476615720261 -0.00016991158895764656 0.008154790198332677 -0.10672939726306668 -0.070255751364324881 0.016950990046076999 -0.060930074526539826 0.026722947726274638 0.037690365481525809 -0.031903946093720166 0.027706160140124555 -0.054209649038890154
leaf_weight=532.86904144772916 0.69608613790781748 2.8630011799608983 4.6666748941062641 605.295085622535 15.495973736251473 2.1627153059396766 1.6354819043121553 5.967703875154255 7.9717181363375857 9.5556557312501127 0.57705002461671018 14.016840102681909 15.824100526122491 4.0899998701315772
leaf_count=825839 227090 252745 711 939644 176 618 243 58 124 764 16 1704 191 55
internal_value=0.000698449 -0.0796596 0.000932852 -0.00168035 -0.0128348 -0.0309834 -0.0196402 -0.000840634 -0.0275879 0.0125504 -0.0901917 -0.0419058 0.0096886 -0.00486833
internal_weight=1223.69 3.55909 1220.13 687.259 81.9639 32.6144 27.3707 49.3495 13.9394 11.1911 5.24372 16.1796 35.4101 19.586
internal_count=2249978 479835 1770143 944304 4660 4056 3329 604 182 1007 727 2322 422 231
is_linear=0
shrinkage=0.05


Tree=280
num_leaves=15
num_cat=0
split_feature=3 16 16 10 15 16 0 10 23 18 3 1 16 16
split_gain=7.76308 3.81634 3.80615 3.40266 5.01802 5.12498 4.67894 4.02308 5.64573 3.57281 3.55354 3.48493 3.64627 6.69162
threshold=0.23374149203300479 4.4829866886138925 4.49422311782837 0.024393817409873012 inf 3.0677825212478642 0.52823826670646679 0.019315313547849659 4.5000000000000009 2.8230428695678715 0.2305547893047333 156.50000000000003 2.2499048709869389 2.6020033359527592
decision_type=10 10 10 8 8 10 10 8 10 10 10 8 8 8
left_child=3 -2 -3 4 5 -1 -6 -7 -9 10 -5 12 -8 -14
right_child=1 2 -4 9 6 7 11 8 -10 -11 -12 -13 13 -15
leaf_value=-0.060352894806271984 -0.080961612964407292 0.16889424413717244 -0.026065778157158621 -4.4747509675906084e-05 -0.036996579202495196 0.014865122213720664 -0.0098234551573526604 -0.0034416975411823594 -0.086020255024615966 -0.046987212770649572 0.08510985497747986 0.043307766830592245 0.054526224729783315 0.010413574531986308
leaf_weight=4.116500035765351 4.3496561498980197 0.29291818150982418 1.7223499181993118 1091.2144326290365 4.1543312624960569 16.771334982151227 5.5383557661709162 8.3326965280308922 2.7538127527322507 4.0518967330469868 1.2265165532878644 11.220460457552745 10.092152311547249 58.02709942393858
leaf_count=9507 550529 2838 288079 1079929 89723 70741 1939 220 2519 13929 15310 83651 1892 39342
internal_value=0.000467215 -0.0546082 0.00227156 0.000755142 0.00871202 -0.00827842 0.0148138 -0.000583475 -0.0239536 -0.000122963 5.08581e-05 0.0173497 0.0133954 0.016949
internal_weight=1223.86 6.36492 2.01527 1217.5 121.007 31.9743 89.0324 27.8578 11.0865 1096.49 1092.44 84.8781 73.6576 68.1193
internal_count=2250148 841446 290917 1408702 299534 82987 216547 73480 2739 1109168 1095239 126824 43173 41234
is_linear=0
shrinkage=0.05


Tree=281
num_leaves=15
num_cat=0
split_feature=16 11 16 0 4 1 15 17 13 24 1 15 1 1
split_gain=4.96259 5.95654 5.88276 5.52015 5.22128 4.4969 4.88781 4.47123 3.5125 4.20821 3.36891 4.56871 4.39113 3.16871
threshold=2.6020033359527592 1.0000000180025095e-35 2.2499048709869389 0.51917681097984325 0.02303382754325867 33.500000000000007 inf 5.6954128742218026 0.97222220897674572 1.7424008250236513 25.500000000000004 1.0000000180025095e-35 239.50000000000003 106.50000000000001
decision_type=8 8 10 8 10 8 8 10 10 8 10 8 8 8
left_child=1 5 8 4 -2 6 -1 13 9 -3 -9 12 -12 -4
right_child=3 2 7 -5 -6 -7 -8 10 -10 -11 11 -13 -14 -15
leaf_value=-0.057028136746564442 -0.018350523121491782 -0.059854443945437624 -0.013328314940444201 -0.00059296307649355461 -0.090889095983733514 0.030334662503134914 0.01110363208836242 0.063034784579328859 0.13127109380282279 -0.012189793237440722 -0.069848339311419913 -0.078811432119912372 0.43749135594597077 0.024735020856283419
leaf_weight=2.776770701146221 7.9106085120172995 6.4585072977558093 15.373044913869457 1074.3091215581301 3.1431528891420122 36.485198058475788 50.637354226233853 5.4205672574858355 0.36213349907848424 16.362177199225961 0.079401345388035338 0.90301890470573443 0.092145243603368954 8.4859570009460761
leaf_count=452 292455 28059 5538 1308237 465067 116147 6358 3789 24 1619 188 1240 18 20788
internal_value=0.000200453 0.00894106 -0.00426244 -0.000954663 -0.0361081 0.016804 0.00756175 0.0102222 -0.0232277 -0.0256794 0.0470018 -0.0338756 0.202666 0.000209713
internal_weight=1228.8 143.436 53.537 1085.36 11.0538 89.8993 53.4141 30.3541 23.1828 22.8207 6.49513 1.07457 0.171547 23.859
internal_count=2249979 184220 61263 2065759 757522 122957 6810 31561 29702 29678 5235 1446 206 26326
is_linear=0
shrinkage=0.05


Tree=282
num_leaves=15
num_cat=0
split_feature=3 18 22 23 1 24 1 1 2 0 1 3 16 27
split_gain=9.32633 4.44428 3.77597 4.21065 4.90167 6.59904 4.15775 7.22015 3.90185 3.51429 3.43591 3.90463 3.15829 3.33075
threshold=0.28674250841140753 1.5649534463882449 0.75472605228424083 2.5000000000000004 1.5000000000000002 1.7424008250236513 125.50000000000001 155.50000000000003 0.65383565425872814 0.70945706963539135 209.50000000000003 0.11868399381637575 4.3630783557891855 10.52445697784424
decision_type=10 10 10 8 10 10 10 10 10 8 8 8 8 8
left_child=2 -2 3 4 12 -6 -5 8 -8 -4 -9 -12 13 -1
right_child=1 -3 9 6 5 -7 7 10 -10 -11 11 -13 -14 -15
leaf_value=-0.0096975503673604885 -0.10668325485045688 0.036418043708399038 0.00098396575673473873 0.00098396575673473873 -0.075357623429601617 -0.0019891090789603259 0.00098396575673473873 0.00098396575673473873 -0.061340522059365049 0.0076279962196772067 -0.054574770373204323 -0.0017341010731886778 -0.06447051857703337 -0.046170078212487475
leaf_weight=22.366069909713975 2.9282800537216414 0.66596190660450227 212.47082329977889 526.9067845558618 3.1588257866245035 102.95756041742784 1.3863217117033002 20.048042492505864 9.8109391165269315 290.11317593359843 6.1111742051594726 8.1700179023099473 4.559144873787857 8.6924281356896227
leaf_count=518 421910 57444 4055 1342987 81 2718 28127 173796 100136 4404 14650 99609 213 232
internal_value=0.000254551 -0.0801686 0.000492118 -0.0018445 -0.0095601 -0.00417311 6.58781e-05 -0.0144728 -0.0493376 0.00381243 -0.00310089 -0.0243456 -0.0256097 -0.0199052
internal_weight=1220.35 3.59424 1216.75 714.167 141.734 106.116 572.433 45.5265 11.1973 502.584 34.3292 14.2812 35.6176 31.0585
internal_count=2250880 479354 1771526 1763067 3762 2799 1759305 416318 128263 8459 288055 114259 963 750
is_linear=0
shrinkage=0.05


Tree=283
num_leaves=15
num_cat=0
split_feature=3 18 8 15 2 12 0 18 18 27 9 23 18 18
split_gain=8.20493 4.15958 2.7041 3.80208 4.3309 3.22321 3.0069 2.78181 5.85814 5.40611 4.71197 4.24373 3.6053 5.65236
threshold=0.28674250841140753 1.5649534463882449 9.5000000000000018 1.0000000180025095e-35 0.83302238583564769 0.19543650746345523 0.67438673973083507 0.21982370316982272 0.49040302634239202 17.409987449646 0.60025635361671459 2.5000000000000004 0.44454208016395574 0.43419210612773901
decision_type=10 10 8 8 8 10 8 10 10 8 10 8 8 10
left_child=2 -2 3 6 -5 -4 -1 10 12 -10 -6 -11 13 -9
right_child=1 -3 5 4 7 -7 -8 8 9 11 -12 -13 -14 -15
leaf_value=-0.090330962976848242 -0.10578601113818656 0.035059366220167053 -0.0012717828881061641 0.049656973632384437 0.045242012339409839 0.027203889348908824 -0.010676655826653768 0.025856201252257401 -0.030194847929422671 0.043997083883730199 -0.0067919076927607557 -0.033185416496289186 0.073036277114444326 -0.057280182070059471
leaf_weight=1.6053272315077567 2.7064024499216459 0.65013547677330841 1084.2005495661383 6.1619214304160881 4.8001811374442331 10.029511765740834 4.5226742240113476 32.336088688401126 11.515490607524368 6.2407251666122674 46.474525900940719 2.49213721291511 3.6219973958451908 2.1824931665305689
leaf_count=5257 422323 57402 1732631 14810 805 9004 561 2037 1876 131 2252 661 243 72
internal_value=-0.000439144 -0.0785053 -0.00022369 0.00683849 0.00886917 -0.00101078 -0.0315434 0.00657733 0.0140399 -0.0076963 -0.00192065 0.0219712 0.0255794 0.0205998
internal_weight=1219.54 3.35654 1216.18 121.954 115.826 1094.23 6.128 109.664 58.3889 20.2484 51.2747 8.73286 38.1406 34.5186
internal_count=2250065 479725 1770340 28705 22887 1741635 5818 8077 5020 2668 3057 792 2352 2109
is_linear=0
shrinkage=0.05


Tree=284
num_leaves=15
num_cat=0
split_feature=3 16 16 24 3 14 15 24 9 22 8 3 24 14
split_gain=7.13815 4.0274 3.46907 5.46434 4.7783 4.74852 8.09369 5.60452 5.27924 5.08847 5.01833 6.72455 4.99804 4.79681
threshold=0.28674250841140753 5.3254430294036874 2.8029010295867924 1.1608766913414004 0.14770290255546573 1.0000000180025095e-35 1.0000000180025095e-35 1.7424008250236513 0.48165585100650793 0.71941202878952037 1.5000000000000002 0.052876651287078864 2.3152083158493046 inf
decision_type=10 10 10 8 8 8 8 8 10 10 8 10 10 8
left_child=2 -2 3 4 -1 6 12 13 -9 -10 -11 -12 -5 -7
right_child=1 -3 -4 5 -6 7 -8 8 9 10 11 -13 -14 -15
leaf_value=0.042752815651934076 -0.10709929244390044 0.035696078766859575 -0.00079666500929441344 -0.076399118825707685 -0.013589381339769649 -0.027807414432404212 0.015716524530335722 0.010747926693072674 -0.059069860004974328 0.061427880641500725 -0.030591922408708134 0.041752601378518855 0.013753355460994097 0.012822235984284275
leaf_weight=16.579199859481133 2.3457677890145923 0.62543825993025759 966.71191138592962 4.0268907403553751 4.8680336743259707 30.791437506074807 90.922100998442815 68.48820242740112 5.6120083341053837 2.5085162378854866 6.9416481806092634 3.5679223209153861 2.4868114952644191 9.5075952410752915
leaf_count=63431 428680 50589 1496455 2159 168543 6690 19645 5944 348 100 118 40 84 7053
internal_value=0.000363408 -0.0770409 0.000553006 0.00585037 0.0299644 0.00355029 0.0118594 -0.00280367 0.00432843 -0.019271 -0.00211398 -0.0172807 -0.0419806 -0.0182218
internal_weight=1215.98 2.97121 1213.01 246.3 21.4472 224.853 97.4358 127.417 87.1183 18.6301 13.0181 10.5096 6.5137 40.299
internal_count=2249879 479269 1770610 274155 231974 42181 21888 20293 6550 606 258 158 2243 13743
is_linear=0
shrinkage=0.05


Tree=285
num_leaves=15
num_cat=0
split_feature=3 9 2 2 2 7 3 4 16 18 22 9 10 18
split_gain=9.24611 4.03703 3.1339 3.4763 5.04824 2.95908 3.06487 4.80616 2.85981 2.77697 2.75658 2.63768 2.52492 2.51085
threshold=0.28674250841140753 0.34195309877395635 -1.0529541373252866 -0.70190778374671925 -0.65312147140502919 8.8692307472229022 0.20120581984519961 0.012600451707839968 3.5972183942794804 0.018532829359173778 0.68443962931633007 0.1253282427787781 0.015384959522634746 2.1804417371749882
decision_type=10 8 8 8 8 10 10 10 8 8 8 8 8 10
left_child=2 -2 -1 -4 8 6 11 -8 10 -7 -5 -6 -13 -11
right_child=1 -3 3 4 5 9 7 -9 -10 13 -12 12 -14 -15
leaf_value=0.047299187243253681 0.03766973190427933 -0.10515576326998242 -0.060679650011536905 0.06987264630906348 -0.15572446388456132 0.069268548127772972 0.0016547384683655072 -0.067560811542997298 -0.064543979413591177 0.003572981042751971 0.22132097028151471 -0.063211704243269981 -0.00085445492193028107 0.039614642526601247
leaf_weight=3.528817666884009 0.59568755838165133 2.9199610381973606 2.347127686353113 1.1335510319586948 0.27541646138806769 1.6498196170392889 3.2387762869211656 4.4030015870447405 0.27673306762378591 274.20830899894696 0.40881628215312549 1.6262881263175577 900.87526015188269 4.9189634961265361
leaf_count=69410 227066 252719 89445 5053 1745 1354 41311 300100 11481 307911 202 18512 912480 11920
internal_value=1.19667e-05 -0.0809556 0.000249397 0.000110502 0.0002301 0.000102998 -0.00128094 -0.0328127 0.0834601 0.00459042 0.110015 -0.00101403 -0.000966821 0.00420813
internal_weight=1202.41 3.51565 1198.89 1195.36 1193.01 1191.2 910.419 7.64178 1.8191 280.777 1.54237 902.777 902.502 279.127
internal_count=2250709 479785 1770924 1701514 1612069 1595333 1274148 341411 16736 321185 5255 932737 930992 319831
is_linear=0
shrinkage=0.05


Tree=286
num_leaves=15
num_cat=0
split_feature=3 23 4 28 3 18 22 18 24 3 3 4 4 16
split_gain=11.9281 4.56708 4.29371 3.81906 8.91581 8.13661 5.17178 4.88784 5.2709 4.61022 5.74253 6.41784 6.27319 4.03721
threshold=0.28674250841140753 11.500000000000002 0.027277052402496341 1.5000000000000002 0.11400011181831361 0.038852104917168624 0.66424882411956798 0.3614740669727326 1.7424008250236513 0.20120581984519961 0.14977487921714785 0.0037864446640014653 0.014115929603576662 2.0126758217811589
decision_type=10 10 8 8 10 8 8 8 10 8 8 8 10 10
left_child=1 3 -3 4 5 -1 -5 9 -9 10 12 -12 -6 -14
right_child=-2 2 -4 6 7 -7 -8 8 -10 -11 11 -13 13 -15
leaf_value=0.05130620958499138 -0.084919971472145542 0.0081273504905426727 -0.0094510398119915535 -0.0144182598404175 0.0033371566801773862 -0.075536694517531547 -3.6985655648891623e-05 0.0056564294636509433 -0.081035176876176229 -0.054236795842900198 -0.084237562777168068 0.034490169457096674 0.08703666306627901 -0.087629460881955681
leaf_weight=1.4800940846335322 4.177038898315458 228.60697026346489 40.963579901140037 67.688738353197635 11.727232484988457 8.671745286499231 817.91029843935098 3.121544017433858 4.0003147522352585 3.2997000468717976 1.2192025682591072 17.135157317160399 0.36630333632729284 3.4161145705426748
leaf_count=144 479678 837176 829240 17550 1931 5054 40786 14419 1009 12144 860 7445 57 2145
internal_value=-0.000572353 -0.000281082 0.00545616 -0.00192633 -0.0147805 -0.0570436 -0.00113619 -0.00509235 -0.0430378 0.00217933 0.0076765 0.0266036 -0.0147221 -0.0707141
internal_weight=1213.78 1209.61 269.571 940.036 54.4374 10.1518 885.599 44.2856 7.12186 37.1637 33.864 18.3544 15.5097 3.78242
internal_count=2249638 1769960 1666416 103544 45208 5198 58336 40010 15428 24582 12438 8305 4133 2202
is_linear=0
shrinkage=0.05


Tree=287
num_leaves=15
num_cat=0
split_feature=0 16 4 23 2 16 14 18 17 2 26 9 17 24
split_gain=6.61649 3.07003 5.39392 6.88406 6.28239 5.19694 4.28499 4.75884 5.87112 4.8884 4.66735 6.45647 4.62327 7.80027
threshold=0.42449575662612921 2.6020033359527592 0.0069046020507812509 28.500000000000004 0.20879558473825457 2.0126758217811589 1.0000000180025095e-35 0.053508620709180839 4.8402345180511483 1.3954468965530398 0.12132352963089944 0.90763464570045482 5.2496488094329843 2.0047768354415898
decision_type=8 8 8 8 8 8 8 8 10 8 8 10 8 10
left_child=-1 2 3 -2 -4 -5 7 9 10 -6 11 -9 -8 -14
right_child=1 -3 4 5 6 -7 12 8 -10 -11 -12 -13 13 -15
leaf_value=-0.096510566398676723 -0.017427099256160011 -0.00052345850114893721 -0.048062194286665798 -0.036665316233237925 0.030404662883714625 0.041758018658786498 -0.010680656791661835 0.054338375381978055 0.070372301907658141 -0.033978281844354537 0.0038836376115105493 -0.048062194286665798 0.036789160300843213 -0.048062194286665798
leaf_weight=1.7643129427824684 35.895402793672794 1079.8293795762438 3.6446628673259691 2.6721776017180736 6.0694830330408465 10.086130690081788 21.93159507101716 13.19981643276641 9.1450204255722216 5.7331222037539167 14.089041689798639 1.0899933645870294 15.89050763230969 2.8235832957754772
leaf_count=248281 2277 1836975 60148 7745 12709 16980 28189 12197 5369 2299 7176 40 9869 118
internal_value=0.000246492 0.000386178 0.00729029 -0.00621437 0.0143088 0.0253326 0.016917 0.0268221 0.035532 -0.000869389 0.0243048 0.044439 0.00489645 0.0231517
internal_weight=1223.86 1222.1 142.271 48.6537 93.6168 12.7583 89.9722 49.3265 37.5239 11.8026 28.3789 14.2898 40.6457 18.7141
internal_count=2250372 2002091 165116 27002 138114 24725 77966 39790 24782 15008 19413 12237 38176 9987
is_linear=0
shrinkage=0.05


Tree=288
num_leaves=15
num_cat=0
split_feature=10 15 17 17 0 22 26 14 9 18 24 13 1 9
split_gain=2.82919 5.79735 5.53151 5.39901 4.7627 4.589 5.73162 5.4245 3.77386 3.72671 3.68132 6.74901 3.96688 4.32725
threshold=0.024393817409873012 inf 6.0461888313293466 4.4716224670410165 0.52823826670646679 0.56571912765502941 0.12771739065647128 1.0000000180025095e-35 0.37819468975067144 0.041128322482109077 1.8478996753692629 0.089898992329835906 18.500000000000004 0.17904635518789294
decision_type=8 8 10 10 10 8 8 10 8 8 10 10 10 10
left_child=1 3 4 -1 8 6 7 -2 -3 -6 11 12 -5 -14
right_child=5 2 -4 10 9 -7 -8 -9 -10 -11 -12 -13 13 -15
leaf_value=-0.079981253222242352 -0.060883753149032764 -0.005631054803752894 -0.049163798059324776 -0.084017196849140177 0.060926927322041406 0.00015319343660628347 -0.0082396824627505687 -0.0085342041505876501 -0.077995870473525852 0.016354048707935224 0.011034711303204728 0.034149430948396682 0.074123908375976363 -0.041890150096549783
leaf_weight=2.6163675722821891 11.139877205825638 2.8056688949005126 3.3669520363689278 4.1483454856401547 4.9853698484241038 1052.8545958185016 22.311568271014391 8.9036224435307361 2.4053508493010227 79.009676646907408 15.881020895281345 3.4460431025622809 1.0200118452852356 3.7913205899769071
leaf_count=16899 460231 265535 33340 169898 2931 335854 369734 267830 150709 138465 438 22274 2088 12641
internal_value=0.000312944 0.00748779 0.0137475 -0.0112636 0.016122 -0.000495962 -0.0166326 -0.0376293 -0.0302617 0.0189996 -0.00490764 -0.025316 -0.0481875 -0.0172949
internal_weight=1218.69 123.476 92.573 30.9031 89.2061 1095.21 42.3551 20.0435 5.21102 83.995 28.2867 12.4057 8.95968 4.81133
internal_count=2248867 815218 590980 224238 557640 1433649 1097795 728061 416244 141396 207339 206901 184627 14729
is_linear=0
shrinkage=0.05


Tree=289
num_leaves=15
num_cat=0
split_feature=3 8 8 9 9 8 8 12 12 1 16 10 22 7
split_gain=10.3627 3.54589 3.93475 3.77528 4.52003 3.82286 4.16126 3.66257 3.6179 3.5869 5.70133 4.76947 4.25608 10.0475
threshold=0.27224054932594305 119.50000000000001 110.50000000000001 0.39418171346187597 0.37819468975067144 151.50000000000003 184.50000000000003 0.018693221732974056 0.053101504221558578 154.50000000000003 2.2499048709869389 0.010989159345626833 0.69894883036613475 16.881388664245609
decision_type=10 8 10 10 10 10 8 8 8 8 8 8 8 8
left_child=1 2 9 4 -3 -5 8 -4 -7 12 -11 -12 13 -1
right_child=-2 3 7 5 -6 6 -8 -9 -10 10 11 -13 -14 -15
leaf_value=-0.052554368497981445 -0.077938381488932396 -0.0011565325947175055 -0.068766709024190187 -0.080116946956694718 0.061478168394715177 -0.097396788289263653 -0.092790184814651525 0.051033291731397201 0.041948186966119586 0.078453248541884527 -0.062909612080473382 0.019777289541860879 0.0059718267414225991 -0.0021493290455106766
leaf_weight=11.237773125374963 4.2610224176623879 943.40517264831078 0.70092635451900787 3.0136598848176019 2.8892102442264322 0.55540648906011059 1.0857926786740897 7.1050830399458 2.8877661216595634 3.8338769421146655 1.9241027299968712 18.627302291456004 179.18429390162464 40.809961079022834
leaf_count=13372 566042 1372162 3694 12233 4326 1503 1591 15967 6128 7404 142392 68102 5684 29418
internal_value=-0.000100429 0.000172043 0.00530716 -0.00124614 -0.000965297 -0.0364799 -0.00744302 0.0402761 0.0194709 0.00423929 0.022478 0.0120358 0.00231586 -0.0102705
internal_weight=1221.52 1217.26 263.423 953.837 946.294 7.54263 4.52897 7.80601 3.44317 255.617 24.3853 20.5514 231.232 52.0477
internal_count=2250018 1683976 286033 1397943 1376488 21455 9222 19661 7631 266372 217898 210494 48474 42790
is_linear=0
shrinkage=0.05


Tree=290
num_leaves=15
num_cat=0
split_feature=3 9 2 4 17 17 23 16 17 16 2 24 3 3
split_gain=9.07925 3.70622 2.88333 7.80839 4.13248 5.15749 5.82992 5.37938 6.33998 5.1534 4.89851 5.35203 3.70293 5.88691
threshold=0.28674250841140753 0.34195309877395635 -0.013157023116946219 0.02337703108787537 4.0859410762786874 5.1561734676361093 2.5000000000000004 4.8789997100830087 5.7698810100555429 2.9700856208801274 -1.6996257901191709 2.3152083158493046 0.20021903514862063 0.19837310910224917
decision_type=10 8 8 8 10 8 8 10 10 10 10 8 10 10
left_child=2 -2 3 4 -1 6 -6 9 -9 -7 -11 -12 13 -4
right_child=1 -3 12 -5 5 7 -8 8 -10 10 11 -13 -14 -15
leaf_value=-0.062108114162723743 0.034915647431518169 -0.10117283376424797 -0.0004523945274726116 -0.059472094721310022 -0.10479122593183916 0.029532880485701848 0.051070656681415284 -0.074777513032409967 0.074811957549488176 0.096946581496872575 -0.059182132881515415 0.053271763580401282 -0.066404526156118623 0.12524745183057842
leaf_weight=1.475068525665242 0.59810598093914924 3.0593456179383649 1169.2199064999929 3.3864741255513158 0.62506298493828438 5.3659308196261071 14.939416221980581 0.84800670974536263 4.2998273906570956 0.67916498011687032 7.1915829922086507 1.2405781407251772 2.1256794464152327 0.93218952153688306
leaf_count=27465 226601 253078 999277 213489 28 16325 100620 19527 20131 2346 86321 2904 270883 10834
internal_value=-0.000258624 -0.0789182 -2.13172e-05 0.0131708 0.0198804 0.0233171 0.0448113 0.00627031 0.05017 -0.00933957 -0.0322327 -0.0426374 -0.000472029 -0.000352257
internal_weight=1215.99 3.65745 1212.33 40.0511 36.6646 35.1896 15.5645 19.6251 5.14783 14.4773 9.11133 8.43216 1172.28 1170.15
internal_count=2249829 479679 1770150 489156 275667 248202 100648 147554 39658 107896 91571 89225 1280994 1010111
is_linear=0
shrinkage=0.05


Tree=291
num_leaves=15
num_cat=0
split_feature=3 16 8 27 9 23 24 4 26 4 22 3 0 1
split_gain=10.201 3.72439 3.32613 3.52487 3.01449 3.31047 4.14661 8.38168 4.92936 4.78135 3.43257 4.71482 11.9766 4.90704
threshold=0.28674250841140753 5.3254430294036874 1.5000000000000002 0.82949084043502819 0.62354162335395824 14.500000000000002 1.5026199221611025 0.0060120224952697763 0.96153846383094799 0.0017418265342712405 0.75472605228424083 0.083797037601470961 0.63785234093666088 123.50000000000001
decision_type=10 10 8 8 8 10 8 8 10 8 8 10 8 8
left_child=2 -2 3 -1 -4 6 7 9 -9 -6 11 12 -7 -13
right_child=1 -3 4 -5 5 10 -8 8 -10 -11 -12 13 -14 -15
leaf_value=-0.0072519662913449415 -0.09914339626611117 0.041306261744178036 0.005871362456637004 0.026536807574415608 -0.083179667545089472 -0.067199538749312462 -0.002096846425247175 -0.065776252762701146 0.089422846408086953 0.021947890540886316 0.050979413532882802 0.025766510380945906 0.00058503306135871313 0.0029053847597730904
leaf_weight=11.472481801190787 3.4355163720052042 0.54719294844308874 176.77631589361093 23.589270036984487 1.2445169668481035 7.0203969253908269 775.6824883897433 9.4622233482174494 0.54087045404730894 8.2609044174184305 3.8917270141423606 36.530149737374074 90.784600035340745 65.668872550964906
leaf_count=1779 428854 50583 443756 1964 318 39544 85813 4347 24 610 194 340959 103961 746667
internal_value=4.26108e-05 -0.0798467 0.000305365 0.0154809 -0.000147136 -0.00121204 -0.00266945 -0.0254367 -0.0573846 0.00818385 0.00447185 0.00356689 -0.00428051 0.0110769
internal_weight=1214.91 3.98271 1210.92 35.0618 1175.86 999.087 795.191 19.5085 10.0031 9.50542 203.896 200.004 97.805 102.199
internal_count=2249373 479437 1769936 3743 1766193 1322437 91112 5299 4371 928 1231325 1231131 143505 1087626
is_linear=0
shrinkage=0.05


Tree=292
num_leaves=15
num_cat=0
split_feature=3 23 1 0 23 2 18 9 1 9 17 9 7 18
split_gain=3.04797 3.50519 4.62761 4.65739 3.99502 3.15666 3.11422 4.82699 6.86086 5.21151 6.69555 4.69803 3.9505 3.83485
threshold=0.28674250841140753 511.50000000000006 12.500000000000002 0.53112253546714794 526.50000000000011 -1.0529541373252866 0.16218794882297519 0.58095720410346996 52.500000000000007 0.3605183362960816 4.2972624301910409 0.35120354592800146 19.322092056274418 0.16674263030290606
decision_type=10 10 10 10 10 8 8 8 10 10 10 8 8 8
left_child=1 5 3 -3 -4 -1 7 8 9 11 -11 -7 -9 -8
right_child=-2 2 4 -5 -6 6 13 12 -10 10 -12 -13 -14 -15
leaf_value=0.047776785647412667 -0.056520650204913286 -0.054181648112445482 0.18086783197504488 0.069110643325546867 -0.050703459968611378 0.0080729150077012025 -0.025309997667211172 -0.039906731123191555 -0.056095337091560539 -0.046025814834044255 0.040880142042854839 -0.094045620386331075 0.0021812262288691511 -0.0011920431480648625
leaf_weight=3.5314978981765406 2.3231064042411154 0.88221295579706449 0.20473889893702191 5.8131733807310422 2.062083777146408 20.538768697458021 16.901745867106253 5.6440993921306957 3.0241867136655136 2.3983384780590269 29.198472694650611 1.1916255428177738 458.05893536048848 663.54396072583495
leaf_count=14817 479788 251127 5742 110069 345755 13266 11048 546 8290 477 7257 475 315487 686081
internal_value=0.00069639 0.000805971 0.0319596 0.0528651 -0.029788 0.00057408 0.000435224 0.00334819 0.0171664 0.0213211 0.0342836 0.00247306 0.00166894 -0.00179111
internal_weight=1215.32 1212.99 8.96221 6.69539 2.26682 1204.03 1200.5 520.054 56.3514 53.3272 31.5968 21.7304 463.703 680.446
internal_count=2250225 1770437 712693 361196 351497 1057744 1042927 345798 29765 21475 7734 13741 316033 697129
is_linear=0
shrinkage=0.05


Tree=293
num_leaves=15
num_cat=0
split_feature=3 9 2 23 26 4 0 4 18 24 27 3 2 0
split_gain=5.63294 3.42231 3.11696 2.87613 3.99208 5.30523 3.29568 2.69326 2.61343 4.04931 4.08283 5.50189 3.95618 4.31573
threshold=0.28674250841140753 0.34195309877395635 -1.0529541373252866 511.50000000000006 0.19523809850215915 0.018595755100250248 0.73891928791999828 0.0039499104022979745 0.041128322482109077 1.1943128705024721 6.2184429168701181 0.027712970972061161 -0.45009550452232355 0.59956270456314098
decision_type=10 8 8 10 8 8 10 10 8 10 8 10 10 8
left_child=2 -2 -1 8 6 7 -5 -6 9 -4 12 -12 -11 -14
right_child=1 -3 3 4 5 -7 -8 -9 -10 10 11 -13 13 -15
leaf_value=0.045620679155826557 0.040306504502425775 -0.10066345411514264 0.035902682328737806 -0.051091394521559412 -0.051597524958355769 -0.058729354493393518 0.060662363627563713 0.08578921781968854 -0.00056763355257991737 0.044654843146855486 -0.049428627237022363 0.038750097243366116 -0.082562116656382856 -0.0088133915799877404
leaf_weight=3.7785862670200561 0.53896161810094478 2.1400270792387737 12.359322178658799 2.1535937956048685 0.3883711252943981 0.88468997301612518 0.95106649996348824 4.3772499219823304 1142.7759786420365 3.0468654279433336 2.0908023701849698 11.492822183738541 2.2006894004687068 20.123042712038057
leaf_count=69359 226630 252632 35655 449984 27813 118576 255 61103 1000136 582 135 1099 3134 1978
internal_value=0.000119027 -0.072303 0.000279821 0.000137389 0.0286909 0.0537182 -0.0168573 0.074593 -7.19638e-05 0.0109668 0.00305523 0.0251776 -0.00878925 -0.0160836
internal_weight=1209.3 2.67899 1206.62 1202.84 8.75497 5.65031 3.10466 4.76562 1194.09 51.3135 38.9542 13.5836 25.3706 22.3237
internal_count=2249071 479262 1769809 1700450 657731 207492 450239 88916 1042719 42583 6928 1234 5694 5112
is_linear=0
shrinkage=0.05


Tree=294
num_leaves=15
num_cat=0
split_feature=23 22 2 10 24 9 27 2 27 18 28 10 26 8
split_gain=3.05025 4.67377 4.57041 6.8625 5.77146 4.20281 3.64914 5.97535 4.3989 3.90695 3.88073 3.60539 3.64933 3.54613
threshold=11.500000000000002 0.68443962931633007 1.3954468965530398 0.024393817409873012 1.7424008250236513 0.49875752627849584 4.1806299686431894 1.0131042599678042 3.4206029176712041 0.20305540412664416 1.5000000000000002 0.030047404579818252 0.44722221791744238 3.5000000000000004
decision_type=8 8 10 10 8 10 10 8 10 10 10 10 8 8
left_child=1 2 3 -1 5 -4 8 10 13 -9 -8 -3 -13 -2
right_child=6 11 4 -5 -6 -7 7 9 -10 -11 -12 12 -14 -15
leaf_value=-0.0054228058394246176 0.033202179936370722 -0.0012595264562448884 -0.076294767608382039 -0.087353361134791363 -0.014771819831366063 -0.0054228058394246176 -0.054170343164172532 -0.018909830793857024 -0.070946189432117127 0.028974098595600708 0.065112266538442889 0.00085851841561766632 0.022957164391238665 0.0020923794182147733
leaf_weight=61.473610818945609 9.4358630029511499 664.12630141455816 7.1221980335418973 2.7166304419445231 45.49490904006624 1.6769975404333761 0.74388057829294929 8.6526431298669753 2.0237114042329258 8.3909421761338745 8.1791650341280562 44.198090506435506 32.36017768740669 313.44741460522641
leaf_count=19576 9713 18729 1386 368 5440 119 66644 4410 24317 7511 30085 1364 901 2059736
internal_value=5.4179e-05 -0.00155007 -0.0107705 -0.00542281 -0.0219411 -0.0590089 0.00398245 0.0220193 0.00254093 0.00466451 0.0551681 -7.51222e-05 0.0101993 0.00300152
internal_weight=1210.04 859.169 118.484 64.1902 54.2941 8.7992 350.874 25.9666 324.907 17.0436 8.92305 740.685 76.5583 322.883
internal_count=2250299 47883 26889 19944 6945 1505 2202416 108650 2093766 11921 96729 20994 2265 2069449
is_linear=0
shrinkage=0.05


Tree=295
num_leaves=15
num_cat=0
split_feature=3 16 14 10 18 1 2 2 12 3 8 27 8 3
split_gain=8.04654 3.44623 5.6038 6.24069 5.52026 4.82523 6.84066 3.848 5.25432 4.66316 3.65755 3.64499 3.56868 3.55051
threshold=0.28674250841140753 2.5249279737472539 1.0000000180025095e-35 0.011363820172846319 0.031587261706590659 78.500000000000014 0.62558555603027355 0.16911091655492785 0.32843138277530676 0.083797037601470961 137.50000000000003 2.8625483512878422 17.500000000000004 0.073208153247833266
decision_type=10 8 8 8 8 10 8 8 10 10 8 10 10 10
left_child=1 2 7 -4 -3 10 -7 8 -1 13 -5 -12 -11 -9
right_child=-2 4 3 5 -6 6 -8 9 -10 12 11 -13 -14 -15
leaf_value=-0.069063261243280674 -0.096461452825917934 -0.05913529132163281 0.082294546199361968 -0.024812894891442533 -0.00068725421539470824 0.017040089641183403 -0.087251043287612712 0.014628117858490134 0.11713754487358843 0.047815786116619824 0.00084816940465523908 0.046414692645416394 -0.032709955800938745 -0.059178690787315996
leaf_weight=2.342647827965207 2.1656722237855766 4.0550227247925736 2.0843222811938276 12.199911317125332 1076.1865738996228 2.5967011034497309 3.9857286721685483 39.239966107288971 0.4519695651772081 17.5607267107859 36.452636725870548 4.9895092370410117 1.4928365557036709 1.7000327817616128
leaf_count=28083 480139 7496 6214 1911 1635724 8840 11778 4999 10 29924 28518 959 4618 1001
internal_value=-0.000169857 3.15288e-06 0.00785957 -0.00276354 -0.000906657 -0.00570734 -0.0461093 0.0184016 -0.0389493 0.0210731 -0.000749609 0.00633424 0.0415066 0.0115633
internal_weight=1207.5 1205.34 125.097 62.3088 1080.24 60.2245 6.58243 62.7882 2.79462 59.9936 53.6421 41.4421 19.0536 40.94
internal_count=2250214 1770075 126855 58220 1643220 52006 20618 68635 28093 40542 31388 29477 34542 6000
is_linear=0
shrinkage=0.05


Tree=296
num_leaves=15
num_cat=0
split_feature=10 17 18 4 17 14 4 13 10 17 23 22 16 27
split_gain=2.62709 3.83962 4.47849 4.11479 3.82543 3.42431 6.29685 4.73622 6.57512 4.40285 4.13565 3.25502 5.245 3.21377
threshold=0.018912463448941711 5.708768606185914 2.1804417371749882 0.002250522375106812 6.6133832931518564 inf 0.015565723180770876 0.020620748400688175 0.015625476837158207 4.6681339740753183 2.5000000000000004 0.56754872202873241 2.9700856208801274 3.2130168676376347
decision_type=8 8 10 8 8 8 8 8 10 8 8 8 10 8
left_child=1 5 3 -3 -5 7 -7 -1 -9 10 -10 12 -2 -14
right_child=11 2 -4 4 -6 6 -8 8 9 -11 -12 -13 13 -15
leaf_value=0.049719750817844133 -0.0069580414629521505 0.032592379349356541 0.097864907248176286 -0.070115365585927333 0.004673541437327438 0.065986784215899957 -0.055657345513516657 -0.036656814520698904 0.031964064744780939 0.036468256055146996 -0.079456659805240748 3.1083955788439971e-05 -0.051072272496418672 -0.013175922297436886
leaf_weight=6.1469610231378722 20.834469929330627 2.4001009977814882 0.81299317451161002 4.6783203962384388 2.6946156572156825 7.0288581730348527 1.2535882374399427 7.8262192798595391 1.5168747392453963 10.570993715827948 1.8467638869757741 1116.0341208099221 11.740091291476276 10.687284894194956
leaf_count=68755 242691 17286 805 168321 32662 30530 97167 365468 22 9502 4285 334247 624400 254051
internal_value=-2.18019e-05 0.0115955 -0.0148913 -0.0242712 -0.042782 0.0193432 0.0475754 0.0109645 1.69676e-05 0.0206144 -0.0292101 -0.000490547 -0.0139472 -0.0330136
internal_weight=1206.07 46.7763 10.586 9.77304 7.37294 36.1903 8.28245 27.9078 21.7609 13.9346 3.36364 1159.3 43.2618 22.4274
internal_count=2250192 794803 219074 218269 200983 575729 127697 448032 379277 13809 4307 1455389 1121142 878451
is_linear=0
shrinkage=0.05


Tree=297
num_leaves=15
num_cat=0
split_feature=3 3 21 23 2 24 16 8 3 4 24 18 15 18
split_gain=4.47185 3.16578 2.85531 2.74755 4.57546 5.47348 4.44617 6.26984 5.41238 17.2398 8.25062 5.0188 5.33629 4.4666
threshold=0.28674250841140753 0.29984411597251898 1.5000000000000002 11.500000000000002 1.329852879047394 1.4647108316421511 4.2413008213043222 191.50000000000003 0.075504183769226088 0.012600451707839968 1.6618920564651491 0.23534186184406283 1.0000000180025095e-35 0.49684514105319982
decision_type=10 10 10 10 8 8 8 10 10 10 8 10 8 8
left_child=2 -2 3 4 5 -1 8 -8 9 10 -7 12 -12 -10
right_child=1 -3 -4 -5 -6 6 7 -9 13 -11 11 -13 -14 -15
leaf_value=-0.073531048790842796 -0.098770855206003594 0.037928461932695563 -0.050320627020509726 0.0049676623476084631 0.0017422917900376889 -0.066676476335588736 -0.017013939937388655 0.078920219083552345 0.004917376145089635 -0.062081764436663467 -0.074496885430120438 -0.030200980332535134 0.015837940700032121 -0.058836908794219815
leaf_weight=2.9441862987514593 1.8633621000986789 0.54811859518749306 2.7623277780737672 274.83787479859984 626.36402440981885 4.3231141006365608 80.478761517634354 1.7399601337602622 153.06562532994124 14.23031971427781 1.7029734830807683 8.3375367243381771 40.847435209197101 2.7974605474358318
leaf_count=1005 69888 409950 4796 1662432 21614 254 28910 156 44017 542 214 646 1074 4809
internal_value=0.000320983 -0.0676997 0.00045605 0.000571809 -0.0007178 -0.005681 -0.00503142 -0.0149837 -0.00139959 -0.0130099 -0.000361862 0.0052718 0.0122225 0.0037731
internal_weight=1216.84 2.41148 1214.43 1211.67 936.831 310.467 307.523 82.2187 225.304 69.4414 55.2111 50.8879 42.5504 155.863
internal_count=2250307 479838 1770469 1765673 103241 81627 80622 29066 51556 2730 2188 1934 1288 48826
is_linear=0
shrinkage=0.05


Tree=298
num_leaves=15
num_cat=0
split_feature=3 18 1 4 1 2 3 18 1 9 4 2 24 4
split_gain=7.54396 3.07431 5.4351 4.46295 4.60982 3.51866 4.47621 4.33429 3.88452 4.38221 3.33892 3.31335 2.9647 3.86238
threshold=0.23922684788703921 0.041128322482109077 13.500000000000002 0.00037497282028198248 6.5000000000000009 1.1846840977668764 0.077592134475708022 0.034103024750947959 18.500000000000004 0.6957170069217683 0.0030041337013244633 -0.65312147140502919 1.2133302688598635 0.026417344808578495
decision_type=10 8 8 8 10 8 8 10 10 10 8 8 10 10
left_child=1 2 3 -1 10 6 -4 8 9 -7 -5 -3 -8 -14
right_child=-2 11 5 4 -6 7 12 -9 -10 -11 -12 -13 13 -15
leaf_value=0.11594857076118069 -0.064968566202596778 0.034690473800294795 -0.05873720710711712 -0.10271103726661297 -0.084129394214465011 -0.088272809237674721 0.036839269373374749 0.062451094814372998 0.037138607877230029 0.054723586679703153 0.0022945186148738512 -0.0011142775164505899 0.009841462543441426 -0.074675586791283416
leaf_weight=0.58852417019131387 4.5381858721516428 6.4977059079895163 2.2468737408720174 0.83810931708398761 2.5686109999162321 1.6375428615173864 9.311253425252545 8.6641105864364594 4.4305606701064217 0.79631631932699054 7.8268180075082237 1155.9753092374403 11.465192793849438 1.5324652319402545
leaf_count=14 797717 58210 1639 42 720 2181 37989 1446 1068 27 533 1344308 2137 2193
internal_value=-0.000623007 -0.000382545 0.0115229 -0.0182694 -0.025301 0.0203096 0.0085292 0.0389383 0.00926103 -0.0414869 -0.00786207 -0.000914145 0.015304 -0.000123366
internal_weight=1218.92 1214.38 51.9064 11.8221 11.2335 40.0843 24.5558 15.5285 6.86442 2.43386 8.66493 1162.47 22.3089 12.9977
internal_count=2250224 1452507 49989 1309 1295 48680 43958 4722 3276 2208 575 1402518 42319 4330
is_linear=0
shrinkage=0.05


Tree=299
num_leaves=15
num_cat=0
split_feature=3 9 9 7 3 9 2 26 2 23 9 9 22 23
split_gain=6.0786 3.31753 3.06828 3.44594 4.9624 3.17239 2.91736 2.72373 4.4671 5.14295 4.03272 5.9472 3.98347 7.27516
threshold=0.28674250841140753 0.34195309877395635 0.17748580873012546 13.287721633911135 1.0000000180025095e-35 0.089157357811927809 -1.0529541373252866 0.093073595315217986 -0.54292175173759449 511.50000000000006 0.1914731562137604 0.19473934173583987 0.56571912765502941 92.500000000000014
decision_type=10 8 8 8 8 8 8 8 8 10 8 8 8 10
left_child=2 -2 3 -1 -5 -6 -4 10 -9 -10 -8 -12 -13 -14
right_child=1 -3 6 4 5 -7 7 8 9 -11 11 12 13 -15
leaf_value=-0.09001043266488902 0.041284534951380833 -0.099411926863216205 0.043810296995905336 0.084947640123344867 0.13654716490507282 -0.049989898260316516 0.056710303736285717 -0.065951817043479397 0.0024991032983435867 0.052451480264936158 -0.1745482443715444 -0.023841235031933583 -0.0021880396115493504 0.043139296572474395
leaf_weight=1.9550001185462766 0.51258743728046463 2.2941523837862201 3.8109787311990537 1.0434531184255318 0.23671092829970461 3.0272690211745408 2.8999923650291719 2.3598289159631762 518.20887337747263 5.2045157903420423 0.50120851966868118 20.697673054794734 635.59750005761089 8.9774524592335165
leaf_count=23239 226824 253018 65056 18 2662 31921 8975 53073 336141 190193 2321 836716 163100 57307
internal_value=-0.000220624 -0.0737169 -4.93647e-05 -0.0349565 -0.00996936 -0.0403131 0.00013307 -6.2859e-06 0.00268634 0.0029958 -0.00212348 -0.00237975 -0.00225004 -0.00155673
internal_weight=1207.33 2.80674 1204.52 6.26243 4.30743 3.26398 1198.26 1194.45 525.773 523.413 668.674 665.774 665.273 644.575
internal_count=2250564 479842 1770722 57840 34601 34583 1712882 1647826 579407 526334 1068419 1059444 1057123 220407
is_linear=0
shrinkage=0.05


Tree=300
num_leaves=15
num_cat=0
split_feature=3 2 10 13 3 12 13 16 2 8 16 12 22 16
split_gain=5.7868 3.15975 2.59996 2.54241 4.23636 4.51985 5.5106 4.32717 5.01819 4.23752 4.13264 5.38245 5.09625 4.0495
threshold=0.27224054932594305 -1.1629297733306883 0.0070947809144854554 0.00089900111197493981 0.18224030733108523 0.063164893537759795 0.13714733719825747 4.2413008213043222 0.85353830456733715 173.50000000000003 3.65057384967804 0.046536797657608993 0.66424882411956798 3.1984648704528813
decision_type=10 8 8 10 10 8 10 10 8 10 8 8 10 10
left_child=1 -1 -2 -3 5 7 13 10 -9 -8 11 -5 -12 -7
right_child=2 3 -4 4 -6 6 9 8 -10 -11 12 -13 -14 -15
leaf_value=0.053402886844514746 0.028575283087200365 -1.3734338728608833e-05 -0.092502390587710495 -0.073322082773528363 0.055574596108355662 -0.098113295109997528 0.0056612411473349654 0.046557131089604971 -0.032429776966197553 -0.19050178176717461 -0.063485975614643878 0.028092869566002265 0.057068706883262335 -0.018602060212267294
leaf_weight=2.8602700539036734 0.5460165654647503 1073.3452887422961 2.3588097651306188 1.7445316180613342 4.4045056688906064 1.881135843464748 82.52742847829235 2.9898021004343804 6.1411884811591433 0.27622880565659969 0.93595580804226841 5.232421847437446 13.833472970378123 10.766259425434438
leaf_count=34912 239243 1516623 327155 2070 52550 1159 43471 7700 5632 833 5986 2571 493 9911
internal_value=0.000743151 0.000912796 -0.0697436 0.000788107 0.00737139 0.00569076 0.000311642 0.0223192 -0.00656673 0.00500685 0.034448 0.00273487 0.049429 -0.0304283
internal_weight=1209.84 1206.94 2.90483 1204.08 130.733 126.328 95.4511 30.8774 9.13099 82.8037 21.7464 6.97695 14.7694 12.6474
internal_count=2250309 1683911 566398 1648999 132376 79826 55374 24452 13332 44304 11120 4641 6479 11070
is_linear=0
shrinkage=0.05


Tree=301
num_leaves=15
num_cat=0
split_feature=3 2 2 2 18 22 26 16 22 21 26 2 16 16
split_gain=5.65361 3.52828 4.32962 4.54431 2.92961 2.91681 2.83615 2.60085 2.46003 2.41919 2.28709 3.46176 4.41347 3.57011
threshold=0.28674250841140753 -1.0529541373252866 -0.70190778374671925 -0.65312147140502919 1.5649534463882449 0.68443962931633007 0.19523809850215915 3.5972183942794804 0.68443962931633007 1.5000000000000002 0.45993590354919439 2.0746576786041264 3.5408543348312382 4.49422311782837
decision_type=10 8 8 8 10 10 10 8 10 10 10 8 8 10
left_child=1 5 -3 7 -2 6 -1 8 -4 10 -5 13 -13 -12
right_child=4 2 3 9 -6 -7 -8 -9 -10 -11 11 12 -14 -15
leaf_value=-0.053391818376966382 -0.10091100317126188 -0.068127646407515702 0.070312149128441873 -0.00085474591569699725 0.039623027832041205 0.083655773530439625 0.04188703318614842 -0.069648229493997918 0.28453213709888309 -0.048255957399257851 0.021148670647803437 0.012152062800014192 -0.024807704705593264 -0.020577532571450733
leaf_weight=1.150788713209365 2.0476357381132613 2.3521930429842084 2.1895726418191486 1117.6371073375969 0.45285471365675789 2.2870970196026974 0.77314226002403463 0.31497524518064146 0.14275450910645293 2.6317212131862098 43.246364630337112 17.575802565267598 14.945768690550027 5.8156662449213377
leaf_count=59669 422565 89355 5237 1543849 57352 88 9470 11407 18 4117 28655 949 2368 14569
internal_value=-0.000353746 -0.000198675 -0.000358092 -0.000225749 -0.0754594 0.0454892 0.000118293 0.0652114 0.0834239 -0.000369886 -0.000264799 0.00781705 -0.00483334 0.0162026
internal_weight=1213.56 1211.06 1206.85 1204.5 2.50049 4.21103 1.92393 2.6473 2.33233 1201.85 1199.22 81.5836 32.5216 49.062
internal_count=2249668 1769751 1700524 1611169 479917 69227 69139 16662 5255 1594507 1590390 46541 3317 43224
is_linear=0
shrinkage=0.05


Tree=302
num_leaves=15
num_cat=0
split_feature=3 9 9 28 16 11 3 16 16 13 3 18 18 3
split_gain=7.17369 3.35455 5.75334 4.16043 3.34685 4.53979 6.11886 4.17634 5.55815 5.15154 4.21587 6.70831 8.84905 5.09331
threshold=0.28674250841140753 0.29814319312572485 0.33668793737888342 2.5000000000000004 5.1619205474853525 0.2264957278966904 0.027712970972061161 4.863673448562623 4.8242976665496835 0.44949495792388922 0.085557550191879286 0.49684514105319982 0.31821610033512121 0.13090059161186221
decision_type=10 10 8 10 10 8 8 10 10 8 10 10 10 10
left_child=1 4 3 -3 7 6 -6 8 10 -10 -1 12 -12 -14
right_child=-2 2 -4 -5 5 -7 -8 -9 9 -11 11 -13 13 -15
leaf_value=-0.0048086865463845855 -0.078258250495360712 -0.064420783762698733 0.0024448462345659184 0.037397676219366821 0.020645592918883054 0.016725473478761209 -0.051486073544376121 -0.019542501054867559 -0.047913636041717791 0.06068431258711271 0.0011989578863926616 -0.037310553928636428 0.047029719332950075 0.00077643886623523638
leaf_weight=570.50866069070651 2.97727478856359 1.0650458446725704 236.91195367736447 17.301849913301734 5.4900902550703412 46.426970119174584 6.3298767977774686 35.301788682705137 1.3315772343878798 6.0702218702213866 233.94038279533697 10.053056396671762 17.797538678933314 8.942453918720469
leaf_count=152196 479903 41590 234093 4585 250 71440 70059 86500 4784 8417 751853 181867 33519 128437
internal_value=-0.000742011 -0.000549282 0.00453485 0.0314935 -0.00192678 0.0096822 -0.0179827 -0.00269175 -0.00199079 0.0411476 -0.00237035 0.00276787 0.00431349 0.0315616
internal_weight=1200.45 1197.47 255.279 18.3669 942.193 58.2469 11.82 883.946 848.644 7.4018 841.242 270.733 260.68 26.74
internal_count=2249493 1769590 280268 46175 1489322 141749 70309 1347573 1261073 13201 1247872 1095676 913809 161956
is_linear=0
shrinkage=0.05


Tree=303
num_leaves=15
num_cat=0
split_feature=3 2 18 26 17 18 23 0 8 18 4 4 17 14
split_gain=2.80542 3.16806 3.84677 3.26641 3.33212 2.92768 4.61396 3.62366 2.88375 3.01285 5.35947 4.38253 4.82117 4.10211
threshold=0.28674250841140753 -0.65312147140502919 0.091434128582477583 0.20416666567325595 6.2304794788360605 0.041128322482109077 2.5000000000000004 0.61889773607254039 28.500000000000004 0.034103024750947959 0.0025076568126678471 0.00073683261871337901 6.2075829505920419 1.0000000180025095e-35
decision_type=10 8 10 8 10 8 8 10 8 10 10 10 10 8
left_child=1 2 -1 -4 -5 6 7 -3 -8 10 -10 -11 -13 -12
right_child=-2 5 3 4 -6 -7 8 -9 9 11 13 12 -14 -15
leaf_value=-0.064102048883699511 -0.061135838932646097 -0.079716031407091478 0.058053436038143183 -0.05408175127877507 0.077217375188495682 -0.00021609285055663487 0.062892326499462511 -0.003661774368030132 -0.073403476428359885 0.079950417583574601 -0.061509766697762674 0.026010041223994609 -0.090714285464956801 0.018206110299945854
leaf_weight=0.99205101662513584 1.8471510602980732 1.9785247564903601 6.3861958607193019 1.5176245204293732 0.70893602236742825 1157.2498267470096 3.4481238577788758 7.5147563192417692 2.0884792245483039 3.5880192222661682 1.7766989146341892 12.542123205218431 0.95177950506738618 17.604746041964148
leaf_count=32576 479704 93 91969 49329 1509 1540882 1434 161 4299 1066 14302 12986 2585 17158
internal_value=0.000436905 0.000530257 0.0291328 0.0398719 -0.0122762 0.000302978 0.0119685 -0.0195125 0.0190841 0.0151659 0.0026981 0.0308364 0.017777 0.0108985
internal_weight=1220.2 1218.35 9.60481 8.61276 2.22656 1208.74 51.4933 9.49328 42 38.5518 21.4699 17.0819 13.4939 19.3814
internal_count=2250053 1770349 175383 142807 50838 1594966 54084 254 53830 52396 35759 16637 15571 31460
is_linear=0
shrinkage=0.05


Tree=304
num_leaves=15
num_cat=0
split_feature=8 13 3 2 16 23 2 23 3 24 24 4 24 12
split_gain=2.81459 2.08005 4.16395 4.60466 6.05228 5.01556 5.01908 4.08727 3.54469 4.30118 3.76904 3.79425 3.23288 3.09084
threshold=197.50000000000003 0.15301003307104113 0.17271244525909427 0.80699008703231823 5.7838203907012948 14.500000000000002 0.89915853738784801 11.500000000000002 0.079786419868469252 2.3152083158493046 1.8478996753692629 0.0014855265617370608 1.6618920564651491 0.081356864422559752
decision_type=10 10 10 8 8 10 8 10 10 10 8 8 10 10
left_child=1 -1 3 4 -3 7 -7 8 10 -10 12 -12 -5 -8
right_child=-2 2 -4 5 -6 6 13 -9 9 -11 11 -13 -14 -15
leaf_value=-0.00093578506796379221 -0.087573820643790018 -0.074554084009509927 0.055115926421269758 -0.024337334179185557 0.049214245012738411 0.12829579455820789 0.074531732519816471 -0.085231022467303255 -0.083736266503970688 0.027908818967078711 -0.057663688516777903 0.0040890190497895294 0.045874030956406638 0.012255932826294906
leaf_weight=1127.5180122925249 0.92654497633952715 3.6860885907477088 4.3466978183059117 2.0070680767624962 1.3492957167000423 1.3201274749705567 2.5320609756906132 1.3275960146757331 2.3838784510139979 1.3519052996500707 2.6773391481983699 35.071462930726426 8.9527101358125929 9.3483878653027972
leaf_count=2154095 4703 14571 56110 111 1568 3017 1634 240 778 72 63 681 169 12489
internal_value=-0.000461985 -0.000394941 0.00759163 0.00472287 -0.0413888 0.00818981 0.0358059 0.00141028 0.00360355 -0.0433341 0.00720351 -0.000290801 0.0330162 0.0255287
internal_weight=1204.8 1203.87 76.3546 72.0079 5.03538 66.9725 13.2006 53.772 52.4444 3.73578 48.7086 37.7488 10.9598 11.8804
internal_count=2250301 2245598 91503 35393 16139 19254 17140 2114 1874 850 1024 744 280 14123
is_linear=0
shrinkage=0.05


Tree=305
num_leaves=15
num_cat=0
split_feature=10 3 14 17 4 27 9 4 4 4 17 9 9 17
split_gain=3.97507 4.64868 4.28461 4.98502 5.67925 3.08986 6.99257 5.61011 3.29324 3.38668 3.06473 2.51497 4.6935 2.38619
threshold=0.018912463448941711 0.28674250841140753 inf 5.5471267700195321 0.015565723180770876 7.2879035472869882 0.25856919586658483 0.0009677112102508546 0.0021170973777771 0.030475676059722904 4.2696731090545663 0.61527410149574291 0.37819468975067144 6.6133832931518564
decision_type=8 10 8 8 8 8 10 8 10 8 10 10 8 8
left_child=2 -2 5 4 -4 6 8 -8 -1 -10 -7 12 -12 -9
right_child=1 -3 3 -5 -6 10 7 13 9 -11 11 -13 -14 -15
leaf_value=-0.063896707441778056 -0.00023584053943548702 -0.093161246987484181 0.069895297329430076 -0.078633906797453371 -0.052191025952042794 -0.057083275298411174 0.054934259541228138 -0.052181067546674058 0.042411930713595447 -0.072428301609038306 0.034978533478750094 0.069523719675822951 -0.060033821130671433 0.016134088742596645
leaf_weight=0.93832651216176977 1169.4692249759958 1.3474145265627147 7.7514019184220384 0.75903327303927781 1.0860328953478982 1.0348376810268121 1.6965976441266633 9.3548850787095912 8.9881949606731339 0.69136860445839943 7.7427535362482018 3.3550011404956583 1.5620229494113358 1.4805310230828439
leaf_count=18507 1318510 136553 29330 26111 92216 30114 10139 271959 69568 102103 88908 8135 33644 14511
internal_value=0.000226277 -0.000342782 0.0145727 0.0443309 0.0548921 0.00682198 -0.00431464 -0.0296089 0.0255395 0.0342094 0.0256478 0.0324104 0.0190285 -0.0428466
internal_weight=1217.26 1170.82 46.441 9.59647 8.83743 36.8445 23.1499 12.532 10.6179 9.67956 13.6946 12.6598 9.30478 10.8354
internal_count=2250308 1455063 795245 147657 121546 647588 486787 296609 190178 171671 160801 130687 122552 286470
is_linear=0
shrinkage=0.05


Tree=306
num_leaves=15
num_cat=0
split_feature=10 1 2 16 15 8 18 16 2 3 2 18 8 3
split_gain=2.39624 3.59415 6.45695 5.47024 4.68728 4.01541 3.93327 3.7011 4.18539 3.56488 4.29144 3.88711 3.272 2.94076
threshold=0.018912463448941711 50.500000000000007 0.65916055440902721 3.5694335699081425 1.0000000180025095e-35 161.50000000000003 1.2109109163284304 4.1666352748870858 1.4345687627792361 0.28674250841140753 -0.65312147140502919 0.091434128582477583 184.50000000000003 0.13938072323799136
decision_type=8 10 10 8 10 10 8 10 8 10 8 10 10 10
left_child=1 3 -3 5 -5 13 -4 -6 -9 10 11 -2 -12 -1
right_child=9 2 6 4 7 -7 -8 8 -10 -11 12 -13 -14 -15
leaf_value=0.056432426625159737 -0.063830587579332063 0.030573302272345167 -0.064642754439492148 -0.026408973444428902 -0.035029363311946969 -0.015891619160781117 0.018159216941311954 0.061273535510583926 -0.11191664413033041 -0.083931515485622457 -0.00010572142482255501 0.046179511243656039 -0.059899292727613733 -0.027282709412058105
leaf_weight=13.533499843671894 0.89443628918655083 5.3352101076487708 5.2390441853541043 8.450206882193191 1.723767718719454 2.7502958713780599 1.9748244926514251 4.9948122868685774 0.37503550895201865 1.2653238022960511 1161.0476184096763 7.8524630440591991 2.292454651482557 1.1371890447974706
leaf_count=9949 12053 37994 25464 486679 15287 30639 4443 35568 1404 136696 1263332 42787 201 147819
internal_value=0.00038487 0.0116413 -0.0111315 0.0203104 -0.00125237 0.0395498 -0.0419754 0.0287152 0.0491778 -5.17611e-05 3.87911e-05 0.0349302 -0.000223549 0.0499433
internal_weight=1218.87 45.5139 12.5491 32.9648 15.5438 17.421 7.21387 7.09362 5.36985 1173.35 1172.09 8.7469 1163.34 14.6707
internal_count=2250315 795246 67901 727345 538938 188407 29907 52259 36972 1455069 1318373 54840 1263533 157768
is_linear=0
shrinkage=0.05


Tree=307
num_leaves=15
num_cat=0
split_feature=2 4 17 3 0 17 3 23 4 15 23 4 4 17
split_gain=3.3189 8.84516 5.37903 8.52127 4.60844 3.89269 3.73424 5.9668 5.57224 4.2152 7.20014 12.7928 17.7746 11.7726
threshold=0.27258309721946722 0.026846319437026981 5.708768606185914 0.13404914736747744 0.59777379035949718 5.9801499843597421 0.14250349998474124 2.5000000000000004 0.01632785797119141 inf 2.5000000000000004 0.008438766002655031 0.0076082944869995126 5.3302974700927743
decision_type=8 10 10 10 8 10 10 8 10 8 10 10 10 10
left_child=1 2 6 -4 -2 -3 -1 8 -8 10 11 12 13 -9
right_child=4 5 3 -5 -6 -7 7 9 -10 -11 -12 -13 -14 -15
leaf_value=0.03847105692188349 -0.014924948642041944 -0.065902682546949407 -0.085654419506172849 0.0068335585523681269 0.00010921244262919225 0.017693954664075539 -0.091624977380218353 1.0325344832382644 0.014677073725825406 0.0011128842786748217 0.033888451187892202 -0.050466482854181843 2.0004423730577279 -0.050468885801694612
leaf_weight=21.838843441783226 53.502690873239281 5.1931186540384768 3.0473785109195424 13.626481685082654 1077.8355572501719 1.902794076069491 2.4823869207812113 0.04273229464887851 2.4489689957626979 14.780397113673724 15.852429958874996 0.12621948964847807 0.020734557881951332 0.060788903262341876
leaf_count=19478 492379 538319 4625 142248 631149 60952 105 404 39 255769 101371 1094 238 647
internal_value=9.99341e-05 0.00984986 0.0149417 -0.0100699 -0.000601776 -0.0434859 0.0221753 0.0122386 -0.0388341 0.0203937 0.0380911 0.304074 0.664218 0.396582
internal_weight=1212.76 81.4233 74.3274 16.6739 1131.34 7.09591 57.6535 35.8147 4.93136 30.8833 16.1029 0.250475 0.124256 0.103521
internal_count=2248817 1125289 526018 146873 1123528 599271 379145 359667 144 359523 103754 2383 1289 1051
is_linear=0
shrinkage=0.05


Tree=308
num_leaves=15
num_cat=0
split_feature=16 18 2 4 4 13 2 25 15 22 23 15 4 2
split_gain=3.15588 2.24238 2.21129 6.28907 3.60283 3.25638 3.22985 3.32981 3.07636 3.03769 2.91271 5.25634 3.99168 3.0744
threshold=8.1175711154937762 3.7907736301422124 0.37040953338146215 0.027849763631820682 0.027277052402496341 0.97222220897674572 0.32251340150833135 inf inf 0.67306184768676769 1.0000000180025095e-35 1.0000000180025095e-35 0.007756441831588746 -0.52667486667633046
decision_type=10 10 8 8 8 10 10 8 8 10 10 10 10 10
left_child=1 2 3 4 5 10 7 -5 -6 -9 11 13 -13 -1
right_child=-2 -3 -4 6 8 -7 -8 9 -10 -11 -12 12 -14 -15
leaf_value=0.050851858336107683 0.086518078176536728 -0.06626843716719262 -0.00062081718338974573 -0.068105474039272126 -0.051549967267917995 0.088329382077085891 0.024978577661627796 -0.058372687603905897 0.4524271751412221 0.059170299425776431 0.0076723656468594874 0.2177757278443973 -0.050529938701956059 -0.053468337951370418
leaf_weight=2.6435926525939797 1.0536926208892499 1.2771564742779435 1100.2210049332623 5.2779712267324621 0.047092451095323909 1.3405789572318401 2.0014288492187973 1.0199188230540142 0.084815663369993341 1.1921006603380808 82.308554262262504 0.66502636611014043 0.17512844578546272 0.96372410758782079
leaf_count=7270 1097 31401 1047915 488387 2161 775 17599 107021 2263 509 535274 1066 1495 6083
internal_value=2.48004e-05 -5.11969e-05 1.93991e-05 0.00722754 0.0113879 0.010997 -0.0314457 -0.046523 0.272503 0.00497353 0.00980199 0.0492145 0.161848 0.0229819
internal_weight=1200.27 1199.22 1197.94 97.7199 88.2285 88.0966 9.49142 7.48999 0.131908 2.21202 86.756 4.44747 0.840155 3.60732
internal_count=2250316 2249219 2217818 1169903 556387 551963 613516 595917 4424 107530 551188 15914 2561 13353
is_linear=0
shrinkage=0.05


Tree=309
num_leaves=15
num_cat=0
split_feature=2 4 17 18 17 18 27 22 23 1 1 2 24 2
split_gain=3.12023 8.49776 6.60212 11.6847 3.62489 3.6107 3.2287 3.21764 6.008 3.77944 3.11318 2.8712 2.89277 3.76223
threshold=0.24679144471883777 0.026846319437026981 5.7914869785308847 0.24638725072145465 6.0695817470550546 0.24929557740688327 3.2130168676376347 0.71941202878952037 2.5000000000000004 265.50000000000006 287.50000000000006 0.20879558473825457 1.0746698379516604 -0.026114902459084984
decision_type=8 10 8 8 10 8 10 10 8 10 10 10 8 10
left_child=1 2 11 -4 5 -5 -7 8 -2 -10 -9 12 13 -1
right_child=7 -3 3 4 -6 6 -8 10 9 -11 -12 -13 -14 -15
leaf_value=0.011252880464963861 -0.019071367792798406 -0.05260116091027809 -0.063799718902603247 0.14014582794554739 0.063593825696626902 -0.060665564500073522 0.063197152507127582 0.00047737553089907415 -0.00215687816870626 -0.059326620992744716 0.060945553789556739 0.05283101181624901 0.024141849718378391 -0.056587717334755441
leaf_weight=8.6476053588856896 63.380134175808365 5.1956159398697386 6.7886197060167657 0.35482892333711147 3.5807297190902312 2.0731624375274098 0.705046054035387 640.91625371145255 416.16834161957831 2.9111331129303144 2.135678632670305 6.4529976785726353 36.563216208299494 2.6760698468326636
leaf_count=293904 2332 590806 77547 291 16222 40223 2742 15268 1083932 39740 88 8653 33885 44484
internal_value=-0.000987561 0.00902709 0.0137468 -0.0175439 0.0292276 -0.0100493 -0.029232 -0.00163744 -0.00472387 -0.00255401 0.0006782 0.0215219 0.0173029 -0.00477956
internal_weight=1198.55 73.0379 67.8423 13.5024 6.71377 3.13304 2.77821 1125.51 482.46 419.079 643.052 54.3399 47.8869 11.3237
internal_count=2250117 1108757 517951 137025 59478 43256 42965 1141360 1126004 1123672 15356 380926 372273 338388
is_linear=0
shrinkage=0.05


Tree=310
num_leaves=15
num_cat=0
split_feature=10 14 4 26 8 2 8 18 18 4 18 9 4 11
split_gain=3.27614 2.71403 4.75522 3.82212 7.54946 3.6676 3.08981 3.00221 2.88041 2.83943 2.83079 2.6982 4.74755 3.47829
threshold=0.018912463448941711 inf 0.015565723180770876 0.32575757801532751 139.50000000000003 0.8833766281604768 119.50000000000001 0.68781778216362011 1.5649534463882449 0.002250522375106812 0.073949322104454054 0.24390486627817157 0.0030041337013244633 1.0000000180025095e-35
decision_type=8 8 8 8 10 10 10 10 10 8 8 8 10 8
left_child=1 3 -3 4 9 -6 -5 -7 -8 10 -1 12 -2 -14
right_child=11 2 -4 6 5 7 8 -9 -10 -11 -12 -13 13 -15
leaf_value=0.059110531817237792 -0.085234206066365351 0.050843688582653049 -0.055106451668547801 0.035248680577063374 -0.06898999395194233 0.041362825128460123 -0.030821405781214013 -0.088158536737247273 0.075882103162003653 -0.055143158522407566 -0.056713352700553811 -0.00054742776517705254 0.018536424178233837 -0.032270487583220792
leaf_weight=1.2454151100340001 2.451024897101763 8.0653142962458588 1.2191045864699717 13.382108689201742 0.9672565125791025 7.7824578457940365 3.7242177429189818 0.47469246812897115 0.76184639025919221 7.3586423367490932 0.91519337049078919 1147.1623144733396 6.0716980195065524 7.5669848920954212
leaf_count=2665 317 36940 110774 107366 125633 3311 58937 722 9268 318848 21183 1450942 2617 1093
internal_value=-0.000315649 0.012787 0.0369317 0.00666414 -0.00910922 0.0231262 0.0232104 0.0339168 -0.0127005 -0.0403462 0.0100497 -0.000832616 -0.0211659 -0.00965216
internal_weight=1209.15 45.8962 9.28442 36.6118 18.7437 9.22441 17.8682 8.25715 4.48606 9.51925 2.16061 1163.25 16.0897 13.6387
internal_count=2250616 795647 147714 647933 472362 129666 175571 4033 68205 342696 23848 1454969 4027 3710
is_linear=0
shrinkage=0.05


Tree=311
num_leaves=15
num_cat=0
split_feature=3 2 2 2 13 12 24 3 12 18 1 18 1 18
split_gain=3.75272 2.44862 3.1257 4.76148 2.41758 5.73664 5.50646 5.38033 4.72717 5.31349 4.71318 4.20271 4.39237 4.07962
threshold=0.28674250841140753 -1.0529541373252866 -0.70190778374671925 -0.65312147140502919 0.13714733719825747 0.063164893537759795 2.0047768354415898 0.18224030733108523 0.039607843384146697 0.34547665715217596 12.500000000000002 0.051621668040752418 20.500000000000004 0.29417073726654058
decision_type=10 8 8 8 10 10 10 10 10 10 10 8 8 8
left_child=1 -1 -3 -4 5 8 -7 11 -5 -10 -8 12 -6 -13
right_child=-2 2 3 4 7 6 10 -9 9 -11 -12 13 -14 -15
leaf_value=0.037585223254342021 -0.090204688168779759 -0.059538335542242728 0.064228461894034972 -0.0018062990892723245 -0.015130817423404254 -0.079902882183297774 -0.033116272534921852 0.067404761692235401 0.030664954295765615 -0.044682157649675099 0.054553571551551577 -0.0092019202936273799 0.075713008225080328 0.01375490088103579
leaf_weight=4.1161328290476895 1.1778490848664649 2.2795662050617698 2.7968754282141264 1070.7222240335609 2.0128852409259057 4.4661586850506856 5.9889952342866248 3.5279046601199004 19.398767863013369 2.6607827984429759 2.0604733002083364 42.360536161231927 3.925562472794244 35.630196920059184
leaf_count=69340 479705 89435 16739 1477156 117 17497 143 27604 15539 11892 57 17633 951 26505
internal_value=-0.00100042 -0.000913007 -0.0010453 -0.00093377 -0.00108657 -0.00171977 -0.0353786 0.00691595 -0.00133428 0.0215767 -0.0106749 0.00437334 0.0449208 0.00128594
internal_weight=1203.12 1201.95 1197.83 1195.55 1192.75 1105.3 12.5156 87.4571 1092.78 22.0596 8.04947 83.9292 5.93845 77.9907
internal_count=2250313 1770608 1701268 1611833 1595094 1522284 17697 72810 1504587 27431 200 45206 1068 44138
is_linear=0
shrinkage=0.05


Tree=312
num_leaves=15
num_cat=0
split_feature=24 16 18 18 26 0 16 1 2 4 0 1 16 0
split_gain=2.10631 4.18272 3.37606 11.0328 5.43556 4.97499 10.1417 4.92108 4.88462 17.9271 9.45849 6.26748 7.00151 7.60247
threshold=2.3152083158493046 4.3757371902465829 0.10191553458571435 0.10007587447762491 0.41421568393707281 0.70945706963539135 3.3140207529067998 51.500000000000007 0.24679144471883777 0.018595755100250248 0.59694635868072521 72.500000000000014 4.3372693061828622 0.62555578351020824
decision_type=10 10 10 10 10 8 10 10 8 10 8 10 8 8
left_child=2 -2 3 5 8 6 -1 -8 9 -4 -10 -12 13 -13
right_child=1 -3 4 -5 -6 -7 7 -9 10 -11 11 12 -14 -15
leaf_value=0.00082491572410345836 9.1954980803149846e-05 0.014516825812840327 0.025176354832794491 0.052272086244142084 0.01474539581796301 0.010170007756738493 -0.055715512124486437 -0.012107173280182537 -0.03849251499198153 -0.06111059543497669 -0.007593537120363242 -0.015508959903119202 -0.018051537517228888 0.025897450856186995
leaf_weight=144.59479929318539 265.57657365512983 61.98358768322322 36.356123743526368 10.795758540463053 36.40403805029996 90.448913184602588 12.499117677539504 13.410378019415402 22.171470293163424 7.2138820024931638 415.84467957256561 14.557944879140328 20.023212535723971 46.477042063782697
leaf_count=346770 7172 1615 318145 8281 64764 16131 46694 27201 396012 525564 257090 69433 108929 56456
internal_value=-0.000596288 0.00282155 -0.00188194 0.00274042 -0.00397881 0.000691266 -0.00433701 -0.0331445 -0.00519029 0.0108898 -0.00654002 -0.00511433 0.00760452 0.0160213
internal_weight=1198.36 327.56 870.797 271.749 599.048 260.953 170.504 25.9095 562.644 43.57 519.074 496.903 81.0582 61.035
internal_count=2250257 8787 2241470 445077 1796393 436796 420665 73895 1731629 843709 887920 491908 234818 125889
is_linear=0
shrinkage=0.05


Tree=313
num_leaves=15
num_cat=0
split_feature=1 4 17 1 16 13 13 10 16 16 2 22 4 13
split_gain=2.58435 4.79613 4.71064 4.99206 4.05049 3.77454 4.14003 4.29819 3.91252 3.87823 4.63013 3.74424 3.45396 3.85971
threshold=3.5000000000000004 0.05502936244010926 3.5972183942794804 2.5000000000000004 2.1383330821990971 0.27525253593921667 0.23904761672019961 0.032654678449034698 4.5695295333862314 6.1290478706359872 -0.039921658113598817 0.71941202878952037 0.0092489421367645281 0.1702898591756821
decision_type=10 8 10 10 10 10 10 10 8 8 10 10 8 10
left_child=2 -2 3 4 -1 6 9 11 -7 12 -11 -8 -4 -14
right_child=1 -3 5 -5 -6 8 7 -9 -10 10 -12 -13 13 -15
leaf_value=0.0047379765453127711 -0.0017622034179069529 -0.043546872453265995 0.008481974737064189 -0.075941062428575498 -0.045181651880286999 -0.0081579242450936368 -0.063389910873421704 -0.10437496005297685 -0.077618738793486838 0.082047248058039618 -0.04169309590909355 0.057626414268480732 0.00030855210571845544 -0.056249379507369024
leaf_weight=13.77836309560586 671.10345139116828 6.9384718673925354 183.93188769863156 3.3624406098037154 5.7632516477515123 7.9328755601616248 0.69931286159038197 0.49611838175224043 2.7232348830913153 3.1066892856563753 0.99910021063255872 7.4318699634759469 284.62321713472284 3.0488387228308502
leaf_count=44493 645501 315044 259543 241 23605 12590 10073 8 7480 13848 4613 77 901783 9599
internal_value=-0.000158442 -0.00218979 0.00250104 -0.0196672 -0.00998442 0.0035268 0.00417443 0.0385011 -0.0259091 0.0035519 0.0519364 0.0472185 0.00313066 -0.000290867
internal_weight=1195.94 678.042 517.897 22.9041 19.5416 494.993 484.337 8.6273 10.6561 475.71 4.10579 8.13118 471.604 287.672
internal_count=2248498 960545 1287953 68339 68098 1219614 1199544 10158 20070 1189386 18461 10150 1170925 911382
is_linear=0
shrinkage=0.05


Tree=314
num_leaves=15
num_cat=0
split_feature=2 2 4 0 3 16 16 22 24 2 16 1 3 10
split_gain=2.40388 4.69997 4.57488 4.5667 3.98106 3.63426 3.37301 2.89384 4.76877 4.41267 9.22942 4.6143 3.95674 3.8872
threshold=0.69162210822105419 0.71390178799629223 0.029705733060836795 0.68527415394783031 0.19931361079216006 6.3198683261871347 5.8449916839599618 0.67306184768676769 1.1764968037605288 1.5291855931282046 3.9607677459716801 6.5000000000000009 0.079786419868469252 0.015875016339123253
decision_type=8 8 8 8 8 10 10 8 8 10 10 10 10 8
left_child=2 3 5 -2 -4 6 -1 9 12 13 11 -11 -9 -3
right_child=1 7 4 -5 -6 -7 -8 8 -10 10 -12 -13 -14 -15
leaf_value=0.0078489940953262068 -0.065216442857515655 -0.073581880692779558 -0.008063349298302316 0.10810490834015302 -0.073125440174535317 0.0655326542537715 -0.078965016415180403 0.014148726840379509 0.00055862352134575255 -0.0026559530195409738 -0.052695807289786289 -0.044158225163390512 0.12755586931256699 -0.0026559530195409738
leaf_weight=153.29679715087531 4.3675993648292915 2.0695487915718362 12.317055250707496 0.4162696084599008 2.9058491814124201 2.7185705773449333 1.1270920892357015 1.8154077431181863 836.98240781030677 43.992697497414611 14.11085946151494 7.2669142753072213 1.3345087925860637 118.63844207111531
leaf_count=740803 35164 44358 137994 215 648426 5955 21717 321 47073 9101 13702 9611 558 534788
internal_value=0.000223392 -0.000690354 0.00568891 -0.0501348 -0.0204828 0.00822426 0.00721537 -0.000459859 0.000789719 -0.00610162 -0.016888 -0.00703079 0.0621953 -0.00265595
internal_weight=1203.36 1030.99 172.365 4.78387 15.2229 157.142 154.424 1026.21 840.132 186.078 65.3705 51.2596 3.14992 120.708
internal_count=2249786 694891 1554895 35379 786420 768475 762520 659512 47952 611560 32414 18712 879 579146
is_linear=0
shrinkage=0.05


Tree=315
num_leaves=15
num_cat=0
split_feature=16 22 23 25 22 3 2 3 24 18 4 18 18 24
split_gain=4.3327 3.13511 4.63399 3.51691 2.02189 5.02793 4.74192 3.6638 2.70745 2.80524 6.14323 3.75689 3.51421 3.0649
threshold=8.1175711154937762 0.449222281575203 511.50000000000006 1.5000000000000002 0.68443962931633007 1.0000000180025095e-35 -0.40576887130737299 0.21706721186637881 1.1764968037605288 0.39082008600234991 0.0012231767177581789 0.42447511851787573 1.4697322249412539 1.7424008250236513
decision_type=10 8 10 8 10 10 8 10 8 8 10 8 8 8
left_child=1 -1 4 -4 5 -3 7 -6 -8 -10 12 -12 13 -11
right_child=-2 2 3 -5 6 -7 8 -9 9 10 11 -13 -14 -15
leaf_value=-0.038631514412425065 0.086918869867468829 -0.018745541777320334 -0.019483421269462904 0.076144076535899052 0.0053023079898883926 -0.0013556351255223009 0.049572977696892714 0.083771143033797624 -0.0012927366449775653 0.064595642324877842 0.02415361345932019 -0.00021167384257876002 -0.0013099148004649605 0.023596594439571083
leaf_weight=5.3680982284957297 1.4188651743863818 47.455596569906106 0.71424461286867547 3.2842645824778383 2.9142670284209089 334.89506955350566 2.8085459423152046 3.038602701103895 606.54951291891291 7.1880101842325255 17.601970712341473 156.3345726729145 4.8537337632878907 12.460042128590434
leaf_count=1249402 1120 26244 40756 16587 319 881677 873 874 22188 394 893 8490 159 283
internal_value=-0.000403086 -0.000505866 -0.000335328 0.0534017 -0.000514969 -0.00351399 0.00089416 0.0453562 0.000566508 0.000395527 0.0055559 0.00225404 0.0289956 0.0385956
internal_weight=1206.89 1205.47 1200.1 3.99851 1196.1 382.351 813.749 5.95287 807.796 804.988 198.438 173.937 24.5018 19.6481
internal_count=2250259 2249139 999737 57343 942394 907921 34473 1193 33280 32407 10219 9383 836 677
is_linear=0
shrinkage=0.05


Tree=316
num_leaves=15
num_cat=0
split_feature=2 4 27 2 2 16 17 16 3 2 17 17 23 14
split_gain=3.75464 7.14649 5.57211 6.15358 5.20278 4.4976 4.99657 4.97272 4.79995 3.35328 4.63999 4.85276 5.67334 4.48669
threshold=0.27258309721946722 0.021575599908828739 5.2356905937194833 -1.6996257901191709 0.078502405434846892 6.3198683261871347 5.708768606185914 3.5114340782165532 0.13404914736747744 0.52055600285530101 4.6001451015472421 5.2176458835601816 60.500000000000007 1.0000000180025095e-35
decision_type=8 8 8 8 8 10 8 8 8 8 8 10 10 10
left_child=1 5 3 -3 -4 6 -1 -8 -9 10 -2 12 13 -12
right_child=9 2 4 -5 -6 -7 7 8 -10 -11 11 -13 -14 -15
leaf_value=0.021300205457535484 -0.070044721646641148 0.087931650991248236 -0.060443884453707054 -0.070318436525027436 0.062093397307585479 0.075897861793306071 -0.065853823456114707 -0.080468941656166498 0.01401830281699065 4.4208327866111736e-05 0.023806562531103363 -0.022809279685554039 0.070531995185992499 -0.04711940312448451
leaf_weight=51.842296207795911 3.4610524948976806 0.68223269438717871 1.3109596601812523 6.1692029831162341 2.5535504111789651 3.031827980881217 3.2353591450549373 1.516888241538775 11.799511168078009 1078.2720450171885 5.5249620872392056 23.726317132389049 3.4206024293208293 3.7385301931645882
leaf_count=315243 47366 61984 144111 434929 17475 3798 29175 4014 115468 927647 8680 86316 50265 3977
internal_value=0.000275636 0.0105932 -0.0274824 -0.0545607 0.020525 0.0163057 0.013664 -0.0102535 0.00325514 -0.000482322 -0.0147216 -0.00946282 0.0155025 -0.00481751
internal_weight=1200.29 82.1418 10.7159 6.85144 3.86451 71.4259 68.3941 16.5518 13.3164 1118.14 39.8715 36.4104 12.6841 9.26349
internal_count=2250448 1126197 658499 496913 161586 467698 463900 148657 119482 1124251 196604 149238 62922 12657
is_linear=0
shrinkage=0.05


Tree=317
num_leaves=15
num_cat=0
split_feature=18 23 8 18 4 4 16 23 16 2 0 12 26 2
split_gain=3.19305 4.4381 3.15971 4.83931 5.71061 3.71251 4.84471 2.74085 2.56966 3.89978 2.5202 2.51513 2.598 2.41525
threshold=0.041128322482109077 2.5000000000000004 28.500000000000004 0.034103024750947959 0.0025076568126678471 0.00073683261871337901 2.9700856208801274 92.500000000000014 6.3035306930542001 0.9911039173603059 0.73891928791999828 0.2736185491085053 0.13961039483547213 1.5291855931282046
decision_type=8 8 8 10 10 10 10 8 10 8 10 8 10 10
left_child=1 -1 -3 4 -4 10 7 11 -2 -10 -5 -7 -13 -11
right_child=8 2 3 5 -6 6 -8 -9 9 13 -12 12 -14 -15
leaf_value=-0.0200999611407052 -0.0005613157429084747 0.066624994785942776 -0.075156332342895094 0.069188998618732941 0.0084812875611311022 -0.078679118064829787 -0.087708553721555615 -0.061258407660269347 0.05271501780215454 -0.080339824815403749 0.26482867721159808 0.047570111327638248 -0.070845795915670071 0.046617083680332773
leaf_weight=8.6202166414796721 1146.029320669091 3.2549313226742922 2.2854915941516216 3.7991907467487205 19.069382422280714 0.44894370486322654 0.92798450733815485 0.75452636726710665 4.9816573972162201 1.0727911136352153 0.17206753569189448 10.11450512754279 0.48541859215843963 0.57562941748097518
leaf_count=241 2146439 3651 5942 1257 51204 497 4101 14716 16307 1925 2 3497 327 165
internal_value=0.000154484 0.0125331 0.0193423 0.0152983 -0.000469975 0.0354587 0.0222931 0.0309415 -0.000381752 0.0306564 0.0776657 0.0372378 0.0421473 -0.0360064
internal_weight=1202.59 49.9327 41.3124 38.0575 21.3549 16.7026 12.7314 11.8034 1152.66 6.63008 3.97126 11.0489 10.5999 1.64842
internal_count=2250271 85435 85194 81543 57146 24397 23138 19037 2164836 18397 1259 4321 3824 2090
is_linear=0
shrinkage=0.05


Tree=318
num_leaves=15
num_cat=0
split_feature=23 24 4 2 10 18 18 18 2 28 12 18 25 23
split_gain=2.60119 9.06834 9.62847 9.11352 10.5563 6.75362 6.74822 5.40164 5.13815 5.88861 4.94594 5.14032 4.54232 4.49759
threshold=11.500000000000002 1.6618920564651491 0.013126164674758913 1.2056722044944765 0.019109552726149562 0.096576344221830382 0.12143779918551446 0.025928926654160026 1.2261863350868227 1.0000000180025095e-35 0.098315384238958373 0.8356485664844514 1.5000000000000002 4.5000000000000009
decision_type=8 8 8 10 10 8 10 8 10 10 10 10 8 10
left_child=1 2 6 5 10 -4 7 -1 9 -8 11 -5 13 -10
right_child=-2 -3 3 4 -6 -7 8 -9 12 -11 -12 -13 -14 -15
leaf_value=0.04629870557812929 0.0037400655230215179 0.00015744008448310772 -0.050483086851474096 -0.092059035545208612 0.04668793203930019 0.030124306175057632 0.061512529580791099 -0.076078375587257899 0.027714006593854645 -0.062210374690949602 0.038890137064490508 0.059104687771590059 0.032457615565411366 -0.066052545962996867
leaf_weight=0.9767855990605171 357.60535641804245 786.38486962722425 3.0168124803775309 6.6945089943029519 2.8340931522447148 18.741317674041699 1.0881748602398627 11.731296473943985 2.050045006675643 8.2764498143673091 1.005984260340085 0.6139634698982589 5.9293438254660495 3.399620488639016
leaf_count=41 2201583 36911 1115 1201 258 4838 66 953 16 1809 70 97 142 320
internal_value=0.000160682 -0.00134036 -0.0190902 0.000112745 -0.036647 0.0189479 -0.0379803 -0.0666721 -0.0204029 -0.0478337 -0.0650528 -0.0793602 0.00217187 -0.0307796
internal_weight=1210.35 852.743 66.3584 32.9067 11.1485 21.7581 33.4517 12.7081 20.7436 9.36462 8.31446 7.30847 11.379 5.44967
internal_count=2249420 47837 10926 7579 1626 5953 3347 994 2353 1875 1368 1298 478 336
is_linear=0
shrinkage=0.05


Tree=319
num_leaves=15
num_cat=0
split_feature=16 1 12 24 3 3 16 16 4 1 15 23 16 18
split_gain=2.26276 3.99805 5.21262 5.73396 8.46169 5.57582 4.9059 5.30514 4.65259 4.54767 4.54673 7.64339 11.7594 19.7611
threshold=4.4601275920867929 17.500000000000004 0.10471491143107416 1.8478996753692629 0.0999467968940735 0.11981827020645143 4.7664294242858896 4.8322978019714364 1.0000000180025095e-35 126.50000000000001 inf 96.500000000000014 4.4716224670410165 0.47874850034713751
decision_type=8 10 10 10 10 10 8 8 10 10 8 8 8 10
left_child=-1 10 3 4 -3 -6 -5 -8 -7 -9 11 -2 13 -13
right_child=1 2 -4 6 5 8 7 9 -10 -11 -12 12 -14 -15
leaf_value=-0.00090747274285848478 -0.0070428049099306713 -0.043825426069954536 0.040381501709088455 0.02742586916316361 0.026201071571979574 0.11378215742490838 -0.10268697972038948 0.0048894837218696214 -0.052335334836262161 -0.076403487676570181 0.015010431046536153 -0.051872428395857387 0.031367031122514599 2.1018649319879539
leaf_weight=941.86181299369639 71.11688304839673 20.767120552330045 5.7674887991796444 14.682395385699014 10.332185746274442 0.46304137701196157 1.4504098218734747 16.814079689703568 4.6990686102455674 1.9164612159953147 106.9936029944099 0.025357649950907595 13.4270547253928 0.018362942247777698
leaf_count=1487435 20419 48343 10035 717 34330 20 159 993 159918 329 353105 866 133819 172
internal_value=0.000246761 0.00429606 -0.0053351 -0.00904225 -0.0229626 0.00500009 0.00543629 -0.010562 -0.0374346 -0.00342821 0.00816158 -0.000501426 0.0340328 0.852712
internal_weight=1210.34 268.474 76.8923 71.1248 36.2614 15.4943 34.8633 20.181 5.16211 18.7305 191.581 84.5877 13.4708 0.0437206
internal_count=2250660 763225 254844 244809 242611 194268 2198 1481 159938 1322 508381 155276 134857 1038
is_linear=0
shrinkage=0.05


Tree=320
num_leaves=15
num_cat=0
split_feature=25 26 3 18 18 22 2 24 17 14 12 22 17 24
split_gain=3.84781 2.56068 1.9903 4.85027 3.85252 5.13895 4.3723 4.1474 6.03379 3.8404 3.61258 3.58259 3.41209 3.00427
threshold=7.5000000000000009 0.41421568393707281 0.085557550191879286 0.031587261706590659 0.041128322482109077 0.68443962931633007 1.3954468965530398 1.6618920564651491 4.6586997509002694 1.0000000180025095e-35 0.13270440697669986 0.75472605228424083 5.478551149368287 1.5478209853172304
decision_type=10 10 8 8 8 8 10 8 10 10 10 10 8 8
left_child=1 2 3 9 7 13 10 -5 -9 11 -7 -1 -8 -6
right_child=-2 -3 -4 4 5 6 12 8 -10 -11 -12 -13 -14 -15
leaf_value=-0.034511556327879618 -0.079151380577124605 0.0088883676672128053 0.0026931718051494027 0.049704728254060811 -0.0049192095717609614 -0.0049192095717609614 -0.0010663422747600238 0.082478920469686565 -0.03418598972260864 -0.061093752756264788 0.056529009833533456 0.052912849669199846 0.0076786363321767713 -0.017502385934067978
leaf_weight=3.1654392736792065 1.5292699117487689 79.390468380006496 354.83314564835996 7.5581052091811269 77.302643831579942 137.09078682697702 253.82510279271582 1.4631756170711012 4.5692509534376313 6.1367848919376797 2.7202159026637664 1.8606690885171699 198.98866553659161 72.859771228466442
leaf_count=906 1675 73697 2038089 1661 109750 6975 5237 12 231 1350 93 29 3989 5963
internal_value=0.000109447 0.000210308 -0.000403529 -0.00183513 -0.00135227 -0.00183495 0.000258516 0.0250285 -0.00588871 -0.0345529 -0.00491921 -0.00214698 0.00277663 -0.0100969
internal_weight=1203.29 1201.76 1122.37 767.541 756.378 742.787 592.625 13.5905 6.03243 11.1629 139.811 5.02611 452.814 150.162
internal_count=2249657 2247982 2174285 136196 133911 132007 16294 1904 243 2285 7068 935 9226 115713
is_linear=0
shrinkage=0.05


Tree=321
num_leaves=15
num_cat=0
split_feature=9 8 7 15 4 4 23 8 17 3 4 25 2 2
split_gain=2.28722 6.085 4.22591 3.73394 3.95741 3.09833 4.62971 7.07896 4.22094 2.70885 4.55498 3.79434 2.68459 5.2213
threshold=0.41953741014003759 89.500000000000014 23.837072372436527 inf 0.049331009387969978 0.002250522375106812 4.5000000000000009 175.50000000000003 5.7349567413330087 0.039593756198883064 0.0015931725502014162 2.5000000000000004 -0.19709499925374982 -0.18444763123989102
decision_type=8 10 8 8 10 10 8 10 8 10 8 10 8 8
left_child=3 12 -3 5 9 8 -7 -8 -1 10 -5 -12 -2 -14
right_child=1 2 -4 4 -6 6 7 -9 -10 -11 11 -13 13 -15
leaf_value=-0.045650233384079662 0.014568209381256353 -0.075584402403175988 0.0017587385831710747 -0.052859663252151169 -0.047373285411905851 0.00097321807745722887 -0.072648292994395181 0.024851463269720927 0.049480492641852655 0.026603955464511025 0.014863930524194165 -0.077312320071550839 -0.091355474012360605 -0.0011232577684466788
leaf_weight=1.5857354110876816 27.481440709235208 4.6318674306152197 2.8545201656526116 2.9835694682831049 2.595996133805996 15.210432812429611 6.3901390912292158 2.6270071342096326 4.4054202094667154 30.211067916500554 31.953984558995284 1.1568667683175018 1.6056363596661896 1069.2067484967231
leaf_count=12540 360175 31404 17915 194 190912 358 149822 15155 12008 212279 13266 509 5350 1228118
internal_value=-0.000516546 -0.00116877 -0.0460939 0.0067596 0.0131864 -0.00789416 -0.0158557 -0.0442432 0.0243014 0.0155575 0.00631154 0.0116434 -0.000862541 -0.00125856
internal_weight=1204.9 1105.78 7.48639 99.1202 68.9015 30.2187 24.2276 9.01715 5.99116 66.3055 36.0944 33.1109 1098.29 1070.81
internal_count=2250005 1642962 49319 607043 417160 189883 165335 164977 24548 226248 13969 13775 1593643 1233468
is_linear=0
shrinkage=0.05


Tree=322
num_leaves=15
num_cat=0
split_feature=9 18 1 8 9 16 1 8 9 17 10 8 0 9
split_gain=2.91231 3.83176 5.17489 5.80779 4.02118 5.76334 4.60242 4.36207 3.88365 5.3095 4.83674 3.65046 4.62369 3.53342
threshold=0.62354162335395824 0.15411572158336642 41.500000000000007 40.500000000000007 0.58095720410346996 3.7012257575988774 162.50000000000003 28.500000000000004 0.3605183362960816 4.2972624301910409 0.025573470629751686 5.5000000000000009 0.70098999142646801 0.35120354592800146
decision_type=8 8 10 8 10 10 10 10 8 8 8 10 8 8
left_child=1 2 8 -4 6 7 -3 -6 13 10 -10 -2 -13 -1
right_child=11 4 3 -5 5 -7 -8 -9 9 -11 -12 12 -14 -15
leaf_value=0.0075732524081202251 -0.00068664953990653279 -0.0048750875256912806 0.028242066960860929 -0.083733807555055065 0.031472633210427918 0.056103028852850727 0.051844143318742021 -0.084832942041277323 -0.082946867021221629 0.036595729382710794 0.054577005748635415 -0.036039153182521197 -0.0013737690680853799 -0.092272076394617597
leaf_weight=18.935078228484496 992.42186023048203 95.879567834328327 2.0753044205155611 2.619767544397436 1.6650946021161714 6.9009168560542307 3.7151467496691586 1.5628594413178161 1.8361554251980383 31.395944815418208 0.98089260806978207 16.831495823630867 22.448255595061418 0.9295960449749775
leaf_count=107200 1437168 556285 2932 11317 1500 11217 25648 2214 1682 47866 45 40300 1557 3224
internal_value=-0.00028299 0.0058116 0.0161139 -0.0342385 0.000293215 0.0303079 -0.00275931 -0.0248384 0.0204856 0.0306956 -0.0350612 -0.00127835 -0.016228 0.00290085
internal_weight=1200.2 168.496 58.7727 4.69507 109.724 10.1289 99.5947 3.22795 54.0777 34.213 2.81705 1031.7 39.2798 19.8647
internal_count=2250155 771130 174266 14249 596864 14931 581933 3714 160017 49593 1727 1479025 41857 110424
is_linear=0
shrinkage=0.05


Tree=323
num_leaves=15
num_cat=0
split_feature=9 9 7 8 17 4 4 15 1 4 1 10 23 17
split_gain=2.70553 5.44327 4.25481 4.47916 4.247 3.91903 3.9117 3.39904 3.62719 4.60591 3.98216 3.84874 3.43275 3.94041
threshold=0.41953741014003759 0.44873726367950445 18.84581279754639 89.500000000000014 4.5695295333862314 0.043029338121414192 0.00037497282028198248 inf 162.50000000000003 0.0019395351409912112 32.500000000000007 0.020694216713309291 2.5000000000000004 6.2700424194335946
decision_type=8 8 8 8 8 10 8 8 10 8 10 10 8 10
left_child=5 4 3 -3 -2 7 -6 12 9 11 -11 -9 -1 -14
right_child=1 2 -4 -5 6 -7 -8 8 -10 10 -12 -13 13 -15
leaf_value=0.015789647159934483 0.019009380083196303 -0.011738252434530893 0.00012705022103024624 -0.077747204030901407 0.10461048014642903 -0.036498844884253374 -0.073269739870699846 0.010509894616835104 0.06472170576503572 0.021941316904977221 -0.033138268126165923 -0.073185624087730064 -0.031066200163034255 0.03499761990534133
leaf_weight=12.133860690617439 2.11823347763255 39.83673361442667 1044.3579210914652 2.7472159404240193 0.32709733274198483 4.703429638825269 5.6064806472339965 2.8540804432735625 3.7152511311753491 49.5223552840542 3.5144191280660939 2.6479644073928057 13.006840491797293 2.7310393509358031
leaf_count=160 9280 46377 1543255 16525 494 244781 27107 18659 8818 174318 10116 238 138493 11206
internal_value=-0.000106408 -0.000808057 -0.000504642 -0.0159967 -0.0417672 0.00799554 -0.0634638 0.0103176 0.0168147 0.0137742 0.0182915 -0.0297702 -0.00419435 -0.019602
internal_weight=1189.82 1094.99 1086.94 42.5839 8.05181 94.8292 5.93358 90.1258 62.2541 58.5388 53.0368 5.50204 27.8717 15.7379
internal_count=2249827 1643038 1606157 62902 36881 606789 27601 362008 212149 203331 184434 18897 149859 149699
is_linear=0
shrinkage=0.05


Tree=324
num_leaves=15
num_cat=0
split_feature=21 10 10 10 4 1 22 9 8 17 16 8 9 10
split_gain=2.90859 2.47449 2.35896 2.26739 3.37649 4.11032 3.19509 3.18113 3.34082 5.25343 4.45432 3.98356 3.24668 2.70884
threshold=1.5000000000000002 0.003960411762818695 0.0065147271379828462 0.018912463448941711 0.01462531089782715 205.50000000000003 0.71941202878952037 0.18999037146568301 168.50000000000003 4.3630783557891855 4.4005842208862314 138.50000000000003 0.2659460604190827 0.011236125603318216
decision_type=10 8 8 8 10 10 10 8 8 10 8 10 8 8
left_child=1 -1 -3 4 7 6 -6 -4 9 -9 -10 12 -11 -14
right_child=-2 2 3 -5 5 -7 -8 8 10 11 -12 -13 13 -15
leaf_value=0.088213243634395644 -0.050913938603690284 -0.059427144809321243 0.060890714080765074 -0.00016382946840459568 -0.04818933449035389 0.058938787438667151 0.01011774426304831 -0.045964346885006266 -0.1024426776029967 -0.069615985123216928 0.023377077370009592 0.069373079067525045 -0.062930268022940453 0.029041236927294756
leaf_weight=0.79842164662697057 2.7875549198481613 1.6586011290823626 4.2612210508473067 1153.8921718924689 5.6442251300399118 1.7709282638361212 4.0250232107287047 2.6010570927958083 1.3551530831278866 1.0137501286047763 1.462686147606626 4.7689449837192237 0.85508001757491858 12.565882317129526
leaf_count=11511 6516 362590 9572 1452794 255894 16288 193 21596 1875 17715 1122 2309 55377 35273
internal_value=0.000100603 0.000219438 0.000160689 0.000243448 0.0118979 -0.0110917 -0.0239178 0.0210036 0.0141006 0.0207215 -0.0371321 0.0297538 0.0166644 0.0231815
internal_weight=1199.46 1196.67 1195.87 1194.22 40.324 11.4402 9.66925 28.8838 24.6226 21.8047 2.81784 19.2037 14.4347 13.421
internal_count=2250625 2244109 2232598 1870008 417214 272375 256087 144839 135267 132270 2997 110674 108365 90650
is_linear=0
shrinkage=0.05


Tree=325
num_leaves=15
num_cat=0
split_feature=27 18 18 22 27 8 2 18 1 26 8 10 1 26
split_gain=2.77498 4.55357 4.98373 4.36714 3.60919 2.9335 2.80392 3.67058 3.81089 3.57182 3.54516 3.48788 4.75753 4.08852
threshold=1.023424029350281 0.10529233142733575 0.10702608153223993 0.51649558544158947 2.9892170429229741 123.50000000000001 2.0746576786041264 0.47298756241798406 95.500000000000014 0.11437908560037614 112.50000000000001 0.024393817409873012 25.500000000000004 0.45993590354919439
decision_type=10 8 8 8 10 10 8 10 10 10 10 8 10 10
left_child=-1 4 -3 -4 -2 6 7 8 11 -10 -9 12 -5 -13
right_child=1 2 3 5 -6 -7 -8 10 9 -11 -12 13 -14 -15
leaf_value=-0.0013262184074649616 0.035368539309793764 -0.082665680209507139 -0.067527327960465663 0.05364624827413518 0.0074518481254545535 -0.032315383319609363 -0.004094279141794918 -0.027100101348708962 0.042134421674387385 -0.032315383319609363 0.076205586022457777 -0.00049737714526940568 -0.032315383319609363 0.026448044326374254
leaf_weight=995.12334080270193 19.125301753326255 1.7649946181241005 2.2347166008379742 10.199673687753579 29.337284806046199 4.9456395407040352 59.33814096231707 9.3304990216077766 1.6375638496473612 3.6045538867541769 0.91161724391876831 29.979990149769371 1.1225958748033722 26.540656126509383
leaf_count=1933710 25200 1063 206469 2139 17518 3187 3702 19087 1784 8557 237 20115 694 6299
internal_value=-0.000245938 0.00512715 0.000862441 0.0018463 0.0184689 0.00289656 0.00421225 0.0101274 0.0140559 -0.0270182 -0.0179052 0.0172296 0.0425596 0.0121555
internal_weight=1195.2 200.073 151.611 149.846 48.4626 147.611 142.665 83.3271 73.085 5.24212 10.2421 67.8429 11.3223 56.5206
internal_count=2249761 316051 273333 272270 42718 65801 62614 58912 39588 10341 19324 29247 2833 26414
is_linear=0
shrinkage=0.05


Tree=326
num_leaves=15
num_cat=0
split_feature=2 23 27 23 26 26 24 12 18 2 17 17 12 18
split_gain=2.38615 4.36372 4.65418 3.67499 3.42993 4.62562 5.99558 3.44803 5.03954 3.74564 4.63929 9.50433 3.72989 3.84692
threshold=0.92447018623352062 185.50000000000003 6.0852491855621347 11.500000000000002 0.12771739065647128 0.63068181276321422 0.87653428316116344 0.051503095775842674 0.16936419904232028 0.41603468358516699 5.5816130638122567 5.7219483852386483 0.063164893537759795 0.21743170917034152
decision_type=8 10 10 8 10 10 10 8 10 10 10 8 8 8
left_child=1 2 4 -4 7 6 -6 8 -1 -10 -11 -12 13 -9
right_child=-2 -3 3 -5 5 -7 -8 12 9 10 11 -13 -14 -15
leaf_value=-0.044529976621279631 -0.00089924685929488278 -0.033659163960122661 -0.010692369060545701 0.07263875836834581 0.032869639704311275 0.029105955593491446 -0.048848705328831982 0.083172174602804003 0.026031306444656024 -0.058468135733036858 0.07150294606464451 -0.071163446997454999 0.0072250555018458984 -0.06002894644889805
leaf_weight=7.9023358801904555 930.64675533867273 7.3204734918305681 1.8837419906161823 4.445203440217913 2.8575612386524698 4.1552000841219465 10.463339113218673 2.8706084712402444 9.0608080753332221 4.1309145132428462 2.8793639112278386 1.9634455223721481 211.81262176306504 0.56057016856931641
leaf_count=31790 386145 1176743 462 11479 25172 4736 24219 2265 56724 17111 1816 6042 501766 3961
internal_value=0.000305319 0.0044221 0.00547413 0.0478362 0.0044376 -0.0169519 -0.0313187 0.00598749 -0.0112348 0.00335441 -0.0195425 0.013661 0.00806277 0.0597766
internal_weight=1202.95 272.306 264.986 6.32895 258.657 17.4761 13.3209 241.181 25.9369 18.0345 8.97372 4.84281 215.244 3.43118
internal_count=2250431 1864286 687543 11941 675602 54127 49391 621475 113483 81693 24969 7858 507992 6226
is_linear=0
shrinkage=0.05


Tree=327
num_leaves=15
num_cat=0
split_feature=18 18 7 4 23 24 16 1 17 17 1 17 17 4
split_gain=2.90498 5.9276 4.49097 4.25376 4.92968 3.83655 3.55853 7.49825 4.63568 4.37073 4.33877 3.83202 4.14591 3.94554
threshold=0.11404671892523767 0.13292095810174945 59.135911941528327 0.00051006674766540538 32.500000000000007 2.3152083158493046 3.8176519870758061 35.500000000000007 5.5664324760437021 5.6149497032165536 56.500000000000007 4.9593360424041757 4.8081026077270517 0.0040641427040100106
decision_type=10 10 10 10 8 10 10 10 8 8 10 8 8 10
left_child=-1 3 -3 5 6 -2 8 -8 11 -10 -9 12 -5 -13
right_child=1 2 -4 4 -6 -7 7 10 9 -11 -12 13 -14 -15
leaf_value=0.0040955559463770009 -0.084312236056810652 -0.00082965935796574174 0.017366723553579527 -0.014542637873407524 -0.048625018641906707 0.045242506122482935 -0.070351215888119448 0.06274709637572104 0.063221913320687315 0.003650973378391667 -0.045144504191108575 0.010854708203927185 0.047295746323170823 -0.051278901003503685
leaf_weight=384.70753714611283 3.6531745755496834 723.98872264407498 35.574800759201707 7.6473833707093455 8.1084149331805389 0.67740666738245625 5.6731500131261212 2.3402348361724528 4.6112758025543021 9.2670019854658126 1.5483191560296767 3.6540369815297362 4.198557703410998 8.4949597690387346
leaf_count=506217 4093 1627178 28648 1287 78479 14 799 109 189 1047 394 207 385 1894
internal_value=0.000511338 -0.00117137 2.25836e-05 -0.016318 -0.0125967 -0.0640468 -0.00643806 -0.0336936 0.00044304 0.0234444 0.0197875 -0.0128605 0.00737474 -0.0325911
internal_weight=1204.14 819.437 759.564 59.8739 55.5433 4.33058 47.4349 9.5617 37.8732 13.8783 3.88855 23.9949 11.8459 12.149
internal_count=2250940 1744723 1655826 88897 84790 4107 6311 1302 5009 1236 503 3773 1672 2101
is_linear=0
shrinkage=0.05


Tree=328
num_leaves=15
num_cat=0
split_feature=10 17 16 3 27 1 16 2 4 3 3 0 4 1
split_gain=3.70022 3.11525 3.0129 2.99802 2.9569 4.92111 5.7962 3.50361 3.31988 2.60553 3.6996 2.58248 3.93229 3.30427
threshold=0.018702840432524685 4.2696731090545663 3.7726949453353886 0.28674250841140753 4.2454400062561044 50.500000000000007 2.2499048709869389 0.61949867010116588 0.015565723180770876 0.061360150575637824 0.052876651287078864 0.68959107995033275 0.05502936244010926 41.500000000000007
decision_type=8 10 10 10 8 8 10 10 10 10 8 10 10 8
left_child=1 2 -1 11 5 8 -7 -6 9 10 -3 12 13 -2
right_child=3 4 -4 -5 7 6 -8 -9 -10 -11 -12 -13 -14 -15
leaf_value=-0.053466943518051917 -0.0071469118968086852 0.029956322239828248 0.030250473187436174 -0.091312873248243345 0.053747852953211342 0.057394711756903527 -0.043352693541566324 0.0083180279487154434 -0.040928595055794839 0.064344510484197481 -0.11620299682628113 0.0021937524967429629 -0.042097296038439438 -0.00017462208674421352
leaf_weight=2.9807892383572607 212.81850432241592 2.8325969223262253 1.6806758027427608 0.90229045981823119 10.223186959761351 1.8166817841809892 6.6663231317179967 7.2563196381607815 1.4089932962023883 5.1290796082915495 0.51106894265983971 585.03252927588028 6.2144953338413407 347.24213811611958
leaf_count=65177 81148 331 56548 136776 160034 18296 479279 9026 4203 1063 215 50479 369052 818297
internal_value=0.000314728 0.015168 -0.0232829 -0.000207436 0.0201685 0.00615807 -0.0217771 0.0348884 0.0301391 0.0419574 0.00761632 -0.000136036 -0.002543 -0.0021041
internal_weight=1192.72 40.5057 4.66147 1152.21 35.8443 18.3647 8.483 17.4795 9.88174 8.47275 3.34367 1151.31 566.275 560.061
internal_count=2249924 794172 121725 1455752 672447 503387 497575 169060 5812 1609 546 1318976 1268497 899445
is_linear=0
shrinkage=0.05


Tree=329
num_leaves=15
num_cat=0
split_feature=10 17 2 4 17 16 24 27 25 26 27 2 2 0
split_gain=2.78229 3.12731 4.09279 3.18246 2.91418 2.64541 2.62761 2.52548 4.6737 2.73507 3.83255 2.66212 3.35704 5.66853
threshold=0.018912463448941711 5.2390944957733163 1.0882717370986941 0.0015931725502014162 5.3821961879730233 6.5419692993164071 1.8478996753692629 2.1672358512878422 1.5000000000000002 0.08893280848860742 3.3038102388381962 0.065208449959754958 0.13000098615884784 0.58140292763710033
decision_type=8 8 10 10 10 10 8 10 10 10 8 8 8 8
left_child=1 3 5 6 -4 -3 -1 8 -2 10 -9 -11 -13 -14
right_child=7 2 4 -5 -6 -7 -8 9 -10 11 -12 12 13 -15
leaf_value=0.008209205393131665 -0.0015939606423003201 -0.035574715500088727 -0.075646832541831632 0.015098254347364549 0.030819050451014948 0.049937826259335932 0.087244791114473585 0.027249769261928233 -0.081688443134005861 -0.063778232520962749 -0.064234293843686813 0.076498336796867752 -0.057745117252234038 0.0079175093405401478
leaf_weight=1.5750308479653194 1004.6437532275214 8.3042861829237378 0.7014980800518823 18.660193011081294 7.673542450121591 1.0149664116130086 3.1644148937385403 1.791063699312551 1.8246691700273903 1.3338313013532419 3.1728664398147046 1.7258740580079039 3.3679594638345201 136.40287733684093
leaf_count=30052 1317794 395849 827 362708 2642 2596 611 3896 8678 52652 5186 2209 21696 42564
internal_value=-0.000387784 0.0123968 -0.00346508 0.0243912 0.0219014 -0.0262615 0.0609794 -0.000842939 -0.00173917 0.00526031 -0.0312254 0.00652833 0.00719108 0.00633528
internal_weight=1195.36 41.0939 17.6943 23.3996 8.37504 9.31925 4.73945 1154.26 1006.47 147.794 4.96393 142.831 141.497 139.771
internal_count=2249960 795285 401914 393371 3469 398445 30663 1454675 1326472 128203 9082 119121 66469 64260
is_linear=0
shrinkage=0.05


Tree=330
num_leaves=15
num_cat=0
split_feature=8 10 22 23 17 23 1 2 23 1 23 4 3 16
split_gain=2.85682 2.23495 3.64731 5.90309 3.02841 3.44174 2.73506 3.43806 7.87949 9.01553 16.3662 5.86704 6.21534 5.89823
threshold=197.50000000000003 0.019315313547849659 0.56571912765502941 9.5000000000000018 5.7761018276214608 23.500000000000004 71.500000000000014 0.78814804553985607 118.50000000000001 120.50000000000001 122.50000000000001 0.010213136672973635 0.11282742023468019 3.1567740440368657
decision_type=10 8 8 8 10 10 8 10 10 10 10 10 8 8
left_child=1 4 3 -3 -1 -6 -4 -8 11 -10 -11 -9 13 -13
right_child=-2 2 6 -5 5 -7 7 8 9 10 -12 12 -14 -15
leaf_value=0.016900492071035059 -0.082435577255660544 -0.063661477913292644 -0.0011493075345718245 -0.0074686653051090641 -0.044328988696135066 0.03445481419099182 0.0014596759715695949 -0.0071184874665518767 0.10677434470591823 1.9702280390030091 -0.0074686653051090641 -0.0074686653051090641 -0.0074686653051090641 0.044598698980085297
leaf_weight=36.761992479379693 1.0473531613629337 5.421030481612628 832.99828500573244 33.804140756852135 4.5075625522273333 2.0019341580946843 213.18318229938848 25.131299715116199 1.4826958853119852 0.01830418589133849 0.022173645416554907 5.6685649364889299 8.9867700146676643 25.560752960141738
leaf_count=628847 4719 4032 84578 1106789 8787 155071 229835 7435 3694 14 214 723 11623 3163
internal_value=0.000106353 0.000178664 -0.000240268 -0.0152251 0.0113344 -0.0200998 0.000287816 0.00456243 0.014454 0.126873 0.863094 0.0118336 0.0236769 0.0343255
internal_weight=1196.6 1195.55 1152.28 39.2252 43.2715 6.5095 1113.05 280.054 66.8706 1.52317 0.0404778 65.3474 40.2161 31.2293
internal_count=2249524 2244805 1452100 1110821 792705 163858 341279 256701 26866 3922 228 22944 15509 3886
is_linear=0
shrinkage=0.05


Tree=331
num_leaves=15
num_cat=0
split_feature=10 22 23 1 1 16 22 14 16 1 1 24 13 23
split_gain=2.76992 3.53675 3.69468 2.98618 3.24994 2.93403 6.516 4.4852 4.85581 3.71906 5.39578 6.80378 6.00965 3.62014
threshold=0.018912463448941711 0.449222281575203 511.50000000000006 205.50000000000003 241.50000000000003 2.8029010295867924 0.56754872202873241 1.0000000180025095e-35 2.7403194904327397 76.500000000000014 15.500000000000002 1.7424008250236513 0.10762548446655275 55.500000000000007
decision_type=8 8 10 10 8 10 8 8 10 10 8 8 10 10
left_child=-1 -2 3 5 -5 7 -7 13 9 10 -9 12 -12 -3
right_child=1 2 -4 4 -6 6 -8 8 -10 -11 11 -13 -14 -15
leaf_value=0.012391137673607212 -0.054998934239185782 0.01024964293894208 0.052692724268374395 -0.027759501951714206 -0.00024390238646542026 -0.027759501951714206 -0.00098118178468667395 -0.011164523710081614 0.034932973114798101 -0.027759501951714206 -0.017316891973357191 0.029022281916195426 0.056371850493163261 0.047366761257312033
leaf_weight=42.131463090137366 2.9868466133459783 88.423405471638134 3.2527967244066067 8.553841979659131 12.801117882356772 18.162775234727409 883.97885594708998 60.488460420861927 8.6481712080639124 10.564512679447331 21.402642908077048 25.647627275246478 3.1776551681191689 7.0964919097644374
leaf_count=795630 572792 21982 39740 31725 45085 373896 265562 3753 4958 14275 37858 2754 1347 39397
internal_value=-0.000201651 -0.00066093 -0.00052007 -0.000670721 -0.0191934 -0.000319927 -0.00159494 0.00478206 -0.00126481 -0.00384596 -0.00110615 0.0110069 -0.00779067 0.0130072
internal_weight=1197.32 1155.19 1152.2 1148.95 21.355 1127.59 902.142 225.449 129.929 121.281 110.716 50.2279 24.5803 95.5199
internal_count=2250754 1455124 882332 842592 76810 765782 639458 126324 64945 59987 45712 41959 39205 61379
is_linear=0
shrinkage=0.05


Tree=332
num_leaves=15
num_cat=0
split_feature=26 22 18 16 24 26 17 10 10 17 16 8 18 4
split_gain=2.52411 3.2313 2.50557 3.3847 4.90661 4.84664 3.18337 3.29861 2.25725 2.17701 2.12884 6.16684 4.74418 3.6896
threshold=0.45993590354919439 0.51649558544158947 0.43973767757415777 3.9415346384048466 1.4286566376686098 0.54006412625312816 5.3683068752288827 0.0094355521723628061 0.018462181091308597 6.3153564929962167 1.7005987167358401 3.5000000000000004 0.022603782825171951 0.0081670582294464129
decision_type=10 8 10 10 10 10 10 8 8 8 8 8 8 10
left_child=8 -2 3 6 -5 -6 7 -3 9 -1 11 -10 -12 -13
right_child=1 2 -4 4 5 -7 -8 -9 10 -11 12 13 -14 -15
leaf_value=0.014982373818400936 -0.073567606592417498 0.13596428480673556 -0.013759497464627539 0.073968115122474379 0.050257879100615202 -0.014156086206952793 -0.01502510242064789 0.012330319468721443 0.095961898252794109 -0.03986922459944986 -0.047741519186005055 -0.036017915781581464 -0.0008268840009227745 0.022793078044773454
leaf_weight=33.508568932661312 1.1722374758009779 0.54713555338731934 9.6687750145910467 5.0781204008402439 5.3608876002266737 6.4143881950626565 12.381436669195116 38.685340352503445 2.16808950404464 1.912153953486835 5.4161054884529554 3.8607552224562296 1065.2404790293517 8.6240907833020426
leaf_count=720724 50920 227 7207 2968 248 341 2962 6338 47 54105 7902 4089 1375522 16075
internal_value=0.000210238 0.00883045 0.0100666 0.0134313 0.0328861 0.0151694 0.00707873 0.0140545 -0.00039977 0.0120213 -0.000805149 0.0181238 -0.00106421 0.00460664
internal_weight=1200.04 79.3083 78.1361 68.4673 16.8534 11.7753 51.6139 39.2325 1120.73 35.4207 1085.31 14.6529 1070.66 12.4848
internal_count=2249675 71211 20291 13084 3557 589 9527 6565 2178464 774829 1403635 20211 1383424 20164
is_linear=0
shrinkage=0.05


Tree=333
num_leaves=15
num_cat=0
split_feature=24 24 18 3 3 0 2 16 16 4 23 24 16 18
split_gain=1.81447 3.52171 3.07014 2.83136 2.9302 3.19516 2.6862 3.14664 2.0501 2.86137 1.80894 4.06608 11.9091 5.58703
threshold=-0.08768697082996367 0.088347319513559355 0.39538216590881353 0.28674250841140753 0.27084156870841986 0.485785722732544 -0.65312147140502919 3.4811217784881596 3.5972183942794804 0.013767749071121218 28.500000000000004 1.4647108316421511 3.9219243526458745 0.5484551489353181
decision_type=8 8 10 10 10 8 8 10 10 8 10 8 8 10
left_child=-1 2 -2 4 5 -3 7 -7 -9 -10 11 12 -8 -14
right_child=1 3 -4 -5 -6 6 10 8 9 -11 -12 -13 13 -15
leaf_value=-0.041633900374458237 -0.051091631651347919 -0.061149765169949993 0.069032357740814329 -0.090592235125613527 0.067410565284477281 -0.030528042694774039 -0.030528042694774039 0.078277793709784382 -0.030528042694774039 0.064108919275638998 0.005591399892391922 6.6863234173060568e-05 0.016220005170496276 -0.030528042694774039
leaf_weight=2.6023418128808631 0.64151579625802391 2.1335379736894091 3.1132842775209482 0.86169155901234162 1.6134444554072604 0.84861443173605877 34.450913213063274 2.7686035850440396 0.97507314646588061 1.3120955493330342 125.672487612444 976.18451626786646 30.100378148648108 3.6945943446672755
leaf_count=937617 65199 56544 40425 123583 41935 7479 20636 898 5301 5585 807862 118924 12337 6015
internal_value=7.09359e-05 0.000162571 0.0485089 8.81184e-06 7.49868e-05 -1.72282e-05 9.36798e-05 0.0337339 0.0493388 0.0143084 -7.60702e-05 -0.000758016 -0.012557 0.00862758
internal_weight=1186.97 1184.37 3.7548 1180.62 1179.75 1178.14 1176.01 5.90439 5.05577 2.28717 1170.1 1044.43 68.2459 33.795
internal_count=2250340 1312723 105624 1207099 1083516 1041581 985037 19263 11784 10886 965774 157912 38988 18352
is_linear=0
shrinkage=0.05


Tree=334
num_leaves=15
num_cat=0
split_feature=3 3 18 23 17 3 3 3 18 12 18 2 23 2
split_gain=3.4288 3.67291 6.29894 4.90497 5.37688 6.59343 6.4595 5.08963 4.86798 4.24184 4.00339 6.4369 5.08875 4.57981
threshold=0.28674250841140753 0.085557550191879286 0.031587261706590659 2.5000000000000004 4.4484992027282724 0.12093469500541688 0.11042261123657228 0.13302579522132876 0.50888624787330639 0.059411764144897468 0.041128322482109077 1.2261863350868227 2.5000000000000004 1.821476995944977
decision_type=10 10 8 10 8 10 10 10 8 8 8 8 10 10
left_child=1 2 -1 4 7 6 8 -3 9 -6 11 -4 -13 -12
right_child=-2 3 10 -5 5 -7 -8 -9 -10 -11 13 12 -14 -15
leaf_value=-0.038866530103086799 -0.091912285259308404 0.042397304608313147 -0.076008926271189645 0.0092402808385034646 0.028903243296260497 0.0063493779476617362 -0.056105671036567467 -0.073243956520735745 -0.065040429522209092 -0.014218304472495792 -0.0043409397960634168 -0.036876823631982907 0.046248029424071219 0.0031248882188425601
leaf_weight=10.945358573090905 1.0041549443978954 9.1640083889733468 1.4628638452097096 221.71419631251206 7.1944349240309293 43.327932692221054 10.082481445236963 1.0617189427715636 3.7786205424192749 27.510858633658586 483.27517905812147 2.1596627987273704 12.483807086418073 357.27220991064712
leaf_count=3937 479819 1750 1237 1507547 626 39080 2412 7109 777 3060 188188 92 1676 12603
internal_value=0.000442198 0.000520035 -0.00117603 0.00506404 -0.00400306 -0.00783027 -0.0204805 0.0303905 -0.011147 -0.00527917 -0.000694462 0.023998 0.0339885 -0.00116761
internal_weight=1192.44 1191.43 867.599 323.834 102.12 91.8943 48.5664 10.2257 38.4839 34.7053 856.654 16.1063 14.6435 840.547
internal_count=2249913 1770094 207733 1562361 54814 45955 6875 8859 4463 3686 203796 3005 1768 200791
is_linear=0
shrinkage=0.05


Tree=335
num_leaves=15
num_cat=0
split_feature=18 8 18 17 17 17 1 1 16 18 18 1 26 17
split_gain=4.04269 4.6814 3.33894 8.06445 3.03949 2.92161 2.80157 5.79649 4.67611 4.39271 4.98191 4.34112 5.44118 6.78611
threshold=0.018532829359173778 2.5000000000000004 0.022603782825171951 5.4868674278259286 4.8402345180511483 6.8243525028228769 73.500000000000014 78.500000000000014 4.3241107463836679 0.16003441810607913 0.068581741303205504 54.500000000000007 0.16228070110082629 5.4445774555206308
decision_type=8 8 8 10 10 10 10 8 10 8 10 10 10 8
left_child=1 -1 3 -2 -3 6 11 8 9 10 -8 -4 13 -13
right_child=2 4 5 -5 -6 -7 7 -9 -10 -11 -12 12 -14 -15
leaf_value=0.096343641040578784 0.044337627119155405 0.10510527452606716 -0.0001713144327255134 -0.079238783768529691 -0.0097782760300548065 -0.085749148581945545 0.05499869055453719 0.0033592426959707269 -0.053723043266126286 0.068522040298639592 -0.047206640071083987 -0.06086776873373409 0.026050752657873957 -0.0099538783124827578
leaf_weight=2.317971282118136 1.9913472567433421 0.68342752360326686 998.58223614131043 3.9172448336927603 3.6537887215344917 0.99046271755651005 2.6001095692623037 142.30969198666122 1.2936883565640709 8.0734521118814939 2.2021127740580351 9.7341400388074888 5.868327514125304 19.974168141759847
leaf_count=35 2645 842 1488372 6089 16208 5554 1587 626575 6375 9328 4374 44770 7195 30081
internal_value=0.000119321 0.038981 -9.66491e-05 -0.0375904 0.00832425 8.92604e-05 0.000160667 0.00639581 0.0368935 0.0459982 0.00813129 -0.000782774 -0.0179455 -0.0266362
internal_weight=1204.19 6.65519 1197.54 5.90859 4.33722 1191.63 1190.64 156.479 14.1694 12.8757 4.80222 1034.16 35.5766 29.7083
internal_count=2250030 17085 2232945 8734 17050 2224211 2218657 648239 21664 15289 5961 1570418 82046 74851
is_linear=0
shrinkage=0.05


Tree=336
num_leaves=15
num_cat=0
split_feature=22 16 16 3 23 3 1 1 17 13 3 23 17 23
split_gain=2.12959 3.65089 4.08845 1.94702 1.70668 4.13477 10.1025 5.03695 4.85035 5.60476 4.19518 4.09266 6.30107 4.81971
threshold=0.51492512226104747 2.6020033359527592 4.9732735157012948 0.38022665679454809 35.500000000000007 0.11042261123657228 63.500000000000007 77.500000000000014 4.9593360424041757 0.098780486732721343 0.098565906286239638 58.500000000000007 4.7317931652069101 82.500000000000014
decision_type=8 10 8 10 10 10 8 8 10 10 8 10 8 10
left_child=1 -1 -3 -4 -2 6 -6 -8 10 -10 -9 -12 -13 -14
right_child=4 2 3 -5 5 -7 7 8 9 -11 11 12 13 -15
leaf_value=-0.0082733167332798407 -0.00083995542277374166 -0.0530823682895777 -0.0082733167332798407 -1.0810517902619405 -0.0065538784114106356 -0.0064044141580806334 0.076367366518722793 0.015384789363231906 -0.0082733167332798407 0.087980341647390436 0.044311604302795772 -0.0082733167332798407 0.29362405279958803 0.1123724585331673
leaf_weight=7.6712075736689558 1081.9911759463637 10.311332229185521 3.3232010121670017 0.0060668790018020271 25.335395575260726 36.359690093189499 6.4310950213576197 3.220657944205223 9.8169816992734322 1.7340754435386063 2.060346960865413 0.3320173593248924 0.65471347555586445 0.83395923221119694
leaf_count=192479 205229 1152470 238354 23704 40519 347396 5446 4742 30396 2673 1306 3572 386 2122
internal_value=-0.000584467 -0.0162478 -0.0359947 -0.00827332 -0.000298856 0.00644776 0.0157161 0.0382094 0.0250532 0.00506129 0.0575706 0.0925782 0.147198 0.192086
internal_weight=1190.08 21.3118 13.6406 3.32927 1168.77 86.7789 50.4192 25.0838 18.6528 11.5511 7.10169 3.88104 1.82069 1.48867
internal_count=2250794 1607007 1414528 262058 643787 438558 91162 50643 45197 33069 12128 7386 6080 2508
is_linear=0
shrinkage=0.05


Tree=337
num_leaves=15
num_cat=0
split_feature=18 4 24 11 22 24 12 13 18 1 2 2 18 8
split_gain=2.43339 3.25968 2.67567 2.83263 1.98087 1.60624 4.43163 3.67935 3.00204 3.65713 6.07266 2.58534 3.85818 2.5688
threshold=0.018532829359173778 0.0067486166954040536 1.1304783225059511 1.0000000180025095e-35 0.67306184768676769 2.3152083158493046 0.077935222536325469 0.14495798945426944 0.055598488077521331 16.500000000000004 1.821476995944977 0.74682927131652843 0.059334607794880874 5.5000000000000009
decision_type=8 10 8 8 10 10 8 8 10 10 8 8 10 10
left_child=1 -1 -3 4 -4 -2 -7 -8 9 10 -9 -10 -13 -12
right_child=5 2 3 -5 -6 6 7 8 11 -11 13 12 -14 -15
leaf_value=-0.049283773515739045 -0.0010507065083308958 0.085500507388153332 -0.065992825378494546 -0.099302620459944882 0.052901554639529183 0.018424336399682589 -0.060029548805769155 -0.080207795085180306 -0.023788259830337121 0.022734344272177631 0.0086625287835449104 0.062551087202151343 0.0032118686993464515 -0.035773135027021605
leaf_weight=1.0780253830608666 871.13589756124736 2.4044941142399594 0.41259717265961882 0.45878862510179796 2.3212032239242433 41.096455340673856 2.4618188130581302 4.0873441348856199 8.740802216894048 4.7154406787554768 7.5420210468410041 2.7710016356563747 239.38600972602376 5.7184491473548178
leaf_count=3370 2224327 11855 1406 470 47 1165 79 128 417 176 260 67 6302 129
internal_value=0.00022687 0.0303312 0.0456655 0.0156637 0.0349575 5.76714e-05 0.00310819 0.000822833 0.00137166 -0.0163108 -0.0269239 0.0029266 0.00389089 -0.0104999
internal_weight=1194.33 6.67511 5.59708 3.19259 2.7338 1187.66 316.519 275.423 272.961 22.0633 17.3478 250.898 242.157 13.2605
internal_count=2250198 17148 13778 1923 1453 2233050 8723 7558 7479 693 517 6786 6369 389
is_linear=0
shrinkage=0.05


Tree=338
num_leaves=15
num_cat=0
split_feature=24 4 24 4 4 1 12 3 3 3 18 18 1 22
split_gain=2.49495 4.72887 5.02252 7.21829 6.80938 4.46842 3.83422 3.75606 3.67708 5.35074 7.94065 4.45126 4.22057 3.58046
threshold=0.97320964932441723 0.002250522375106812 0.94412466883659374 0.0043772459030151376 0.0042467415332794198 199.50000000000003 0.077935222536325469 0.2139948904514313 0.10399103164672853 0.085557550191879286 0.65681564807891857 0.66697305440902721 199.50000000000003 0.62438565492630016
decision_type=8 8 8 10 8 10 8 8 8 10 10 10 8 8
left_child=1 7 8 4 5 -4 -6 -1 9 10 -3 -12 -10 -14
right_child=-2 2 3 -5 6 -7 -8 -9 12 -11 11 -13 13 -15
leaf_value=-0.044259457297836792 -8.9774293016594208e-05 -0.024072007566019068 -0.053478927416164362 0.038822708573554736 0.58425460951869568 0.27717308140788455 0.23580567197445049 0.051501272759665997 -0.05448334169623828 0.06494647960847616 0.3951915773859398 0.068583722238266254 -0.00031647439217510421 0.067284470962274967
leaf_weight=5.5731155528720588 1151.9609213234864 6.2768948996342795 0.25103053629812144 2.9684780570177129 0.13893503193077805 0.17231297661423639 0.18284841037140076 1.2544918516395762 3.1455336423204505 6.6431047584303071 0.10944194392621875 2.2292549210811856 15.058319605673839 2.2516039838289563
leaf_count=85905 392731 62524 1200 21797 180 121 672 39980 467638 68040 304 11222 1092378 4192
internal_value=0.000367414 0.0117534 0.0184062 0.0737478 0.212884 0.0811059 0.386254 -0.0266646 0.0126517 0.0312274 0.00522816 0.0838677 -0.0012049 0.00847678
internal_weight=1198.22 46.2554 39.4278 3.71361 0.745127 0.423344 0.321783 6.82761 35.7142 15.2587 8.61559 2.3387 20.4555 17.3099
internal_count=2248884 1856153 1730268 23970 2173 1321 852 125885 1706298 142090 74050 11526 1564208 1096570
is_linear=0
shrinkage=0.05


Tree=339
num_leaves=15
num_cat=0
split_feature=3 3 2 3 26 18 9 9 7 2 0 16 2 17
split_gain=2.26922 4.36 2.96781 2.92971 2.4143 5.32541 4.74661 5.88182 5.14101 3.2775 6.75836 4.89565 4.38245 5.63639
threshold=0.23374149203300479 0.2305547893047333 -1.1191984415054319 0.22227323055267337 0.08893280848860742 0.028821638785302642 0.1914731562137604 0.20793064683675769 6.1545753479003915 -0.60383275151252735 0.56623902916908275 2.8029010295867924 0.27258309721946722 5.7413980960845956
decision_type=10 10 8 10 8 8 8 8 8 8 8 8 8 8
left_child=1 3 -2 4 5 -1 8 -8 -7 -9 11 -11 13 -12
right_child=2 -3 -4 -5 -6 6 7 9 -10 10 12 -13 -14 -15
leaf_value=-0.041669098672936902 0.014503284772967813 0.06513483552603444 -0.065758131919641319 -0.069938905333103374 0.0031979132672061701 -0.12370297674020894 -0.10920739963620577 0.041031281780048855 0.046949867915381915 -0.01547639223375292 0.036790040485335518 -0.053244949406866388 -0.0013414024888578585 -0.01547639223375292
leaf_weight=8.0869952375779288 1.9164914366212971 2.6200239737115671 2.8864237709888148 1.4716869509102242 522.10101436628634 0.46830080991641032 1.2608792877032773 4.581087814490707 7.6622158937970024 7.8068558813157143 16.465811947393384 11.633150967972353 602.10649328114482 7.384704093176885
leaf_count=15462 316909 25774 524507 68495 474800 1453 6429 20883 22528 32982 23479 180154 512115 24433
internal_value=0.00056754 0.000705551 -0.0337317 0.00056382 0.000651044 -0.00134118 -0.00084657 -0.00132058 0.0371206 -0.00111129 -0.00141042 -0.030444 -0.000508741 0.0205118
internal_weight=1198.45 1193.65 4.80292 1191.03 1189.56 667.456 659.369 651.239 8.13052 649.978 645.397 19.44 625.957 23.8505
internal_count=2250403 1408987 841416 1383213 1314718 839918 824456 800475 23981 794046 773163 213136 560027 47912
is_linear=0
shrinkage=0.05


Tree=340
num_leaves=15
num_cat=0
split_feature=0 3 17 16 3 16 27 15 23 16 23 16 24 3
split_gain=2.37082 2.34261 3.69882 4.552 3.0764 2.23365 2.15265 3.74055 4.02448 2.88161 4.05141 4.32129 3.14499 2.81514
threshold=0.485785722732544 0.2139948904514313 4.8402345180511483 6.3198683261871347 0.22227323055267337 2.9700856208801274 1.3935604095458987 1.0000000180025095e-35 11.500000000000002 5.1901714801788339 32.500000000000007 4.1026091575622567 1.5026199221611025 0.067790389060974135
decision_type=8 10 8 10 10 8 8 8 10 8 10 10 10 8
left_child=-1 6 4 5 -3 -4 7 8 -2 10 11 12 -10 -8
right_child=1 2 3 -5 -6 -7 13 -9 9 -11 -12 -13 -14 -15
leaf_value=-0.037813532336788025 -0.019055232146621082 0.080751134271692671 0.0565077173912924 0.076611925878895648 -0.019055232146621082 -0.019055232146621082 -0.00090038700276100616 -0.0012432209427024608 0.058227703071699048 0.041166396094817689 -0.019055232146621082 -0.019055232146621082 -0.019055232146621082 0.0068426956761246903
leaf_weight=4.2259636710848056 37.636826192643717 3.3263116511243247 1.0396234222400131 1.4336817006226805 0.52902138336208215 3.1354667056103001 314.18917667235337 629.78830559755875 5.1346388192295187 4.4839885481853186 4.1398964725605474 1.4066714219238408 0.64089227500353008 187.39962463866163
leaf_count=578038 6796 18927 41647 2989 111407 283542 25917 692405 1810 20671 88392 1941 592 374898
internal_value=-0.000429216 -0.000296932 0.0244803 -0.00143513 0.0621823 -0.0190552 -0.000494848 -0.00232093 -0.015021 0.00724246 -0.00619274 0.021823 0.0437822 0.00199252
internal_weight=1198.51 1194.28 9.4641 5.60877 3.85533 4.17509 1184.82 683.231 53.4429 15.8061 11.3221 7.1822 5.77553 501.589
internal_count=2249972 1671934 458512 328178 130334 325189 1213422 812607 120202 113406 92735 4343 2402 400815
is_linear=0
shrinkage=0.05


Tree=341
num_leaves=15
num_cat=0
split_feature=3 23 4 24 18 18 18 18 13 24 22 24 17 16
split_gain=3.79647 2.5467 4.55214 4.32364 4.20055 3.50774 7.07986 6.66101 5.74874 3.66515 3.71494 3.47404 3.92227 3.70354
threshold=0.28674250841140753 35.500000000000007 0.019650280475616459 1.3424053192138674 0.013455932494252922 0.20305540412664416 1.0309677720069887 0.19589135795831683 0.098780486732721343 0.73850768804550182 0.58374190330505382 1.2714552283287051 5.3008110523223886 3.1567740440368657
decision_type=10 10 10 10 8 10 10 10 8 8 8 8 10 10
left_child=1 -1 5 4 -4 7 9 8 -3 10 -7 13 -13 -10
right_child=-2 2 3 -5 -6 6 -8 -9 11 -11 -12 12 -14 -15
leaf_value=-0.00079316874304515689 -0.096322307458418577 -0.055988956159024619 0.088812623282543066 0.093316098658082894 -0.025107613642117034 -0.018719945418954009 0.037922261650966876 0.089443037732998151 0.024522645815161583 -0.030243547667193844 0.052543331633137957 -0.07315157929386816 0.065508451127204478 -0.0060966373782658061
leaf_weight=1090.9735419146666 1.0254061038517637 2.6810832782664291 0.84827267109779136 0.88447015224652048 17.557930468700423 4.1453343024800766 8.3412965631748701 3.2174902413918565 29.105144381382999 15.008319299710687 3.2724796702548673 0.55849656612036014 5.8740229068382064 14.947548601059337
leaf_count=201763 480130 36142 3067 686 836455 268152 85401 8942 123484 81979 3560 478 664 119338
internal_value=-0.000155267 -7.29146e-05 0.00730931 -0.0146685 -0.0198575 0.012174 -0.0014053 0.019584 0.0153563 -0.016033 0.0127189 0.0191452 0.0534694 0.0141332
internal_weight=1198.44 1197.42 106.442 19.2907 18.4062 87.1512 30.7674 56.3838 53.1663 22.4261 7.41781 50.4852 6.43252 44.0527
internal_count=2250241 1770111 1568348 840208 839522 728140 439092 289048 280106 353691 271712 243964 1142 242822
is_linear=0
shrinkage=0.05


Tree=342
num_leaves=15
num_cat=0
split_feature=26 10 12 13 18 13 3 12 24 22 24 3 0 16
split_gain=2.44484 3.44714 3.2875 3.76883 7.15548 3.8462 3.2519 2.93075 3.8291 3.13789 2.65468 2.62452 3.70455 4.96848
threshold=0.08893280848860742 0.011363820172846319 0.19543650746345523 0.27525253593921667 0.22501371800899508 0.37980769574642187 0.17652207612991336 0.1123737394809723 1.0498672723770144 0.66424882411956798 2.3152083158493046 0.13404914736747744 0.58140292763710033 3.65057384967804
decision_type=10 8 10 10 8 8 10 8 8 8 10 10 8 10
left_child=2 -2 3 -1 -5 7 11 8 9 -6 -10 12 13 -3
right_child=1 6 -4 4 5 -7 -8 -9 10 -11 -12 -13 -14 -15
leaf_value=-0.0015993708288276336 0.054439646196332375 -0.082128449785563801 0.02533544058927405 -0.078234463419998734 -0.052855076840497797 0.033104399272280489 -0.064337233048587614 -0.080571916499580898 -0.092835989169886335 0.40987699073863165 0.090712251440475997 0.029879600332993451 0.0041530793493067186 -0.016279824736867531
leaf_weight=975.95513821034149 3.3905468598035915 3.415874379467756 11.17667358920812 4.6533605441069037 0.05613430733910308 4.0684206795848974 1.7463022510947031 1.8192182327322186 0.47871059194396581 0.10548016428947427 0.33474387519527227 9.4620428808553623 177.16599620789881 2.3090210270727591
leaf_count=1916556 75828 4555 11671 6420 2433 5334 119024 5519 324 3 4 42295 54084 6313
internal_value=-0.000624467 0.00445875 -0.00162971 -0.00193491 -0.0303713 0.00208306 0.00358568 -0.0430833 0.0268604 0.249154 -0.0173042 0.00420233 0.00287389 -0.0367127
internal_weight=1196.14 197.49 998.648 987.471 11.5161 6.86271 194.099 2.79429 0.975069 0.161614 0.813454 192.353 182.891 5.7249
internal_count=2250363 302099 1948264 1936593 20037 13617 226271 8283 2764 2436 328 107247 64952 10868
is_linear=0
shrinkage=0.05


Tree=343
num_leaves=15
num_cat=0
split_feature=3 2 27 18 9 23 16 26 18 3 8 23 2 17
split_gain=2.44304 2.87939 3.38944 2.88012 2.66731 2.65077 3.8494 5.10885 6.15127 3.83517 4.66684 4.2037 3.76679 4.20899
threshold=0.28674250841140753 -0.65312147140502919 1.1027093529701235 0.091434128582477583 0.34195309877395635 35.500000000000007 3.4498615264892583 0.63068181276321422 1.0309677720069887 0.11639323830604555 42.500000000000007 104.50000000000001 -0.065620016306638704 5.2704288959503183
decision_type=10 8 8 10 8 10 8 10 10 8 8 8 8 10
left_child=1 2 3 -1 -2 -3 9 8 -8 -7 -11 12 13 -12
right_child=4 5 -4 -5 -6 6 7 -9 -10 10 11 -13 -14 -15
leaf_value=-0.062299136417266511 0.049473146987409435 -1.0260255437615714e-05 -0.026867593013973769 0.051792001726542081 -0.09371832452528954 0.02835195135778017 -0.012792445482700927 0.071250451107660193 0.033329816717773929 0.060235045899017237 0.078848528754852598 -0.053673285433236295 -0.012774790245543592 -0.054551240505733838
leaf_weight=0.59897587985869982 0.43228809572898969 1086.0299165548668 2.2250788341090617 7.2308520920669128 1.3130948536023241 32.807489774066312 40.906461038425391 2.321126825152148 8.7808613859275777 2.7581872298962518 2.6599272730416108 4.1290212979990182 8.6648094049492528 0.76031823843808011
leaf_count=23383 226832 193086 64970 87258 252992 72708 826165 13773 143279 15167 10326 254483 59435 6758
internal_value=0.000858491 0.000944477 0.0275887 0.0430641 -0.0582533 0.000719312 0.00835349 -0.00125456 -0.00464161 0.018004 0.000109914 -0.010118 0.00476323 0.0491939
internal_weight=1201.62 1199.87 10.0549 7.82983 1.74538 1189.82 103.788 52.0084 49.6873 51.7798 18.9723 16.2141 12.0851 3.42025
internal_count=2250615 1770791 175611 110641 479824 1595180 1402094 983217 969444 418877 346169 331002 76519 17084
is_linear=0
shrinkage=0.05


Tree=344
num_leaves=15
num_cat=0
split_feature=3 21 10 3 3 3 2 3 10 17 23 17 16 24
split_gain=5.15073 2.85547 2.8211 2.65723 4.04036 2.89161 2.76102 2.73996 2.6775 2.66358 2.58678 3.38133 2.89592 2.47865
threshold=0.28674250841140753 1.5000000000000002 0.0070947809144854554 0.2305547893047333 0.23165494203567508 0.22227323055267337 -0.65312147140502919 0.27084156870841986 0.0065147271379828462 4.930863857269288 511.50000000000006 4.6001451015472421 5.6039605140686044 0.64464259147644054
decision_type=10 10 8 10 8 10 8 8 8 8 10 8 10 8
left_child=1 3 -2 5 -5 6 9 -6 -8 -1 13 -12 -13 -10
right_child=2 -3 -4 4 7 -7 8 -9 10 -11 11 12 -14 -15
leaf_value=0.052999505114764082 0.046455873322365636 -0.05123905746764771 -0.094778885417251588 0.092044661941321521 -0.018335162926155155 -0.070795127191884785 -0.070870382596779927 0.060736740901096598 -0.03571313445831583 -0.019130385281347986 0.065692347897164979 -0.037893158660849205 0.054091144949292749 -0.00066032931321079278
leaf_weight=4.5034805908795015 0.4234461200579222 2.77271365124352 2.1426352946793319 1.9216762754018457 3.4393055562016936 1.4661814652818055 1.3583202368562237 1.607689168037522 5.0653815019529222 1.7880666793208186 3.3753976498836864 2.3003671738111069 1.362431081500586 1154.2714799484861
leaf_count=11528 211620 4699 268183 8903 281993 68176 75344 94920 268438 23626 74002 311433 19870 527346
internal_value=-0.000710923 -0.00055772 -0.0714728 -0.000438879 0.0303452 -0.000621376 -0.00053374 0.00685271 -0.00071172 0.0325001 -0.000630016 0.0295907 -0.00367826 -0.000813482
internal_weight=1187.8 1185.23 2.56608 1182.46 6.96867 1175.49 1174.02 5.04699 1167.73 6.29155 1166.38 7.0382 3.6628 1159.34
internal_count=2250081 1770278 479803 1765579 385816 1379763 1311587 376913 1276433 35154 1201089 405305 331303 795784
is_linear=0
shrinkage=0.05


Tree=345
num_leaves=15
num_cat=0
split_feature=3 2 1 1 24 1 16 2 23 3 3 1 16 2
split_gain=4.2197 3.28418 3.18436 4.81164 6.11995 2.95069 5.06286 5.39239 2.97724 3.8127 6.98829 5.85518 5.1449 4.88891
threshold=0.28674250841140753 -0.65312147140502919 259.50000000000006 290.50000000000006 2.0047768354415898 249.50000000000003 3.6242519617080693 0.4578703790903092 47.500000000000007 0.10399103164672853 0.10261034965515138 199.50000000000003 2.8029010295867924 0.63669449090957653
decision_type=10 8 10 10 10 10 8 8 10 10 10 8 10 10
left_child=1 -1 5 -4 -5 8 7 -7 -3 10 -10 -11 -12 -13
right_child=-2 2 3 4 -6 6 -8 -9 9 11 12 13 -14 -15
leaf_value=0.028556960415479095 -0.067521044716085762 -0.00070283490054884974 -0.060950730588247827 -0.069253416539185528 0.07453045210775805 0.27775158723331139 -0.072418212946528823 0.052289082572203327 0.017813000155771128 -0.047170748815857672 0.28207884339651879 0.0041423523381900239 0.060888161627461128 0.12747391965941909
leaf_weight=10.032857312123612 2.3135630923788986 1112.797909146044 5.1200094262134508 1.2199810482195457 1.8812719374076001 0.29662755607044816 0.720809589113108 2.5030313444505841 32.441157642567035 5.8743765207541996 0.42460029559969847 25.688827902724935 0.69030619548013628 0.8294780738643962
leaf_count=175372 479867 230302 35878 10968 41 2256 7309 2634 240686 505542 991 550038 6223 1488
internal_value=-6.01633e-05 6.98427e-05 -0.000170233 -0.0311806 0.0179683 4.54076e-05 0.0457525 0.0761771 -9.11022e-05 0.0102311 0.022043 -0.00200507 0.145126 0.0080001
internal_weight=1202.83 1200.52 1190.49 8.22126 3.10125 1182.27 3.52047 2.79966 1178.75 65.9487 33.5561 32.3927 1.11491 26.5183
internal_count=2249595 1769728 1594356 46887 11009 1547469 12199 4890 1535270 1304968 247900 1057068 7214 551526
is_linear=0
shrinkage=0.05


Tree=346
num_leaves=15
num_cat=0
split_feature=24 4 24 4 3 2 2 4 3 22 18 4 28 22
split_gain=3.74105 4.17157 4.1376 5.32662 3.69313 3.79988 3.65682 3.3601 3.31993 3.16429 3.63901 3.90985 3.09904 3.09368
threshold=0.97320964932441723 0.002250522375106812 0.94412466883659374 0.0043772459030151376 0.10399103164672853 0.66476523876190197 -0.25051207840442652 0.0042467415332794198 0.28674250841140753 0.64364916086196911 0.093273915350437178 0.0069046020507812509 1.5000000000000002 0.64364916086196911
decision_type=8 8 8 10 8 8 10 8 10 8 10 10 10 10
left_child=1 6 4 7 -3 9 -1 13 -2 10 11 -6 -9 -4
right_child=8 2 3 -5 5 -7 -8 12 -10 -11 -12 -13 -14 -15
leaf_value=0.030958982800898524 -0.00097085077810922299 0.03201401897381826 -0.05299400108785432 0.035226775661018027 0.040702100180890842 -0.052313202015349718 -0.050155406820771312 0.31890407756383315 -0.090577609453828034 0.078915193392198074 -0.018675948020398653 -0.021945048474283638 -0.052050114558502003 0.20233554025313183
leaf_weight=2.0416568181206545 1151.8060766328233 16.075045240469027 0.23117342891606218 2.966995554209876 4.5407420207909821 2.9647210396238668 4.3496644768959847 0.40166702711659497 1.0346099987748392 1.4766302855559192 9.0595697762660592 2.7552400039148441 0.065480897647717029 0.24369794103677123
leaf_count=49828 355306 142638 1267 21856 26456 396195 75808 473 37282 990 961558 180213 397 50
internal_value=-0.000486549 0.0133146 0.0192009 0.0681145 0.0140153 0.000103073 -0.0242441 0.171698 -0.00105127 0.00881763 0.00248901 0.02877 0.266907 0.0780379
internal_weight=1200.01 47.1723 40.781 3.90901 36.8719 20.7969 6.39132 0.942019 1152.84 17.8322 16.3556 7.29598 0.467148 0.474871
internal_count=2250317 1857729 1732093 24043 1708050 1565412 125636 2187 392588 1169217 1168227 206669 870 1317
is_linear=0
shrinkage=0.05


Tree=347
num_leaves=15
num_cat=0
split_feature=24 17 16 22 24 2 3 1 18 26 17 1 2 10
split_gain=3.26334 3.79232 5.07218 4.56195 3.693 4.77176 3.59777 3.56418 3.36665 3.16449 2.5748 2.51134 2.42348 2.24992
threshold=0.97320964932441723 5.4701652526855478 5.6039605140686044 0.56754872202873241 0.95327702164649974 -0.026114902459084984 0.14664825797080996 43.500000000000007 0.057510951533913619 0.19523809850215915 5.4617087841033944 120.50000000000001 -0.21069191396236417 0.021285823546350006
decision_type=8 10 8 10 10 10 8 10 8 10 10 10 8 8
left_child=1 3 13 6 10 12 7 -1 -7 -8 -5 -12 -6 -3
right_child=-2 2 -4 4 5 8 9 -9 -10 -11 11 -13 -14 -15
leaf_value=0.025286405692272709 -0.00042000687000437508 0.035835770135742517 0.047335622072259116 0.033736215900705399 0.025286405692272709 0.23463335736425708 -0.055878222192312504 -0.022459411190615217 0.025286405692272709 0.025286405692272709 0.025286405692272709 0.40271338874126927 0.26428313593579023 -0.032109191469739319
leaf_weight=9.4899767522320619 1151.3161375720347 1.3882775203900224 3.2167783191900172 12.436346818037112 0.074078747269440789 0.19259610547399572 3.4905096454000026 4.1344636542790463 0.45558176384682758 1.0968627779420974 0.04842663354910115 0.093453415332682255 0.53797982571928105 9.9574277366384329
leaf_count=69771 392861 239641 45796 51183 778 76 826393 165044 2207 95560 449 114 379 359836
internal_value=0.000105091 0.0130748 -0.00808288 0.0226881 0.0443283 0.12593 0.00624449 0.0191398 0.0313864 -0.0320545 0.0361525 0.247949 0.226053 -0.0237953
internal_weight=1197.93 46.6128 14.5625 32.0503 13.8385 1.26024 18.2118 13.6244 0.648178 4.58737 12.5782 0.14188 0.612059 11.3457
internal_count=2250088 1857227 645273 1211954 55186 3440 1156768 234815 2283 921953 51746 563 1157 599477
is_linear=0
shrinkage=0.05


Tree=348
num_leaves=15
num_cat=0
split_feature=18 17 16 26 17 0 22 23 18 3 18 18 17 17
split_gain=3.34287 4.57005 8.73938 6.38696 7.83593 7.7603 5.15005 4.87738 4.48781 6.72767 3.87656 5.64087 4.59785 8.75751
threshold=0.39082008600234991 4.6200466156005868 4.135134458541871 0.24404761940240863 4.2413008213043222 0.59864753484725963 0.69894883036613475 511.50000000000006 0.31113496422767645 0.27224054932594305 0.5419428050518037 0.41940385103225714 5.0782890319824228 5.1789667606353769
decision_type=10 8 8 8 10 8 8 10 10 8 10 8 8 8
left_child=8 3 6 4 -2 -5 -3 -7 -1 -10 11 -4 -12 -14
right_child=1 2 10 5 -6 7 -8 -9 9 -11 12 -13 13 -15
leaf_value=-0.00024029545750180303 -0.0067411064330850411 -0.023235428498998817 0.0221397045620754 -0.068715467111798545 -0.064996319015666548 0.0080625821444091569 0.052343678788997754 0.082494602026406572 -0.0091429878571690944 -0.074633874472824227 -0.0049536435936702308 -0.014497856254385821 0.06311814464221914 0.011578237582284129
leaf_weight=867.34327695525644 19.283324740387513 2.6168093878667547 14.235280146302637 3.1865164530814747 8.2387254652449631 38.960359751309632 16.255702408676843 2.3327130453044651 79.318504205883059 4.1253696736328171 28.533301002631738 40.101661793260106 9.6359961486890295 56.973354244861412
leaf_count=1217092 96474 35307 28955 114184 80149 17218 1869 9518 131042 43553 155512 109358 31751 178399
internal_value=2.59988e-05 0.00529423 0.00980309 -0.00524826 -0.0241798 0.00646576 0.0418641 0.0122674 -0.00130578 -0.0123808 0.00575524 -0.00489949 0.0118403 0.0190342
internal_weight=1191.14 240.354 168.352 72.0016 27.5221 44.4796 18.8725 41.2931 950.787 83.4439 149.48 54.3369 95.1427 66.6094
internal_count=2250381 858694 541151 317543 176623 140920 37176 26736 1391687 174595 503975 138313 365662 210150
is_linear=0
shrinkage=0.05


Tree=349
num_leaves=15
num_cat=0
split_feature=3 27 3 18 13 17 13 3 13 11 9 18 9 26
split_gain=2.81495 2.595 2.23014 3.27087 3.6727 2.17417 4.43272 3.70729 2.92855 3.85706 3.88425 2.92764 3.90764 6.14083
threshold=0.28674250841140753 3.1843570470809941 0.13404914736747744 0.14593435078859332 0.14495798945426944 5.2176458835601816 0.012014720588922502 0.098565906286239638 0.40238095819950109 1.0000000180025095e-35 0.66093412041664135 0.41940385103225714 0.42960175871849066 0.51470589637756359
decision_type=10 10 10 10 8 8 8 10 8 8 8 10 8 10
left_child=1 -1 5 -4 -5 8 -7 -8 9 -3 -11 -10 -13 -14
right_child=-2 2 3 4 -6 6 7 -9 11 10 -12 12 13 -15
leaf_value=-0.00049875430873035423 -0.078496257873231834 0.04570240892021471 0.066906178189788376 0.04571667447090233 -0.066703078756417025 -0.051114796664104095 0.0048009816390267327 -0.06098826972740809 0.011269151202563591 0.026450293608567373 -0.09808429769232592 -0.094725034826701485 0.028004014112398213 -0.072076259384011632
leaf_weight=1065.4409401666348 1.1336628964227191 10.77677528040555 3.6427084184726461 1.6444542380467315 1.3015026262255198 4.1948806098325289 53.677845359222829 2.2303182922856228 46.787142179402849 1.6181983619886371 1.0213116555515513 1.4735474471697039 4.6392960649428296 2.2889892923814923
leaf_count=1665888 479843 2139 16248 15576 44808 2935 7639 5803 4647 68 181 857 2872 811
internal_value=0.000255205 0.000329558 0.00685237 0.0352248 -0.00394957 0.00539997 -0.00154297 0.00217648 0.0114825 0.0324346 -0.0217362 0.00638908 -0.0207865 -0.00506083
internal_weight=1201.87 1200.74 135.297 6.58867 2.94596 128.708 60.103 55.9082 68.6053 13.4163 2.63951 55.189 8.40183 6.92829
internal_count=2250315 1770472 104584 76632 60384 27952 16377 13442 11575 2388 249 9187 4540 3683
is_linear=0
shrinkage=0.05


Tree=350
num_leaves=15
num_cat=0
split_feature=24 17 16 17 3 1 7 23 24 23 2 24 1 1
split_gain=1.72979 4.19636 5.33285 5.16665 3.4531 3.11173 2.80832 2.50731 2.42605 2.88955 2.87316 4.31425 3.81552 10.1921
threshold=0.97320964932441723 5.4701652526855478 5.6039605140686044 4.1971738338470468 0.21500721573829654 201.50000000000003 81.980415344238295 86.500000000000014 0.95327702164649974 92.500000000000014 1.299439609050751 0.53810301423072826 9.5000000000000018 10.500000000000002
decision_type=8 10 10 8 10 10 10 8 8 10 8 8 10 10
left_child=1 3 6 -1 5 8 7 -3 10 -10 -5 12 -12 -14
right_child=-2 2 -4 4 -6 -7 -8 -9 9 -11 11 -13 13 -15
leaf_value=-0.059521618845162355 0.00016841896877048193 0.0019596338334517765 0.044041845751330376 0.033679029651280279 -0.040318845842933493 -0.05796779732148865 0.042541193189561836 -0.049929543707461735 0.052550244970439419 0.18646324393316802 0.00051502223198037129 -0.064965639114857893 0.8956878616957149 0.090989764575121021
leaf_weight=1.943851947079219 1158.3267381556066 1.4246623239961989 3.1698013991216998 22.145467512038827 1.9293714534817592 0.99983187531918716 1.1979011171682721 8.2386230109316685 2.2648677145173526 0.48998066013170438 1.1874059851533816 1.9396791670276912 0.044072807546408077 0.3671425762763777
leaf_count=187526 392664 16888 45857 424893 500452 41314 13165 569624 4767 650 24342 16157 715 10927
internal_value=0.0005513 0.0099192 -0.0130177 0.0195803 0.0244822 0.0287292 -0.0296703 -0.0386219 0.0317773 0.0763682 0.0269944 -0.0148431 0.0459729 0.177235
internal_weight=1205.67 47.3427 14.031 33.3117 31.3678 29.4384 10.8612 9.66329 28.4386 2.75485 25.6838 3.5383 1.59862 0.411215
internal_count=2249941 1857277 645534 1211743 1024217 523765 599677 586512 482451 5417 477034 52141 35984 11642
is_linear=0
shrinkage=0.05


Tree=351
num_leaves=15
num_cat=0
split_feature=23 4 16 22 4 0 2 23 4 2 2 16 17 4
split_gain=2.49919 3.96259 4.49414 4.37522 3.61091 3.55348 3.37226 2.99896 2.77317 2.07197 6.10033 4.51369 2.47017 2.16868
threshold=71.500000000000014 0.020785480737686161 2.3502402305603032 0.58374190330505382 0.0023790895938873295 0.61073327064514171 -1.8193638920783994 1613.5000000000002 0.00011849403381347658 1.0752348303794863 1.0620810985565188 2.4414010047912602 5.7761018276214608 0.002250522375106812
decision_type=10 10 8 8 10 8 8 10 8 10 10 8 10 8
left_child=-1 3 -3 4 8 -5 -4 -8 -2 10 12 -12 13 -7
right_child=1 2 6 5 -6 9 7 -9 -10 -11 11 -13 -14 -15
leaf_value=-0.00091998903065055909 0.018596347209877889 0.049631782410452997 -2.9428087538816747 0.018596347209877889 0.011337651727332407 0.035052669972365239 -0.053376864812149698 0.050418067728497634 -0.056539649635331625 0.035052669972365239 0.7469445886491427 0.035052669972365239 0.035052669972365239 0.080770270433503377
leaf_weight=1136.0123031891239 0.79625619159820904 1.7336985038926858 0.0010010858023619309 6.2491312055161705 21.594236968172666 0.59702106350061446 5.6529976990112942 0.79361616700788751 3.7848372747375061 2.1807533651763711 0.056272472800629525 0.026508290851781524 0.97417906146165556 8.7024389206430008
leaf_count=382515 8295 55966 64696 25021 573600 1843 624782 322583 172097 4186 6 164 6301 8214
internal_value=-0.000424217 0.0101737 -0.0218334 0.0159977 0.00278408 0.0344086 -0.0410497 -0.0405991 -0.0375355 0.051509 0.0638277 0.491331 0.060383 0.0721054
internal_weight=1189.16 53.1429 8.18131 44.9616 26.1753 18.7863 6.44761 6.44661 4.58109 12.5372 10.3564 0.0827808 10.2736 9.29946
internal_count=2250269 1867754 1068027 799727 753992 45735 1012061 947365 180392 20714 16528 170 16358 10057
is_linear=0
shrinkage=0.05


Tree=352
num_leaves=15
num_cat=0
split_feature=23 9 3 3 17 17 1 3 1 23 0 16 22 15
split_gain=1.81238 2.86858 2.7265 6.69049 4.4671 4.09993 4.04041 5.91443 4.43302 4.13267 3.91083 3.5949 4.21457 3.51903
threshold=11.500000000000002 0.16882365942001346 0.11752992868423463 0.12093469500541688 6.6663203239440927 6.2906424999237069 71.500000000000014 0.11282742023468019 68.500000000000014 2.5000000000000004 0.60221907496452343 3.6762205362319951 0.75472605228424083 inf
decision_type=8 8 10 8 10 8 10 10 10 10 10 10 10 8
left_child=2 -2 6 4 -4 -5 8 9 -1 13 -11 -9 -13 -8
right_child=1 -3 3 5 -6 -7 7 11 -10 10 -12 12 -14 -15
leaf_value=-0.002059522254199924 -0.073902810873007069 0.0025816063924327449 -0.086941047590213871 -0.0039126897982356022 0.066333049021830501 -0.055745106981963256 0.012444005017476873 -0.099099277470328859 -0.076014893346798937 -0.022996109446948795 0.028331037502373254 -0.0860479921323615 0.044417799656558281 -0.023775825960898393
leaf_weight=686.08345097786378 1.2301243275715936 358.54748396783236 4.1309222777019654 58.951572575602228 0.5371826008085917 4.0791534378464425 17.688443698394622 1.8580669981404287 2.032286057009741 4.1104645410932212 38.207080128979626 1.0329750227695627 1.5446515213698149 10.801033069969934
leaf_count=20907 117962 2085073 736 21338 4 1661 185 174 135 723 1582 161 30 194
internal_value=-0.000644515 0.0023201 -0.00192794 -0.0115447 -0.069303 -0.00726712 -0.00107507 0.00992554 -0.00227794 0.0134342 0.0233454 -0.0460826 -0.00786592 -0.00128779
internal_weight=1190.83 359.778 831.057 67.6988 4.6681 63.0307 763.358 75.2427 688.116 70.807 42.3175 4.43569 2.57763 28.4895
internal_count=2250865 2203035 47830 23739 740 22999 24091 3049 21042 2684 2305 365 191 379
is_linear=0
shrinkage=0.05


Tree=353
num_leaves=15
num_cat=0
split_feature=23 24 13 23 10 3 1 2 1 25 1 27 1 4
split_gain=2.49799 4.05804 6.20692 4.58994 3.82318 3.40329 5.7588 8.67306 6.07104 5.74082 4.73431 9.37126 6.11129 9.58784
threshold=35.500000000000007 1.3160610795021059 0.19782608747482303 32.500000000000007 0.020378750748932365 0.12546452879905703 168.50000000000003 0.6310982108116151 149.50000000000003 2.5000000000000004 124.50000000000001 3.2130168676376347 110.50000000000001 0.005178093910217286
decision_type=8 10 10 10 8 10 10 10 10 8 10 8 10 8
left_child=1 2 4 -4 -1 6 8 -8 10 -10 12 -12 -3 -14
right_child=-2 5 3 -5 -6 -7 7 -9 9 -11 11 -13 13 -15
leaf_value=0.040172080266037774 0.0054783739086264795 -0.0010310503042547279 -0.081095947890724385 0.070316941035060351 -0.03109561869121762 0.0095974096891549097 -0.0083671772118965974 -0.084743873913355833 0.05119922447247921 -0.087755354241597347 -0.070884672803459656 0.014113949906356647 -0.068854671670307913 0.049548343364861157
leaf_weight=2.025649419609334 187.8656183307412 849.4437842702705 0.60421646078288826 2.9163994575664112 26.5038120548694 80.90965303144992 14.44736754302818 5.0045380906462347 8.6673174660860433 0.81303171111392281 6.889215930843986 6.1264957452880262 1.9981615153313583 11.845956887992685
leaf_count=2483 2097796 45130 715 285 30272 67535 2143 725 606 174 932 383 348 638
internal_value=0.000180849 -0.000796588 -0.0183059 0.0443311 -0.0260355 -0.00022753 -0.00110568 -0.0280172 -0.0005147 0.0392825 -0.000945249 -0.0308758 -0.000493989 0.0324589
internal_weight=1206.06 1018.2 32.0501 3.52062 28.5295 986.146 905.236 19.4519 885.784 9.48035 876.304 13.0157 863.288 13.8441
internal_count=2250165 152369 33755 1000 32755 118614 51079 2868 48211 780 47431 1315 46116 986
is_linear=0
shrinkage=0.05


Tree=354
num_leaves=15
num_cat=0
split_feature=16 4 16 16 16 1 1 3 11 4 24 4 4 2
split_gain=3.21093 3.63916 3.18832 5.70173 5.1158 4.29639 5.53438 4.31675 4.02066 3.98141 3.98118 3.67608 3.5864 18.6879
threshold=5.1619205474853525 0.00011849403381347658 4.863673448562623 4.8242976665496835 4.7916412353515634 61.500000000000007 60.500000000000007 0.12546452879905703 inf 0.0008278489112854005 0.21690840274095538 0.017991751432418827 0.016080141067504886 1.3954468965530398
decision_type=10 10 10 10 10 10 10 10 8 10 8 10 10 8
left_child=2 -2 3 4 -1 6 9 -8 -5 -4 -6 12 -10 -14
right_child=1 -3 5 8 10 -7 7 -9 11 -11 -12 -13 13 -15
leaf_value=-0.00033698476916484702 0.050758151627975659 0.0070150381349102136 -0.071202674099190469 -0.040603485760437791 0.084351048811840093 -0.067125196109596094 -0.055370576014316802 0.68217992674751904 0.061044783564571638 -0.0062187858120655408 -0.047210097554141572 -0.041262060919546081 -0.23879214921787098 1.5243069299079073
leaf_weight=1067.2867084411828 5.1395236807390878 63.500018407544545 2.5154912116587473 1.3695807580929245 0.61737740631081595 3.5138975984674365 0.032356424696044717 0.051280045308802036 6.9922068769491821 37.417801356212557 8.3849408239239587 0.93103047666496586 0.039129374972080799 0.024402669135952237
leaf_count=1794494 9095 243731 7999 13743 14095 37952 112 96 5728 106823 9280 6315 525 11
internal_value=-0.000209487 0.0102904 -0.000847746 -0.000315731 -0.000653576 -0.0141161 -0.0094613 0.396844 0.0385476 -0.0103123 -0.0381877 0.0521206 0.0644427 0.438415
internal_weight=1197.82 68.6395 1129.18 1085.65 1076.29 43.5308 40.0169 0.0836365 9.35635 39.9333 9.00232 7.98677 7.05574 0.063532
internal_count=2249999 252826 1997173 1844191 1817869 152982 115030 208 26322 114822 23375 12579 6264 536
is_linear=0
shrinkage=0.05


Tree=355
num_leaves=15
num_cat=0
split_feature=24 1 1 1 4 3 0 4 4 24 3 3 23 11
split_gain=2.69066 2.91916 3.48657 3.08049 2.79025 6.43693 5.15264 3.60207 3.19175 2.36912 3.07909 2.95244 3.76024 2.29591
threshold=0.97320964932441723 201.50000000000003 199.50000000000003 157.50000000000003 0.0039499104022979745 0.18593159317970279 0.52823826670646679 0.0094568133354187029 0.00011849403381347658 0.94412466883659374 0.14770290255546573 0.16416001319885257 84.500000000000014 0.52500000596046459
decision_type=8 10 10 10 8 10 8 10 8 8 8 8 10 8
left_child=1 2 3 4 5 8 -6 9 -1 10 -8 -11 -13 -9
right_child=-2 -3 -4 -5 6 -7 7 13 -10 11 -12 12 -14 -15
leaf_value=0.050607215931513641 -0.00062164073886939548 -0.052672393910715001 0.091915363351075474 -0.058676894085077924 -0.040678421258025371 0.04722433080982924 0.049464014840128759 -0.0071378358329388302 -0.05532187980558665 0.010554662456434711 -0.0071378358329388302 0.068019682259943148 0.23371579122339387 0.022317279329490167
leaf_weight=0.82323627028323165 1152.6592578362454 1.7143274945232452 1.384682738493743 1.5169517549877003 3.1490977499116899 3.153807359872026 9.754492999009269 4.0965739363677915 5.2210847020774889 0.71995915037339786 2.7967731221281591 0.84946044966619616 0.57360326330334033 12.680376820987528
leaf_count=4295 392301 103039 3334 131399 706079 82950 65322 329765 91163 1397 92916 936 426 244901
internal_value=-0.000136533 0.0114082 0.0137596 0.0113725 0.0137975 -0.0106807 0.020301 0.0264027 -0.0408943 0.0444775 0.0361817 0.0930644 0.134808 0.0105718
internal_weight=1201.09 48.4344 46.7201 45.3354 43.8185 9.19813 34.6203 31.4712 6.04432 14.6943 12.5513 2.14302 1.42306 16.777
internal_count=2250223 1857922 1754883 1751549 1620150 178408 1441742 735663 95458 160997 158238 2759 1362 574666
is_linear=0
shrinkage=0.05


Tree=356
num_leaves=15
num_cat=0
split_feature=1 1 2 3 24 24 4 24 18 18 18 18 23 13
split_gain=2.00174 8.80645 4.56573 7.17083 6.18252 5.85473 4.3103 4.17504 3.91847 3.58002 4.18511 5.4801 3.48364 4.72046
threshold=73.500000000000014 77.500000000000014 1.0021235346794131 0.10916665196418764 1.3160610795021059 2.0047768354415898 0.033784151077270515 1.4647108316421511 0.19589135795831683 0.32889626920223242 0.068581741303205504 0.066714018583297743 2.5000000000000004 0.067424245178699507
decision_type=8 8 8 10 8 10 10 10 10 10 8 10 8 8
left_child=2 -2 3 4 9 -6 12 -5 -9 10 11 -1 13 -3
right_child=1 6 -4 7 5 -7 -8 8 -10 -11 -12 -13 -14 -15
leaf_value=0.023854889771953366 0.04255610840870816 -0.045659051440687243 -0.00024806990506767268 -0.056195678316970137 -0.070561292783933666 -0.0030679938064600821 -0.023861583891915162 0.080303216472497455 -0.016828365625538633 0.064491860352957162 -0.060396398366558628 0.41420070939003645 0.0065521805966190158 -0.0019726289127533136
leaf_weight=1.0540715249819146 13.960017288359271 6.7730801445447923 847.11344191967703 1.1916223403768595 11.024745961524344 4.5347386482834517 15.361054040360782 3.1759587361831683 1.5426894708977092 1.9932120402317908 2.2081232764973953 0.09829958940355954 217.51475292302291 71.029401360985233
leaf_count=1523 17413 190 248701 45980 2211 129 857062 985 1344 7224 10391 83 1056129 1034
internal_value=0.000354217 0.00370681 -0.00089116 -0.0212006 -0.0349439 -0.0508907 0.00196116 0.0274293 0.0485475 0.0114022 -0.020087 0.0571522 0.00330434 -0.00577574
internal_weight=1198.58 324.638 873.937 26.8235 20.9132 15.5595 310.678 5.91027 4.71865 5.35371 3.36049 1.15237 295.317 77.8025
internal_count=2250399 1931828 318571 69870 21561 2340 1914415 48309 2329 19221 11997 1606 1057353 1224
is_linear=0
shrinkage=0.05


Tree=357
num_leaves=15
num_cat=0
split_feature=12 23 2 0 2 16 7 4 16 18 1 24 22 18
split_gain=2.51729 2.1603 3.64273 4.06128 3.26222 3.15605 4.06983 3.40115 3.08912 3.60103 4.36096 3.04312 2.64133 2.99536
threshold=0.51562500000000011 11.500000000000002 -0.40576887130737299 0.49051268398761755 -0.26323725283145899 2.0126758217811589 17.834254264831547 0.046596795320510871 2.3502402305603032 0.13670469820499423 3.5000000000000004 1.7424008250236513 0.56754872202873241 0.064985733479261412
decision_type=10 10 8 10 8 8 10 10 8 10 10 10 8 10
left_child=1 2 3 -1 -4 6 -3 8 9 10 -7 -12 13 -6
right_child=-2 5 4 -5 12 7 -8 -9 -10 -11 11 -13 -14 -15
leaf_value=-0.067964795724308247 -0.11634071359204484 -0.039017683426442608 -0.076367799143934559 0.045074058570639064 -0.015501340382243154 0.035424434760120901 0.05296546831858126 -0.03639825084619551 0.0044306777757133729 0.065987150846741394 -0.057815957049505109 0.093228172515585392 -0.00097329948990413587 -0.057045274961406073
leaf_weight=0.89420947151101948 0.46397857352462679 7.7988020022352122 1.4468691219868746 7.133091334206676 2.5871347855124389 6.0102772988895294 1.4217693394886062 4.8961721161670644 257.47765524131859 4.4213667087629132 2.6056166570474057 0.38240579977389177 887.83732633575949 5.3038476042032254
leaf_count=18673 367 46169 3410 5599 1205 18162 8225 749922 1290007 5108 9022 39 86978 5153
internal_value=9.94781e-05 0.00014487 -0.00105042 0.032482 -0.00135045 0.00394111 -0.0248343 0.00490315 0.00564963 0.0290371 0.0108816 -0.0384854 -0.00122927 -0.0300294
internal_weight=1190.68 1190.22 905.202 8.0273 897.175 285.014 9.22057 275.793 270.897 13.4197 8.9983 2.98802 895.728 7.89098
internal_count=2248039 2247672 121018 24272 96746 2126654 54394 2072260 1322338 32331 27223 9061 93336 6358
is_linear=0
shrinkage=0.05


Tree=358
num_leaves=15
num_cat=0
split_feature=23 22 26 3 2 27 17 11 28 23 1 13 9 1
split_gain=2.25674 3.64112 2.84772 2.90063 2.94991 2.72809 2.65574 4.0487 2.13322 3.66645 2.1003 5.42 5.21709 4.72778
threshold=11.500000000000002 0.56754872202873241 0.13188406080007556 0.18685033917427066 -0.25051207840442652 4.2637674808502206 6.1147871017456064 1.0000000180025095e-35 1.5000000000000002 2908.5000000000005 24.500000000000004 0.1234756112098694 0.60025635361671459 25.500000000000004
decision_type=10 8 10 8 8 10 8 10 10 8 8 8 10 8
left_child=1 -1 5 4 -4 10 8 -8 9 -6 -2 12 -12 -13
right_child=2 -3 3 -5 6 -7 7 -9 -10 -11 11 13 -14 -15
leaf_value=-0.035389573596407049 -0.0044434915588466945 -0.0010742658299083367 0.077571707513010096 -0.055493470248095256 -0.058347729430726351 -0.075739166750306133 0.064703144824225914 -0.081106835713072381 0.01504947885068275 0.080646592472394432 -0.027709170769247324 0.070123735256060235 0.074387333449561929 0.0071778557396723263
leaf_weight=7.7963918792007503 80.004018314999314 912.46695696052359 2.1103147129957369 1.3091706370734701 2.349733181816668 1.1261977770625708 4.5348646181671581 0.53192365251593532 21.890929695520217 0.59448867673875438 17.114965033525198 3.0430807591741189 1.3499509796799838 151.25729045451607
leaf_count=6774 72858 114744 5108 141433 38251 15172 5922 950 38850 4931 307032 2928 7384 1487374
internal_value=-0.000157392 -0.00136498 0.00371181 0.0174547 0.020438 0.00190818 0.0164058 0.0493957 0.00967536 -0.0302824 0.00225413 0.00535566 -0.020245 0.00841926
internal_weight=1207.48 920.263 287.217 33.3214 32.0123 253.896 29.9019 5.06679 24.8352 2.94422 252.769 172.765 18.4649 154.3
internal_count=2249711 121518 2128193 235445 94012 1892748 88904 6872 82032 43182 1877576 1804718 314416 1490302
is_linear=0
shrinkage=0.05


Tree=359
num_leaves=15
num_cat=0
split_feature=16 13 26 13 24 1 0 17 1 1 13 18 18 16
split_gain=2.31247 3.5125 5.09547 4.03777 4.21502 9.72484 6.15198 5.04417 5.10978 4.01189 5.52334 3.66676 3.27864 3.22772
threshold=5.0530509948730478 0.021507862955331806 0.1702898591756821 0.084219858050346388 2.0047768354415898 6.5000000000000009 0.62672710418701183 5.4402484893798837 287.50000000000006 50.500000000000007 0.32666666805744177 1.9689111113548281 0.40562739968299871 5.0401887893676767
decision_type=10 8 8 8 8 8 8 10 10 10 10 10 10 10
left_child=13 2 -2 -3 5 -5 -6 8 -7 -9 -11 -4 -8 -1
right_child=1 3 11 4 6 7 12 9 -10 10 -12 -13 -14 -15
leaf_value=2.1965750456061681e-05 0.037270439505672902 -0.066034380073064169 -0.045232632068994978 -0.067927224389778176 -0.05712352248579991 -0.065378666157430945 -0.017163580892168007 0.030241887875361525 0.1088406562629944 -0.067962762176200994 0.06836782036771441 0.04151734494488582 0.028984275703882692 -0.066393008770041131
leaf_weight=1112.2925321514888 18.487753341489611 2.0994596131701937 3.7778513975583587 5.7386726227753089 2.61515815616877 3.5526281490274263 3.7543795596744038 13.288342693302372 0.47743125228515015 2.5998664922969841 1.0401889264328255 1.7977579649902269 26.634475016514457 1.8323909061127768
leaf_count=1935333 52081 8429 19665 1262 6961 106963 242 69473 479 27737 922 9555 1301 9736
internal_value=0.000522072 0.00842852 0.0246351 0.00211816 0.00451482 -0.0102568 0.0164637 0.00553398 -0.0447393 0.0175023 -0.0290047 -0.0172616 0.0227964 -8.72663e-05
internal_weight=1199.99 85.864 24.0634 61.8006 59.7011 26.6971 33.004 20.9585 4.03006 16.9284 3.64006 5.57561 30.3889 1114.12
internal_count=2250139 305070 81301 223769 215340 206836 8504 205574 107442 98132 28659 29220 1543 1945069
is_linear=0
shrinkage=0.05


Tree=360
num_leaves=15
num_cat=0
split_feature=3 2 18 27 0 24 14 24 10 10 27 14 9 8
split_gain=3.14255 3.18324 3.23827 3.25079 2.47629 1.85178 2.25703 2.03776 1.83017 2.36831 4.23341 4.95561 2.65006 4.0003
threshold=0.28979589045047766 -0.65312147140502919 0.091434128582477583 1.1027093529701235 0.51917681097984325 0.088347319513559355 1.0000000180025095e-35 -0.56073507666587818 0.0050378153100609788 0.013333595823496582 4.2454400062561044 inf 0.25287660956382757 36.500000000000007
decision_type=10 8 10 8 8 8 8 10 8 8 10 8 8 10
left_child=1 2 -1 -4 -5 6 -3 -8 -7 10 11 -10 13 -11
right_child=-2 5 3 4 -6 8 7 -9 9 12 -12 -13 -14 -15
leaf_value=-0.061612949218681295 -0.10307142980167101 -0.052908612831129812 0.049812417229608365 -0.062951387017579019 0.054969027066320481 -0.075818036673437228 -0.055277515867108086 0.049494259021735001 -0.029694216117215594 0.039187891962445445 0.066853928745336216 0.048486265086687443 -0.00014935412830140756 -0.025813851536550272
leaf_weight=0.93966812222681539 0.7387514993285994 0.76143383604664971 7.9140522753315468 1.2832525458563075 0.68172524221371755 0.80177287837975164 0.5145861045368515 4.7295238417569321 4.9560335238551803 2.702020860570939 3.6399028389997179 3.4295839453976162 1148.1377905691265 19.084690845802484
leaf_count=34241 462548 234974 91300 53902 4636 15620 144745 187150 48141 1872 3917 12244 945823 8064
internal_value=2.13739e-05 8.4863e-05 0.027084 0.0355206 -0.0220403 -0.000160852 0.0275334 0.0392134 -0.000301472 -0.000250246 0.0218256 0.00228036 -0.000477161 -0.0177522
internal_weight=1200.31 1199.58 10.8187 9.87903 1.96498 1188.76 6.00554 5.24411 1182.75 1181.95 12.0255 8.38562 1169.92 21.7867
internal_count=2249177 1786629 184079 149838 58538 1602550 566869 331895 1035681 1020061 64302 60385 955759 9936
is_linear=0
shrinkage=0.05


Tree=361
num_leaves=15
num_cat=0
split_feature=27 17 1 7 13 27 26 8 13 9 1 10 9 10
split_gain=2.09251 4.40479 4.08292 2.60157 2.59576 3.12943 2.75414 2.66242 2.3423 2.3088 2.30019 2.76644 3.95264 3.68497
threshold=1.3935604095458987 6.749887466430665 163.50000000000003 3.7896275520324711 0.001508420624304563 1.9657929539680483 0.88749998807907116 166.50000000000003 0.037386443465948112 0.093674376606941237 155.50000000000003 0.018462181091308597 0.093674376606941237 0.020973146893084053
decision_type=10 10 10 8 10 10 8 10 8 8 10 8 8 8
left_child=3 2 4 -1 5 -2 8 10 -6 -5 11 12 -7 -13
right_child=1 -3 -4 9 6 7 -8 -9 -10 -11 -12 13 -14 -15
leaf_value=-0.11292772206737636 0.035936058515902314 0.085850285986892413 -0.057194729636720655 0.12041176184037368 0.10633847269480362 0.13469895289240782 -0.049526389608976928 -0.058800891842190055 0.026751258642176225 0.00026025193436618455 0.067424646123456305 0.048277821958767536 -0.059490791538325608 0.0025119029844178687
leaf_weight=0.50749457637475925 7.4980073803368148 1.7181031494539798 2.5668557547434991 0.39997784760345623 0.99774121961657858 0.28721192209961105 1.103907229932976 1.7322880359919839 12.589767070391828 1033.7002405387718 1.3960909439463751 4.5456544271716117 2.9904136084898627 135.72832831884818
leaf_count=8786 24206 2012 20887 21772 656 1481 928 6464 14440 1976356 2046 1200 52344 116368
internal_value=0.0011026 0.00618987 0.00539152 0.000251182 0.00634285 0.00442927 0.0264248 0.0028187 0.0325954 0.000306725 0.00355512 0.00293397 -0.0424743 0.00399497
internal_weight=1207.76 173.154 171.436 1034.61 168.869 154.178 14.6914 146.68 13.5875 1034.1 144.948 143.552 3.27763 140.274
internal_count=2249946 243032 241020 2006914 220133 204109 16024 179903 15096 1998128 173439 171393 53825 117568
is_linear=0
shrinkage=0.05


Tree=362
num_leaves=15
num_cat=0
split_feature=1 23 4 4 18 17 18 13 18 22 3 17 1 23
split_gain=3.19975 4.03362 4.65138 4.28065 4.52582 3.45712 3.32299 5.67377 5.01498 5.39645 5.54827 6.01267 3.96889 3.84722
threshold=71.500000000000014 2.5000000000000004 0.034857213497161872 0.0046421587467193612 0.11959025263786317 4.8402345180511483 0.16936419904232028 0.089898992329835906 0.2516892552375794 0.71941202878952037 0.16226312518119815 5.6149497032165536 209.50000000000003 23.500000000000004
decision_type=8 8 10 8 10 10 8 10 8 10 8 10 10 10
left_child=-1 3 6 4 -2 -6 7 -3 -8 10 12 -12 -10 -13
right_child=1 2 -4 -5 5 -7 8 -9 9 -11 11 13 -14 -15
leaf_value=-0.0013873829805918071 0.0044523174489746846 0.00022785815373755396 -0.026931655303210556 0.00036450529625083278 -0.0030848227617855739 -0.069151428071319451 0.027388083756247031 0.043363142985843629 0.012054264414986877 0.029056425439183731 -0.055249634955575548 -0.076312185701974733 -0.056810882286183431 0.013390111235107817
leaf_weight=869.24275847533045 6.379809194110023 111.49435664215514 9.3435858493411938 73.994075413335182 2.7947148022467427 6.7933281545992941 48.232732491642665 8.1828525582648819 34.21083886168914 18.972514266911247 8.493277611605782 1.1957527573719513 2.2285226998451853 3.7196456923844927
leaf_count=310006 74 314213 854078 1528 45 153 141259 16552 180297 1934 325867 3816 22154 78089
internal_value=0.000214412 0.00435786 0.0076701 -0.00470214 -0.0281807 -0.0498944 0.0090358 0.00317721 0.0150257 0.00636161 -0.0022762 -0.0297752 0.00784268 0.0133901
internal_weight=1205.28 336.036 246.074 89.9619 15.9679 9.58804 236.73 119.677 117.053 68.8206 49.848 13.4087 36.4394 4.9154
internal_count=2250065 1940059 1938259 1800 272 198 1084181 330765 753416 612157 610223 407772 202451 81905
is_linear=0
shrinkage=0.05


Tree=363
num_leaves=15
num_cat=0
split_feature=1 1 17 23 17 16 2 16 2 16 1 2 23 17
split_gain=3.35471 5.58422 5.41686 3.68046 4.78476 4.60916 5.20779 5.02494 4.18388 3.8493 3.52568 10.2808 3.59594 3.95031
threshold=71.500000000000014 78.500000000000014 6.0901775360107431 2.5000000000000004 6.6663203239440927 4.2413008213043222 -0.091224957257509218 2.7403194904327397 0.46698310971260076 4.4484992027282724 125.50000000000001 0.73031213879585277 73.500000000000014 4.5900437831878671
decision_type=8 8 10 8 10 10 8 8 8 8 10 10 8 8
left_child=-1 2 -2 5 10 7 -7 -3 -8 -10 -5 12 -12 -14
right_child=1 3 -4 4 -6 6 8 -9 9 -11 11 -13 13 -15
leaf_value=-0.0023377084759795726 0.03575408169260446 -0.039923918935191982 -0.079697678909153968 0.007868928255894081 0.072904307402789581 0.037451014961898142 -0.082558761662401392 0.0045238199979733768 -0.060815366151037491 -0.0055110748314910916 0.0074492755178504544 -0.06529463559816695 0.027541208872254433 -0.054170168451736812
leaf_weight=865.68243095153343 18.547677919503744 7.1455047214498579 1.0748598544823611 175.56580469450282 2.5821180173390124 2.6856101539001327 3.9623758626347869 57.751512870924664 4.7735677341726719 9.2298812261475689 39.124939297028718 6.5883152932854037 2.0690507711395769 5.1877873386174489
leaf_count=310004 27861 209 2661 1470041 12224 64 154 977 88 249 50660 45933 76436 252441
internal_value=-0.000691339 0.00354678 0.02943 0.0019429 0.00522241 -0.00691704 -0.0274907 -0.000370111 -0.0371985 -0.0243635 0.00445771 -0.00684855 0.00145344 -0.0308728
internal_weight=1201.97 336.289 19.6225 316.666 231.118 85.5485 20.6514 64.897 17.9658 14.0034 228.536 52.9701 46.3818 7.25684
internal_count=2250002 1939998 30522 1909476 1907735 1741 555 1186 491 337 1895511 425470 379537 328877
is_linear=0
shrinkage=0.05


Tree=364
num_leaves=15
num_cat=0
split_feature=3 2 17 17 18 0 3 3 2 13 10 3 26 14
split_gain=3.51293 4.18899 5.68665 3.06032 5.04978 3.11442 3.05965 3.93383 4.006 3.02205 2.66303 5.72622 3.62664 2.72036
threshold=0.23374149203300479 -0.15884337574243543 4.7050054073333749 5.1561734676361093 0.091434128582477583 0.50756242871284496 0.20592841506004336 0.20497146248817447 -0.065620016306638704 0.97222220897674572 0.013333595823496582 0.1350977420806885 0.24404761940240863 1.0000000180025095e-35
decision_type=10 8 10 8 10 8 10 10 8 10 8 8 10 8
left_child=1 2 9 4 -4 -5 7 10 -9 -1 11 12 13 -3
right_child=-2 6 3 5 -6 -7 -8 8 -10 -11 -12 -13 -14 -15
leaf_value=-0.059472351613240909 -0.047119407030523953 -0.032731940538523463 -0.075038839845779484 -0.059504132048486681 0.055434204017319723 0.019333516423990275 -0.063002325959174751 0.46783839670574789 -0.055205814813411871 0.11228326731453436 -0.00061594538669326856 -0.062798222581897808 0.072371076207191382 0.034287430962811075
leaf_weight=2.8590547919964875 3.9651082760751697 2.1970342651185772 0.79734209419626623 1.403023185104016 10.608410046254665 11.692532281822084 1.9506532363100166 0.089706800804861375 0.061846244365568404 0.28130486635405594 1151.989923580714 1.7180745449957555 4.1432567164132719 4.8713539750468868
leaf_count=46112 840609 10263 4486 33011 33222 65815 143554 432 5460 88 960682 92661 2120 11036
internal_value=-0.000134574 2.1369e-05 0.0192593 0.0273785 0.0463132 0.0108871 -0.000434295 -0.000329539 0.254393 -0.044087 -0.000362677 0.0222026 0.0352281 0.0134561
internal_weight=1198.63 1194.66 27.6417 24.5013 11.4058 13.0956 1167.02 1165.07 0.151553 3.14036 1164.92 12.9297 11.2116 7.06839
internal_count=2249551 1408942 182734 136534 37708 98826 1226208 1082654 5892 46200 1076762 116080 23419 21299
is_linear=0
shrinkage=0.05


Tree=365
num_leaves=15
num_cat=0
split_feature=10 26 23 3 28 17 17 16 10 3 22 17 23 3
split_gain=2.94773 6.27725 4.49243 3.21176 3.00639 2.46983 2.31503 2.61077 2.07228 1.87729 4.674 2.65012 1.97038 1.92304
threshold=0.013333595823496582 0.24404761940240863 4.5000000000000009 0.13612613081932071 1.0000000180025095e-35 6.8243525028228769 3.7012257575988774 3.3497501611709599 0.0081974081695079821 0.2139948904514313 0.60094308853149425 5.1149907112121591 19.500000000000004 0.20592841506004336
decision_type=8 10 10 8 10 10 8 8 10 10 8 8 10 10
left_child=1 3 -3 6 -5 9 -1 -8 -9 13 -11 -12 -13 -2
right_child=5 2 -4 4 -6 -7 7 8 -10 10 11 12 -14 -15
leaf_value=0.070905573061067539 -0.0007661408664486033 -0.06926184510289006 0.077373404585388716 0.0697281090185594 -0.065683559636484368 -0.076084948078751116 -0.066934370491272127 -0.070210914350803441 0.029906807570971923 -0.049216168841006241 0.056585236080687752 -0.0080032749306886142 0.033315122685746761 -0.058202821686784423
leaf_weight=1.5110534840450023 1168.7256216682385 0.58077543895467076 5.1903649115502288 0.48504048645093556 2.6457684231973477 1.0856598041648329 1.1263579730638302 0.58903313213233399 4.21782171178958 2.0782554796961135 5.4724893378063006 1.1845957067262345 3.317224823008881 1.4591195949894871
leaf_count=684 1010206 1694 40383 23601 628965 4552 4582 6648 10864 423582 17062 10790 16051 50493
internal_value=-0.000413475 0.0206741 0.0626168 -0.00221535 -0.0447049 -0.000704775 0.0156543 0.00158312 0.0176384 -0.000635553 0.0189967 0.0332096 0.00479382 -0.000837759
internal_weight=1199.67 16.3462 5.77114 10.5751 3.13081 1183.32 7.44427 5.93321 4.80685 1182.24 12.0526 9.97431 4.50182 1170.18
internal_count=2250157 717421 42077 675344 652566 1532736 22778 22094 17512 1528184 467485 43903 26841 1060699
is_linear=0
shrinkage=0.05


Tree=366
num_leaves=15
num_cat=0
split_feature=3 2 3 3 17 17 3 3 3 2 1 16 16 18
split_gain=2.79619 3.15271 3.18979 2.36444 5.22801 4.63195 2.26434 2.25823 3.84054 3.47217 2.07145 5.60783 8.24556 5.8759
threshold=0.23922684788703921 -1.1629297733306883 0.2305547893047333 0.20120581984519961 4.8402345180511483 4.8162329196929941 0.20398241281509402 0.19837310910224917 0.19175282120704654 0.18291188031435016 71.500000000000014 2.7403194904327397 2.5249279737472539 0.051621668040752418
decision_type=10 8 10 10 8 8 10 10 10 8 10 8 8 8
left_child=1 6 3 7 5 -5 -1 8 10 -9 -3 12 -12 -13
right_child=-2 2 -4 4 -6 -7 -8 9 -10 -11 11 13 -14 -15
leaf_value=0.077930539064690482 -0.045394575537323095 -0.0011517833241258468 0.047575241141992596 -0.055192977736557985 -0.062761281270735977 0.098774978009817022 -0.05588425910732811 -0.032237666603146108 -0.067223765034470209 0.093632204717706238 -0.00013671608916569495 0.048784480471245818 -0.070669169477611843 0.0059247665646181211
leaf_weight=2.0239345636303039 3.437944709172597 1008.195413263097 3.4614142070895459 0.83281884129159356 4.2287110968325168 1.1814125114089638 0.37465610351926892 0.85586326927590872 2.148072045463322 1.5226367592754337 15.351624879734032 8.5065275311393673 5.6755661827908321 133.452478396055
leaf_count=1538 798109 567230 65292 78448 164816 2164 9534 11661 59136 13675 29230 7458 17009 424341
internal_value=-0.000367212 -0.000236887 -0.00035276 -0.00049312 -0.0311826 0.0351143 0.0570289 -0.000330161 -0.000428822 0.04834 -0.000306313 0.00492358 -0.0191745 0.00849302
internal_weight=1191.25 1187.81 1185.41 1181.95 6.24294 2.01423 2.39859 1175.71 1173.33 2.3785 1171.18 162.986 21.0272 141.959
internal_count=2249641 1451532 1440460 1375168 245428 80612 11072 1129740 1104404 25336 1045268 478038 46239 431799
is_linear=0
shrinkage=0.05


Tree=367
num_leaves=15
num_cat=0
split_feature=24 24 27 2 16 18 1 0 18 24 18 2 3 3
split_gain=3.69702 3.21179 4.2626 4.5942 4.09346 3.56897 3.83569 4.32708 4.06262 5.65189 3.53867 4.37763 3.52485 3.03778
threshold=0.97320964932441723 0.94412466883659374 1.023424029350281 0.4578703790903092 3.7494349479675297 0.1714701056480408 145.50000000000003 0.53015035390853893 0.17361874133348468 0.34617683291435247 0.063114859163761153 0.57456940412521373 0.057560086250305183 0.061360150575637824
decision_type=8 10 10 8 10 8 10 10 8 8 10 10 10 10
left_child=1 2 5 -4 -3 10 7 -7 9 -9 11 -1 -13 -14
right_child=-2 4 3 -5 -6 6 -8 8 -10 -11 -12 12 13 -15
leaf_value=-0.053298818057473919 -0.00030401035494381047 0.059607150989564629 0.064677187974956155 -0.029999366684672318 -0.052421777016308249 -0.041194286671458143 -0.058307346235872262 0.61537482801754939 0.024531897236652056 -0.0074471406634679859 -0.041663656018034942 -0.062641181714660807 0.28386381074452643 0.057257384751043174
leaf_weight=1.6745424546649648 1156.1788664311719 6.1301260327213543 5.6648957446227204 1.6558880284790021 0.94049848780528744 2.6972146470557261 1.7651383551825279 0.068875333565814753 19.736278479361918 0.051752654298914597 7.57948127226366 0.61000503701591569 0.15702845108454289 2.5425266220928369
leaf_count=91070 392795 13292 162532 91914 12664 502296 173134 1491 422401 1237 350173 1493 345 33763
internal_value=0.000278626 0.0134165 0.00841157 0.0432623 0.0447056 0.00149414 0.0126733 0.0182285 0.0263 0.315585 -0.0201454 0.0125781 0.0459099 0.0704387
internal_weight=1207.45 51.2743 44.2036 7.32078 7.07062 36.8828 24.3193 22.5541 19.8569 0.120628 12.5636 4.9841 3.30956 2.69956
internal_count=2250600 1857805 1831849 254446 25956 1577403 1100559 927425 425129 2728 476844 126671 35601 34108
is_linear=0
shrinkage=0.05


Tree=368
num_leaves=15
num_cat=0
split_feature=1 2 16 1 25 1 17 4 16 23 16 3 17 1
split_gain=2.15458 6.22588 4.38794 3.64808 6.27868 5.01405 8.02297 6.65431 4.77925 4.52346 4.38476 4.13237 3.64646 3.53838
threshold=177.50000000000003 0.61949867010116588 2.0126758217811589 149.50000000000003 2.5000000000000004 130.50000000000003 4.4005842208862314 0.020378142595291141 3.7726949453353886 37.500000000000007 3.5694335699081425 0.1078673303127289 6.2700424194335946 158.50000000000003
decision_type=10 10 8 10 8 10 8 8 10 8 8 8 8 10
left_child=3 -2 -3 5 8 -1 -7 -8 10 -10 13 -9 -6 -5
right_child=1 2 -4 4 12 6 7 11 9 -11 -12 -13 -14 -15
leaf_value=0.00022192986434255163 -0.0025934937342395464 0.048560899670507279 -0.074330709110971629 0.051951616650748378 -0.070176579763889649 0.057727237888698338 -0.077359763124599898 0.052644627410433346 0.067145234153637753 -0.055957903010943888 -0.079569900086742529 -0.06789988612584523 0.065134362212839331 -0.01922702230745691
leaf_weight=1131.1976284367988 29.215525753883597 0.83993554877481014 5.3721121290468332 3.9301641173602895 2.5615273540311678 2.0688844410127021 7.0110945824217064 2.0281829817387291 8.7088707405922996 0.81616320691766198 1.30035737778463 1.0946902582086888 0.61803698822824271 3.1417531297102834
leaf_count=1843765 182955 407 21035 10376 26226 12140 28979 1385 1873 45905 11199 40408 1888 21202
internal_value=-0.000111562 -0.0122587 -0.0577144 0.000257997 0.0208706 -0.000121966 -0.0320009 -0.0503192 0.0323731 0.056597 0.00481381 0.010389 -0.0438751 0.02033
internal_weight=1199.9 35.4276 6.21205 1164.48 21.0769 1143.4 12.2029 10.134 17.8973 9.52503 8.37227 3.12287 3.17956 7.07192
internal_count=2249743 204397 21442 2045346 118669 1926677 82912 70772 90555 47778 42777 41793 28114 31578
is_linear=0
shrinkage=0.05


Tree=369
num_leaves=15
num_cat=0
split_feature=2 2 17 2 4 1 17 16 1 17 18 2 4 24
split_gain=3.37033 6.95304 6.48026 5.02677 4.76831 5.08907 5.20405 4.65861 4.74809 7.9914 5.43065 4.6931 6.32986 5.32593
threshold=0.91590249538421642 0.9517502784729005 6.2304794788360605 0.96127802133560192 0.0049379169940948495 82.500000000000014 5.962292194366456 5.478551149368287 91.500000000000014 3.4811217784881596 0.73218020796775829 0.78814804553985607 0.0090516507625579851 1.2714552283287051
decision_type=10 10 8 10 8 8 10 10 8 8 10 10 8 8
left_child=4 2 -2 -3 -1 6 -6 8 9 -7 11 12 -10 -13
right_child=1 3 -4 -5 5 7 -8 -9 10 -11 -12 13 -14 -15
leaf_value=-0.0073809858015319394 -0.057699610145357308 0.037819775656989282 0.033695108441110025 -0.0021755435456867001 0.044277805633212451 0.44402497724752688 -0.081732785403099861 0.036730554149173499 0.022522034333196196 -0.049559607599300531 -0.040562512033112702 -0.041026622477604587 -0.0015120633286366519 0.031799258464429679
leaf_weight=74.208742496709348 9.8552446490273304 7.9292130068050701 2.4147165871685212 852.77974384241884 13.103455202020648 0.083261272802005432 0.8739969844454184 11.212723021769362 34.064227951789668 5.4343229392816541 6.3751009712046587 2.7745559363625092 139.93690064994186 26.3813639033778
leaf_count=264478 31381 8602 2920 285396 31189 514 3808 107283 115961 26619 249686 55411 1061732 5513
internal_value=-0.000741138 -0.00233987 -0.0397132 -0.00180709 0.0036973 0.00711932 0.0363985 0.00531058 0.00367234 -0.0421113 0.00487796 0.00630389 0.0031931 0.024869
internal_weight=1187.43 872.979 12.27 860.709 314.449 240.24 13.9775 226.262 215.05 5.51758 209.532 203.157 174.001 29.1559
internal_count=2250493 328299 34301 293998 1922194 1657716 34997 1622719 1515436 27133 1488303 1238617 1177693 60924
is_linear=0
shrinkage=0.05


Tree=370
num_leaves=15
num_cat=0
split_feature=23 1 1 2 3 26 15 4 1 16 16 16 2 1
split_gain=3.19849 3.20153 3.18423 3.01571 3.16319 2.96033 5.73742 5.12817 4.49347 5.48614 4.76228 4.407 4.20309 6.92943
threshold=14.500000000000002 287.50000000000006 271.50000000000006 -0.40576887130737299 0.20021903514862063 0.15587044507265094 1.0000000180025095e-35 0.020785480737686161 8.5000000000000018 3.1567740440368657 2.9700856208801274 2.7403194904327397 1.821476995944977 3.5000000000000004
decision_type=10 10 10 8 10 8 8 10 10 8 10 10 8 8
left_child=1 2 3 -1 5 6 7 8 9 11 -10 -5 13 -8
right_child=-2 -3 -4 4 -6 -7 12 -9 10 -11 -12 -13 -14 -15
leaf_value=0.028120861494390238 0.0043587150520935447 0.048888412061125847 -0.082868782421858994 -0.074791422947537364 -0.070053476327253991 0.00098077840145528923 -0.034563218424123271 -0.060796135274036781 -0.086789533099525987 -0.050633211732671081 0.012742704767625658 0.044365454679023246 0.0026766603927177901 -0.0048041192535826921
leaf_weight=8.1658551321852499 242.6946499594078 3.0720171532818759 1.2228540153562324 1.0221828667072212 1.7244083935481729 400.4824218044298 20.979606386771533 7.3407309333741706 1.3104820735078409 11.789071325110511 14.489295430896844 3.2215181641918207 186.8045779850147 289.35565902344973
leaf_count=24883 2116399 866 1105 138 25248 28586 489 2865 295 1251 2094 126 6009 40395
internal_value=-0.000764651 -0.00207216 -0.00223731 -0.00213316 -0.00239639 -0.00227185 -0.0047007 -0.0231238 -0.0144364 -0.033085 0.0044872 0.0156641 -0.003249 -0.00681592
internal_weight=1193.68 950.981 947.909 946.686 938.52 936.796 536.313 39.1733 31.8325 16.0328 15.7998 4.2437 497.14 310.335
internal_count=2250749 134350 133484 132379 107496 82248 53662 6769 3904 1515 2389 264 46893 40884
is_linear=0
shrinkage=0.05


Tree=371
num_leaves=15
num_cat=0
split_feature=21 2 17 16 26 4 2 2 2 2 18 4 15 4
split_gain=3.19293 2.29744 6.31762 7.74886 5.65557 4.95127 3.66842 3.49544 4.30809 3.92007 3.84733 3.23456 2.87371 4.94808
threshold=1.5000000000000002 0.38187810778617864 5.7914869785308847 4.3107767105102548 0.96153846383094799 0.027849763631820682 0.32251340150833135 0.52055600285530101 0.48564276099205023 0.53697443008422863 0.1714701056480408 0.0010876357555389406 1.0000000180025095e-35 0.0027411580085754399
decision_type=10 8 10 8 8 10 8 8 8 8 8 10 8 10
left_child=1 2 5 11 -5 -1 -7 8 -3 10 -9 -4 13 -11
right_child=-2 7 3 4 -6 6 -8 9 -10 12 -12 -13 -14 -15
leaf_value=0.015549209085526164 -0.053013022512126334 -0.0101323157124558 0.024571126689321071 -0.020996817450921107 0.05441297839542153 -0.064002740324549875 0.027777687203213559 0.064455902436165433 -0.068414431817077709 -0.038047558567073342 -0.063506657199010594 -0.060348688749975378 0.00017084996345612634 -0.004343451689837804
leaf_weight=83.011978237118967 2.8581551486959134 16.755139022076818 1.2858076141635493 5.584972467245569 4.481383022641058 3.4871624148194789 1.5829355634847528 3.9532223742820438 3.9107551718257261 12.802887786022707 0.68991275715538503 8.7665830210426918 975.42349475876631 72.867687273372127
leaf_count=437306 6508 85893 5322 94231 20863 507040 18673 5364 34135 20510 11990 114665 795719 92399
internal_value=-0.000228931 -0.000102643 0.00684536 -0.0184345 0.0125744 0.0126195 -0.035348 -0.000794632 -0.0211615 -0.000399696 0.0454422 -0.0494865 -0.000600291 -0.0093803
internal_weight=1197.46 1194.6 108.201 20.1187 10.0664 88.0821 5.0701 1086.4 20.6659 1065.74 4.64314 10.0524 1061.09 85.6706
internal_count=2250618 2244110 1198100 235081 115094 963019 525713 1046010 120028 925982 17354 119987 908628 112909
is_linear=0
shrinkage=0.05


Tree=372
num_leaves=15
num_cat=0
split_feature=18 3 3 17 0 1 4 16 22 16 23 23 0 26
split_gain=2.39522 4.40178 4.65868 3.99182 3.8447 4.49117 3.73405 3.91638 6.95503 5.38162 3.70244 4.07671 3.97393 4.96665
threshold=0.38632823526859289 0.14977487921714785 0.12981992959976199 6.3153564929962167 0.63393765687942516 231.50000000000003 0.0008278489112854005 4.135134458541871 0.69894883036613475 5.1901714801788339 90.500000000000014 98.500000000000014 0.58832985162734996 0.097619049251079573
decision_type=10 10 10 10 8 8 10 10 10 10 10 10 10 10
left_child=1 2 -1 4 5 -3 7 8 -2 -9 12 -12 -4 -14
right_child=6 3 10 -5 -6 -7 -8 9 -10 -11 11 -13 13 -15
leaf_value=-0.0010655767591621528 -0.072493292117030858 -0.055350931264064464 -0.056070570729384553 -0.071265462647378708 0.053363745824921122 0.012981658364434849 0.0026252698975313474 -0.02183631606214595 0.070256568351246718 0.036113310827976655 0.071894576011168304 -0.02378749548432427 -0.024884747227743059 0.045417425916104766
leaf_weight=867.6744297036264 0.97479784428368788 2.5188241555265676 8.2093574261567124 1.4088248218009258 5.5962515249486051 53.027110832404894 219.25469778134638 7.4476390330981372 6.844381080391031 8.6706509879554314 2.1486052167161938 2.310207738892363 17.814514055711328 2.9247257823520547
leaf_count=336705 11912 211886 11803 43216 27041 654790 817713 24063 106 13742 2152 77034 16096 2058
internal_value=0.00023836 -0.000880665 -0.00177102 0.0119454 0.0138627 0.009883 0.00467242 0.0234233 0.0524603 0.00933703 -0.0200932 0.0223196 -0.0266258 -0.0149705
internal_weight=1206.83 963.633 901.082 62.551 61.1422 55.5459 243.192 23.9375 7.81918 16.1183 33.4074 4.45881 28.9486 20.7392
internal_count=2250317 1382781 445848 936933 893717 866676 867536 49823 12018 37805 109143 79186 29957 18154
is_linear=0
shrinkage=0.05


Tree=373
num_leaves=15
num_cat=0
split_feature=3 23 17 16 18 16 16 16 28 24 4 18 26 18
split_gain=4.11526 3.81179 6.26822 4.93753 4.65382 6.55001 9.20667 5.09656 6.2467 4.68661 7.02337 4.88584 5.56029 4.73817
threshold=0.087302923202514662 4.5000000000000009 6.749887466430665 2.2499048709869389 0.15805961191654208 3.6242519617080693 4.2121002674102792 4.2268071174621591 2.5000000000000004 2.0047768354415898 0.0013693273067474367 0.12319420278072359 0.96153846383094799 0.091434128582477583
decision_type=10 10 8 10 8 10 8 10 8 8 10 8 8 10
left_child=-1 2 3 -2 5 9 -7 8 -6 10 -3 13 -13 -12
right_child=1 4 -4 -5 7 6 -8 -9 -10 -11 11 12 -14 -15
leaf_value=-0.0018371451198351441 0.033218871334802412 -0.065507773356125495 -0.069200267572072913 -0.002852058132563973 0.02805602841921458 -0.062343641860281844 0.04306673395658326 0.0017033657461804357 -0.040546185183680562 0.067153336795090598 0.0015893829076905914 -0.068836114944377594 0.020374037736506281 0.031470364825971549
leaf_weight=878.4296466647038 10.306399888919584 3.5226720756067627 3.3556282057267302 119.34766669840512 64.23967870599752 8.1580019482072146 2.7764442286647837 38.359746260173409 3.4990314422220044 2.9960720001065217 39.398590801028142 4.2249089823490777 2.9777021775967105 20.001852462661539
leaf_count=216603 3513 17003 341 73004 641977 93176 18229 734086 39790 988 243551 59825 16286 91374
internal_value=-6.23512e-05 0.00476192 -0.00173093 1.52752e-05 0.00930354 0.000515526 -0.0355781 0.0162658 0.0245124 0.00591288 0.00329642 0.00693552 -0.0319549 0.0116512
internal_weight=1201.59 323.164 133.01 129.654 190.155 84.0562 10.9344 106.098 67.7387 73.1218 70.1257 66.6031 7.20261 59.4004
internal_count=2249746 2033143 76858 76517 1956285 540432 111405 1415853 681767 429027 428039 411036 76111 334925
is_linear=0
shrinkage=0.05


Tree=374
num_leaves=15
num_cat=0
split_feature=24 24 18 1 1 1 1 4 4 4 18 16 16 3
split_gain=2.8343 2.57471 3.25121 2.10707 5.43144 4.65695 5.14675 4.22732 3.6617 5.17589 4.72704 4.91611 3.94916 3.30096
threshold=-0.1444694101810455 0.088347319513559355 0.39538216590881353 149.50000000000003 137.50000000000003 169.50000000000003 174.50000000000003 0.0086143612861633318 0.0049379169940948495 0.0012231767177581789 0.096576344221830382 2.0126758217811589 4.8322978019714364 0.083797037601470961
decision_type=8 8 10 8 8 8 8 8 10 10 8 10 10 10
left_child=-1 2 -2 4 -3 13 -7 8 9 -8 11 -11 -12 -5
right_child=1 3 -4 5 -6 6 7 -9 -10 10 12 -13 -14 -15
leaf_value=-0.060919267001716376 -0.052785865086287055 -0.0010380401637302466 0.063801795675478945 -0.046775018188229857 -0.048064887131132113 -0.07694140830157517 0.02367131298496002 -0.0030354547763045184 0.026546773098611892 0.018192347118461585 0.0083000332285977953 -0.069423933097224055 -0.063242448173697938 0.034722885825677882
leaf_weight=1.9247687406383716 0.74386968479162963 963.26954763043 3.0487891638970126 1.3438945776916167 6.1793120039025089 2.0482035852661045 20.402785483764653 124.77234191696058 27.31388816704704 2.2927849351417739 22.417970059584093 5.3062291513300632 2.1105297040386644 16.463495994474599
leaf_count=903079 86191 391152 54062 1399 26799 10244 28005 580629 55906 1996 47171 11372 10617 41559
internal_value=-0.000293817 -0.000196389 0.040935 -0.000327049 -0.00133779 0.00403814 0.00192413 0.00271357 0.0116976 0.00397651 -0.0085308 -0.0429882 0.00214423 0.0285724
internal_weight=1199.64 1197.71 3.79266 1193.92 969.449 224.472 206.665 204.617 79.8442 52.5303 32.1275 7.59901 24.5285 17.8074
internal_count=2250181 1347102 140253 1206849 417951 788898 745940 735696 155067 99161 71156 13368 57788 42958
is_linear=0
shrinkage=0.05


Tree=375
num_leaves=15
num_cat=0
split_feature=2 0 2 12 18 13 12 17 4 3 18 24 17 16
split_gain=3.4038 2.90101 2.49469 2.27124 5.53669 7.05288 4.46007 3.89402 3.42073 3.26897 3.07788 4.4472 7.65441 4.60078
threshold=-1.0529541373252866 0.485785722732544 -1.9607253670692442 0.080540537834167494 0.15003714710474017 0.063164893537759795 0.094044812023639693 5.6149497032165536 0.042457461357116706 0.18224030733108523 0.69866004586219799 2.0047768354415898 6.005120277404786 3.9219243526458745
decision_type=8 8 8 8 8 10 8 10 10 10 10 8 8 10
left_child=2 -2 -1 4 5 8 9 -7 -3 -5 -8 12 -12 -13
right_child=1 3 -4 6 -6 7 10 -9 -10 -11 11 13 -14 -15
leaf_value=-0.18679001290014838 -0.063521277362534254 -0.031857533342737783 0.044718468984137498 -0.031885793273474204 0.0091068649396695896 -0.028644165710892396 -8.3936145959408572e-05 0.029827537003524796 0.041496316310645542 0.05394040659833238 -0.031885793273474204 -0.031885793273474204 0.059375506748928844 0.003661846923771174
leaf_weight=0.11900621696232565 1.8144272619542088 24.674212209877371 5.2429456028966737 13.254878715046228 152.65848095202671 3.7736515994335269 922.4282992917706 11.600487413936454 1.6987467851163973 1.1273904704585138 15.827717844600084 5.775808676428567 2.298267824444669 38.114213613418485
leaf_count=94682 241099 32900 259714 10207 294749 3038 1086038 7870 18272 7098 182971 1147 3635 6755
internal_value=-0.00016803 -0.000346373 0.0395802 -0.000250309 0.00469427 -0.0114414 -0.00121269 0.0154754 -0.0271326 -0.0288552 -0.000808849 -0.0115912 -0.0318858 -0.00298456
internal_weight=1200.41 1195.05 5.36195 1193.23 194.406 41.7471 998.827 15.3741 26.373 14.3823 984.444 62.016 18.126 43.89
internal_count=2250175 1895779 354396 1654680 356829 62080 1297851 10908 51172 17305 1280546 194508 186606 7902
is_linear=0
shrinkage=0.05


Tree=376
num_leaves=15
num_cat=0
split_feature=18 11 1 2 4 17 9 9 9 17 2 4 9 7
split_gain=2.37545 5.03815 2.58537 2.29516 3.85925 2.60124 2.12132 2.05334 4.05274 3.83423 3.17403 3.05208 2.80302 2.49989
threshold=0.041128322482109077 1.0000000180025095e-35 1.5000000000000002 -0.65312147140502919 0.017259508371353153 4.7317931652069101 0.34195309877395635 0.1914731562137604 0.19473934173583987 3.4811217784881596 1.5957945585250857 0.00057461857795715343 0.093674376606941237 13.287721633911135
decision_type=8 10 8 8 10 10 8 8 8 10 8 8 10 10
left_child=1 2 -1 4 5 -2 -6 9 -9 -5 -11 -12 13 -13
right_child=3 -3 -4 7 6 -7 -8 8 -10 10 11 12 -14 -15
leaf_value=-0.032652430125638336 -0.055272130365009303 -0.0863935841787693 0.017234263049077433 -0.11132733136379575 0.045113590049483163 0.042804678275438816 -0.077695379817769847 -0.12657125008048745 -5.2614051763820526e-05 0.049264531966580066 -0.16388093578646426 -0.19249742489854238 -0.0054806708157902582 0.1457125507101131
leaf_weight=2.7590848351508841 0.73208809767029315 1.2758100785523101 44.245716265111966 0.53380799226146614 0.48081364698307977 8.8345107964618759 1.3087568126304088 0.63332003599054276 1131.0302280786946 6.6016774681743229 0.275251152615274 0.061016508570983397 4.9705186035862843 0.52258530103603151
leaf_count=88 53223 904 84327 3743 157686 134178 172887 3119 1569756 64513 15 598 4558 558
internal_value=0.000778994 0.011645 0.014306 0.000325165 0.0226926 0.0352993 -0.0446996 0.000103251 -0.000123418 0.0198886 0.0255232 -0.00136352 0.00669052 0.110352
internal_weight=1204.27 48.2806 47.0048 1155.98 11.3562 9.5666 1.78957 1144.63 1131.66 12.9649 12.431 5.82937 5.55412 0.583602
internal_count=2250153 85319 84415 2164834 517974 187401 330573 1646860 1572875 73985 70242 5729 5714 1156
is_linear=0
shrinkage=0.05


Tree=377
num_leaves=15
num_cat=0
split_feature=1 1 4 4 3 1 16 24 14 16 1 4 16 16
split_gain=3.47148 3.57883 4.63595 3.45182 3.78806 5.50061 6.7027 4.50317 3.48763 3.39111 3.36242 10.3236 8.51429 6.50151
threshold=71.500000000000014 82.500000000000014 0.002250522375106812 0.034857213497161872 0.081815451383590712 98.500000000000014 3.7256208658218388 1.7424008250236513 1.0000000180025095e-35 2.3502402305603032 103.50000000000001 0.018595755100250248 3.8606742620468144 2.9700856208801274
decision_type=8 8 8 10 8 8 10 10 10 8 8 10 8 8
left_child=-1 2 -2 4 5 6 9 -8 -7 -3 11 -6 13 -13
right_child=1 3 -4 -5 10 8 7 -9 -10 -11 -12 12 -14 -15
leaf_value=-0.0024411300263931564 -0.069686882445771772 0.027521376054165627 0.025855788882679143 -0.024959543261413537 -0.051399983077808811 -0.016923917114070486 0.064640872984607828 -0.078881746635322825 -0.078487931372186986 -0.080814722927983529 0.0060077500143903371 -0.089474003041861552 -0.076015312747756011 0.064665588372717769
leaf_weight=855.86732230595328 1.3362213662703459 1.0738010555611883 25.484856455109423 11.391465952662541 9.7648941128611888 4.8713556420338273 4.3631063033442814 0.62479787093616312 4.3589701105276015 2.2068392745485044 257.13685369570663 0.76803787427621317 1.7295498212719476 6.260354199722074
leaf_count=309836 3329 194 44655 832528 27629 9640 3538 31 7124 2289 993860 2130 7876 4681
internal_value=-0.000758795 0.00358635 0.0210959 0.00204432 0.00309363 -0.0194648 0.0101538 0.0466629 -0.0459972 -0.0453547 0.00452564 -0.0160492 0.023366 0.0478218
internal_weight=1187.24 331.371 26.8211 304.55 293.159 17.4989 8.26854 4.9879 9.23033 3.28064 275.66 18.5228 8.75794 7.02839
internal_count=2249340 1939504 47984 1891520 1058992 22816 6052 3569 16764 2483 1036176 42316 14687 6811
is_linear=0
shrinkage=0.05


Tree=378
num_leaves=15
num_cat=0
split_feature=2 2 4 2 18 18 16 3 2 4 3 26 18 13
split_gain=2.81876 5.74959 4.93492 3.07225 5.96881 3.15324 6.33945 6.20247 3.81715 3.7133 3.50515 6.73189 3.33772 3.52775
threshold=0.69162210822105419 0.70819029211997997 0.0088095366954803484 0.68073743581771862 0.22746340930461886 0.063114859163761153 3.113268375396729 0.11165902018547059 0.13000098615884784 0.0090516507625579851 0.11639323830604555 0.41421568393707281 0.061242876574397094 0.97222220897674572
decision_type=8 8 10 8 8 8 10 10 8 10 10 10 8 10
left_child=2 -2 -1 5 -5 8 7 9 12 -7 11 -8 13 -4
right_child=1 -3 3 4 -6 6 10 -9 -10 -11 -12 -13 -14 -15
leaf_value=0.013594637699102938 -0.066897127830556818 -0.0011991047956926223 -0.072671855738848337 -0.083552805299913602 0.07754182262227638 0.29476270062419047 -0.06571820538395691 -0.061500818693495531 0.027400615051850985 0.014132109491142179 0.0017094005268535038 0.062636189040547408 0.047462496300733334 0.1231806052136456
leaf_weight=90.41862470610107 3.3411053209293042 1021.8881304912641 2.6870578566045564 0.73031499488151552 2.7036813696816266 0.12434749527171973 4.8104918356075883 9.3767395916204794 13.000187666935281 2.2653548865712776 48.982634115306929 1.2969584371993255 1.0633813266661678 0.25143597368361881
leaf_count=352133 26368 668622 68159 5603 7957 66 13546 188171 30568 2168 883227 410 2935 81
internal_value=-0.000405524 -0.00141321 0.00540788 -0.00307206 0.0432815 -0.00497024 -0.00985961 -0.0431745 0.0142561 0.0287346 -0.00274404 -0.0384613 -0.0284443 -0.0559135
internal_weight=1202.94 1025.23 177.711 87.2926 3.434 83.8586 66.8565 11.7664 17.0021 2.3897 55.0901 6.10745 4.00188 2.93849
internal_count=2250014 694990 1555024 1202891 13560 1189331 1087588 190405 101743 2234 897183 13956 71175 68240
is_linear=0
shrinkage=0.05


Tree=379
num_leaves=15
num_cat=0
split_feature=1 1 26 3 1 0 0 4 18 2 3 1 17 4
split_gain=2.53135 3.50704 7.88155 5.89945 5.319 4.88509 3.69362 3.41413 3.37768 3.64687 4.21055 3.35303 3.00873 3.08988
threshold=71.500000000000014 53.500000000000007 0.24404761940240863 0.098565906286239638 51.500000000000007 0.64201158285141002 0.64201158285141002 0.034857213497161872 0.14216277003288272 1.024612605571747 0.083797037601470961 75.500000000000014 5.9441101551055917 0.021575599908828739
decision_type=8 10 10 8 10 8 10 10 10 8 10 8 8 8
left_child=1 4 3 8 -1 -5 -6 -2 9 10 -3 -9 13 -4
right_child=7 2 12 5 6 -7 -8 11 -10 -11 -12 -13 -14 -15
leaf_value=-0.0012755063745585457 0.004624737143844938 0.010512896091795376 0.06266919740598384 -0.069320681487515065 -0.040812746147892265 0.021787561248529846 0.050374902850723505 0.060719973206117217 -0.068012998333602956 -0.0874765460120904 -0.072000508835691188 -0.029795725953216185 -0.094799041678090806 -0.046599019595551898
leaf_weight=817.1840334001846 322.85849994536545 6.0645248604377784 4.4603319779824071 1.8274722800099163 1.2964871366068385 7.5486943579691426 7.7412979977407463 1.1222641891566261 8.4257443720216809 1.8987054356711279 2.0750877924186337 11.582343072996474 0.40409446861881892 0.75675484561909012
leaf_count=222802 1084942 2864 1746 41694 5920 11383 2812 7950 14196 1769 1825 846451 493 2581
internal_value=-5.86981e-05 -0.00149629 -0.0173652 -0.0282691 -0.000853608 0.00403001 0.0372939 0.00362428 -0.0446708 -0.0250783 -0.0105228 -0.0218 0.0366389 0.0468195
internal_weight=1195.25 859.683 33.4614 27.8402 826.222 9.37617 9.03779 335.563 18.4641 10.0383 8.13961 12.7046 5.62118 5.21709
internal_count=2249428 310085 78551 73731 231534 53077 8732 1939343 20654 6458 4689 854401 4820 4327
is_linear=0
shrinkage=0.05


Tree=380
num_leaves=15
num_cat=0
split_feature=26 10 1 18 18 24 24 9 8 1 1 1 4 3
split_gain=2.73921 2.91998 3.4402 3.37542 3.96733 8.44043 4.19457 3.5018 2.47467 2.16242 4.97909 3.90213 4.47191 6.08436
threshold=0.41421568393707281 0.011111282743513586 95.500000000000014 0.61199024319648754 0.12725243717432025 1.600064814090729 1.2714552283287051 0.49160037934780126 194.50000000000003 71.500000000000014 68.500000000000014 124.50000000000001 0.012382239103317262 0.11282742023468019
decision_type=10 8 10 10 10 10 10 8 10 8 8 8 8 8
left_child=8 -2 3 4 5 -3 -6 -5 9 10 -1 12 -11 -14
right_child=1 2 -4 7 6 -7 -8 -9 -10 11 -12 -13 13 -15
leaf_value=-0.0023196635638798066 0.066540726391211918 -0.076848456768557186 -0.048948083748011642 0.014269911213310536 0.051325815821994483 0.0073028733913826794 0.01291460070512954 -0.065099740948075122 -0.065752949146267572 -0.001135165083034046 -0.061417481470493508 -0.0010760766515759566 0.031605907208104793 -0.011302995071618464
leaf_weight=795.73864520803204 2.0920057629795705 3.4826158482647527 2.6837051220488624 2.5654409332043877 8.7536461644970895 20.637311742872157 37.792709093892668 3.0323102130769652 1.4865068405777027 38.857734217439273 3.580113765360351 232.05427231045601 36.16666927132831 10.707399588320149
leaf_count=286913 14792 7039 12160 912 17972 609 2524 18658 10172 64867 12746 1640322 24374 136055
internal_value=-0.000639982 0.00823659 0.00669161 0.00864955 0.0116101 -0.00484753 0.0201383 -0.0287247 -0.00128307 -0.00119728 -0.00258436 0.00229159 0.011407 0.0218043
internal_weight=1199.63 81.0397 78.9477 76.264 70.6663 24.1199 46.5464 5.59775 1118.59 1117.1 799.319 317.786 85.7318 46.8741
internal_count=2250115 74666 59874 47714 28144 7648 20496 19570 2175449 2165277 299659 1865618 225296 160429
is_linear=0
shrinkage=0.05


Tree=381
num_leaves=15
num_cat=0
split_feature=1 1 16 10 16 2 3 22 2 16 26 10 7 24
split_gain=2.89011 4.61449 5.37624 3.72945 3.48858 3.58078 4.87035 3.59988 4.51915 4.18959 5.18108 2.79253 2.77058 5.01401
threshold=73.500000000000014 78.500000000000014 4.5053346157073983 0.02701977547258139 4.388237953186036 1.0021235346794131 0.10261034965515138 0.66424882411956798 1.0131042599678042 3.1984648704528813 0.51470589637756359 0.022467030212283138 38.345289230346687 1.8478996753692629
decision_type=8 8 10 10 8 8 8 8 8 10 8 10 8 10
left_child=4 2 -2 11 5 6 -1 9 -9 -7 -11 -3 13 -6
right_child=1 3 -4 -5 12 7 -8 8 -10 10 -12 -13 -14 -15
leaf_value=-0.041982549982072487 0.037121490221949993 0.0023120539554606937 -0.077466005498840959 0.045368216528898359 -0.042274965003299685 -0.0066350266540199584 0.014396309416648543 0.041706996582597217 -0.0016528890114268547 -0.014399117102349729 -0.055960527930618315 -0.063369993235419295 0.0062175175757808315 -0.0018830494167543146
leaf_weight=12.820344595559915 15.626903637067926 307.86909116441467 1.0953857842658941 5.0301207355809074 8.9160509024452406 46.955343263078319 5.4628685222886721 6.077724716132801 533.39555934899545 30.446993988731279 9.9488152548817776 1.6267960711494982 189.60645846124456 21.739297988926392
leaf_count=12464 16863 1907710 5022 244 9790 46610 37032 363 21291 81411 23740 447 84932 978
internal_value=4.99806e-05 0.00402165 0.0296155 0.00266092 -0.00147031 -0.00332532 -0.025137 -0.00268912 -0.0011644 -0.0121057 -0.024635 0.00196681 0.00396269 -0.00998362
internal_weight=1196.62 331.248 16.7223 314.526 865.369 645.108 18.2832 626.824 539.473 87.3512 40.3958 309.496 220.262 30.6553
internal_count=2248897 1930286 21885 1908401 318611 222911 49496 173415 21654 151761 105151 1908157 95700 10768
is_linear=0
shrinkage=0.05


Tree=382
num_leaves=15
num_cat=0
split_feature=1 1 24 18 4 17 1 3 27 17 18 4 18 22
split_gain=2.90528 4.27153 7.24916 3.26876 4.73786 4.8485 7.26474 6.7692 8.28671 4.58462 4.53886 8.99169 5.15893 4.16423
threshold=154.50000000000003 130.50000000000003 2.0047768354415898 0.2516892552375794 0.024495095014572147 4.7140145301818857 177.50000000000003 0.11868399381637575 4.2454400062561044 4.7140145301818857 0.47874850034713751 0.00073683261871337901 0.49684514105319982 0.71941202878952037
decision_type=8 10 10 10 10 10 8 8 10 8 8 10 8 8
left_child=1 -1 -3 9 5 6 -5 8 -7 -2 11 -9 -12 -14
right_child=3 2 -4 4 -6 7 -8 10 -10 -11 12 -13 13 -15
leaf_value=-0.00041880050691889313 0.031077190690841701 -0.052943249214131627 0.022374822970051538 0.05821182271971366 -0.051331883654321134 -0.069582705293557673 -0.048378129012644017 -0.061989310194208586 0.063603876604119647 0.0060107618564109854 0.11250916361689084 0.014959102938588124 -0.0025078376529210559 0.046653683748167085
leaf_weight=959.83725850814278 20.931632757910073 9.5959956360938552 4.7890681664287511 1.9333616644191429 4.8936439584407116 5.2454920588699805 9.2309811250428453 4.7772056626882984 1.502389380214401 141.92987634580157 1.8040976149460657 18.493203894820763 8.0927437227415968 9.2092393296625072
leaf_count=567821 83525 104885 224 8002 459107 18060 132804 16516 792 635598 5511 94492 119070 3846
internal_value=0.000365058 -0.000824113 -0.0278684 0.00544529 -0.004017 -0.000176444 -0.0299196 0.0065832 -0.0399292 0.0092324 0.0139897 -0.000837714 0.0320488 0.0236591
internal_weight=1202.27 974.222 14.3851 228.044 65.1824 60.2887 11.1643 49.1244 6.74788 162.862 42.3765 23.2704 19.1061 17.302
internal_count=2250253 672930 105109 1577323 858200 399093 140806 258287 18852 719123 239435 111008 128427 122916
is_linear=0
shrinkage=0.05


Tree=383
num_leaves=15
num_cat=0
split_feature=21 23 16 22 12 24 25 24 23 4 18 18 18 23
split_gain=2.26751 2.11231 4.61684 3.64199 4.13091 3.73176 3.47235 7.34292 4.47214 4.00645 4.22283 3.28745 3.78002 3.13374
threshold=1.5000000000000002 47.500000000000007 3.6242519617080693 0.67306184768676769 0.10102041065692903 1.004433870315552 1.5000000000000002 0.94412466883659374 55.500000000000007 0.021575599908828739 0.041128322482109077 0.066714018583297743 0.068581741303205504 53.500000000000007
decision_type=10 10 10 10 8 10 8 10 8 8 8 8 8 10
left_child=1 -1 6 4 5 -4 9 -8 -9 13 -11 -10 -13 -3
right_child=-2 2 3 -5 -6 -7 7 8 11 10 -12 12 -14 -15
leaf_value=-0.00058384343948293942 -0.046892431646534866 0.062370981850565055 0.026408090495968185 0.065467036520292982 -0.027409042184360684 -0.054021818522471898 -0.050293550576441561 -0.056318976970097613 -0.054308788817530401 0.050642272139603206 -0.046904209846657899 0.32814171574648565 0.049702977454613335 0.023453904262834703
leaf_weight=1109.8460937097543 2.5860218466766574 6.4747581945625852 7.9446248497623309 1.5802550983029693 17.091759435373213 1.6890560310532405 5.3506689417947442 1.3785923263004964 0.76947241553007695 1.6183922238140025 3.5282932575567774 0.12458033666041507 5.6481090117703641 25.723931327502914
leaf_count=277516 6604 3246 342916 1231 860100 14212 182817 4223 2432 35887 311200 80 9572 198104
internal_value=-0.000123541 -2.18014e-05 0.0078819 -0.00828968 -0.0126509 0.0135326 0.0169253 -0.00504289 0.0255251 0.0247321 -0.0162304 0.0427716 0.055712 0.0312796
internal_weight=1191.35 1188.77 78.9225 28.3057 26.7254 9.63368 50.6168 13.2714 7.92075 37.3454 5.14669 6.54216 5.77269 32.1987
internal_count=2250140 2243536 1966020 1218459 1217228 357128 747561 199124 16307 548437 347087 12084 9652 201350
is_linear=0
shrinkage=0.05


Tree=384
num_leaves=15
num_cat=0
split_feature=18 17 17 23 4 1 2 4 2 0 17 2 17 4
split_gain=2.39236 3.11682 4.36075 3.54526 4.00651 7.18947 5.47727 3.9415 5.26215 3.86633 3.61349 3.26451 3.50772 2.58337
threshold=0.041128322482109077 6.4884421825408944 6.3690412044525155 2.5000000000000004 0.0090516507625579851 28.500000000000004 1.5957945585250857 0.010213136672973635 0.51222771406173717 0.70945706963539135 5.4531798362731942 0.58112064003944408 6.0901775360107431 0.01632785797119141
decision_type=8 10 10 8 8 10 8 8 8 8 10 8 8 8
left_child=1 2 3 -1 5 6 9 -6 -9 10 -5 -10 13 -13
right_child=-2 -3 -4 4 7 -7 -8 8 11 -11 -12 12 -14 -15
leaf_value=-0.023706088938785577 -0.0012387640450263972 -0.056485094653100455 0.064397561524497424 0.024800301199334941 0.071334554943587966 -0.072994214514984779 -0.075400424050399109 -0.065138382863695624 0.089816949294968099 0.067348987863129414 -0.067249368812070873 -0.034057437677870714 -0.073890523897796087 0.032792809790469689
leaf_weight=7.3389055399252934 1137.665578949222 1.700159873407961 3.7183338834495236 4.142938908291784 4.1663927929476854 3.1606834045037191 1.5120335307592192 1.7447954498191087 1.7953162107423413 3.6410648165492523 1.4356023836052276 1.6401041756995496 0.96220731035773255 12.159413564555386
leaf_count=212 2164851 7662 2876 3366 1676 4737 139 38211 1620 107 7679 1451 3081 12749
internal_value=-0.000772308 0.0100317 0.0124167 0.00799366 0.0143918 -0.00671556 0.0128048 0.0274428 0.0174508 0.0272707 0.0011119 0.0261542 0.0184115 0.0248475
internal_weight=1186.78 49.118 47.4178 43.6995 36.3606 13.8923 10.7316 22.4682 18.3018 9.21961 5.57854 16.557 14.7617 13.7995
internal_count=2250417 85566 77904 75028 74816 16028 11291 58788 57112 11152 11045 18901 17281 14200
is_linear=0
shrinkage=0.05


Tree=385
num_leaves=15
num_cat=0
split_feature=13 4 18 1 4 16 16 1 3 1 4 24 1 16
split_gain=2.38226 3.41783 5.18782 7.17926 6.20092 6.84332 5.68127 4.3083 3.99251 8.99503 3.70178 3.53136 3.86936 3.7107
threshold=0.27525253593921667 0.0060120224952697763 0.051621668040752418 24.500000000000004 0.0030041337013244633 3.0677825212478642 3.4811217784881596 20.500000000000004 0.0706785023212433 176.50000000000003 0.036911606788635261 1.5026199221611025 48.500000000000007 3.65057384967804
decision_type=8 8 8 10 10 8 10 10 10 8 10 8 10 10
left_child=1 2 7 4 -4 -6 -5 -1 11 -10 -3 12 -8 -13
right_child=-2 10 3 6 5 -7 8 -9 9 -11 -12 13 -14 -15
leaf_value=-0.02507057472606939 -0.0010337530847014244 -0.0026389249887176624 0.0027425871235539456 -0.08142657426365596 -0.087463275030106591 0.03998614928931641 -0.061491863484160705 0.081540759984199435 -0.07083206453130185 0.049360791763646605 0.0212148624662966 0.072706769118289369 0.084588675899562107 -0.034137371557638747
leaf_weight=1.2032724377375883 968.83233097650759 138.18427510705737 32.386918955240873 2.9855767878965755 1.096582109376109 26.653320958427265 0.5474567301038199 4.4603732833507843 4.9054185795786021 2.2802019598354271 18.434002878833638 1.0599177709227658 2.6359551058391473 3.4831215574033081
leaf_count=1487 1767617 208331 27765 5352 902 20992 1605 866 17072 6273 189347 24 2082 313
internal_value=7.15782e-05 0.00452771 0.0126845 0.00933087 0.0176045 0.0349498 -0.0184688 0.0588906 -0.00586384 -0.0326914 0.000168671 0.0190859 0.059467 -0.00921001
internal_weight=1209.15 240.316 83.6981 78.0345 60.1368 27.7499 17.8976 5.66365 14.9121 7.18562 156.618 7.72645 3.18341 4.54304
internal_count=2250028 482411 84733 82380 49659 21894 32721 2353 27369 23345 397678 4024 3687 337
is_linear=0
shrinkage=0.05


Tree=386
num_leaves=15
num_cat=0
split_feature=23 3 16 27 18 18 26 10 18 14 18 18 3 3
split_gain=2.8075 3.59824 3.03416 5.70862 4.39773 5.92639 5.58634 5.48534 5.07811 6.5221 4.96604 4.38802 4.05808 3.86093
threshold=37.500000000000007 0.27084156870841986 3.5694335699081425 5.8899643421173105 0.98976975679397594 0.68781778216362011 0.58578431606292736 0.026260042563080791 0.62049737572669994 inf 0.49040302634239202 0.38632823526859289 0.13090059161186221 0.0999467968940735
decision_type=8 10 8 10 10 10 10 8 10 8 10 10 8 8
left_child=1 -1 3 -2 5 6 7 -4 10 -10 11 -9 13 -13
right_child=2 -3 4 -5 -6 -7 -8 8 9 -11 -12 12 -14 -15
leaf_value=-0.0017193017480148854 0.013872439899285788 0.082096993722982015 -0.060738241517530572 -0.053731173958541746 0.023063870853019187 -0.066787605776789619 0.054796560468357208 -0.0082842485329283396 0.034276267653523554 0.26902169953311422 -0.065661068239206491 0.023232090556282291 -0.056993799276247294 0.10685300806500629
leaf_weight=1008.5135389778155 89.062395527597559 1.2821083107296534 4.347073241725413 3.2361736380403121 15.360907940585845 3.8405160751084528 3.9460984101080347 49.075148650114365 3.0044315974650462 0.32821624943647609 3.2980511180709788 5.4017563746961681 1.136931598315974 1.8542265819713613
leaf_count=149879 671870 11210 350645 9114 290528 159091 12305 413610 23727 4901 72395 11220 58045 11643
internal_value=-0.0005781 -0.00161288 0.00510414 0.0115021 -0.00134309 -0.00626112 -0.00305008 -0.00638511 -0.00269897 0.0573952 -0.00599476 -0.00257056 0.0308386 0.044601
internal_weight=1193.69 1009.8 183.892 92.2986 91.5934 76.2324 72.3919 68.4458 64.0988 3.33265 60.7661 57.4681 8.39291 7.25598
internal_count=2250183 161089 2089094 680984 1408110 1117582 958491 946186 595541 28628 566913 494518 80908 22863
is_linear=0
shrinkage=0.05


Tree=387
num_leaves=15
num_cat=0
split_feature=18 11 3 1 1 24 24 1 18 24 13 10 18 23
split_gain=4.25552 3.69755 3.41568 3.03328 3.23329 2.9485 4.13691 4.08113 3.72013 3.10479 3.13175 2.98075 2.93069 3.55004
threshold=0.041128322482109077 1.0000000180025095e-35 0.16416001319885257 11.500000000000002 6.5000000000000009 0.97320964932441723 0.94412466883659374 145.50000000000003 0.23534186184406283 1.0382928252220156 0.23904761672019961 0.0098058069124817866 0.049730988219380386 106.50000000000001
decision_type=8 10 10 8 8 8 8 10 10 8 10 10 10 10
left_child=1 2 3 4 -1 6 7 11 -8 10 -7 12 -2 -14
right_child=5 -3 -4 -5 -6 9 8 -9 -10 -11 -12 -13 13 -15
leaf_value=0.0057658034564037211 0.04954134964571863 -0.082442083470550875 -0.061999146408665523 0.024706794045291379 -0.071791769627666507 -0.048451048193588302 0.059398675487474177 -0.054860505970766672 -0.054705434894095087 -0.0015799843058475092 0.062054314055046036 -0.034753963796600167 -0.037108079686397642 0.01458736984438665
leaf_weight=9.8568715337102883 4.8760267479187318 0.98323407171076027 1.3828192882385071 36.693671706594749 1.5559299248342533 5.7890567350648885 6.2451220106156358 2.6750884813452194 0.80658197997030523 1094.204216402047 0.72100384268116879 3.5035008043152081 3.842337838941325 24.476079210466864
leaf_count=540 69268 899 59362 24275 455 48318 12477 271474 12095 325450 982 170447 83775 1170330
internal_value=-0.000639035 0.0135701 0.0154777 0.0177047 -0.00480777 -0.00126422 0.0110789 0.00476233 0.0463473 -0.00178481 -0.0362123 0.00910853 0.013738 0.00757316
internal_weight=1197.61 50.4725 49.4893 48.1065 11.4128 1147.14 46.4247 39.373 7.0517 1100.71 6.51006 36.6979 33.1944 28.3184
internal_count=2250147 85531 84632 25270 995 2164616 1789866 1765294 24572 374750 49300 1493820 1323373 1254105
is_linear=0
shrinkage=0.05


Tree=388
num_leaves=15
num_cat=0
split_feature=1 2 16 16 26 18 18 23 2 2 7 14 16 26
split_gain=3.31566 4.41085 2.96413 4.58038 5.84458 5.76372 6.02003 4.40079 8.30861 5.33319 4.45884 4.40481 4.20799 5.40633
threshold=65.500000000000014 0.9517502784729005 4.1971738338470468 4.0689902305603036 0.15192308276891711 1.0765166282653811 0.46159115433692938 9.5000000000000018 1.3954468965530398 0.97123992443084728 29.100613594055179 inf 4.6298508644104013 0.34057971835136419
decision_type=8 8 8 10 8 10 8 10 8 10 8 8 10 8
left_child=1 -1 3 -3 5 6 -5 8 12 -9 -10 -11 13 -4
right_child=-2 2 7 4 -6 -7 -8 9 10 11 -12 -13 -14 -15
leaf_value=-0.060778634004099621 0.0044971928516346999 -0.0018453712083226334 -0.020348230340826681 -0.029893740093778029 0.0015799800276192569 0.066269508992439607 -0.098471048890500582 0.10973054594081517 -0.016016150720495115 0.0077396667422691551 0.0086086519381880135 0.050424624443521839 -0.0037101683987701001 -0.077901930895646149
leaf_weight=3.1020345419703776 352.35796698298634 541.13313048171347 19.504259302564698 17.058918045538991 18.45530881210399 1.2864381378721805 3.9391856661866234 1.4773930201230161 21.034954860337439 45.537015976718514 145.81106488356366 6.9688444745185256 26.570788839339389 5.1597765332769603
leaf_count=14798 1966829 155051 1750 7026 4286 242 1944 2694 850 76247 4285 11664 2739 560
internal_value=0.0004142 -0.00126446 -0.00104826 -0.00306258 -0.0192303 -0.0364647 -0.0427587 0.00325982 9.59364e-05 0.0160412 0.0055041 0.013405 -0.0175157 -0.0323886
internal_weight=1209.4 857.039 853.937 581.873 40.7399 22.2845 20.9981 272.064 218.081 53.9833 166.846 52.5059 51.2348 24.664
internal_count=2250965 284136 269338 168549 13498 9212 8970 100789 10184 90605 5135 87911 5049 2310
is_linear=0
shrinkage=0.05


Tree=389
num_leaves=15
num_cat=0
split_feature=23 2 16 26 17 24 2 4 1 16 1 16 17 4
split_gain=2.78202 3.40472 4.3193 2.99258 4.25967 4.69838 6.13196 4.64426 4.15851 5.87325 5.49479 3.65096 3.60916 3.07608
threshold=35.500000000000007 -0.66990232467651356 3.4811217784881596 0.63068181276321422 5.5194568634033212 1.2933786511421206 1.821476995944977 0.00037497282028198248 67.500000000000014 6.3198683261871347 74.500000000000014 2.8029010295867924 5.8362705707550058 0.0055261850357055673
decision_type=10 8 10 10 10 10 8 8 10 10 10 10 10 10
left_child=1 2 -1 4 -2 6 7 11 9 -9 -10 -6 -7 -12
right_child=3 -3 -4 -5 5 12 -8 8 10 -11 13 -13 -14 -15
leaf_value=-0.069192829473629869 0.012747619475472712 -0.0010773043270724848 0.050245995627229992 0.052593778430166049 0.10282489326921516 -0.062440391416580691 0.037443407063660596 -0.051316132064368331 0.094306821041058864 0.044881546293883023 0.016496193817812661 -0.053059172273312562 0.073681967470574247 -0.045017889791934683
leaf_weight=0.87014545277241406 74.900750494776787 1074.8622990771707 5.8182676945660328 3.5354486882401792 1.246141561904514 0.59423772280659282 5.0398807267402175 15.947409642477018 1.3112838070645185 1.7619880374384553 3.8508329576757099 0.5376861661156952 2.6971900238228446 4.3035150517311234
leaf_count=6466 1348535 202774 16364 27379 599 524 23634 420104 8446 4098 31056 9370 575 148895
internal_value=-6.76113e-05 -0.000856009 0.0347073 0.00730056 0.00587325 -0.00793457 -0.0134567 -0.0223152 -0.0274453 -0.041745 -0.000691773 0.0558379 0.0491063 -0.0159683
internal_weight=1197.28 1081.55 6.68841 115.726 112.191 37.2902 33.9987 28.9589 27.175 17.7094 9.46563 1.78383 3.29143 8.15435
internal_count=2248819 225604 22830 2023215 1995836 647301 646202 622568 612599 424202 188397 9969 1099 179951
is_linear=0
shrinkage=0.05


Tree=390
num_leaves=15
num_cat=0
split_feature=2 2 0 23 2 1 24 1 18 18 18 16 0 3
split_gain=1.77484 1.95498 3.20929 2.54343 3.79925 6.82509 5.05115 5.0376 4.18352 3.93371 3.76909 3.71743 3.64664 3.45512
threshold=-1.9607253670692442 -1.0529541373252866 0.54432824254035961 11.500000000000002 1.1846840977668764 82.500000000000014 1.3691715002059939 67.500000000000014 0.28456890583038336 0.09834351018071176 0.051621668040752418 4.9732735157012948 0.64340209960937511 0.18406566977500918
decision_type=8 8 8 10 8 10 8 10 8 10 8 8 8 10
left_child=-1 -2 -3 -4 5 6 7 11 12 -6 -8 13 -9 -5
right_child=1 2 3 4 9 -7 10 8 -10 -11 -12 -13 -14 -15
leaf_value=-0.17718873949493003 0.032194255743245505 -0.016136807582622072 -0.00076122137917340152 -0.007807026330000532 0.010401174675594876 -0.0063036089265259805 -0.007807026330000532 -0.007807026330000532 -0.007807026330000532 -0.007807026330000532 0.03475975651930524 0.028857965547348707 0.059702282983485247 0.029085961892000023
leaf_weight=0.14096711052860156 4.7665831498123072 29.644101523418932 894.51925322798297 37.008651118041058 41.943238755967371 45.069872229419701 2.1040372947434269 0.91473794993401669 1.3330507937791747 76.382914013255174 38.606824077001598 10.309223761554767 9.7370011530290039 6.692978159122311
leaf_count=94716 259702 708096 78290 180294 30158 495057 1066 19116 27224 146711 14971 72233 8609 114268
internal_value=0.000215923 0.00023678 0.000109231 0.000522755 0.004775 0.0100109 0.0169017 0.0083576 0.0376834 -0.00194109 0.0307524 0.00185033 0.0497277 -0.00452077
internal_weight=1199.17 1199.03 1194.27 1164.62 270.103 151.776 106.707 65.9956 11.9848 118.326 40.7109 54.0109 10.6517 43.7016
internal_count=2250511 2155795 1896093 1187997 1109707 932838 437781 421744 54949 176869 16037 366795 27725 294562
is_linear=0
shrinkage=0.05


Tree=391
num_leaves=15
num_cat=0
split_feature=13 2 13 13 18 18 4 26 18 9 18 18 2 13
split_gain=2.29213 3.96721 4.18834 9.55738 6.5287 5.40892 4.64089 5.22813 4.60829 4.04473 3.94213 4.72031 6.1478 3.65129
threshold=0.00089900111197493981 1.6878933906555178 0.091966174542903914 0.12973351776599887 0.35308745503425604 0.93228131532669078 0.01462531089782715 0.17914438992738727 0.24366284906864169 0.67093545198440563 0.051621668040752418 0.10007587447762491 0.34688507020473486 0.50925925374031078
decision_type=10 10 10 10 8 10 10 10 10 10 10 8 10 8
left_child=-1 10 4 9 -3 6 7 -5 -8 -4 -2 12 -12 -13
right_child=1 2 3 5 -6 -7 8 -9 -10 -11 11 13 -14 -15
leaf_value=-0.0006782956979729122 0.041507112047605321 0.040175334728213802 -0.090285473622609816 -0.04139608584871373 -0.045062557484946003 0.057106232949845327 0.037366346173414798 0.018093334075737127 -0.02045023218639766 0.036550820040857877 0.058185464211076322 0.015122640017169203 -0.056885745000860667 -0.10642758901130062
leaf_weight=1063.5482674279317 11.020365290368195 10.002481447214317 4.7137825637285848 13.435156559186355 2.897151291149906 3.4664552370519734 8.1768271316838206 5.0933647297195241 5.9575395650322553 0.72526343701781559 1.5005093188022884 55.888319260656289 5.1256678279988348 0.62474398676460552
leaf_count=2067941 10825 358 407 548 286 155 400 52 497 30 7728 151330 5480 3844
internal_value=8.41486e-05 0.00638836 -0.00385773 -0.0115815 0.0210316 -0.00227919 -0.00858166 -0.0250428 0.0129971 -0.0733726 0.0139138 0.00909766 -0.0308277 0.0137789
internal_weight=1192.18 128.628 54.468 41.5684 12.8996 36.1293 32.6629 18.5285 14.1344 5.43905 74.1596 63.1392 6.62618 56.5131
internal_count=2249881 181940 2733 2089 644 1652 1497 600 897 437 179207 168382 13208 155174
is_linear=0
shrinkage=0.05


Tree=392
num_leaves=15
num_cat=0
split_feature=24 24 9 16 22 17 13 3 3 3 2 16 3 25
split_gain=3.04636 4.93704 5.33057 5.17192 5.84559 2.82747 5.48586 4.00801 5.46912 4.11755 3.71595 3.57713 3.4101 3.17467
threshold=1.2523145675659182 1.2933786511421206 0.36614039540290838 4.0517470836639413 0.67306184768676769 5.4049246311187753 0.098780486732721343 0.10536301136016847 0.079786419868469252 0.052876651287078864 1.4345687627792361 3.2384861707687382 0.079786419868469252 1.0000000180025095e-35
decision_type=8 8 8 10 8 8 10 10 8 8 10 8 10 8
left_child=5 2 -2 -4 -5 -1 7 8 9 11 12 13 -8 -7
right_child=1 -3 3 4 -6 6 10 -9 -10 -11 -12 -13 -14 -15
leaf_value=0.01520444783842477 0.052660386350707127 -0.00017699747100032015 -0.065241426370150318 -0.06556815355998781 0.042643709821076188 0.056033607753564064 0.070684263491128538 -0.025562773592484135 0.026873177699246138 -0.056108858265682508 -0.071978243752006399 -0.019863164096535203 0.0074142484765154339 -0.06539721531028482
leaf_weight=62.323906121462585 1.7579704122011 1067.7766899220721 7.9981127255628408 2.0953692184434054 3.0861230174500225 3.5154475088197854 5.030128232458952 18.063570380054248 14.206074298034087 4.518705527699681 0.75147869565523073 7.9178851039423153 3.6933746778551972 0.63555530305367813
leaf_count=1181819 850 202701 9958 4798 710 949 4958 663072 80162 30250 1264 10239 58145 472
internal_value=0.000263465 -0.000576341 -0.0291224 -0.0400311 -0.00111662 0.00779951 -0.000112154 -0.00686462 0.00410371 -0.0153967 0.0347066 -0.000153667 0.0438969 0.0374415
internal_weight=1203.37 1082.71 14.9376 13.1796 5.18149 120.656 58.3322 48.8572 30.7937 16.5876 9.47498 12.0689 8.7235 4.151
internal_count=2250347 219017 16316 15466 5508 2031330 849511 785144 122072 41910 64367 11660 63103 1421
is_linear=0
shrinkage=0.05


Tree=393
num_leaves=15
num_cat=0
split_feature=3 3 2 2 4 27 23 0 16 2 16 28 2 16
split_gain=2.29193 2.37506 2.10663 6.2982 7.86691 3.5898 4.29942 2.85878 2.85783 3.91666 3.17539 4.75366 4.2126 3.59067
threshold=0.28674250841140753 0.27084156870841986 1.0363222360610964 1.0489882826805117 0.026417344808578495 6.2184429168701181 11.500000000000002 0.55937898159027111 5.8636271953582773 1.3954468965530398 4.3757371902465829 1.5000000000000002 1.0752348303794863 4.3502571582794198
decision_type=10 10 10 8 8 10 8 10 10 8 8 8 8 8
left_child=1 2 5 4 -4 -1 -7 -8 10 -10 11 -5 -12 -13
right_child=-2 -3 3 8 -6 6 7 -9 9 -11 12 13 -14 -15
leaf_value=0.0025751024680798554 -0.10173743028702951 0.061626645555410045 -0.082062833540855432 -0.068588771776679214 0.042476365436904293 -0.00090304828801852444 -0.047144648632684742 0.065417019337352153 -0.082598248232353122 -0.0043751242818831386 -0.074882154213463767 -0.0014373815512183849 0.0056903898852444946 -0.037144601551308769
leaf_weight=365.30234436369614 0.54834438754119119 1.5874091954030962 4.8767212897016909 2.6810907810502282 1.7136067107032396 6.3941378146287891 0.61784822386378913 6.4816643237074913 2.5006154323794796 4.4443747986216762 1.6352941394922393 591.66957370249054 203.26425008739974 7.1252849533808549
leaf_count=1414159 479731 95375 4271 46339 4500 603 22094 14675 2305 818 5171 101220 57578 1480
internal_value=0.000461029 0.000507718 0.00042678 -0.000997933 -0.0496803 0.0035106 0.0288364 0.0556211 -0.00060346 -0.0325402 -0.000328402 -0.00215971 0.00504734 -0.00186228
internal_weight=1200.84 1200.29 1198.71 819.911 6.59033 378.796 13.4937 7.09951 813.32 6.94499 806.375 601.476 204.9 598.795
internal_count=2250319 1770588 1675213 223682 8771 1451531 37372 36769 214911 3123 211788 149039 62749 102700
is_linear=0
shrinkage=0.05


Tree=394
num_leaves=15
num_cat=0
split_feature=2 4 2 17 16 4 18 0 3 3 23 17 24 16
split_gain=2.6015 4.26329 3.32157 3.19904 7.2961 4.65819 3.9278 3.42397 2.99907 4.43425 3.96624 4.90407 3.82197 4.75742
threshold=0.27258309721946722 0.026846319437026981 0.25931994616985327 5.7914869785308847 4.4484992027282724 0.0039499104022979745 0.15608907490968707 0.6290368139743806 0.14250349998474124 0.14664825797080996 2.5000000000000004 5.6716020107269296 1.3691715002059939 3.6242519617080693
decision_type=8 10 8 10 8 10 8 8 10 10 8 10 8 8
left_child=1 3 -3 8 7 -6 -7 -5 -1 -10 11 -11 13 -12
right_child=-2 2 -4 4 5 6 -8 -9 9 10 12 -13 -14 -15
leaf_value=0.028607238088557776 -0.00068166511089326844 -0.06083895736281434 0.08615130972966302 -0.062006629850586262 -0.066282341659922278 0.305816826834372 0.035702641731197027 0.039358663004367356 -0.068963195850280976 -0.063575926114899456 0.01803548870828622 0.033482323056355984 0.032262797307259471 -0.032335845146927167
leaf_weight=25.128088618533113 1109.9865073091839 3.3365042026847638 0.43436582378079469 5.9814406072024102 1.1928131693773556 0.13774853488488981 5.8588535456329973 0.96789821674794829 1.8351174677939273 3.6371108058624371 14.077201841723795 2.0266570949970628 18.798364312233645 7.0276498946059691
leaf_count=20679 1125231 595176 4610 66436 14453 1389 38109 356 4836 131 120285 23 16997 242493
internal_value=-1.72564e-05 0.00813717 -0.0439072 0.0104016 -0.0113556 0.0239574 0.0419075 -0.0478886 0.0146428 0.00724021 0.0103091 -0.0288457 0.0158667 0.00126247
internal_weight=1200.43 90.4398 3.77087 86.6689 14.1388 7.18942 5.9966 6.94934 72.5302 47.4021 45.567 5.66377 39.9032 21.1049
internal_count=2251204 1125973 599786 526187 120743 53951 39498 66792 405444 384765 379929 154 379775 362778
is_linear=0
shrinkage=0.05


Tree=395
num_leaves=15
num_cat=0
split_feature=1 1 17 24 23 3 23 17 4 3 17 17 13 2
split_gain=2.57012 5.7195 3.18957 3.15388 3.99709 5.0256 4.59336 6.88378 4.42576 3.63925 7.93902 4.8264 4.73615 4.19456
threshold=73.500000000000014 78.500000000000014 6.0901775360107431 1.4286566376686098 17.500000000000004 0.092440336942672743 11.500000000000002 3.4811217784881596 1.0000000180025095e-35 0.1276703476905823 5.4868674278259286 5.9519429206848153 0.1234756112098694 0.61949867010116588
decision_type=10 10 10 10 8 10 8 8 10 10 8 10 10 10
left_child=-1 2 -2 -3 6 -6 9 -8 -9 12 -11 13 -5 -12
right_child=1 3 -4 4 5 -7 7 8 -10 10 11 -13 -14 -15
leaf_value=-0.00074033488609913367 0.039759376540463992 -0.00831226508293504 -0.055164290769671921 0.014114749001126867 -0.069402256264403411 0.059396712251928434 0.35031750191008637 0.10065797047900404 -0.055514418276960333 -0.086198424395427076 0.052308343297255068 -0.065477005431369917 -0.050248063106129018 -0.026613715172000781
leaf_weight=1034.1131793843451 15.207229935810828 44.130616129348311 0.93963995281601143 76.959658652414717 0.86174010887087327 6.2526859529659777 0.11316513933920069 0.49257440034125544 5.7405838795491624 3.1329804100387206 4.7321000795853836 1.8839398251674282 2.968462592098148 2.6133128032414863
leaf_count=1595197 19923 613364 1920 3336 339 4610 52 7 5393 3842 616 726 145 816
internal_value=0.00018679 0.00596141 0.0342355 0.00291543 0.00760081 0.0437958 0.00499015 -0.0361564 -0.0431729 0.00781958 -0.0174267 0.00591847 0.0117244 0.0242299
internal_weight=1200.14 166.029 16.1469 149.882 105.751 7.11443 98.6368 6.34632 6.23316 92.2905 12.3623 9.22935 79.9281 7.34541
internal_count=2250286 655089 21843 633246 19882 4949 14933 5452 5400 9481 6000 2158 3481 1432
is_linear=0
shrinkage=0.05


Tree=396
num_leaves=15
num_cat=0
split_feature=23 22 17 16 2 1 17 23 2 1 1 2 2 7
split_gain=3.28225 3.65643 4.73183 3.95637 3.36348 3.0765 3.71523 4.0346 2.99523 2.96985 2.73838 2.52755 2.70734 3.8655
threshold=11.500000000000002 0.66424882411956798 6.1301383972167978 4.0517470836639413 -0.11872949078679083 112.50000000000001 5.9441101551055917 2.5000000000000004 2.0746576786041264 259.50000000000006 255.50000000000003 0.11753740534186365 1.4776930212974551 16.881388664245609
decision_type=10 8 10 10 10 10 10 10 10 10 10 8 8 10
left_child=1 2 11 4 -3 8 -7 -8 -5 10 -2 -1 -13 -14
right_child=9 3 -4 5 -6 6 7 -9 -10 -11 -12 12 13 -15
leaf_value=-0.06838895383163357 0.0048703984500549262 0.018281581849237064 -0.072121604240040119 -0.0063893152944769884 0.0010916371138230123 -0.005491703890715318 -0.0063893152944769884 0.062211489248715529 0.0041659503769828935 -0.054968253325686882 0.089641571711602405 -0.0063893152944769884 -0.034822194304311924 -0.0063893152944769884
leaf_weight=1.7740906025366778 291.65771578585264 30.08473189329311 3.1606693179037668 198.41325171312212 525.73891257919558 10.567913023905097 2.5759202893261293 5.8313281027175492 67.33239428146095 2.0689998266680609 0.95578018133335163 31.234963873771633 20.508369110828401 13.08436621044296
leaf_count=2747 2078589 14202 1385 35297 39728 5966 1695 365 1483 46073 4741 13138 3883 1465
internal_value=0.000138716 -0.00134601 -0.0123455 -0.000433089 0.00202207 -0.00522597 0.0142417 0.0390466 -0.00638932 0.00472521 0.00514729 -0.0095088 -0.00789747 -0.0207376
internal_weight=1204.99 910.307 69.7625 840.544 555.824 284.721 18.9752 8.40725 265.746 294.682 292.613 66.6018 64.8277 33.5927
internal_count=2250757 121354 22618 98736 53930 44806 8026 2060 36780 2129403 2083330 21233 18486 5348
is_linear=0
shrinkage=0.05


Tree=397
num_leaves=15
num_cat=0
split_feature=26 2 18 16 24 18 24 16 8 11 4 24 10 22
split_gain=2.2565 2.40221 5.49464 2.85193 3.61542 2.50523 3.94045 2.80814 3.58222 2.70979 2.67215 2.58645 2.60287 2.53222
threshold=0.45993590354919439 2.0746576786041264 0.82053679227828991 2.1383330821990971 1.8478996753692629 0.10007587447762491 1.6618920564651491 4.49422311782837 166.50000000000003 0.6904762089252473 0.0045277774333953866 1.4286566376686098 0.018462181091308597 0.75472605228424083
decision_type=10 10 8 10 10 8 10 8 10 8 10 10 8 10
left_child=-1 3 -3 4 -2 6 -5 8 11 10 -8 12 -7 -9
right_child=1 2 -4 5 -6 7 9 13 -10 -11 -12 -13 -14 -15
leaf_value=-0.00079455747308740789 -0.059763694731020292 0.0028304654766628749 -0.077663214084572607 -0.076540617013086676 0.069372239443008285 -0.079826222455586945 -0.01616051336412266 -0.056919119408140796 -0.11694236408753896 -0.041945712807598713 0.059859511246617016 0.014432513234773146 0.050631469367245642 0.010353660972714965
leaf_weight=1119.4246755695667 0.6268218343919959 27.137873385241559 2.2997598597537765 1.9236610473584113 4.005680183182335 0.3982717325370454 2.0918614187066851 2.2493422101793277 0.45453616864805013 2.1525855176992081 2.5837550654126318 20.821534231467673 9.5602303387841818 3.6994291490773321
leaf_count=2179081 3804 786 123 4549 72 6044 37 28172 796 64 77 1712 24698 70
internal_value=-0.000214779 0.00789741 -0.00345795 0.0145079 0.0518989 0.010737 -0.0133312 0.016402 0.0223985 0.00447629 0.0258483 0.0244562 0.0454141 -0.0150834
internal_weight=1199.43 80.0053 29.4376 50.5677 4.6325 45.9352 8.75186 37.1833 31.2346 6.8282 4.67562 30.78 9.9585 5.94877
internal_count=2250085 71004 909 70095 3876 66219 4727 61492 33250 178 114 32454 30742 28242
is_linear=0
shrinkage=0.05


Tree=398
num_leaves=15
num_cat=0
split_feature=24 16 2 2 13 14 15 17 17 17 2 24 24 24
split_gain=3.72939 3.01856 3.93576 5.19424 4.65953 4.29363 3.6332 2.96546 2.89146 2.8155 5.47465 5.45057 3.2538 3.13198
threshold=1.1450402140617373 3.6242519617080693 1.3954468965530398 1.5291855931282046 0.001508420624304563 inf inf 4.0517470836639413 6.5301482677459726 5.3683068752288827 0.35816365480422979 0.7136683762073518 1.0746698379516604 1.0746698379516604
decision_type=8 10 8 10 10 8 8 8 10 8 10 8 10 8
left_child=1 7 4 5 -3 -4 -6 -1 -5 13 -11 -12 -13 -9
right_child=-2 2 3 8 6 -7 -8 9 -10 10 11 12 -14 -15
leaf_value=-0.053576690720799319 -0.0015759364371912392 -0.025651984778773326 0.051824126033017365 -0.059736786418402125 -0.029672122438857907 0.22369607256362364 0.060023971574015844 0.019608850361422913 0.070895975981854403 -0.046273444526053198 -0.057027486574090264 0.040739067785047489 -0.030173897916453741 0.057567329720894692
leaf_weight=1.4353666737581878 1119.3730682453604 16.827415406180091 2.9748907038038821 1.6307693213750569 1.7179092023511136 0.41393568603621123 3.2931588186055882 21.178944031162889 0.57223700045718118 4.1491102192589162 2.0601869852675381 11.177104384147922 1.891365347408432 7.3099147052082953
leaf_count=70160 272009 1047133 43630 12007 47405 5825 70245 375963 205 173917 91066 25614 3652 10619
internal_value=-0.000845402 0.00982557 -0.00346488 0.0339637 -0.0130486 0.0728178 0.0292741 0.0172351 -0.0258046 0.0193629 0.00460603 0.01856 0.030476 0.0293486
internal_weight=1196.01 76.6323 27.4303 5.59183 21.8385 3.38883 5.01107 49.202 2.20301 47.7666 19.2778 15.1287 13.0685 28.4889
internal_count=2249450 1977441 1226450 61667 1164783 49455 117650 750991 12212 680831 294249 120332 29266 386582
is_linear=0
shrinkage=0.05


Tree=399
num_leaves=15
num_cat=0
split_feature=24 16 16 2 16 12 11 3 0 17 28 24 24 3
split_gain=3.29253 3.41921 3.14559 7.51497 4.49233 3.27256 3.04415 2.73047 3.14372 2.70162 2.43639 2.42683 4.23986 3.41947
threshold=1.1304783225059511 8.1175711154937762 3.9019216299057011 1.1657776832580569 4.2835628986358651 0.21807064861059192 inf 0.27084156870841986 0.49051268398761755 4.0517470836639413 2.5000000000000004 1.0154000520706179 0.51001116633415233 0.1078673303127289
decision_type=8 10 10 8 10 10 8 10 8 8 8 10 8 8
left_child=1 2 9 5 -5 -4 -6 8 -2 -1 -11 12 -8 -13
right_child=7 -3 3 4 6 -7 11 -9 -10 10 -12 13 -14 -15
leaf_value=-0.053016925322789989 -0.065313806747257827 0.088477201716684883 -0.035179166230779005 -0.057782195581485396 -0.053115533342586986 0.077678345110702152 0.072333131197716088 0.070715307669782554 -0.00043811690935662245 0.01989301854570906 -0.027489100312533623 0.079254047038841272 -0.056243350870079312 0.26714911160582738
leaf_weight=1.4058101934320248 1.8704371032404401 1.3762741612174085 12.773780459763785 1.0987795295071858 0.60923468134716063 0.67635298245395681 2.9297479661489376 1.3458229687018946 1122.0698775097374 48.447826381041232 2.8739891738616086 1.0743205478405213 0.82078964993989467 0.31259736388027803
leaf_count=84334 13136 1028 938700 25369 27902 4335 16208 35278 231527 815044 46803 849 8366 709
internal_value=0.000212672 0.0103997 0.00892817 -0.00779846 0.0348491 -0.029504 0.0525604 -0.000460854 -0.000546082 0.0153665 0.0172396 0.0650922 0.0441947 0.121604
internal_weight=1199.69 74.3995 73.0232 20.2956 6.84547 13.4501 5.74669 1125.29 1123.94 52.7276 51.3218 5.13746 3.75054 1.38692
internal_count=2249588 1969647 1968619 1022438 79403 943035 54034 279941 244663 946181 861847 26132 24574 1558
is_linear=0
shrinkage=0.05


end of trees

feature_importances:
gap_top1=542
len_ratio=485
z_cos2=425
log_doc_tokens=416
cos2=413
rank_dense=373
q_margin=349
z_cos=328
rank_dense2=317
log_q_tokens=286
symbol_idf=212
rank_lex=187
rrf_prior=175
cos=156
bm25_norm=155
symbol_coverage=121
const_jaccard=112
numeric_literal_overlap=97
tc_loop_expected=94
bm25=93
n_channels=92
io_shape_compat=83
symbol_hits=47
out_literal_recall=25
dup_cluster_size=15
parse_ok=2

parameters:
[boosting: gbdt]
[objective: lambdarank]
[metric: ndcg]
[tree_learner: serial]
[device_type: cpu]
[data_sample_strategy: bagging]
[data: ]
[valid: ]
[num_iterations: 400]
[learning_rate: 0.05]
[num_leaves: 15]
[num_threads: 0]
[seed: 0]
[deterministic: 1]
[force_col_wise: 0]
[force_row_wise: 1]
[histogram_pool_size: -1]
[max_depth: -1]
[min_data_in_leaf: 50]
[min_sum_hessian_in_leaf: 0.001]
[bagging_fraction: 0.9]
[pos_bagging_fraction: 1]
[neg_bagging_fraction: 1]
[bagging_freq: 1]
[bagging_seed: 7719]
[bagging_by_query: 0]
[feature_fraction: 0.8]
[feature_fraction_bynode: 1]
[feature_fraction_seed: 2437]
[extra_trees: 0]
[extra_seed: 11797]
[early_stopping_round: 0]
[early_stopping_min_delta: 0]
[first_metric_only: 0]
[max_delta_step: 0]
[lambda_l1: 0]
[lambda_l2: 0]
[linear_lambda: 0]
[min_gain_to_split: 0]
[drop_rate: 0.1]
[max_drop: 50]
[skip_drop: 0.5]
[xgboost_dart_mode: 0]
[uniform_drop: 0]
[drop_seed: 21238]
[top_rate: 0.2]
[other_rate: 0.1]
[min_data_per_group: 100]
[max_cat_threshold: 32]
[cat_l2: 10]
[cat_smooth: 10]
[max_cat_to_onehot: 4]
[top_k: 20]
[monotone_constraints: 1,0,0,0,0,0,0,1,0,0,0,0,0,0,0,0,0,0,0,0,0,0,1,0,0,0,0,0,0]
[monotone_constraints_method: basic]
[monotone_penalty: 0]
[feature_contri: ]
[forcedsplits_filename: ]
[refit_decay_rate: 0.9]
[cegb_tradeoff: 1]
[cegb_penalty_split: 0]
[cegb_penalty_feature_lazy: ]
[cegb_penalty_feature_coupled: ]
[path_smooth: 0]
[interaction_constraints: ]
[verbosity: -1]
[saved_feature_importance_type: 0]
[use_quantized_grad: 0]
[num_grad_quant_bins: 4]
[quant_train_renew_leaf: 0]
[stochastic_rounding: 1]
[linear_tree: 0]
[max_bin: 255]
[max_bin_by_feature: ]
[min_data_in_bin: 3]
[bin_construct_sample_cnt: 200000]
[data_random_seed: 38]
[is_enable_sparse: 1]
[enable_bundle: 1]
[use_missing: 1]
[zero_as_missing: 0]
[feature_pre_filter: 1]
[pre_partition: 0]
[two_round: 0]
[header: 0]
[label_column: ]
[weight_column: ]
[group_column: ]
[ignore_column: ]
[categorical_feature: ]
[forcedbins_filename: ]
[precise_float_parser: 0]
[parser_config_file: ]
[objective_seed: 8855]
[num_class: 1]
[is_unbalance: 0]
[scale_pos_weight: 1]
[sigmoid: 1]
[boost_from_average: 1]
[reg_sqrt: 0]
[alpha: 0.9]
[fair_c: 1]
[poisson_max_delta_step: 0.7]
[tweedie_variance_power: 1.5]
[lambdarank_truncation_level: 20]
[lambdarank_norm: 1]
[label_gain: ]
[lambdarank_position_bias_regularization: 0]
[eval_at: 10]
[multi_error_top_k: 1]
[auc_mu_weights: ]
[num_machines: 1]
[local_listen_port: 12400]
[time_out: 120]
[machine_list_filename: ]
[machines: ]
[gpu_platform_id: -1]
[gpu_device_id: -1]
[gpu_device_id_list: ]
[gpu_use_dp: 0]
[num_gpu: 1]

end of parameters

pandas_categorical:null
