tree
version=v4
num_class=1
num_tree_per_iteration=1
label_index=0
max_feature_idx=28
objective=lambdarank
feature_names=cos rank_dense z_cos gap_top1 q_margin cos_prf rank_prf bm25 rank_lex bm25_norm rrf_prior out_literal_recall numeric_literal_overlap const_jaccard io_shape_compat tc_loop_expected log_doc_tokens log_q_tokens len_ratio is_truncated parse_ok dup_cluster_size cos2 rank_dense2 z_cos2 symbol_hits symbol_coverage symbol_idf n_channels
monotone_constraints=1 0 0 0 0 0 0 1 0 0 0 0 0 0 0 0 0 0 0 0 0 0 1 0 0 0 0 0 0
feature_infos=[0.097883246839046478:0.9246833324432373] [1:300] [-5.1894707679748535:6.2808170318603516] [0:0.69674181938171387] [0:0.31374979019165039] none none [1.2545071840286255:1520.79345703125] [1:200] [0.0052658370696008205:1] [0.0038461538497358561:0.032786883413791656] [0:1] [0:1] [0:1] [0:1] [0:1] [0.69314718246459961:9.2121391296386719] [2.0794415473937988:7.6680936813354492] [0.0016103059751912951:213.12765502929688] none [0:1] [1:2] none none none [0:20] [0:1] [0:172.85108947753906] [1:3]
tree_sizes=1788 1796 1809 1802 1797 1807 1808 1794 1812 1797 1795 1808 1793 1798 1778 1807 1795 1777 1801 1784 1790 1797 1785 1790 1771 1796 1807 1809 1789 1780 1793 1797 1784 1791 1798 1774 1793 1793 1805 1820 1803 1801 1806 1801 1804 1798 1809 1814 1800 1799 1800 1797 1809 1799 1802 1811 1806 1798 1792 1781 1810 1801 1783 1809 1811 1788 1797 1765 1793 1824 1819 1803 1804 1799 1812 1796 1806 1812 1815 1811 1806 1822 1813 1817 1807 1821 1793 1821 1798 1776 1813 1808 1807 1831 1800 1820 1820 1822 1796 1832 1805 1804 1797 1832 1815 1805 1829 1823 1815 1818 1798 1817 1819 1828 1800 1834 1826 1818 1787 1822 1819 1803 1821 1798 1800 1786 1820 1809 1821 1809 1791 1800 1814 1812 1822 1808 1809 1784 1802 1809 1816 1797 1824 1832 1820 1794 1823 1809 1777 1804 1803 1820 1797 1826 1825 1777 1821 1823 1805 1808 1788 1788 1798 1786 1785 1806 1808 1769 1802 1782 1810 1806 1810 1778 1811 1819 1812 1807 1799 1791 1805 1819 1793 1819 1776 1782 1796 1821 1795 1803 1763 1815 1812 1807 1782 1817 1782 1782 1820 1796 1786 1801 1807 1829 1801 1821 1808 1810 1776 1785 1801 1771 1806 1806 1793 1818 1804 1780 1781 1806 1776 1798 1816 1821 1788 1811 1802 1804 1796 1803 1827 1814 1797 1808 1788 1790 1774 1811 1781 1769 1780 1810 1817 1811 1831 1802 1787 1801 1803 1815 1806 1784 1805 1775 1825 1797 1814 1799 1794 1790 1801 1797 1796 1777 1794 1831 1817 1794 1780 1805 1813 1793 1817 1821 1768 1781 1801 1798 1801 1804 1789 1762 1794 1809 1776 1824 1822 1793 1783 1808 1812 1837 1801 1819 1788 1805 1814 1811 1806 1802 1751 1798 1787 1794 1808 1780 1766 1794 1804 1814 1781 1794 1792 1777 1797 1798 1817 1789 1797 1788 1789 1814 1827 1800 1811 1800 1798 1804 1798 1793 1785 1807 1785 1817 1811 1784 1799 1797 1813 1801 1760 1794 1809 1810 1775 1818 1764 1807 1800 1797 1795 1781 1814 1804 1816 1795 1796 1790 1808 1794 1812 1765 1803 1807 1794 1801 1807 1785 1826 1821 1801 1783 1770 1818 1808 1796 1806 1793 1809 1792 1784 1807 1780 1817 1806 1797 1812 1765 1777 1802 1820 1803 1810 1776 1793 1793 1783 1786 1783 1800

Tree=0
num_leaves=15
num_cat=0
split_feature=3 2 3 8 1 2 1 8 11 0 8 18 0 9
split_gain=51262.2 2341.02 706.442 543.575 398.032 251.036 197.997 88.6537 71.768 65.9696 58.1099 50.8406 48.175 45.6386
threshold=0.076287955045700087 1.3643888235092165 0.10634702444076539 12.500000000000002 44.500000000000007 1.7195320725440981 20.500000000000004 6.5000000000000009 0.83333334326744091 0.62343087792396557 65.500000000000014 0.18710348010063174 0.69005811214447033 0.31461367011070257
decision_type=10 10 10 8 8 10 8 8 8 10 8 8 10 10
left_child=1 3 6 -1 12 13 -2 -8 10 -9 -6 -11 -5 -3
right_child=2 5 -4 4 8 -7 7 9 -10 11 -12 -13 -14 -15
leaf_value=0.088191873519273684 0.012825313037683986 0.060666739222351045 -0.097980918999709343 0.013676195295621125 0.00077893747255930381 0.097560726789542418 0.058301211301046166 -0.078737441245458145 -0.015792590184948843 -0.020425601939544208 -0.068426561404166739 -0.061087836253001009 0.048962668066340392 0.086615832271559445
leaf_weight=191.99969588166277 123.89209164872591 580.38497442560765 7032.1869396599432 197.63997949223995 35.810056790156523 6682.4877973384791 16.125378280325094 259.12178179127659 179.11894767187187 127.84656091547367 198.303777208268 142.7148899031672 189.43984924021061 239.31262840511044
leaf_count=2398 14996 14779 1818960 28353 4414 11484 747 83374 42345 34519 49565 49800 12067 1795
internal_value=0.000109993 0.0848111 -0.0933078 0.0126383 -0.00548743 0.0943574 -0.044238 -0.0571907 -0.0396147 -0.0607067 -0.0578409 -0.0434382 0.0309457 0.0682426
internal_weight=16196.4 8494.5 7701.89 992.312 800.313 7502.19 669.701 545.809 413.233 529.683 234.114 270.561 387.08 819.698
internal_count=2169596 167200 2002396 139142 136744 28058 183436 168440 96324 167693 53979 84319 40420 16574
is_linear=0
shrinkage=0.05


Tree=1
num_leaves=15
num_cat=0
split_feature=3 3 3 10 0 1 10 0 7 18 9 10 9 3
split_gain=51488.3 3494.91 1864.16 833.033 548.156 364.381 244.872 188.197 171.283 158.349 147.651 119.778 110.393 106.907
threshold=0.063951820135116591 0.027611553668975834 0.10536321997642518 0.017857533879578117 0.60356685519218456 2.5000000000000004 0.011764857918024065 0.63492023944854747 104.36589431762697 0.2837966531515122 0.1958832070231438 0.027823104523122314 0.37163297832012182 0.12981405854225161
decision_type=10 8 10 10 10 10 10 10 8 8 10 10 10 10
left_child=1 5 6 4 8 10 7 -2 -3 -5 -1 -11 -7 -4
right_child=2 3 13 9 -6 12 -8 -9 -10 11 -12 -13 -14 -15
leaf_value=0.074869085084041331 -0.063081626574927774 -0.09430619166752173 -0.072040737063422469 0.071261257909962447 0.013915461685960398 0.041766235779183938 0.0079930849932619043 -0.024618480069518646 -0.02740562407394518 -0.0028756272173050793 0.089381459055661402 0.058352089538628693 0.077851980225352793 -0.0900236477132767
leaf_weight=2391.2424183803378 534.3138341539161 149.48545863719846 917.09422372312838 630.92268916434841 1401.789755092439 662.67095394560602 329.54625865191338 785.64579642731405 265.77668686841207 158.09094922855729 6563.0603994324338 161.45259438184439 311.59549052576767 8363.6992339950812
leaf_count=3322 110966 25455 214305 2529 40266 5359 14968 90814 41968 2673 3123 689 676 1613819
internal_value=9.40846e-06 0.0684962 -0.0795414 0.0188083 -0.00103169 0.0823464 -0.0305623 -0.0401882 -0.0514884 0.0567372 0.0855059 0.0280603 0.0533074 -0.0882466
internal_weight=23626.4 12696.1 10930.3 2767.52 1817.05 9928.57 1649.51 1319.96 415.262 950.466 8954.3 319.544 974.266 9280.79
internal_count=2170932 126060 2044872 113580 107689 12480 216748 201780 67423 5891 6445 3362 6035 1828124
is_linear=0
shrinkage=0.05


Tree=2
num_leaves=15
num_cat=0
split_feature=3 2 3 28 2 2 15 28 15 1 8 15 27 3
split_gain=44940.6 3367.61 1050.67 806.348 366.462 284.451 198.927 232.123 128.756 113.882 110.272 79.8704 82.4906 70.5984
threshold=0.071969985961914076 1.5781238675117495 0.10634702444076539 1.5000000000000002 0.78622725605964672 1.9880797863006594 1.0000000180025095e-35 1.5000000000000002 1.0000000180025095e-35 6.5000000000000009 3.5000000000000004 1.0000000180025095e-35 3.2151653766632085 1.0000000180025095e-35
decision_type=10 10 10 10 10 10 10 10 10 10 8 10 10 10
left_child=1 3 6 4 8 -3 7 -2 -1 -6 -5 12 -11 -7
right_child=2 5 -4 10 9 13 -8 -9 -10 11 -12 -13 -14 -15
leaf_value=-0.064708314781401294 -0.058457164082483228 0.05900601894551169 -0.082685493512081085 0.08066513823754333 0.027917339456729525 0.083032199225633777 0.00064833695002699913 0.0024846402671622062 0.014185721314950987 -0.021620659237596082 0.040977132536294272 0.013724860338467643 0.045742590048057516 0.068666649524548373
leaf_weight=303.0937684202072 725.80273726466112 1733.4228299309907 9147.3210213289567 266.01522454293445 391.53459916287102 7157.8484408651711 315.35562535055215 199.11992880087928 62.354326502281765 527.18850029044552 511.65509451332036 379.31255977263208 49.73358994955197 971.29919043596601
leaf_count=59989 141463 9365 1819592 438 4113 3318 43227 15146 9339 35277 10660 14221 1451 3036
internal_value=-0.000178541 0.0642751 -0.0768301 0.0123288 -0.00683787 0.0773946 -0.033645 -0.0453374 -0.0512471 0.00520371 0.0545531 -0.00409649 -0.0158136 0.0813158
internal_weight=22741.1 12353.5 10387.6 2490.89 1713.22 9862.57 1240.28 924.923 365.448 1347.77 777.67 956.235 576.922 8129.15
internal_count=2170635 151207 2019428 135488 124390 15719 199836 156609 69328 55062 11098 50949 36728 6354
is_linear=0
shrinkage=0.05


Tree=3
num_leaves=15
num_cat=0
split_feature=2 1 0 28 4 2 9 4 2 0 18 16 14 28
split_gain=38877.9 2912.52 808.126 617.027 437.428 266.565 167.027 149.495 124.298 110.562 108.84 106.309 74.2211 73.4271
threshold=1.2149537801742556 4.5000000000000009 0.64261344075202953 1.5000000000000002 0.050597220659255988 1.9880797863006594 0.81244465708732616 0.020939022302627567 0.89588564634323131 0.69005811214447033 0.34923250973224645 3.9607677459716801 1.0000000180025095e-35 1.5000000000000002
decision_type=8 8 10 10 8 10 10 10 10 10 10 8 10 10
left_child=2 5 8 4 9 13 10 11 -1 -3 -5 -4 -6 -2
right_child=1 3 7 6 12 -7 -8 -9 -10 -11 -12 -13 -14 -15
leaf_value=-0.077181113116785438 0.04666748784213183 -0.013661565409033606 6.0489763759887172e-05 0.041087661730128962 -0.074264803302438689 0.076737370500611746 0.07524367545307542 -0.053649851184042252 -0.053960034024986274 0.021371284254571944 -0.0068932213398080104 -0.036571642000013407 -0.032254798686280152 0.067973283306242555
leaf_weight=8622.8429572978057 1038.2355072667706 370.90530308126472 376.90355706959963 428.26870879766648 214.64251440373482 8114.3657231775869 271.03774259105558 384.62210416683229 617.56222356721992 573.35120593596366 163.24597981957777 417.37722464860417 206.08589822804788 662.39002792199608
leaf_count=1745610 8105 21577 47875 8818 44259 7066 831 65886 93190 13874 7685 72027 32335 2338
internal_value=6.38684e-05 0.0612509 -0.0706554 0.00963558 -0.0112833 0.0729651 0.0427396 -0.0316705 -0.0756292 0.00761033 0.0278459 -0.0191889 -0.053687 0.054966
internal_weight=22461.8 12042.5 10419.3 2227.54 1364.98 9814.99 862.552 1178.9 9240.41 944.257 591.515 794.281 420.728 1700.63
internal_count=2171476 146888 2024588 129379 112045 17509 17334 185788 1838800 35451 16503 119902 76594 10443
is_linear=0
shrinkage=0.05


Tree=4
num_leaves=15
num_cat=0
split_feature=3 2 3 28 2 3 8 15 11 9 4 2 18 3
split_gain=36080.3 2344.66 549.127 495.626 338.768 242.979 135.655 112.17 109.088 107.987 94.6485 92.7467 89.3044 65.7958
threshold=0.074239313602447524 1.5781238675117495 0.10536321997642518 1.5000000000000002 1.0765857696533205 0.027611553668975834 9.5000000000000018 1.0000000180025095e-35 0.83333334326744091 0.81244465708732616 0.025247901678085331 1.7195320725440981 0.26910807192325598 0.052275985479354865
decision_type=10 10 10 10 10 10 8 10 8 10 10 10 8 10
left_child=1 3 6 4 8 10 -2 11 -1 12 -3 -8 -5 -6
right_child=2 5 -4 9 13 -7 7 -9 -10 -11 -12 -13 -14 -15
leaf_value=-0.057499893682437832 0.041361518863881404 0.064095676483150274 -0.07394881566352085 0.048074316572796816 0.021694706493961012 0.041050290936837888 -0.05432111381115462 -0.012317924213389141 -0.012537312930670806 0.072213693485997155 0.074938287840305373 0.024515268574968739 0.0048685397454656916 -0.0065463813462609925
leaf_weight=264.22044201288372 53.948875963222235 3038.0821002199082 9013.006363630353 343.16072671511211 773.06046758836601 717.77934866305441 697.13649447762873 267.85389674664475 275.62541801971383 263.6597672731732 5963.672550315503 39.415869115327951 183.58204510128417 281.28352128848201
leaf_count=53235 1645 5963 1827867 4453 16865 7673 140757 39718 45453 489 2444 1696 6792 16200
internal_value=-2.97253e-05 0.0581465 -0.069948 0.0137183 -0.00233242 0.0690466 -0.0358773 -0.040026 -0.0345437 0.0460915 0.0712789 -0.0501023 0.0330161 0.0141604
internal_weight=22175.5 12104.1 10071.4 2384.59 1594.19 9719.53 1058.36 1004.41 539.846 790.403 9001.75 736.552 526.743 1054.34
internal_count=2171250 159567 2011683 143487 131753 16080 183816 182171 98688 11734 8407 142453 11245 33065
is_linear=0
shrinkage=0.05


Tree=5
num_leaves=15
num_cat=0
split_feature=3 3 3 28 0 8 4 15 8 28 28 15 0 0
split_gain=32625.6 1521.82 889.006 464.98 289.819 192.183 186.574 178.82 103.709 95.1472 95.1031 89.2554 67.3095 64.5085
threshold=0.063951820135116591 0.027611553668975834 0.10634702444076539 1.5000000000000002 0.60356685519218456 10.500000000000002 0.020939022302627567 1.0000000180025095e-35 7.5000000000000009 1.5000000000000002 1.5000000000000002 1.0000000180025095e-35 0.69005811214447033 0.58944305777549755
decision_type=10 8 10 10 10 8 10 10 10 10 8 10 10 10
left_child=1 6 5 4 11 -2 10 9 -5 -7 -1 -3 -6 -10
right_child=2 3 -4 8 12 7 -8 -9 13 -11 -12 -13 -14 -15
leaf_value=0.045777022220051714 0.037942917394906434 -0.057898373114871386 -0.070805305004294355 0.062494346361955735 -0.0023283119176518087 -0.052649353751718732 0.071147921272217141 -0.0045437229536108422 -0.0035692001910393014 -0.011515419330602215 0.063702544764044036 -0.014033098070620656 0.024522131829813318 0.039850315777279606
leaf_weight=1292.3225714408327 101.86616561596747 239.27732080040732 8885.3589289699448 496.28821937344037 384.99686382862274 765.32250348763773 6306.5139311265666 382.93090285075596 110.41686011702404 172.21924870490329 1731.0703410992865 63.73012449714588 592.7875538560329 379.74195715086535
leaf_count=6820 2300 56118 1820203 1886 25364 158458 2904 48935 3716 15309 2690 8205 13553 4877
internal_value=-0.000205064 0.0573236 -0.0649303 0.0205813 0.000709579 -0.0282294 0.0662523 -0.0333342 0.0463826 -0.0450934 0.0560404 -0.0420161 0.0139499 0.0300693
internal_weight=21904.8 11597.1 10307.7 2267.24 1280.79 1422.34 9329.91 1320.47 986.447 937.542 3023.39 303.007 977.784 490.159
internal_count=2171338 126133 2045205 113719 103240 225002 12414 222702 10479 173767 9510 64323 38917 8593
is_linear=0
shrinkage=0.05


Tree=6
num_leaves=15
num_cat=0
split_feature=3 1 3 10 0 3 8 0 10 11 27 10 27 15
split_gain=30150.9 1667.53 701.075 460.804 270.303 230.999 176.238 125.895 81.4666 67.6012 60.2028 53.8405 50.2923 50.7461
threshold=0.066938340663909926 6.5000000000000009 0.10634702444076539 0.021141065284609798 0.60356685519218456 1.0000000180025095e-35 10.500000000000002 0.68198665976524364 0.017857533879578117 0.52272728085517894 2.9892170429229741 0.030186134390532974 3.1240557432174687 1.0000000180025095e-35
decision_type=10 8 10 10 10 10 8 10 8 8 8 10 8 10
left_child=1 5 6 4 8 -1 -2 12 -3 -10 -7 -5 13 -8
right_child=2 3 -4 11 -6 10 7 -9 9 -11 -12 -13 -14 -15
leaf_value=0.06661875996257928 0.035062078454621858 -0.077893633832187434 -0.06818704828543258 0.035751476447630944 0.0084170975655005233 0.041026562564487092 -0.058013672073827807 -0.0032973651141418657 -0.054991513651759062 -0.01700190647529928 0.056805851431826974 0.070719578170364394 -0.025627889886932178 -0.024773723504822182
leaf_weight=7672.1554137326311 99.367453355924226 112.5373085753854 8779.0105429491086 223.74510990799172 895.27979846054222 1212.1253022088204 502.61725326138549 258.82278011355083 134.44650321849622 122.3425226091058 1205.8095895808074 216.68465944100171 298.18804908290622 148.81801875494421
leaf_count=4409 2191 25595 1819975 2692 45102 8416 108452 24243 25728 17962 4427 205 54550 27203
internal_value=0.000368149 0.0546435 -0.0630993 0.00890982 -0.00643007 0.0623717 -0.0289466 -0.0342099 -0.0424209 -0.0268751 0.0488956 0.0529552 -0.0426352 -0.0504201
internal_weight=21882 11795.1 10086.8 1705.04 1264.61 10090.1 1307.81 1208.45 369.326 256.789 2417.93 440.43 949.623 651.435
internal_count=2171150 134536 2036614 117284 114387 17252 216639 214448 69285 43690 12843 2897 190205 135655
is_linear=0
shrinkage=0.05


Tree=7
num_leaves=15
num_cat=0
split_feature=3 1 3 28 2 0 28 15 8 15 28 27 27 3
split_gain=27789.1 1532.55 641.167 370 220.543 169.468 161.696 160.283 106.641 82.8917 68.4201 63.4749 50.355 47.9712
threshold=0.063951820135116591 6.5000000000000009 0.10327807068824769 1.5000000000000002 1.9880797863006594 0.69005811214447033 1.5000000000000002 1.0000000180025095e-35 3.5000000000000004 1.0000000180025095e-35 1.5000000000000002 3.2151653766632085 2.9325778484344487 1.0000000180025095e-35
decision_type=10 8 10 8 10 10 10 10 8 10 10 8 10 10
left_child=1 4 6 5 10 9 7 -2 -5 11 -1 -3 -10 -6
right_child=2 3 -4 8 13 -7 -8 -9 12 -11 -12 -13 -14 -15
leaf_value=0.03752524327200029 -0.050930717407472674 -0.052867053309341543 -0.065522106493062046 0.064194523284537106 0.065561710079066041 0.015333954867540633 0.0067069784458350899 -0.0073691643661544255 0.010090513072413168 -0.0061108276946014624 0.056865242098398605 -0.013442565857972051 0.046979571115846462 0.053200172548925742
leaf_weight=1145.6480483234627 648.91233313677367 291.10918733570725 8822.4726461762039 235.67259542201646 7044.9374584094621 371.30581988714403 275.2317351444799 313.02853519609198 282.48025192549539 158.20442499930505 761.133068402356 157.2440704650362 137.55929747316986 883.22451725442079
leaf_count=8972 141293 51424 1844438 381 3347 11093 17863 41406 8413 12431 2050 23819 1956 2565
internal_value=-0.000140166 0.0530635 -0.0607951 0.00821588 0.0605127 -0.01127 -0.0270862 -0.0367552 0.0372751 -0.0275556 0.0452452 -0.0390403 0.0221714 0.0641846
internal_weight=21528.2 11468.5 10059.6 1633.58 9834.94 977.864 1237.17 961.941 655.712 606.558 1906.78 448.353 420.04 7928.16
internal_count=2171451 126451 2045000 109517 16934 98767 200562 182699 10750 87674 11022 75243 10369 5912
is_linear=0
shrinkage=0.05


Tree=8
num_leaves=15
num_cat=0
split_feature=3 1 3 10 3 0 8 2 10 11 9 15 27 11
split_gain=25640.4 1625.84 445.631 439.503 223.294 201.316 128.95 77.0014 69.5604 66.4594 63.4007 57.6578 55.7649 62.968
threshold=0.071969985961914076 6.5000000000000009 0.10634702444076539 0.017857533879578117 1.0000000180025095e-35 0.58285126090049755 17.500000000000004 1.2787532210350039 0.030186134390532974 0.52272728085517894 0.45115207135677343 1.0000000180025095e-35 3.1843570470809941 0.83333334326744091
decision_type=10 8 10 10 10 10 8 10 10 8 10 10 10 8
left_child=1 4 6 5 -1 9 -2 11 -5 -3 -6 -8 13 -7
right_child=2 3 -4 8 10 12 7 -9 -10 -11 -12 -13 -14 -15
leaf_value=0.062642674716172117 0.025323355685336724 -0.061619268760805437 -0.063879515945295048 0.029444418086836247 0.038715794996445334 -0.018910843744354991 -0.050076328595575793 -0.0063072775127156798 0.065434888059612603 -0.018910843744354991 0.055975905155047738 -0.021182997704389885 0.039513748104699709 0.0084358785037892715
leaf_weight=7381.7956866490422 94.750458914320916 186.48286237654975 8590.7142074931762 325.9600637833355 1494.3386861541076 260.54844653303735 613.18140524800401 184.35957715573022 228.27322239702335 168.16623341968807 826.20397300040349 240.34166310937144 95.073550143395551 570.63371716759866
leaf_count=4353 3072 38459 1820703 5402 11650 26238 143102 12829 220 28071 1930 40738 2404 32457
internal_value=-0.000180654 0.0502268 -0.0599928 0.00706911 0.0583898 -0.00902638 -0.0305134 -0.0356108 0.0442679 -0.0410608 0.0448611 -0.0419403 0.0032391 -0.000910124
internal_weight=21260.8 11537.5 9723.35 1835.14 9702.34 1280.9 1132.63 1037.88 554.233 354.649 2320.54 853.523 926.256 831.182
internal_count=2171628 151184 2020444 133251 17933 127629 199741 196669 5622 66530 13580 183840 61099 58695
is_linear=0
shrinkage=0.05


Tree=9
num_leaves=15
num_cat=0
split_feature=3 3 3 10 0 28 2 15 11 9 0 10 10 4
split_gain=23955.7 1344.53 591.809 391.98 268.24 151.702 139.436 113.23 65.7924 55.4108 51.4626 51.1166 50.2613 46.237
threshold=0.063951820135116591 0.027611553668975834 0.10327807068824769 0.01985479332506657 0.60517555475234996 1.5000000000000002 1.7195320725440981 1.0000000180025095e-35 0.52272728085517894 0.78580182790756237 0.72143161296844494 0.02470413222908974 0.01634576823562384 0.023841798305511478
decision_type=10 8 10 10 10 10 10 10 8 8 10 10 8 10
left_child=1 6 5 4 8 7 11 -2 -3 -7 -6 -1 -10 -8
right_child=2 3 -4 -5 10 9 13 -9 12 -11 -12 -13 -14 -15
leaf_value=0.029571917193964382 -0.046673770115067556 -0.056785441659887304 -0.062006200650061419 0.044751043569041318 0.0045835789509344801 -0.0084465697177763706 0.054497203756391104 -0.0098339856400733033 -0.081000456128632714 0.038349933978461113 0.027931805102972301 0.05974880722565256 -0.012308092608261455 0.062684555714947063
leaf_weight=538.96250297850929 642.72683884677826 197.03421922826965 8555.4175122592133 714.80074034046265 719.08478309877682 196.99553565037786 2455.5736191433971 308.78363592480309 26.880322683937266 93.176737649482675 351.3071363082272 189.73143338458613 151.72433672004263 5791.4304944000905
leaf_count=5366 141578 39572 1844417 4658 35385 15311 4304 41320 10876 2594 5332 337 17769 2508
internal_value=-0.000297868 0.04987 -0.0573246 0.0144618 -0.000510679 -0.0250673 0.0583943 -0.0347185 -0.0368628 0.00658018 0.0122466 0.0374291 -0.0148843 0.0602467
internal_weight=20933.6 11136.5 9797.1 2160.83 1446.03 1241.68 8975.7 951.51 375.639 290.172 1070.39 728.694 178.605 8247
internal_count=2171327 126107 2045220 113592 108934 200803 12515 182898 68217 17905 40717 5703 28645 6812
is_linear=0
shrinkage=0.05


Tree=10
num_leaves=15
num_cat=0
split_feature=3 3 2 10 28 3 15 2 16 10 18 2 3 3
split_gain=22466.3 1108.5 773.018 555.306 137.013 110.891 109.213 72.9269 72.7396 71.068 68.0535 63.9471 58.9874 39.2265
threshold=0.063951820135116591 0.097626715898513808 1.7195320725440981 0.01985479332506657 1.5000000000000002 1.0000000180025095e-35 1.0000000180025095e-35 1.2149537801742556 3.5408543348312382 0.030186134390532974 0.36553172767162329 1.3643888235092165 0.12004378437995912 0.039126038551330573
decision_type=8 10 10 10 10 10 10 10 10 10 8 10 10 10
left_child=2 3 4 6 11 -4 7 -2 -8 -5 -6 -1 -3 -7
right_child=1 12 5 9 10 13 8 -9 -10 -11 -12 -13 -14 -15
leaf_value=-0.001153938772488495 -0.047845707889240002 -0.046470023679161879 0.0600184959678291 0.01622052188658912 0.050512716804086283 0.048640701241704026 0.01882568132763951 -0.010128449458219085 -0.026515219469675885 0.060344573827101504 0.010420300727950915 0.021837429382486284 -0.06133477209165307 0.026629039241204577
leaf_weight=513.64492993697058 680.0833843557848 729.27390456887952 7162.8201096025296 172.75451101918588 465.98840801254846 1287.6827951713349 149.48563520738389 157.91741478975746 216.66799175681081 193.43945852451725 136.95078775193542 735.49377664539497 7865.7667840124923 240.1489400761493
leaf_count=34763 162961 182106 3981 5247 2968 4022 13062 12321 29600 503 2750 11375 1703678 2361
internal_value=2.10472e-05 -0.053016 0.0511598 -0.014388 0.0218317 0.05741 -0.0307846 -0.0407381 -0.00800437 0.0395288 0.0414062 0.0123834 -0.0600735 0.0451808
internal_weight=20708.1 10165.4 10542.7 1570.35 1852.08 8690.65 1204.15 838.001 366.154 366.194 602.939 1249.14 8595.04 1527.83
internal_count=2171698 2109478 62220 223694 51856 10364 217944 175282 42662 5750 5718 46138 1885784 6383
is_linear=0
shrinkage=0.05


Tree=11
num_leaves=15
num_cat=0
split_feature=3 1 3 10 1 3 10 15 11 10 27 8 4 0
split_gain=21138.7 1216.88 501.035 347.972 213.407 140.345 129.596 97.1811 72.6322 53.9839 46.3983 45.9056 44.81 41.661
threshold=0.063951820135116591 4.5000000000000009 0.10536321997642518 0.022048129700124267 30.500000000000004 1.0000000180025095e-35 0.011905506253242494 1.0000000180025095e-35 0.83333334326744091 0.015153077431023123 3.2151653766632085 107.50000000000001 0.014469802379608156 0.70199033617973339
decision_type=10 8 10 10 8 10 10 10 8 8 10 10 10 10
left_child=1 5 6 4 -3 12 7 -2 -6 -10 -8 -11 -1 -9
right_child=2 3 -4 -5 8 -7 10 13 9 11 -12 -13 -14 -15
leaf_value=0.047689051360853121 -0.044540276063049042 0.012483111543299112 -0.059453642648812643 0.046500787186821983 -0.047727238899435254 0.042898972480996063 -0.0063507105322584195 -0.022656187409904674 -0.078359110768410692 -0.0082582991219239885 0.042635539509103371 0.06932465917894734 0.059776964349665444 0.01686691220645704
leaf_weight=874.11974368221126 686.03113610713626 965.45057571984944 8140.0049724842247 525.44294249347877 240.77541690375074 1870.4483176715148 196.72751609454281 235.6494204319315 24.858410355773231 189.44349258256261 64.085086987470277 21.200323342985939 6237.419513743429 92.985357975005172
leaf_count=1414 156628 29586 1828285 2866 45490 8287 13302 40698 10786 24664 1495 111 2965 5004
internal_value=4.59044e-05 0.047285 -0.0548879 0.0116671 -0.00102819 0.0550858 -0.02575 -0.0338304 -0.0284166 -0.00867363 0.00568586 -0.000449934 0.0582912 -0.0114733
internal_weight=20364.6 10949.2 9415.48 1967.17 1441.73 8981.99 1275.48 1014.67 476.278 235.502 260.813 210.644 7111.54 328.635
internal_count=2171581 126169 2045412 113503 110637 12666 217127 202330 81051 35561 14797 24775 4379 45702
is_linear=0
shrinkage=0.05


Tree=12
num_leaves=15
num_cat=0
split_feature=3 10 1 3 27 1 10 15 18 2 0 18 0 8
split_gain=19943.8 986.37 801.573 411.181 157.956 116.332 80.7983 106.812 67.2076 60.3125 54.0228 86.4023 44.7159 40.0794
threshold=0.063951820135116591 0.027823104523122314 2.5000000000000004 0.10634702444076539 3.1059412956237797 6.5000000000000009 0.015597948338836433 1.0000000180025095e-35 0.14744058251380923 1.9880797863006594 0.69005811214447033 0.20793869346380237 0.70199033617973339 94.500000000000014
decision_type=8 10 10 10 10 10 10 10 10 10 10 8 10 10
left_child=2 3 9 6 5 -4 7 -2 -8 -1 11 -7 -9 -10
right_child=1 -3 4 -5 -6 10 8 12 13 -11 -12 -13 -14 -15
leaf_value=0.043963809623470407 -0.044216815115789572 0.04843557871150949 0.027471849779407632 -0.058483088968329933 0.048470481887839048 0.0014676896754676498 0.031513345646513466 -0.022936246165150231 -0.045103676189778896 0.057446252499256494 0.014131797441128878 -0.03652938500948498 0.015898993005511369 0.012786406343816913
leaf_weight=938.40116296196356 955.0445867003873 241.80545708793215 898.76452420800342 7904.9597883505485 440.67103723424952 220.55082924186718 87.725113780557876 308.12852775398642 85.956335684371879 7146.9271180864889 425.79270449152682 195.86876566451974 97.601118808845058 45.845403062761761
leaf_count=2826 219546 2846 8561 1818376 3097 12572 2577 51028 7166 4697 12154 18510 5047 1782
internal_value=1.79874e-05 -0.0512863 0.0486243 -0.0538285 0.021729 0.0149603 -0.0305453 -0.0350863 -0.00239714 0.0558815 0.00160863 -0.0111964 -0.0135942 -0.0249674
internal_weight=19994 9727.07 10267 9485.26 2181.65 1740.98 1580.3 1360.77 219.527 8085.33 842.212 416.42 405.73 131.802
internal_count=2170785 2108368 62417 2105522 54894 51797 287146 275621 11525 7523 43236 31082 56075 8948
is_linear=0
shrinkage=0.05


Tree=13
num_leaves=15
num_cat=0
split_feature=1 0 1 9 1 4 1 27 4 28 1 4 28 9
split_gain=18021 1207.55 549.292 355.878 169.657 133.099 100.288 87.8129 68.0763 46.9714 45.6624 45.4223 41.3556 36.9399
threshold=10.500000000000002 0.65634238719940197 2.5000000000000004 0.59626090526580822 44.500000000000007 0.060089439153671272 28.500000000000004 3.2151653766632085 0.040507078170776374 1.5000000000000002 6.5000000000000009 0.020059287548065189 1.5000000000000002 0.78580182790756237
decision_type=8 8 10 10 8 10 8 10 10 8 10 10 10 10
left_child=2 4 9 6 8 7 11 10 -2 -1 -4 -3 -8 -6
right_child=1 3 5 -5 13 -7 12 -9 -10 -11 -12 -13 -14 -15
leaf_value=0.047143351481903323 -0.03041349545173589 0.0082992881748068861 0.025821789141921282 0.049521299769267849 -0.056665790218814495 -0.044416582137076381 -0.03041349545173589 0.048209116982934577 -0.055587501341322371 0.05660210020705321 0.0044542835896830262 -0.024352805796788002 -0.0011050032667701325 -0.03041349545173589
leaf_weight=1659.5049076772411 425.84800214490679 407.43417059179046 946.15098662790842 239.47035053561558 7661.4481499584508 69.419229796039872 670.71933191278367 356.85390237276442 268.56306135881459 6277.3444632210303 339.8342092478124 144.20675952869351 125.89207296760287 77.827996827894822
leaf_count=4165 45809 17443 11106 2843 1823827 10480 150399 1872 51131 4599 11333 13459 8685 13930
internal_value=0.000311203 -0.046649 0.0490834 -0.00664721 -0.0541798 0.0233991 -0.0166236 0.0262647 -0.0305048 0.0546244 0.0201752 -0.000236432 -0.0279715 -0.056304
internal_weight=19670.5 10021.4 9649.11 1587.72 8433.69 1712.26 1348.25 1642.84 694.411 7936.85 1285.99 551.641 796.611 7739.28
internal_count=2171081 2127526 43555 192829 1934697 34791 189986 24311 96940 8764 22439 30902 159084 1837757
is_linear=0
shrinkage=0.05


Tree=14
num_leaves=15
num_cat=0
split_feature=3 3 3 10 1 2 2 9 15 10 15 16 9 2
split_gain=17468.5 1051.61 565.37 285.765 205.878 140.97 128.299 61.9898 57.5307 57.15 52.0437 45.8274 45.4232 41.6302
threshold=0.060643374919891364 0.027611553668975834 0.10327807068824769 0.017601265572011474 45.500000000000007 1.9880797863006594 1.2149537801742556 0.78580182790756237 1.0000000180025095e-35 0.02470413222908974 inf 3.4175922870635991 0.81244465708732616 1.4900426268577578
decision_type=10 8 10 10 8 10 10 10 10 10 8 8 10 10
left_child=1 5 6 4 -3 9 7 10 -6 13 11 -2 -5 -1
right_child=2 3 -4 12 8 -7 -8 -9 -10 -11 -12 -13 -14 -15
leaf_value=0.0083329965245345829 0.0095659859816635238 0.0097525048565767648 -0.056351236007266485 0.026694563291980694 -0.047580074638649522 0.055379205773539136 0.00034474501143518134 0.037836826848161281 -0.00063061756766551863 0.053918149708153867 -0.046111010723585727 -0.031498321820445423 0.052692319032132152 0.036160757526867295
leaf_weight=159.00011314521544 93.181896242196672 905.51093956251862 7625.6713795538963 417.1244062926562 257.04174249175412 6828.8121207900112 466.09565904294141 30.254622280830517 87.448436510981992 410.85934219881892 457.94130476907594 250.82613213534933 281.33301318003214 868.59039918053895
leaf_count=2950 15491 30321 1843594 4911 60401 4615 23445 630 9266 644 112284 57285 556 4280
internal_value=-5.06964e-05 0.0445946 -0.0511584 0.0115501 -0.00276337 0.0523826 -0.0206577 -0.0324207 -0.035662 0.0381568 -0.0350712 -0.0203752 0.0371662 0.0318549
internal_weight=19139.7 10215.7 8923.97 1948.46 1250 8267.26 1298.3 832.204 344.49 1438.45 801.949 344.008 698.457 1027.59
internal_count=2170673 117944 2052729 105455 99988 12489 209135 185690 69667 7874 185060 72776 5467 7230
is_linear=0
shrinkage=0.05


Tree=15
num_leaves=15
num_cat=0
split_feature=3 3 3 10 2 4 28 28 15 16 15 18 2 11
split_gain=16581.5 1212.19 366.252 301.614 167.323 136.231 102.484 76.8202 58.4848 54.6848 54.2817 41.8327 40.7719 40.7095
threshold=0.066938340663909926 0.027611553668975834 0.10634702444076539 0.021141065284609798 0.7713170349597932 0.020939022302627567 1.5000000000000002 1.5000000000000002 1.0000000180025095e-35 3.3842465877532963 1.0000000180025095e-35 0.14180016517639163 1.4900426268577578 0.83333334326744091
decision_type=10 8 10 10 10 10 10 8 10 8 10 8 10 8
left_child=1 5 6 4 10 7 8 12 -2 -6 -3 -8 -1 -11
right_child=2 3 -4 -5 9 -7 11 -9 -10 13 -12 -13 -14 -15
leaf_value=0.0062140906218670086 -0.04241922237169541 -0.045626034126961257 -0.055873175493409991 0.037758952176773976 0.021464363629066736 0.056030406438867877 0.029508379219510102 0.049553459642013471 -0.015210034370429466 -0.017639166526151315 -5.39895438351185e-05 -0.012598073593008545 0.035860835161515663 0.0066188964042943541
leaf_weight=130.94423168490175 615.13733801126364 254.59028846723959 7312.526244768218 641.16501102931215 378.20423713274067 5462.3075556267286 89.72902318299748 1547.4746890838724 290.88253165007336 264.59123478498077 87.903747623524396 172.1726075464685 1014.1410433111014 499.35851235003793
leaf_count=2603 152903 59309 1820241 4193 12116 2934 3660 2743 44727 16925 8798 15310 4256 20843
internal_value=3.47169e-05 0.0427272 -0.0517205 0.00910004 -0.0032767 0.0514931 -0.0257203 0.0422885 -0.0336836 0.00591509 -0.0339296 0.00182784 0.0324706 -0.0017828
internal_weight=18761.1 10280.7 8480.45 2125.81 1484.65 8154.87 1167.92 2692.56 906.02 1142.15 342.494 261.902 1145.09 763.95
internal_count=2171561 134720 2036841 122184 117991 12536 216600 9602 197630 49884 68107 18970 6859 37768
is_linear=0
shrinkage=0.05


Tree=16
num_leaves=15
num_cat=0
split_feature=3 3 3 10 0 2 8 2 10 18 0 16 11 3
split_gain=15675.4 1072.09 402.277 289.389 164.012 125.707 108.105 71.8477 57.8438 50.6047 42.286 38.6102 36.0208 32.8095
threshold=0.063951820135116591 0.027611553668975834 0.10634702444076539 0.017601265572011474 0.60517555475234996 1.9880797863006594 10.500000000000002 1.2149537801742556 0.02470413222908974 0.2837966531515122 0.69005811214447033 2.9700856208801274 0.52272728085517894 0.039126038551330573
decision_type=10 8 10 10 10 10 8 10 10 8 10 10 8 10
left_child=1 5 6 4 12 8 -2 -8 -1 -5 11 -6 -3 -11
right_child=2 3 -4 9 10 -7 7 -9 -10 13 -12 -13 -14 -15
leaf_value=0.030816782542662846 0.025554638334607055 -0.048934571595123502 -0.055064589025538548 0.044058088759863653 0.0043698326018966564 0.053486571095012585 -0.036671389456922894 -0.008999957002919631 0.052769843113283893 0.031261939145114992 0.014936646455552309 -0.013817187935806968 -0.016072840498590604 -0.0058537290344852022
leaf_weight=1027.5578131402144 100.77284828637494 183.96029204080696 7076.6279015973996 503.76771613850724 121.30426762416027 6570.3606617865444 794.18429018399911 332.91194485273445 423.81968070007861 149.55555045171059 586.23716204188531 275.67024001320533 152.53358359563572 98.928185961689451
leaf_count=7251 2306 39273 1819417 2568 4158 4644 200423 21993 648 1350 13968 21911 28435 2133
internal_value=0.000400833 0.0422631 -0.0504807 0.0102 -0.00390791 0.0505448 -0.0240619 -0.028498 0.0372273 0.0349502 0.00640388 -0.00619698 -0.0340383 0.0164852
internal_weight=18398.2 10093.7 8304.5 2071.96 1319.71 8021.74 1227.87 1127.1 1451.38 752.251 983.212 396.975 336.494 248.484
internal_count=2170478 126339 2044139 113796 107745 12543 224722 222416 7899 6051 40037 26069 67708 3483
is_linear=0
shrinkage=0.05


Tree=17
num_leaves=15
num_cat=0
split_feature=3 3 3 10 4 0 2 9 18 15 16 2 27 10
split_gain=14639.1 1034.41 381.789 263.63 164.412 146.72 89.6105 80.5471 45.7045 45.247 41.4814 38.674 38.1628 36.8439
threshold=0.063951820135116591 0.027611553668975834 0.10634702444076539 0.017857533879578117 0.021741956472396854 0.60356685519218456 1.2149537801742556 0.55287581682205211 0.2837966531515122 inf 3.6762205362319951 1.4900426268577578 3.1240557432174687 0.01634576823562384
decision_type=10 8 10 10 10 10 10 10 8 8 8 10 8 8
left_child=1 4 6 5 7 13 9 11 -5 10 -2 -1 -8 -3
right_child=2 3 -4 8 -6 -7 12 -9 -10 -11 -12 -13 -14 -15
leaf_value=0.010219956651889083 0.0024978160847669399 -0.061846159419871607 -0.054529960504549668 0.042318721369338064 0.054716945936428021 0.0056586052944465432 -0.017692728722755163 0.051493102254406391 0.01515370090775784 -0.043532155333283591 -0.033373075571289885 0.035502027776494319 0.013902902331691306 -0.023286156496712319
leaf_weight=167.32255330646876 130.84931320848409 82.449630393864936 6845.1143887554936 485.88465806638123 5090.2987296015781 968.88689028105 226.12434201833094 900.16350635001436 227.26026890012145 469.55803941405611 209.84930753440131 1576.0260373772471 165.53359653725056 249.13991052108759
leaf_count=2961 24619 25280 1819574 2496 2840 40233 15906 1022 3321 122891 54603 5636 6957 42273
internal_value=-5.35488e-05 0.0411521 -0.0499663 0.00923098 0.0494633 -0.00416628 -0.0239757 0.039347 0.033662 -0.0334676 -0.0195964 0.0330755 -0.00433889 -0.0328741
internal_weight=17794.5 9747.43 8047.03 2013.62 7733.81 1300.48 1201.91 2643.51 713.145 810.257 340.699 1743.35 391.658 331.59
internal_count=2170612 126062 2044550 113603 12459 107786 224976 9619 5817 202113 79222 8597 22863 67553
is_linear=0
shrinkage=0.05


Tree=18
num_leaves=15
num_cat=0
split_feature=3 3 28 3 3 0 10 8 3 11 8 16 2 0
split_gain=13699.3 1251.87 280.237 205.349 147.922 118.944 65.5408 61.2878 47.6253 55.4563 44.367 43.4184 40.0835 39.4737
threshold=0.074239313602447524 0.027611553668975834 1.5000000000000002 0.11241209506988527 1.0000000180025095e-35 0.69005811214447033 0.026880295015871528 9.5000000000000018 0.056967675685882575 0.41428571939468389 11.500000000000002 4.3372693061828622 1.9880797863006594 0.62343087792396557
decision_type=10 8 10 10 10 10 8 8 8 8 8 8 10 10
left_child=1 4 5 7 12 8 11 -2 -3 -10 -6 -4 -1 -9
right_child=3 2 6 -5 10 -7 -8 13 9 -11 -12 -13 -14 -15
leaf_value=0.037451963147508843 0.017874319999064255 -0.0060117271657447111 0.021559501986669866 -0.054147304946958477 0.049491707727759078 0.0088485435259609904 0.039981452735027116 -0.045850947881707828 -0.047109809055707448 -0.013471261859001066 0.029534184386080027 -0.018890451716450318 0.053164394481965464 -0.025385463806621152
leaf_weight=437.44858476147056 62.028601192869246 289.26201347423194 294.45976761827478 6484.0262627654738 370.05744213471189 592.62472656770842 500.92550023719377 385.98801408959844 246.44075631963642 243.66521316330181 1125.2386190200923 85.632960533635924 5628.0355400698609 604.79782666300889
leaf_count=1026 2138 18569 6318 1770929 517 18403 2933 116230 53188 42775 7575 4480 3351 122612
internal_value=-0.000124332 0.0388104 0.00609646 -0.0508217 0.0485588 -0.00803437 0.0281021 -0.0303399 -0.020872 -0.0303858 0.0344733 0.0124463 0.0520312 -0.0333584
internal_weight=17350.6 9813.79 2253.01 7536.84 7560.78 1371.99 881.018 1052.81 779.368 490.106 1495.3 380.093 6065.48 990.786
internal_count=2171044 159135 146666 2011909 12469 132935 13731 240980 114532 95963 8092 10798 4377 238842
is_linear=0
shrinkage=0.05


Tree=19
num_leaves=15
num_cat=0
split_feature=3 3 3 28 4 1 27 9 18 0 2 11 3 16
split_gain=13089.4 1021.78 376.555 234.22 173.885 109.913 95.5571 79.8962 62.1774 57.6976 49.6816 40.6438 39.5973 35.9595
threshold=0.063951820135116591 0.027611553668975834 0.10634702444076539 1.5000000000000002 0.020569622516632084 28.500000000000004 3.2151653766632085 0.53236109018325817 0.2837966531515122 0.63390350341796886 1.4900426268577578 0.83333334326744091 1.0000000180025095e-35 3.7726949453353886
decision_type=10 8 10 8 10 8 10 10 8 10 10 8 10 10
left_child=1 4 6 5 7 -3 9 10 -5 -2 -1 -7 -6 -8
right_child=2 3 -4 8 12 11 13 -9 -10 -11 -12 -13 -14 -15
leaf_value=0.0038492624197060546 -0.041819079107822899 0.0034531177784561588 -0.053489397440925859 0.036535646161205908 0.05424852461651352 -0.047571662689285331 0.041867890297247308 0.049714220358576824 0.0076713317985590756 -0.017962358955747149 0.033766376289477429 -0.01387416670279667 0.021834728714919135 -0.014578497678372465
leaf_weight=152.93282897234894 421.53172264472232 770.93144275023951 6393.8845918583393 590.29887944947404 4807.7968056170212 172.16100464384363 72.351137658813968 870.6069350161124 272.79454953639652 635.56735534613836 1498.4992699038121 186.32966997115 96.103995531768305 46.252279587672092
leaf_count=2953 115673 24484 1820108 5532 2599 42379 3428 1065 6856 99370 5570 34366 388 6218
internal_value=0.000249324 0.0395957 -0.0487073 0.0078025 0.0481264 -0.00718335 -0.0227009 0.0374574 0.0274126 -0.0274755 0.0309959 -0.030057 0.0536133 0.0198553
internal_weight=16988 9418.46 7569.59 1992.52 7425.94 1129.42 1175.7 2522.04 863.093 1057.1 1651.43 358.491 4903.9 118.603
internal_count=2170989 126192 2044797 113617 12575 101229 224689 9588 12388 215043 8523 76745 2987 9646
is_linear=0
shrinkage=0.05


Tree=20
num_leaves=15
num_cat=0
split_feature=3 1 3 28 0 4 28 26 3 15 9 9 2 18
split_gain=12334.7 996.561 370.158 245.61 136.476 85.0272 83.9097 74.26 66.1394 59.9477 47.7133 46.5955 41.5554 35.0606
threshold=0.063951820135116591 2.5000000000000004 0.10634702444076539 1.5000000000000002 0.64032828807830822 0.020939022302627567 1.5000000000000002 0.18465909361839297 1.0000000180025095e-35 1.0000000180025095e-35 0.55287581682205211 0.90134188532829296 1.3643888235092165 0.52715286612510692
decision_type=10 8 10 8 10 10 10 10 10 10 10 10 10 10
left_child=1 5 6 4 -3 10 9 11 -7 -2 -1 -5 -6 -9
right_child=2 3 -4 7 12 8 -8 13 -10 -11 -12 -13 -14 -15
leaf_value=0.033509175556511055 -0.03890702757318476 -0.027241922673821785 -0.053102936037252448 0.013736504674743973 -0.005909951199326015 0.05382996163759482 0.0019947507457630464 0.050145658655377678 0.026233782106841404 -0.011231013246064851 0.05037724591132961 0.047379859458988226 0.015014485241958451 -0.010846959364955019
leaf_weight=1127.8625439330644 591.18883205309976 378.3159804127863 6158.2239866552554 569.17588112059457 362.49735160649288 4595.3366021501133 272.3773187425395 393.01406082126778 227.88861761978478 292.45231065381086 667.24006343726069 125.63324653354357 686.90902184645529 25.064199639018625
leaf_count=2974 158663 73268 1820345 10387 21317 2562 19787 1704 1329 46368 633 277 10863 889
internal_value=0.000185908 0.03885 -0.0482295 0.0122302 -0.00149526 0.0490687 -0.0222683 0.0298386 0.0525261 -0.0297473 0.039779 0.0198198 0.00778654 0.0464891
internal_weight=16473.2 9158.94 7314.24 2540.61 1427.72 6618.33 1156.02 1112.89 4823.23 883.641 1795.1 694.809 1049.41 418.078
internal_count=2171366 126203 2045163 118705 105448 7498 224818 13257 3891 205031 3607 10664 32180 2593
is_linear=0
shrinkage=0.05


Tree=21
num_leaves=15
num_cat=0
split_feature=3 3 10 3 4 0 9 8 27 3 2 10 0 8
split_gain=11570.9 1101.87 239.98 237.919 197.746 108.553 76.3002 65.695 59.7172 56.4345 49.1597 39.8128 36.9289 34.5306
threshold=0.071969985961914076 0.027611553668975834 0.026880295015871528 0.11241209506988527 0.020939022302627567 0.58503320813179027 0.54752457141876232 5.5000000000000009 3.1843570470809941 0.046789705753326423 1.4900426268577578 0.01634576823562384 0.6090800166130067 31.500000000000004
decision_type=10 8 10 10 10 10 10 8 10 10 10 8 10 8
left_child=1 4 5 7 6 11 10 -2 9 -7 -1 -3 -9 -13
right_child=3 2 -4 -5 -6 8 -8 12 -10 -11 -12 13 -14 -15
leaf_value=0.00086010740217190627 0.026106565952658763 -0.059413682001966311 0.039150466508553722 -0.052901016479292545 0.052922102592716236 0.01141299796200867 0.047784907200230153 -0.045969401821414138 0.030971472333046382 -0.010337183629344158 0.031581286929474262 -0.10043795337918288 -0.024339532079423711 -0.014626885984885797
leaf_weight=143.08810606517363 54.822641630657017 76.326053636090364 432.13856045078137 5811.830506225524 4533.8508079517342 557.9595186557126 795.33632014598697 268.82618144499429 176.07330951932818 640.69147751579294 1447.8269923519692 12.281127521302549 741.99465866302489 258.1922920102661
leaf_count=2944 1371 25230 1844 1770870 2930 14915 1002 88225 3161 50638 5562 721 159832 41955
internal_value=-4.57159e-06 0.0370701 0.00583744 -0.0489188 0.0467902 -0.00252483 0.0351398 -0.0272008 0.00378134 -0.000212701 0.0288182 -0.0275227 -0.030092 -0.0185232
internal_weight=15951.2 9073.76 2153.66 6877.47 6920.1 1721.52 2386.25 1065.64 1374.72 1198.65 1590.92 346.799 1010.82 270.473
internal_count=2171200 150902 138464 2020298 12438 136620 9508 249428 68714 65553 8506 67906 248057 42676
is_linear=0
shrinkage=0.05


Tree=22
num_leaves=15
num_cat=0
split_feature=3 1 3 8 1 27 4 3 3 9 9 11 27 15
split_gain=10959.7 829.278 507.682 213.02 135.362 100.838 97.8835 61.6006 60.0054 48.7697 47.8913 46.8676 45.0141 25.1263
threshold=0.056967675685882575 2.5000000000000004 0.092515558004379286 7.5000000000000009 26.500000000000004 3.1843570470809941 0.020939022302627567 1.0000000180025095e-35 0.12447983026504518 0.55287581682205211 0.17493252456188205 inf 3.2151653766632085 1.0000000180025095e-35
decision_type=10 8 10 8 8 10 10 10 10 10 10 8 10 10
left_child=1 6 5 -3 12 10 9 -8 13 -1 11 -2 -5 -4
right_child=2 3 8 4 -6 -7 7 -9 -10 -11 -12 -13 -14 -15
leaf_value=0.031340188532259526 -0.040918478896711019 0.046005263400302226 -0.042878040306807468 0.0089392412094257707 -0.019786903964740789 0.027929055421243507 0.053110272901643975 0.025656025327152394 -0.052900770808126364 0.048832924262557795 0.0023618921364052265 -0.013679544975300918 0.034455072873135192 -0.021374511333522157
leaf_weight=1082.0332411339623 276.57290208802442 387.17325763980625 613.8159266718576 1201.530739856782 418.5968890888762 134.47570873255609 4320.013786255382 214.46051594385062 5320.5985102370032 630.70251708570868 205.33487337433326 368.09389267320512 201.89372252672911 174.45685134959058
leaf_count=2933 59923 1620 202360 25969 73251 6321 2587 1184 1663117 625 11256 64832 1639 53410
internal_value=0.000209157 0.0386542 -0.0456235 0.0123241 0.00516695 -0.0123025 0.0479653 0.0518118 -0.0509934 0.0377818 -0.0186674 -0.0253655 0.0126099 -0.038119
internal_weight=15549.8 8456.4 7093.35 2209.19 1822.02 984.477 6247.21 4534.47 6108.87 1712.74 850.002 644.667 1403.42 788.273
internal_count=2171027 109808 2061219 102479 100859 142332 7329 3771 1918887 3558 136011 124755 27608 255770
is_linear=0
shrinkage=0.05


Tree=23
num_leaves=15
num_cat=0
split_feature=3 1 3 10 0 28 4 0 3 28 10 27 8 27
split_gain=10327 809.743 496.203 241.36 153.111 114.086 104.203 64.1606 61.9794 40.409 38.6991 36.4691 36.3236 29.5317
threshold=0.056967675685882575 2.5000000000000004 0.10634702444076539 0.02470413222908974 0.60356685519218456 1.5000000000000002 0.020939022302627567 0.70199033617973339 1.0000000180025095e-35 2.5000000000000004 0.014925744384527208 2.9325778484344487 2.5000000000000004 7.6647894382476816
decision_type=10 8 10 10 10 10 10 10 10 10 8 10 10 10
left_child=1 6 5 4 10 7 9 -2 -8 -1 -3 -7 -5 -6
right_child=2 3 -4 12 13 11 8 -9 -10 -11 -12 -13 -14 -15
leaf_value=0.033378870507002001 -0.033170357547245483 -0.062394333402009741 -0.052006181018272937 0.05335859290343295 0.0085065467110095692 -0.004876438714412761 0.05278778512804954 -0.00015285980869324481 0.024656900883328003 0.054397500294769634 -0.019669731418533801 0.0294581429763086 0.027998126719104989 0.052706259862619287
leaf_weight=1407.9404858736088 820.16005078688613 65.754700291814515 5475.0322914955323 264.56221780541819 1231.9193491898041 267.22273682062223 4134.4116588709003 179.30346277388162 205.53755529137561 273.01097457949072 273.2621966151637 108.84007288934663 302.78629011531302 38.987107688561082
leaf_count=3363 207750 24359 1819862 344 33808 18339 2576 11746 1182 214 41915 3317 1921 190
internal_value=4.96239e-05 0.0379123 -0.0452612 0.0117811 0.00189856 -0.0184142 0.0473618 -0.027247 0.0514555 0.0367926 -0.0279565 0.00506067 0.0398241 0.00986244
internal_weight=15048.7 8198.17 6850.56 2177.27 1609.92 1375.53 6020.9 999.464 4339.95 1680.95 339.017 376.063 567.349 1270.91
internal_count=2170886 109872 2061014 102537 100272 241152 7335 219496 3758 3577 66274 21656 2265 33998
is_linear=0
shrinkage=0.05


Tree=24
num_leaves=15
num_cat=0
split_feature=3 1 3 10 1 27 3 11 18 16 10 8 2 2
split_gain=9639.42 712.112 566.154 221.259 137.022 107.31 76.3422 57.0171 46.6787 45.8036 40.8974 43.9541 40.8604 39.7905
threshold=0.052275985479354865 2.5000000000000004 0.10536321997642518 0.02470413222908974 26.500000000000004 3.1240557432174687 1.0000000180025095e-35 inf 0.48354227840900427 2.2499048709869389 0.014925744384527208 61.500000000000007 1.9880797863006594 1.3184982538223269
decision_type=10 8 10 10 8 10 10 8 10 8 8 10 10 10
left_child=1 6 5 4 -3 7 12 9 -7 -2 -6 -12 -1 -11
right_child=2 3 -4 -5 10 8 -8 -9 -10 13 11 -13 -14 -15
leaf_value=0.03387277174113814 0.020049592274816334 0.010804105056729128 -0.051542536248727337 0.039847314280686025 -0.061547818325673964 0.027219010400906237 0.0326815086386604 -0.012192723187977554 -0.051519109378939915 -0.046037145014212057 -0.023792298728555396 0.037369009445543576 0.050500105974894828 -0.017582068280030831
leaf_weight=402.39040970988572 37.865984906937229 1099.292516788817 5277.6789993651983 526.23636569912196 62.338368649099721 168.69985602633096 822.26092185487505 707.59867855795892 21.18698792019859 377.32913095911499 265.17689154305845 33.035064519121079 4518.4093629302079 182.17107993777608
leaf_count=1029 3849 22597 1828092 1980 24441 7945 2877 119891 3314 97248 44475 571 3307 9553
internal_value=-0.000299941 0.037859 -0.0438488 0.0120511 0.00203132 -0.0166854 0.0467839 -0.0217956 0.0184337 -0.0331704 -0.0247163 -0.017017 0.0491404 -0.0367723
internal_weight=14501.7 7729.14 6772.53 1986.08 1459.84 1494.85 5743.06 1304.96 189.887 597.366 360.55 298.212 4920.8 559.5
internal_count=2171169 101277 2069892 94064 92084 241800 7213 230541 11259 110650 69487 45046 4336 106801
is_linear=0
shrinkage=0.05


Tree=25
num_leaves=15
num_cat=0
split_feature=3 3 3 10 2 0 8 27 0 3 18 0 11 26
split_gain=9136.92 896.568 319.689 178.268 163.768 77.6212 65.9943 61.9735 44.2556 42.4991 41.3577 40.0884 38.1455 31.7486
threshold=0.063951820135116591 0.027611553668975834 0.10634702444076539 0.022048129700124267 1.9880797863006594 0.60356685519218456 24.500000000000004 3.2151653766632085 0.68577709794044506 1.0000000180025095e-35 0.27781905233860021 0.69005811214447033 0.52272728085517894 0.21980676054954532
decision_type=10 8 10 10 10 10 8 10 10 10 8 8 8 8
left_child=1 4 7 5 6 12 -1 8 -2 -6 -7 13 -3 -5
right_child=2 3 -4 11 9 10 -8 -9 -10 -11 -12 -13 -14 -15
leaf_value=0.048946915989444728 -0.031430103631762941 -0.042029415243820367 -0.051382871523153101 -0.015386024976790355 0.050139015261459231 0.0099077693657675103 0.021690818631637968 0.013515090232122221 -0.0061885473229458497 0.03464804680442235 -0.011104763890245896 0.039320986359570473 -0.011444370394325123 0.024372595443073613
leaf_weight=291.01170442998409 742.43068961559038 171.22572022963141 5029.8892469248967 73.3891858428251 4380.0845338820072 649.89491540619929 937.65290489594918 113.55861592610017 226.66672211002151 492.54166046410683 366.08468627966795 354.6682181845099 170.03415381840023 90.573762850675848
leaf_count=447 193581 39573 1819809 1211 3303 23542 7418 9636 21822 1273 18555 1501 28729 715
internal_value=-8.0553e-05 0.0351651 -0.0460778 0.00493452 0.0444597 -0.00459359 0.0281465 -0.0214312 -0.0255262 0.0485731 0.00233639 0.0298693 -0.0252251 0.0094242
internal_weight=14089.7 7977.16 6112.55 1875.87 6101.29 1357.24 1228.66 1082.66 969.097 4872.63 1015.98 518.631 341.26 163.963
internal_count=2171115 126267 2044848 113826 12441 110399 7865 225039 215403 4576 42097 3427 68302 1926
is_linear=0
shrinkage=0.05


Tree=26
num_leaves=15
num_cat=0
split_feature=3 1 3 10 1 2 28 27 9 14 16 3 15 10
split_gain=8597.39 930.183 295.129 222.134 123.687 77.6718 55.2408 47.2411 44.8194 41.7981 91.5587 39.748 36.066 33.3108
threshold=0.063951820135116591 2.5000000000000004 0.10634702444076539 0.022490310482680801 95.500000000000014 1.9880797863006594 1.5000000000000002 3.1059412956237797 0.99943557381629955 1.0000000180025095e-35 2.7403194904327397 1.0000000180025095e-35 1.0000000180025095e-35 0.017857533879578117
decision_type=10 8 10 10 8 10 10 10 10 10 8 10 10 8
left_child=1 5 6 4 7 -1 12 9 -5 10 -3 -7 -2 -6
right_child=2 3 -4 8 13 11 -8 -9 -10 -11 -12 -13 -14 -15
leaf_value=0.030697477440911444 -0.035919979184627228 0.030849694299213255 -0.051063321127046105 0.024553606312840971 -0.062450919539361549 0.049806709579483036 -0.0017520184260713324 0.029566280610653663 0.053444210378220183 0.0079870319914559142 -0.024876602492944693 0.034340362469021064 -0.013478526318075288 -0.021832208375853764
leaf_weight=726.4127234139014 532.7846620855853 96.658612923201872 4812.1591289293719 459.24104671199893 64.201349422801286 4196.9844028325897 257.22845565485477 169.98136496520601 189.69370683505258 811.61599544505589 310.44137571653846 461.04644104726322 269.64406334480736 236.07452281888254
leaf_count=2855 158539 2086 1819873 3396 25528 3309 19866 2373 223 26248 18631 1331 46534 40384
internal_value=-0.000203037 0.0344697 -0.0458031 0.00813457 -0.00141872 0.0459044 -0.0219153 0.00487311 0.0329988 0.00142902 -0.0116454 0.0482759 -0.0283789 -0.0305168
internal_weight=13594.2 7722.35 5871.82 2337.91 1688.97 5384.44 1059.66 1388.7 648.935 1218.72 407.1 4658.03 802.429 300.276
internal_count=2171176 126364 2044812 118869 115250 7495 224939 49338 3619 46965 20717 4640 205073 65912
is_linear=0
shrinkage=0.05


Tree=27
num_leaves=15
num_cat=0
split_feature=1 2 10 2 4 4 10 1 18 10 26 0 11 10
split_gain=7779.58 905.019 279.719 277.147 115.134 69.9172 65.6206 62.284 55.2672 49.5696 48.4034 37.2424 36.2722 34.9782
threshold=6.5000000000000009 0.89588564634323131 0.026880295015871528 1.9880797863006594 0.040507078170776374 0.019742131233215336 0.031408416107296951 2.5000000000000004 0.36159096658229833 0.01985479332506657 0.43167701363563543 0.62523686885833751 0.83333334326744091 0.01634576823562384
decision_type=8 8 10 10 10 10 10 10 10 10 10 10 8 10
left_child=3 9 4 6 8 -5 -1 -7 10 11 13 -2 -10 -3
right_child=1 2 -4 5 -6 7 -8 -9 12 -11 -12 -13 -14 -15
leaf_value=0.01849615819341786 -0.05104524543928321 -0.012413256416320058 0.036744677191019891 0.034985863878558419 -0.044382015458565856 0.050590584190761678 0.050666357707199842 -0.0010005814137394049 -0.042344323770489758 0.0092854043058779572 0.032380464171787471 -0.036911014903047309 -0.013759776408906688 0.012046351070893586
leaf_weight=1387.0745498277538 4158.307427598018 895.79159683831676 277.73289228325302 1029.9021016776169 318.7844424386858 3571.9932986558197 178.96859445318114 59.475409537059022 197.90433338774892 36.185407871380448 77.978500981815159 524.87788069283124 252.68212483492971 174.66249801410595
leaf_count=18300 1632784 109351 3025 2312 84204 3763 378 1438 38029 4736 3580 228241 34745 5893
internal_value=-0.000166284 -0.036673 -0.0101527 0.0403707 -0.0169444 0.0464846 0.0221726 0.0497456 -0.0114743 -0.0490107 -0.00565176 -0.0494611 -0.0263145 -0.00842226
internal_weight=13142.3 6914.91 2195.54 6227.41 1917.8 4661.37 1566.04 3631.47 1599.02 4719.37 1148.43 4683.19 450.586 1070.45
internal_count=2170779 2144588 278827 26191 275802 7513 18678 5201 191598 1865761 118824 1861025 72774 115244
is_linear=0
shrinkage=0.05


Tree=28
num_leaves=15
num_cat=0
split_feature=3 1 3 8 28 2 2 0 3 18 18 28 18 27
split_gain=7665.73 718.981 430.058 174.417 89.804 84.3333 83.9936 46.8286 42.29 34.9973 31.5677 37.2689 29.7689 26.2862
threshold=0.056967675685882575 2.5000000000000004 0.10634702444076539 7.5000000000000009 1.5000000000000002 1.3643888235092165 1.9880797863006594 0.69005811214447033 1.0000000180025095e-35 0.14365419000387195 0.2837966531515122 1.5000000000000002 0.56770214438438427 9.0099573135375994
decision_type=10 8 10 8 10 10 10 10 10 8 8 8 10 10
left_child=1 6 4 -3 7 10 -1 -2 -8 -6 11 -5 13 -7
right_child=2 3 -4 5 9 12 8 -9 -10 -11 -12 -13 -14 -15
leaf_value=0.028944084478179928 -0.032621207536665642 0.042225918218084559 -0.050681970022018109 -0.0094877013284907982 0.024808462666514867 0.014793543119680081 0.049220586971092384 -0.0068250149331950255 0.032851911437402063 -0.0079608092295136382 -0.022514820501230874 0.021496043323329935 -0.0099402019510594127 0.056711185708628764
leaf_weight=704.71895355870947 684.7866342792986 348.49367552124022 4385.0449994777155 370.4783322623698 125.36967573891161 792.15991492679314 3886.8187003411003 236.75528421680792 439.18062281132734 232.73066524563183 272.27112381561892 131.5064470333964 119.25485135582858 39.253427758347243
leaf_count=2759 199433 1598 1820101 41125 4320 11093 3316 20200 1253 17404 43308 2888 2448 101
internal_value=0.000145196 0.0347394 -0.0432397 0.00996266 -0.0177369 0.00344438 0.0449512 -0.0259939 0.0475588 0.0035116 -0.0088062 -0.0013708 0.0134217 0.0167726
internal_weight=12768.8 7104.14 5664.69 2073.42 1279.64 1724.92 5030.72 921.542 4326 358.1 774.256 501.985 950.668 831.413
internal_count=2171347 109889 2061458 102561 241357 100963 7328 219633 4569 21724 87321 44013 13642 11194
is_linear=0
shrinkage=0.05


Tree=29
num_leaves=15
num_cat=0
split_feature=3 1 3 10 1 28 2 0 3 27 10 8 8 8
split_gain=7188.52 614.219 480.791 208.446 107.862 95.399 83.457 49.846 39.6417 37.119 31.0077 63.3813 27.8466 27.2334
threshold=0.052275985479354865 2.5000000000000004 0.11241209506988527 0.02470413222908974 26.500000000000004 1.5000000000000002 1.9880797863006594 0.64261344075202953 1.0000000180025095e-35 3.2151653766632085 0.01634576823562384 61.500000000000007 44.500000000000007 1.5000000000000002
decision_type=10 8 10 10 8 10 10 10 10 10 8 10 8 10
left_child=1 6 5 4 -3 7 12 -2 -8 -7 -6 -12 -1 -5
right_child=2 3 -4 13 10 9 8 -9 -10 -11 11 -13 -14 -15
leaf_value=0.045007273093553748 -0.038217558889323981 0.0086244189034457141 -0.050714767496135627 0.054150607424474972 -0.056824497546298564 -0.0067237781470630134 0.048821890047500122 -0.016480658085106018 0.03248183293257155 0.026360119908631158 -0.026090897686403963 0.046069766548647029 0.022392209609101706 0.029827298172599489
leaf_weight=185.80022918875329 450.18171671938035 1049.4662292902649 4094.4275737946446 172.89919850067236 59.211028805584647 300.63862726815569 3689.151353405643 636.82218529394595 412.7045551889023 118.0815372041543 239.70639198154822 34.854523269983474 509.05674140574411 344.11922497981868
leaf_count=268 168026 22720 1770685 182 25227 23095 3300 104651 1193 3785 43788 387 2445 1846
internal_value=-2.55413e-05 0.0349326 -0.0418304 0.0108747 0.000750402 -0.0176718 0.0444634 -0.025483 0.0471778 0.00260607 -0.0240076 -0.0169304 0.0284393 0.0379614
internal_weight=12297.1 6696.97 5600.15 1900.26 1383.24 1505.72 4796.71 1087 4101.86 418.72 333.772 274.561 694.857 517.018
internal_count=2171598 101356 2070242 94150 92122 299557 7206 272677 4493 26880 69402 44175 2713 2028
is_linear=0
shrinkage=0.05


Tree=30
num_leaves=15
num_cat=0
split_feature=1 2 2 10 0 10 4 4 2 4 1 28 18 16
split_gain=6555.92 799.486 281.404 219.252 92.9427 65.3201 65.1557 63.8488 45.0313 41.2253 36.8036 35.7761 34.1894 32.1985
threshold=6.5000000000000009 1.0591637492179873 1.9880797863006594 0.030186134390532974 0.64378613233566295 0.031408416107296951 0.026999056339263919 0.020939022302627567 1.3184982538223269 0.046745598316192634 2.5000000000000004 2.5000000000000004 0.11173984780907632 4.2555875778198251
decision_type=8 8 10 10 10 10 10 8 10 10 10 10 8 8
left_child=2 4 5 7 -2 8 11 -3 -1 -10 -8 -4 -9 -6
right_child=1 3 6 -5 13 -7 10 12 9 -11 -12 -13 -14 -15
leaf_value=-0.085777328481416018 -0.048981231492444065 -0.002704892086748218 0.031422805293378105 0.047620735360422196 -0.011982826945739412 0.049244999185689288 0.050216638385932502 -0.0050169728270577892 0.019300500485004455 -0.021551357313806301 0.0069464121075997129 0.052246199384820668 -0.029753230862436714 -0.036631887368270645
leaf_weight=10.684608177165499 4059.1651847107569 808.38502267297008 976.75016611466708 169.38579699733964 237.99631193309324 171.51378116465639 2903.2801322716477 190.04484336774476 1252.1042339163832 64.960087606334127 49.988007721985923 261.48750665551051 527.1978988305782 182.34392290469259
leaf_count=642 1814623 48504 2615 435 78643 381 3405 22938 11462 6173 1238 314 107024 72576
internal_value=8.43364e-05 -0.0355962 0.0387979 -0.0063478 -0.0466636 0.0202072 0.0454477 -0.0123398 0.0164562 0.0172856 0.0494842 0.0358202 -0.023199 -0.0242825
internal_weight=11865.3 6174.52 5690.77 1695.01 4479.51 1499.26 4191.51 1525.63 1327.75 1317.06 2953.27 1238.24 717.243 420.34
internal_count=2170973 2144743 26230 178901 1965842 18658 7572 178466 18277 17635 4643 2929 129962 151219
is_linear=0
shrinkage=0.05


Tree=31
num_leaves=15
num_cat=0
split_feature=1 0 1 10 4 1 0 9 27 16 4 10 16 4
split_gain=6054.06 713.364 264.604 230.153 113.193 110.256 76.7052 54.4409 51.6945 35.6319 28.2182 24.2262 24.0499 22.7201
threshold=6.5000000000000009 0.64261344075202953 2.5000000000000004 0.026880295015871528 0.020569622516632084 51.500000000000007 0.69005811214447033 0.55287581682205211 7.9582543373107919 3.4811217784881596 0.025247901678085331 0.01586206536740065 3.1984648704528813 0.065896272659301772
decision_type=8 8 10 10 10 8 10 10 10 8 10 10 8 10
left_child=2 5 4 6 7 13 9 -1 10 -3 12 -7 -4 -2
right_child=1 3 8 -5 -6 11 -8 -9 -10 -11 -12 -13 -14 -15
leaf_value=0.024085328986128113 -0.027242379408838543 -0.011744431653284149 0.030072125587441975 0.038250179777723763 0.048369115133790164 -0.049743821134871434 -8.7095027545871595e-05 0.045091283003569155 0.047881357699648339 -0.027242379408838543 -0.0047088292558272191 -0.027242379408838543 0.0096734685505479 -0.051343244531793536
leaf_weight=913.98254432270187 384.22350264749548 350.16023967985529 207.93974534378503 230.70459680154454 3125.7158770828319 3600.8231858799118 541.70798492582981 465.56306342012249 105.40104010148207 661.3700094291562 219.69615033104492 72.002137549425242 473.56960601349419 108.57022676127963
leaf_count=2960 65060 57049 1687 1523 5202 1730296 36349 612 408 189286 9289 23231 6029 42311
internal_value=0.000171275 -0.0348056 0.0379256 -0.00834908 0.0431039 -0.0461357 -0.0152705 0.0311743 0.014749 -0.0234018 0.010874 -0.049149 0.0158974 -0.0272424
internal_weight=11461.4 5949.56 5511.87 1783.94 4505.26 4165.62 1553.24 1379.55 1006.61 1011.53 901.206 3672.83 681.509 492.794
internal_count=2171292 2145105 26187 284207 8774 1860898 282684 3572 17413 246335 17005 1753527 7716 107371
is_linear=0
shrinkage=0.05


Tree=32
num_leaves=15
num_cat=0
split_feature=3 3 3 28 10 2 0 9 9 18 3 0 16 16
split_gain=5816.86 762.436 287.69 176.922 155.168 74.3127 63.3499 46.8075 44.5869 37.5537 37.0284 36.7793 50.0584 31.3402
threshold=0.063951820135116591 0.027611553668975834 0.11241209506988527 1.5000000000000002 0.017601265572011474 1.7195320725440981 0.5916755497455598 0.78580182790756237 0.99943557381629955 0.24371253699064258 1.0000000180025095e-35 0.68577709794044506 4.0163424015045175 3.0677825212478642
decision_type=10 8 10 8 10 10 10 10 10 8 10 10 10 8
left_child=1 3 7 5 6 -1 -3 -2 9 -6 -5 12 -7 -8
right_child=2 4 -4 10 8 11 13 -9 -10 -11 -12 -13 -14 -15
leaf_value=0.0037573618989158591 -0.02269946754726096 -0.031288678321725591 -0.050232011798264337 0.048920520176932242 0.027352972433899038 0.013693765846313278 0.015178027558164012 0.026326246844124747 0.048006392192715665 -0.0012584605991186617 0.035250643935238496 0.034519296085017734 -0.10851732024382461 -0.0079172708639079475
leaf_weight=314.42740010109264 987.92657653045899 253.64088485014508 3512.1624803017767 2865.0869054600043 265.95665458279836 68.819300391012803 188.28189648117404 51.210048441134859 131.13132928212872 201.63751257026161 598.94998853327706 906.2445683049591 9.5406887806020659 668.18444229025044
leaf_count=4658 272986 65517 1770515 2793 2189 337 6229 1325 213 3640 2124 2474 153 35914
internal_value=-8.22218e-05 0.0303765 -0.0433943 0.0406558 0.00172489 0.0249196 -0.00934012 -0.0202834 0.0222407 0.0150151 0.0465569 0.0316777 -0.001186 -0.0028401
internal_weight=11023.2 6471.9 4551.3 4763.07 1708.83 1299.03 1110.11 1039.14 598.725 467.594 3464.04 984.605 78.36 856.466
internal_count=2171067 126241 2044826 12539 113702 7622 107660 274311 6042 5829 4917 2964 490 42143
is_linear=0
shrinkage=0.05


Tree=33
num_leaves=15
num_cat=0
split_feature=3 3 4 3 28 9 9 3 14 27 28 18 8 2
split_gain=5483.02 801.028 248.384 197.717 127.378 105.715 56.366 43.7537 43.2936 41.6717 34.9751 33.2536 28.2623 27.8103
threshold=0.071969985961914076 0.027611553668975834 0.020569622516632084 0.11813205480575563 1.5000000000000002 0.55287581682205211 0.81244465708732616 1.0000000180025095e-35 1.0000000180025095e-35 2.6896145343780522 2.5000000000000004 0.20793869346380237 10.500000000000002 1.4900426268577578
decision_type=10 8 10 10 10 10 8 10 10 8 10 8 8 10
left_child=1 2 5 12 8 10 11 -4 9 -3 13 -6 -2 -1
right_child=3 4 7 -5 6 -7 -8 -9 -10 -11 -12 -13 -14 -15
leaf_value=-0.0058971477684640304 0.0091007392630247878 -0.035026468312339742 0.050883725783320871 -0.050328073990058744 0.020856812864457116 0.043686536844846927 0.036343822513926996 0.010211455408512687 -0.0018479802339388088 -0.0016780861847336963 0.054432522622389692 -0.006356073239088037 -0.026421854852522242 0.018807061445149639
leaf_weight=127.24345979175996 59.874465121218236 243.82604186530807 2648.6596649571584 3256.1749487074849 224.64481199045258 590.2535575570073 264.7843187283288 67.816841873864178 765.29408144528861 152.12066463169322 62.986023360863328 224.40010288502526 863.87423387581657 1088.0692678227788
leaf_count=2932 2876 42667 2601 1720891 3494 995 1720 383 63850 19290 96 7856 296377 5493
internal_value=8.54325e-05 0.0289572 0.0402165 -0.044536 0.00142526 0.0261848 0.0180468 0.0498683 -0.00879222 -0.0222142 0.0181034 0.00725778 -0.0241194 0.0162205
internal_weight=10640 6460.1 4585.03 4179.92 1875.07 1868.55 713.829 2716.48 1161.24 395.947 1278.3 449.045 923.749 1215.31
internal_count=2171521 151377 12500 2020144 138877 9516 13070 2984 125807 61957 8521 11350 299253 8425
is_linear=0
shrinkage=0.05


Tree=34
num_leaves=15
num_cat=0
split_feature=1 2 2 10 4 4 8 18 10 28 26 0 1 0
split_gain=4902.82 712.116 263.839 206.253 88.4878 69.922 58.4347 40.9027 39.3026 38.3488 37.4054 36.5274 36.3874 31.6827
threshold=6.5000000000000009 0.89588564634323131 1.9880797863006594 0.02614811155945063 0.026999056339263919 0.040507078170776374 24.500000000000004 0.35721036791801458 0.01985479332506657 2.5000000000000004 0.47597254812717443 0.62523686885833751 2.5000000000000004 0.65634238719940197
decision_type=8 8 10 10 10 10 8 10 10 10 10 10 10 10
left_child=2 8 6 5 9 7 -1 10 11 -4 -3 -2 -6 -8
right_child=1 3 4 -5 12 -7 13 -9 -10 -11 -12 -13 -14 -15
leaf_value=0.038101964179864001 -0.049696829765815881 -0.0089175968622136736 0.026829136409710276 0.031192324675035677 0.049355540773373216 -0.040575847915245503 -0.014977461995030661 -0.025353629948875595 0.010232363088853679 0.049621502947778034 0.028495349375533635 -0.033802526945830386 0.0042853937348512052 0.015089311901324355
leaf_weight=278.80021800659597 2913.0072379703051 963.03282532085723 891.65803489178506 272.37272914178902 2385.5723443770985 242.20238877285738 95.701922429405386 388.24657303083222 29.51128296618117 232.71519769576844 71.788385396765079 412.6829842805746 45.639814136840869 1037.1266460839543
leaf_count=1419 1632853 114120 2632 4023 3419 83799 4674 73412 4739 325 3528 228223 1247 12474
internal_value=0.000205994 -0.0332775 0.0358845 -0.00914379 0.0431453 -0.0157412 0.017596 -0.0115144 -0.0472147 0.0315465 -0.00632216 -0.0477245 0.0485095 0.0125493
internal_weight=10260.1 5292.84 4967.21 1937.64 3555.59 1665.27 1411.63 1423.07 3355.2 1124.37 1034.82 3325.69 2431.21 1132.83
internal_count=2170887 2144697 26190 278882 7623 274859 18567 191060 1865815 2957 117648 1861076 4666 17148
is_linear=0
shrinkage=0.05


Tree=35
num_leaves=15
num_cat=0
split_feature=1 0 1 9 4 0 28 27 28 28 9 18 0 4
split_gain=4526.34 613.644 243.454 173.638 128.668 65.3981 64.6213 59.3852 57.311 50.0837 26.65 29.5 26.0343 25.6134
threshold=6.5000000000000009 0.63390350341796886 2.5000000000000004 0.81244465708732616 0.025247901678085331 0.70199033617973339 1.5000000000000002 7.9582543373107919 2.5000000000000004 1.5000000000000002 0.70931425690650951 0.42374025285243994 0.67555695772171032 0.037101924419403083
decision_type=8 8 10 10 10 10 10 10 10 8 10 10 10 10
left_child=2 6 4 5 8 9 -2 13 10 -3 11 -1 -13 -4
right_child=1 3 7 -5 -6 -7 -8 -9 -10 -11 -12 12 -14 -15
leaf_value=0.02522530698872244 -0.048205009163485121 -0.02611600035283761 0.011127047272967698 0.040472802742495796 0.047653275071511181 0.0030938062478763906 -0.027873686577261227 0.048910323425688171 0.051724106055070287 -0.0084491363043971545 0.040134386806004604 -0.069068554696501 0.0081711239727188297 -0.015562824676314155
leaf_weight=793.24792966005043 2945.302152077551 950.51340770244133 740.65500255827646 157.06108549954661 2396.4948771453492 402.78703257272718 292.36458189121913 98.533360041736159 228.28248596587218 336.3649148032855 220.51681246433873 11.587723867269231 186.39657034096308 102.30744772820617
leaf_count=2529 1697291 292635 9563 1162 4811 21244 98260 407 250 34307 338 142 699 7515
internal_value=2.22802e-05 -0.0328142 0.0349642 -0.00981441 0.0405553 -0.0144888 -0.045933 0.0121811 0.0287429 -0.0199921 0.0244134 0.020916 0.0036504 0.00788779
internal_weight=9862.42 5084.39 4778.02 1846.73 3836.53 1689.67 3237.67 941.496 1440.03 1286.88 1211.75 991.232 197.984 842.962
internal_count=2171153 2144899 26254 349348 8769 348186 1795551 17485 3958 326942 3708 3370 841 17078
is_linear=0
shrinkage=0.05


Tree=36
num_leaves=15
num_cat=0
split_feature=3 3 3 10 4 1 27 9 18 2 9 18 10 11
split_gain=4391.64 493.181 474.29 166.033 135.474 93.6196 75.9939 34.0249 33.9382 31.6761 29.7713 27.4166 26.9099 26.9026
threshold=0.046789705753326423 1.0000000180025095e-35 0.10634702444076539 0.02470413222908974 0.014979779720306398 28.500000000000004 3.1843570470809941 0.55287581682205211 0.14180016517639163 1.7195320725440981 0.99943557381629955 0.52715286612510692 0.014925744384527208 0.83333334326744091
decision_type=10 8 10 10 10 8 10 10 8 10 10 10 8 8
left_child=1 4 6 5 7 9 8 -1 -2 -3 -5 -8 -7 -10
right_child=2 3 -4 10 -6 12 11 -9 13 -11 -12 -13 -14 -15
leaf_value=0.01378393815065055 -0.0062135167705174195 0.0024117643763881501 -0.049038549750199063 0.026167524912576037 0.049575808589330014 -0.05867352573433024 0.022973383903823502 0.039715601002879908 -0.033853349041847274 0.018772731218664292 0.0486286021310567 -0.040691301147187109 -0.01596288623982697 -0.016034523331499857
leaf_weight=379.49675777606899 398.40017106581945 679.33314764883835 2892.6450232204807 452.41316926552099 2384.3199835168198 43.836701079504564 162.44583535951097 189.74161846446805 377.95454459961911 524.05494881820778 218.91551928839181 18.87539591427776 232.35698057019908 481.91207189220586
leaf_count=1185 67006 16944 1819898 2114 2886 24392 8295 252 86219 3658 282 2987 41493 93418
internal_value=-0.000342751 0.0310807 -0.0373676 0.0128686 0.0443435 0.00351126 -0.0139164 0.0224276 -0.0182773 0.00953669 0.0334919 0.0163459 -0.0227418 -0.0238668
internal_weight=9436.7 5104.47 4332.23 2150.91 2953.56 1479.58 1439.59 569.238 1258.27 1203.39 671.329 181.321 276.194 859.867
internal_count=2171029 93206 2077823 88883 4323 86487 257925 1437 246643 20602 2396 11282 65885 179637
is_linear=0
shrinkage=0.05


Tree=37
num_leaves=15
num_cat=0
split_feature=3 3 3 10 4 0 27 0 10 9 28 8 2 15
split_gain=4113.78 471.61 461.121 158.329 154.427 92.4209 76.4132 45.463 37.5258 37.4093 34.2701 30.885 21.1602 20.9336
threshold=0.046789705753326423 0.11241209506988527 1.0000000180025095e-35 0.02470413222908974 0.014979779720306398 0.65634238719940197 3.1240557432174687 0.61911591887474071 0.01634576823562384 0.55854681134223949 2.5000000000000004 51.500000000000007 1.7195320725440981 1.0000000180025095e-35
decision_type=10 10 8 10 10 10 10 10 8 10 10 8 10 10
left_child=2 6 4 5 9 8 7 -2 -4 -1 -5 -10 -7 -9
right_child=1 -3 3 10 -6 12 -8 13 11 -11 -12 -13 -14 -15
leaf_value=0.011408125097568127 -0.037150049510145527 -0.0491782915404105 -0.059789546469709791 0.02528933161607537 0.049586895717692703 0.0053342007429336025 0.015408266234280177 -0.019042157550020061 -0.092934207322971779 0.039036251462292053 0.049174449235436492 -0.0083711792478240437 0.019356133229346296 -0.0042386761804381811
leaf_weight=379.73343336320249 258.62447586093913 2664.1978251156979 44.408884321892401 440.62003171857214 2301.2733496046421 594.07267487794161 191.94884487861418 663.95040313986829 11.14837524743052 180.88632390461862 227.82569842186058 343.15677457195125 491.78994487784803 372.9607193240081
leaf_count=1208 117004 1770663 25025 1977 2948 13417 14353 120186 831 250 416 43788 3254 56072
internal_value=0.000227087 -0.0365864 0.0307037 0.0132234 0.0438542 0.0041252 -0.0140332 -0.0183953 -0.0164626 0.0203225 0.0334301 -0.011032 0.0116848 -0.0137176
internal_weight=9166.6 4151.68 5014.92 2153.02 2861.89 1484.58 1487.48 1295.54 398.714 560.62 668.446 354.305 1085.86 1036.91
internal_count=2171392 2078278 93114 88708 4406 86315 307615 293262 69644 1458 2393 44619 16671 176258
is_linear=0
shrinkage=0.05


Tree=38
num_leaves=15
num_cat=0
split_feature=3 3 28 3 3 28 18 10 11 16 8 15 26 1
split_gain=3810.63 685.456 181.621 178.625 125.005 53.9233 40.8716 40.2555 33.8176 33.8 29.6381 23.0934 28.8045 24.6257
threshold=0.074239313602447524 1.0000000180025095e-35 2.5000000000000004 0.11813205480575563 0.039126038551330573 1.5000000000000002 0.2837966531515122 0.014925744384527208 0.087121214717626586 3.113268375396729 4.5000000000000009 1.0000000180025095e-35 0.41421568393707281 24.500000000000004
decision_type=10 8 10 10 8 10 8 10 8 8 8 10 8 8
left_child=1 5 4 10 9 -1 7 -6 -8 -3 -2 12 -12 -14
right_child=3 2 -4 -5 6 -7 8 -9 -10 -11 11 -13 13 -15
leaf_value=0.031585293857426644 0.022467848404549184 0.028652870978186654 0.046192428459792115 -0.049529488668595439 -0.0069595272999677382 0.047626172659690019 -0.033535612374591413 0.018154885557075222 -0.0067325931731652957 0.010318568196998109 -0.037881482032748881 -0.010628750851547892 0.011390998671122749 -0.027584798838084748
leaf_weight=710.64815543263103 35.459138211153913 336.88481822413451 286.20802893181099 2444.6413528032281 577.62390919112659 1993.8389488679895 209.97071845546452 220.4547243727211 267.75208126437792 990.39966312481556 363.73897404743184 219.28556527761975 64.411412779867533 109.28855307947379
leaf_count=1792 1267 2760 995 1720327 67644 2605 35759 3462 31175 13331 164226 62051 5607 58277
internal_value=0.000335215 0.0253203 0.00838649 -0.0428432 0.00422975 0.0434112 -0.00694608 -2.2127e-05 -0.0185132 0.0149721 -0.0222095 -0.024303 -0.0298824 -0.0131318
internal_weight=8830.61 5593.78 2889.29 3236.82 2603.09 2704.49 1275.8 798.079 477.723 1327.28 792.184 756.725 537.439 173.7
internal_count=2171278 159523 155126 2011755 154131 4397 138040 71106 66934 16091 291428 290161 228110 63884
is_linear=0
shrinkage=0.05


Tree=39
num_leaves=15
num_cat=0
split_feature=3 3 28 3 0 28 28 16 10 15 26 15 27 3
split_gain=3534.64 677.89 183.418 148.371 80.7054 74.3143 59.1439 40.9016 39.7296 39.5837 27.4169 26.9746 27.5118 22.6135
threshold=0.076287955045700087 1.0000000180025095e-35 1.5000000000000002 0.12004378437995912 0.69005811214447033 2.5000000000000004 1.5000000000000002 3.0201274156570439 0.031408416107296951 1.0000000180025095e-35 0.47597254812717443 1.0000000180025095e-35 3.1240557432174687 0.039126038551330573
decision_type=10 8 10 10 10 10 8 8 8 10 8 10 10 8
left_child=1 6 4 11 7 8 -1 -3 13 10 -9 12 -2 -4
right_child=3 2 5 -5 -6 -7 -8 9 -10 -11 -12 -13 -14 -15
leaf_value=0.028967932758874396 -0.033692686914555244 -0.0041983343593200812 0.018352351473062758 -0.049492356013972449 0.0067986080087671236 0.045547797863657459 0.046968487943675134 -0.03940916360681547 0.032071839089195107 -0.0041983343593200812 -0.012573359538691454 -0.0088348404565574377 0.0039867236854872427 -0.000803638388872828
leaf_weight=592.20412981527625 474.44756178579701 205.12914861517493 308.64999759967031 2281.8015617436613 928.81519056711113 273.91745136876125 1988.8815986602021 283.31739836302586 260.80176438714261 125.30428600299638 143.32428295241698 214.89261389072635 53.954523720196448 307.60372751956311
leaf_count=1606 224676 18864 2257 1702310 23334 1020 2772 62462 1728 16466 25332 63836 12057 11368
internal_value=0.000122914 0.0242967 0.00742675 -0.0431724 -0.00307809 0.0228137 0.0428384 -0.0151953 0.0157135 -0.022937 -0.0303941 -0.023771 -0.0298453 0.00879062
internal_weight=8443.05 5417.95 2836.86 3025.1 1685.89 1150.97 2581.09 757.075 877.055 551.946 426.642 743.295 528.402 616.254
internal_count=2170088 167209 162831 2002879 146458 16373 4378 123124 15353 104260 87794 300569 236733 13625
is_linear=0
shrinkage=0.05


Tree=40
num_leaves=15
num_cat=0
split_feature=3 3 28 4 3 3 10 28 8 18 27 11 18 28
split_gain=3242.1 666.112 177.477 150.673 141.831 111.63 50.8942 37.551 33.6117 28.7275 24.4143 23.3832 20.5272 20.2295
threshold=0.080198258161544814 1.0000000180025095e-35 2.5000000000000004 0.014979779720306398 0.12447983026504518 0.039126038551330573 0.031408416107296951 2.5000000000000004 7.5000000000000009 0.30006730556488043 2.3535244464874272 0.087121214717626586 0.085438739508390441 1.5000000000000002
decision_type=10 8 10 10 10 8 10 10 8 8 8 8 8 8
left_child=1 3 5 7 8 10 9 -1 -2 13 -3 -11 -10 -7
right_child=4 2 -4 -5 -6 6 -8 -9 12 11 -12 -13 -14 -15
leaf_value=0.013283176660269919 0.020790406203274051 0.0077646067538209313 0.044760486501695902 0.04887522737713082 -0.04967542568203924 -0.0090364177857623611 0.035355489997997348 0.050208164052132069 -0.0067259289888490217 -0.032219363501247947 0.02196431045363929 -0.0095105370715200879 -0.030368182492442577 0.0081721734122783638
leaf_weight=454.50296921422705 39.707114352029748 755.15708185988478 278.76131506502861 1915.3196392711397 2103.690562568634 566.61573352689447 66.512953451834619 81.145472155883908 109.5368777631229 202.22569502845727 505.23664373559586 257.95940368085576 567.32456539770646 244.46003071864106
leaf_count=1358 2244 10843 1096 2922 1662854 79663 225 92 40417 39818 5222 35092 280842 8354
internal_value=0.000218452 0.0231651 0.00684704 0.0423192 -0.0431313 0.00277925 -0.00728055 0.0188769 -0.0239193 -0.00951128 0.0134566 -0.0194898 -0.0265421 -0.00384971
internal_weight=8148.16 5327.9 2876.93 2450.97 2820.26 2598.17 1337.77 535.648 716.569 1271.26 1260.39 460.185 676.861 811.076
internal_count=2171042 184685 180313 4372 1986357 179217 163152 1450 323503 162927 16065 74910 321259 88017
is_linear=0
shrinkage=0.05


Tree=41
num_leaves=15
num_cat=0
split_feature=3 3 3 10 4 3 8 28 18 11 18 27 12 15
split_gain=2979.23 613.519 163.887 160.5 154.398 77.2651 58.5757 41.908 39.2549 30.5442 30.5299 36.3558 23.9914 23.1115
threshold=0.074239313602447524 1.0000000180025095e-35 0.12004378437995912 0.017857533879578117 0.014979779720306398 0.039126038551330573 1.5000000000000002 2.5000000000000004 0.15735153108835223 0.35416667163372045 0.43907678127288824 3.1843570470809941 0.084219858050346388 1.0000000180025095e-35
decision_type=10 8 10 10 10 8 10 10 8 8 10 8 8 10
left_child=1 4 13 5 7 -3 -5 12 -8 10 11 -7 -1 -2
right_child=2 3 -4 6 -6 9 8 -9 -10 -11 -12 -13 -14 -15
leaf_value=-0.021460152149166925 -0.027586815406612425 0.0084810074364287929 -0.049323776330091947 0.045893474900421866 0.04873421001796327 -0.029602552432744934 0.031395949493080604 0.051575132535412294 0.008151681402842427 -0.0053197521383944917 -0.052995664527755795 0.0083273946526791504 0.015827838913158771 -0.0082952259655442173
leaf_weight=48.492918820586056 528.78928541837377 812.59540633749566 2013.6468789853097 211.12320797717257 1783.7918214596502 186.30188286848716 279.30706444539101 77.571135210106149 519.42144323850516 538.89348053554568 73.12986945384182 95.59050700487569 390.63427589886123 219.77470271650236
leaf_count=252 242887 13518 1702918 397 2910 36120 1974 90 7130 63214 22113 10530 1110 65557
internal_value=-0.000197192 0.0227628 -0.0418981 0.00667169 0.0417627 -0.00267781 0.0224711 0.017695 0.01628 -0.0128215 -0.0242085 -0.0167404 0.0117101 -0.0219229
internal_weight=7779.06 5016.85 2762.21 2716.36 2300.49 1706.51 1009.85 516.698 798.729 893.916 355.022 281.892 439.127 748.564
internal_count=2170720 159358 2011362 154996 4362 145495 9501 1452 9104 131977 68763 46650 1362 308444
is_linear=0
shrinkage=0.05


Tree=42
num_leaves=15
num_cat=0
split_feature=3 3 28 4 3 28 0 10 16 18 28 18 3 0
split_gain=2733.31 620.852 163.572 139.694 134.372 69.4732 68.7915 37.0666 35.6925 32.1721 32.0882 32.0178 20.9945 17.4622
threshold=0.080198258161544814 1.0000000180025095e-35 1.5000000000000002 0.014469802379608156 0.11241209506988527 2.5000000000000004 0.69005811214447033 0.031408416107296951 3.5408543348312382 0.68755611777305614 2.5000000000000004 0.2968935519456864 0.039126038551330573 0.59678432345390331
decision_type=10 8 10 10 10 10 10 8 10 10 10 10 8 10
left_child=1 3 6 9 8 7 11 12 13 10 -1 -3 -4 -2
right_child=4 2 5 -5 -6 -7 -8 -9 -10 -11 -12 -13 -14 -15
leaf_value=0.016285352873623173 -0.034312424992716022 -0.0082431083987807453 0.016432894973165548 0.04827820111443664 -0.048632678933998932 0.043148759249059157 0.0050303946713780032 0.02991908381701899 -0.031212767983939252 -0.023097446935951879 0.052941214314420948 -0.030293011316713303 -0.0021727514635888128 0.0011611616587248351
leaf_weight=381.3692762813007 42.802138190862024 500.38991775381146 298.63222287221288 1687.6096994740146 1960.0097236811271 260.33073572028661 901.38893233329873 248.34039501880761 339.25489478938107 43.287491033552215 70.784776229644194 245.35938226152211 307.99097348268697 183.08831317594741
leaf_count=1152 24028 75828 2251 2938 1770951 1072 24940 1895 142228 181 88 61495 12684 49713
internal_value=-0.000114367 0.0214966 0.00574789 0.0414251 -0.0424392 0.0205338 -0.00426382 0.0136477 -0.0209594 0.0180815 0.0220238 -0.0154978 0.00698655 -0.00556044
internal_weight=7470.64 4945.48 2762.43 2183.05 2525.16 1115.29 1647.14 854.964 565.145 495.442 452.154 745.749 606.623 225.89
internal_count=2171444 184524 180165 4359 1986920 17902 162263 16830 215969 1421 1240 137323 14935 73741
is_linear=0
shrinkage=0.05


Tree=43
num_leaves=15
num_cat=0
split_feature=3 3 4 10 2 27 15 3 9 16 15 16 13 26
split_gain=2486.65 485.962 330.828 179.981 102.552 62.3928 52.5356 49.3923 36.2443 32.9049 29.6636 28.6601 27.484 21.0937
threshold=0.039126038551330573 0.11241209506988527 0.026999056339263919 0.021544498391449455 1.3643888235092165 3.1843570470809941 1.0000000180025095e-35 1.0000000180025095e-35 0.99943557381629955 2.2499048709869389 1.0000000180025095e-35 4.388237953186036 0.13423423469066623 0.24404761940240863
decision_type=10 10 10 10 10 10 10 10 10 8 10 10 8 10
left_child=2 5 3 4 10 6 9 -4 13 -2 -1 -7 -8 -5
right_child=1 -3 7 8 -6 11 12 -9 -10 -11 -12 -13 -14 -15
leaf_value=-0.028607172552837564 0.015793448207245462 -0.048385560306974683 0.049787391002681099 0.02252933458308597 0.01318066746632944 0.023579613323288083 -0.025399783717383013 0.0096360246562390596 0.049015840026723004 -0.023665199605257065 0.0012053155713019294 -0.026090277541868136 0.0056354405527294761 0.042556041850925229
leaf_weight=228.06822399250814 56.271577104766038 1835.7914996003528 1301.6084641700909 543.98260108257819 1064.8831662935117 170.66503536405799 88.738114520558156 81.383788827923127 264.76016015984351 864.96198829874629 131.57544132787734 34.997992606207845 363.76729575588251 173.3950076988549
leaf_count=58915 7657 1770497 2316 2460 9396 8265 16278 736 357 226788 9922 5507 51173 450
internal_value=5.14354e-05 -0.0308912 0.0279366 0.0167377 0.0053843 -0.0105569 -0.0144021 0.0474246 0.0332051 -0.021255 -0.0177003 0.0151272 -0.000450691 0.0273699
internal_weight=7204.85 3415.19 3789.66 2406.66 1424.53 1579.4 1373.74 1382.99 982.138 921.234 359.644 205.663 452.505 717.378
internal_count=2170717 2086165 84552 81500 78233 315668 301896 3052 3267 234445 68837 13772 67451 2910
is_linear=0
shrinkage=0.05


Tree=44
num_leaves=15
num_cat=0
split_feature=3 3 3 10 4 27 1 9 18 15 10 27 3 0
split_gain=2293.24 477.895 238.542 138.277 133.868 49.4437 49.2706 40.7436 38.4746 33.8075 32.159 27.6874 25.3694 24.532
threshold=0.063951820135116591 1.0000000180025095e-35 0.12447983026504518 0.023503412492573265 0.020059287548065189 2.9596748352050786 6.5000000000000009 0.17493252456188205 0.46645762026309973 1.0000000180025095e-35 0.014286334626376631 2.8625483512878422 0.027611553668975834 0.69005811214447033
decision_type=10 8 10 10 10 8 8 10 10 10 8 10 10 10
left_child=1 4 7 6 8 12 -3 9 11 -2 -8 -1 -5 -14
right_child=2 3 -4 5 -6 -7 10 -9 -10 -11 -12 -13 13 -15
leaf_value=0.019688187005923202 -0.031077544393058112 0.0080458266944432848 -0.049275373575532543 0.02019158296715283 0.049142124427803031 0.036325939928972865 -0.057040086452788255 0.0020653448513770359 -0.0075460878458167976 -0.0085799383371877886 -0.0069763159046212532 0.046684987973474368 -0.041791058261719534 0.00966855145444462
leaf_weight=379.71449866879266 471.1366501407465 847.8302615391076 1616.7399451015663 183.36416798562277 1348.7810488413779 430.9602140650386 33.358790844358737 206.23094558890443 99.661510793521302 258.66605154547142 834.86232640501112 126.64936513372231 39.456872021197341 56.073833123897202
leaf_count=1164 269501 10306 1662874 850 2613 1717 24269 35185 394 77464 83201 204 916 512
internal_value=2.34932e-05 0.0219744 -0.0376456 0.00714995 0.0403715 0.0257104 -0.000527698 -0.0175583 0.0208514 -0.0231037 -0.00889987 0.0264405 0.00930681 -0.0115857
internal_weight=6933.49 4380.71 2552.77 2425.91 1954.81 709.855 1716.05 936.034 606.025 729.803 868.221 506.364 278.895 95.5307
internal_count=2171170 126146 2045024 121771 4375 3995 117776 382150 1762 346965 107470 1368 2278 1428
is_linear=0
shrinkage=0.05


Tree=45
num_leaves=15
num_cat=0
split_feature=3 3 3 10 4 3 27 18 27 8 27 3 18 1
split_gain=2097.24 525.779 153.725 141.647 138.445 62.0975 37.1509 30.6592 27.4591 27.081 26.8192 23.6049 22.6145 20.8552
threshold=0.076287955045700087 1.0000000180025095e-35 0.12708535790443423 0.030186134390532974 0.019742131233215336 0.039126038551330573 5.8465778827667245 0.66698172688484203 2.7597332000732426 8.5000000000000018 8.5971584320068377 0.027611553668975834 0.30006730556488043 163.50000000000003
decision_type=10 8 10 10 10 8 10 10 10 8 10 10 8 10
left_child=1 4 9 5 8 7 12 10 -1 -2 -3 -5 -7 -11
right_child=2 3 -4 11 -6 6 -8 -9 -10 13 -12 -13 -14 -15
leaf_value=0.013706011199983903 0.018144939873417681 0.0099210862290064553 -0.049250247901970634 0.039267295567766057 0.049101756577951773 -0.0053306898751229849 0.02020001656267955 -0.01823462723999841 0.039646943780901556 -0.019337947764782891 0.05525937295928092 0.010209245870843974 -0.020745555448083819 -0.042647975197093055
leaf_weight=446.984507194662 41.679185748682357 940.89361147060117 1487.7572422164958 305.86868798849173 1276.2715128976415 673.96091926837835 106.73738930781838 95.205235302040819 132.17937212868128 550.8193509680932 33.789293968118727 90.587640895661025 367.75950140193891 116.19724809235777
leaf_count=1488 2833 13618 1638526 583 2632 76608 4075 2012 245 241728 97 651 65208 120476
internal_value=-0.000113106 0.0195447 -0.0401208 0.00509994 0.0399012 0.000180258 -0.00789403 0.00884749 0.0196264 -0.0209554 0.0114928 0.0326277 -0.0107726 -0.0233987
internal_weight=6666.69 4470.24 2196.45 2614.8 1855.44 2218.35 1148.46 1069.89 579.164 708.696 974.683 396.456 1041.72 667.017
internal_count=2170780 167217 2003563 162852 4365 161618 145891 15727 1733 365037 13715 1234 141816 362204
is_linear=0
shrinkage=0.05


Tree=46
num_leaves=15
num_cat=0
split_feature=3 3 3 4 28 3 10 28 16 16 10 14 26 2
split_gain=1901.67 474.814 153.977 138.541 137.057 77.1857 34.0079 33.7317 32.3891 26.9979 21.6886 20.8546 30.8736 23.6719
threshold=0.076287955045700087 1.0000000180025095e-35 0.12708535790443423 0.014979779720306398 2.5000000000000004 0.039126038551330573 0.031408416107296951 2.5000000000000004 3.113268375396729 3.5408543348312382 0.011905506253242494 1.0000000180025095e-35 0.26969698071479803 1.7195320725440981
decision_type=10 8 10 10 10 8 10 10 8 10 8 10 10 10
left_child=1 3 9 7 5 8 10 -1 -3 -2 -7 12 13 -10
right_child=2 4 -4 -5 -6 6 -8 -9 11 -11 -12 -13 -14 -15
leaf_value=0.0098008132168245291 -0.0078573961673819217 0.024935918835570475 -0.049041020200878409 0.047318632980159689 0.041065621144870675 -0.054595653949533078 0.030431883703471715 0.050069422633307596 -0.028813181850321515 -0.028107523790330591 -0.0085137741956856621 0.011912292872708384 0.034335436959738709 0.00052974883910194518
leaf_weight=392.04131740915182 271.51071480121755 291.43282009584073 1387.9007187755706 1287.3869594968146 241.08737597268191 26.152359765779693 55.715607967285905 59.958655164227821 104.43392197822686 417.97965159350861 1079.1631067690105 539.17310345574515 46.245835671550594 201.06158299572417
leaf_count=1357 124725 2753 1638783 2924 1017 22327 219 85 3797 240261 123420 7649 397 1515
internal_value=-0.000129409 0.0187605 -0.0394465 0.0389573 0.00516765 0.00147446 -0.00768285 0.0151425 0.0104667 -0.0201333 -0.0096041 0.00573354 -0.00373766 -0.00950116
internal_weight=6401.24 4323.85 2077.39 1739.39 2584.47 2343.38 1161.03 452 1182.35 689.49 1105.32 890.914 351.741 305.496
internal_count=2171229 167460 2003769 4366 163094 162077 145966 1442 16111 364986 145747 13358 5709 5312
is_linear=0
shrinkage=0.05


Tree=47
num_leaves=15
num_cat=0
split_feature=3 3 28 4 3 3 28 18 15 9 7 9 15 18
split_gain=1761.37 468.969 136.146 133.74 128.93 65.6808 39.8552 35.3814 32.6507 26.1661 24.9468 23.6936 26.7705 22.1874
threshold=0.080198258161544814 1.0000000180025095e-35 2.5000000000000004 0.019742131233215336 0.12357026338577272 0.027611553668975834 1.5000000000000002 0.47192865610122686 1.0000000180025095e-35 0.54205104708671581 27.868276596069339 0.74277997016906749 1.0000000180025095e-35 0.26910807192325598
decision_type=10 8 10 10 10 8 10 10 10 10 10 10 10 8
left_child=1 3 5 7 11 10 8 9 -7 -1 -3 12 -2 -8
right_child=4 2 -4 -5 -6 6 13 -9 -10 -11 -12 -13 -14 -15
leaf_value=0.016387315869115848 -0.030274043189252028 0.0078804812256037717 0.04026922958823384 0.048606966195899069 -0.048674736558479662 -0.017832596781754539 0.015650957572798024 -0.0092563320905466092 0.00028970144830181772 0.041349920788200885 0.029783016443947177 0.024047682168848939 -0.0068683820036506277 -0.0060750627045586258
leaf_weight=329.76822802604875 383.67028515705169 666.96499603403208 240.93690502096433 1100.0963815100586 1319.0757669183004 641.32708581407496 280.68016471427109 93.555695500850561 405.82011500536464 154.00377780105919 161.48357916506939 28.321703742418322 179.24074448391912 202.14542726712534
leaf_count=1108 246931 7321 1082 2638 1671409 124374 6136 386 31669 249 588 1852 66349 9168
internal_value=-6.12227e-05 0.0177685 0.00446792 0.0383793 -0.0399783 0.000810449 -0.00532957 0.0188906 -0.0108093 0.0243339 0.0121498 -0.0205761 -0.0228213 0.00655489
internal_weight=6187.09 4276.78 2599.36 1677.42 1910.31 2358.42 1529.97 577.328 1047.15 483.772 828.449 591.233 562.911 482.826
internal_count=2171260 184719 180338 4381 1986541 179256 171347 1743 156043 1357 7909 315132 313280 15304
is_linear=0
shrinkage=0.05


Tree=48
num_leaves=15
num_cat=0
split_feature=3 3 28 3 3 28 27 11 16 2 12 16 0 0
split_gain=1613.17 484.648 142.057 75.6775 65.5843 60.6997 59.1136 32.5542 30.4827 23.6696 22.8168 21.5329 19.0038 16.6507
threshold=0.092515558004379286 1.0000000180025095e-35 1.5000000000000002 0.12708535790443423 0.052275985479354865 1.5000000000000002 7.2879035472869882 0.16025641560554507 3.0201274156570439 1.7195320725440981 0.057983193546533592 2.6735538244247441 0.72143161296844494 0.7098187804222108
decision_type=10 8 10 10 8 8 10 8 8 10 8 8 10 10
left_child=1 5 4 -2 9 13 8 11 -4 10 -3 -6 -10 -1
right_child=3 2 6 -5 7 -7 -8 -9 12 -11 -12 -13 -14 -15
leaf_value=-0.001674700334721346 -0.023874477857837525 -0.026330929044317788 0.026127301750882612 -0.049008147846918988 0.0047236614399898975 0.04410596455493189 0.040289204520465034 -0.0087276697635747108 0.00048645396593396321 0.012883502754375779 0.00072886933070684162 -0.036206017489394123 0.021151684010515898 0.026096095824985434
leaf_weight=63.563556095992681 398.31443825639872 91.025204732315615 252.61498945402127 1207.2452488976996 37.143424814741593 1143.7872284626137 225.41904927854193 435.99399393578642 461.79947988200001 360.66656001366209 540.32364870468155 238.26943515289167 146.55592333665118 357.82081073347945
leaf_count=333 280059 4861 3588 1639550 8458 2741 1632 97072 17473 3239 19542 90708 1166 1255
internal_value=6.68585e-05 0.0158607 0.00336718 -0.0427729 -0.00564326 0.0381294 0.0174952 -0.0172286 0.0115273 0.00266497 -0.0031725 -0.0306861 0.00546481 0.021907
internal_weight=5960.54 4354.98 2789.81 1605.56 1703.42 1565.17 1086.39 711.407 860.97 992.015 631.349 275.413 608.355 421.384
internal_count=2171677 252068 247739 1919609 223880 4329 23859 196238 22227 27642 24403 99166 18639 1588
is_linear=0
shrinkage=0.05


Tree=49
num_leaves=15
num_cat=0
split_feature=3 1 28 4 3 3 27 16 15 7 27 27 26 10
split_gain=1479.03 437.734 133.656 93.5951 87.261 68.7409 60.6212 40.5943 40.0116 37.5771 23.7765 33.5399 19.2985 18.7719
threshold=0.092515558004379286 2.5000000000000004 1.5000000000000002 0.026999056339263919 1.0000000180025095e-35 0.12708535790443423 7.5765516757965097 3.0201274156570439 1.0000000180025095e-35 19.978610992431644 3.2151653766632085 3.2228242158889775 0.37797619402408605 0.030186134390532974
decision_type=10 8 8 10 10 10 10 10 10 10 8 8 8 10
left_child=1 3 8 9 -5 -2 7 -4 10 -1 -3 -12 -6 -9
right_child=5 2 6 4 12 -7 -8 13 -10 -11 11 -13 -14 -15
leaf_value=0.015210995443572678 -0.024125576127764864 -0.023649523130480504 0.0259703893870692 0.04894702506820927 -0.020177517722143139 -0.048623657577549405 0.042534191700604455 -0.003984252122504142 0.00055982594532116045 0.034615887241670168 0.066388761605695998 -0.0097496626697856602 0.024473493245905923 0.021332477260884872
leaf_weight=702.05754156968032 383.98829616416333 508.67492932968889 232.87791662579548 833.87212352234019 55.790354602620937 1126.0867663817844 162.87648351874668 401.96924126474187 534.04318438313203 387.01181663977331 15.249374463572165 280.91084739228245 42.736074804735836 89.528494869722635
leaf_count=3217 279819 117909 4980 2310 1162 1638798 1428 22799 44981 894 344 51245 421 521
internal_value=0.000107652 0.0152176 -7.7839e-05 0.0320616 0.0436892 -0.0423942 0.0149721 0.0087748 -0.0100512 0.0221067 -0.0170921 -0.00582927 -0.000810035 0.000627303
internal_weight=5757.67 4247.6 2226.13 2021.47 932.399 1510.08 887.252 724.376 1338.88 1089.07 804.835 296.16 98.5264 491.498
internal_count=2170828 252211 244207 8004 3893 1918617 29728 28300 214479 4111 169498 51589 1583 23320
is_linear=0
shrinkage=0.05


Tree=50
num_leaves=15
num_cat=0
split_feature=3 3 4 28 3 0 26 2 28 16 15 15 17 16
split_gain=1338.41 399.15 129.497 127.873 73.2462 57.9233 57.0034 34.9363 31.2176 29.3083 21.5804 18.5616 25.3216 17.4146
threshold=0.092515558004379286 1.0000000180025095e-35 0.019141405820846561 1.5000000000000002 0.12981405854225161 0.64032828807830822 0.10818713530898096 1.7195320725440981 2.5000000000000004 3.1984648704528813 1.0000000180025095e-35 1.0000000180025095e-35 4.9522936344146737 2.5249279737472539
decision_type=10 8 10 10 10 10 8 10 10 8 10 10 8 8
left_child=1 2 8 5 10 -3 11 -7 13 -8 -2 -5 -13 -1
right_child=4 3 -4 6 -6 7 9 -9 -10 -11 -12 12 -14 -15
leaf_value=0.038123929460550834 -0.030672503636686738 -0.022733941286149226 0.047643958373093327 -0.0026013676570278642 -0.0486480527746063 -0.0055510464413195317 0.038669757049639646 0.012723557310546856 0.047842808821134404 0.017139199853838157 -0.0047070317428053151 -0.15234576308685296 0.032438311953406011 0.0082011523399443103
leaf_weight=55.212674317532219 282.14907360569487 373.26038044325833 889.03895186587306 338.26671048908611 1033.5835934842544 920.87978624158131 268.42135777401199 365.26542881604837 68.917906869726721 384.42948646581499 111.70182762684999 1.9115627278224554 61.531911450467305 407.4556285784638
leaf_count=110 242115 136878 2665 11131 1612674 82381 2332 4608 114 8782 62956 232 1395 1498
internal_value=8.6772e-05 0.0144983 0.0359708 0.00325847 -0.0416564 -0.00539353 0.0168728 -0.000361056 0.0164484 0.0259915 -0.0233083 0.00205326 0.0268707 0.011772
internal_weight=5562.03 4134.59 1420.63 2713.97 1427.43 1659.41 1054.56 1286.15 531.586 652.851 393.851 401.71 63.4435 462.668
internal_count=2169871 252126 4387 247739 1917745 223867 23872 86989 1722 11114 305071 12758 1627 1608
is_linear=0
shrinkage=0.05


Tree=51
num_leaves=15
num_cat=0
split_feature=3 1 10 4 3 3 18 18 2 3 9 26 16 0
split_gain=1234.87 355.216 108.145 86.6307 100.752 86.0119 43.4654 37.1615 29.7281 28.47 28.432 26.4656 25.0795 31.7171
threshold=0.089800059795379653 2.5000000000000004 0.01985479332506657 0.020939022302627567 1.0000000180025095e-35 0.12981405854225161 0.2837966531515122 0.43398620188236242 0.73600211739540111 0.071969985961914076 0.39732238650321966 0.10818713530898096 3.0201274156570439 0.69005811214447033
decision_type=10 8 10 10 10 10 8 10 10 8 10 10 8 10
left_child=1 3 9 7 -5 -2 11 10 -8 12 -1 -4 -3 -14
right_child=5 2 6 4 -6 -7 8 -9 -10 -11 -12 -13 13 -15
leaf_value=0.016949350146569314 -0.021745312919919373 0.012745737757130969 0.016673234332318456 0.047777354297214553 -0.00092958914508205421 -0.048720072105114476 0.032916939002598587 -0.00026871450332951211 -0.0086841639709896029 -0.017793014399807513 0.037116843802464342 0.043180863043468257 -0.018140507036069415 0.0012100472657332077
leaf_weight=456.78427148716582 426.83719459572603 218.37523509468883 208.14481158815033 796.99447346637589 122.48968813488318 960.54187651440589 56.53390269515512 187.25802576482238 178.63746373556933 414.73542375726538 283.05386655341135 171.95317647227785 341.61745143852022 557.08746942109428
leaf_count=2087 321667 10278 2901 2566 1788 1614459 546 880 4609 144258 633 834 45619 18366
internal_value=0.000217258 0.0143348 0.000505843 0.0304143 0.0412888 -0.0404211 0.0182118 0.019629 0.00131651 -0.00660592 0.0246652 0.0286651 -0.00245252 -0.00614552
internal_weight=5381.04 3993.67 2147.08 1846.58 919.484 1387.38 615.269 927.096 235.171 1531.82 739.838 380.098 1117.08 898.705
internal_count=2171491 235365 227411 7954 4354 1936126 8890 3600 5155 218521 2720 3735 74263 63985
is_linear=0
shrinkage=0.05


Tree=52
num_leaves=15
num_cat=0
split_feature=2 10 2 1 18 4 10 28 18 4 15 18 12 2
split_gain=1054.61 283.588 151.089 141.11 49.2781 39.6436 36.287 35.9638 27.5025 27.0834 26.9426 22.7521 21.7385 18.4128
threshold=1.2149537801742556 0.031408416107296951 0.58242517709732067 2.5000000000000004 0.16333635151386264 0.020569622516632084 0.014925744384527208 1.5000000000000002 0.2837966531515122 0.049443185329437263 1.0000000180025095e-35 0.3858481645584107 0.039607843384146697 1.7195320725440981
decision_type=8 10 10 8 10 10 8 10 10 10 10 10 8 10
left_child=2 3 -1 5 9 11 -5 -8 -9 12 -6 -2 -4 -13
right_child=1 -3 4 6 10 -7 7 8 -10 -11 -12 13 -14 -15
leaf_value=-0.047129749756836481 0.019478666178412384 0.042993888279555602 -0.039695398480413119 -0.058614134069115434 -0.03444644759579038 0.033565487423649294 -0.0058997112415069596 0.01879384017652716 -0.0048302568978698035 -0.042826393064884664 -0.0068342365314675623 -0.04934603945614785 0.0045573848690592181 0.0042553442300801913
leaf_weight=841.03307749391752 550.04151286859997 756.44471118257388 30.469487668204238 27.209247816179413 373.80212697402021 434.40708896616707 1011.2898903431342 337.3198710709039 194.07994279201375 40.099264585092897 115.68487722204736 17.825575818540528 311.12636509942968 158.32128978287801
leaf_count=1476056 2279 2602 14962 24332 315408 3484 96386 8123 9258 64033 47519 222 106180 661
internal_value=0.000122968 0.015903 -0.0320131 0.00839781 -0.0174196 0.0216176 -0.0013753 -0.00036575 0.0101658 -0.00395311 -0.0279206 0.0144703 0.000610148 -0.00116897
internal_weight=5199.15 3486.94 1712.22 2730.49 871.182 1160.6 1569.9 1542.69 531.4 381.695 489.487 726.188 341.596 176.147
internal_count=2171505 147347 2024158 144745 548102 6646 138099 113767 17381 185175 362927 3162 121142 883
is_linear=0
shrinkage=0.05


Tree=53
num_leaves=15
num_cat=0
split_feature=3 3 4 28 3 7 27 16 10 11 16 2 16 7
split_gain=1010.24 331.696 175.974 79.6236 66.0673 61.7503 35.4762 28.8198 22.9156 19.0806 19.2601 15.3935 15.2299 15.2135
threshold=0.092515558004379286 0.027611553668975834 0.026999056339263919 1.5000000000000002 0.12981405854225161 21.084736824035648 7.3556606769561776 2.8617925643920903 0.032654678449034698 0.83333334326744091 2.7403194904327397 1.2446988821029665 4.7833075523376474 70.84003067016603
decision_type=10 8 10 10 10 10 10 10 10 8 10 10 10 10
left_child=1 2 5 9 -2 7 8 -1 -5 10 -3 13 -13 -12
right_child=4 3 -4 6 -6 -7 -8 -9 -10 -11 11 12 -14 -15
leaf_value=0.020404552542751059 -0.022441014838940301 0.0025286084090094347 0.048094687373387818 0.0026183299929886761 -0.048132086683183341 0.031455459663135135 0.036769031356812205 0.004773297204710817 0.053772414695007403 -0.0069457235625385097 -0.038054163091249663 -0.0095116085135097325 -0.060688089538095208 0.062444958032294634
leaf_weight=210.14171640932909 357.10205001400755 74.254941964696627 616.69852545657614 483.38480675178653 836.26225402202545 460.01039120706264 105.80729441926815 799.52215650916332 22.931932687759399 686.16342054620327 172.01687756675528 147.63480985187925 16.125612967618508 3.8499726912705219
leaf_count=1265 305004 13036 2312 20766 1613963 1424 1340 7432 19 107857 85333 9427 1688 261
internal_value=-0.000314178 0.0122933 0.025678 -0.00401675 -0.0404443 0.0162715 0.0104378 0.00935365 0.00493518 -0.01206 -0.0205388 -0.0255822 -0.014551 -0.0358541
internal_weight=4991.91 3798.54 2086.37 1712.17 1193.36 1469.67 612.124 1009.66 506.317 1100.05 413.882 339.627 163.76 175.867
internal_count=2171127 252160 12433 239727 1918967 10121 22125 8697 20785 217602 109745 96709 11115 85594
is_linear=0
shrinkage=0.05


Tree=54
num_leaves=15
num_cat=0
split_feature=3 10 1 3 28 4 3 3 18 0 18 26 0 4
split_gain=927.42 309.397 143.89 75.6952 43.3902 32.5411 49.5266 30.0212 24.1047 23.2464 22.8038 20.4499 19.6734 17.8279
threshold=0.092515558004379286 0.030186134390532974 2.5000000000000004 0.12981405854225161 1.5000000000000002 0.026212751865386966 1.0000000180025095e-35 0.027611553668975834 0.24371253699064258 0.70199033617973339 0.3858481645584107 0.28869047760963445 0.60122540593147289 0.026667445898056034
decision_type=10 10 8 10 10 10 10 10 10 10 10 10 10 8
left_child=1 2 5 12 9 10 -7 13 11 -4 -1 -6 -2 -3
right_child=3 7 4 -5 8 6 -8 -9 -10 -11 -12 -13 -14 -15
leaf_value=0.019059386984321181 -0.040289686290233939 0.033389696906173369 -0.013808128032687711 -0.048260386867047332 0.0093426447951362457 0.044715821688804794 -0.0046819134901694972 0.010149732120934582 -0.0043027314354748226 -0.00030540825608046441 -0.001270454546896586 0.037798933891680209 -0.013300547668636052 0.048929206052719165
leaf_weight=548.63120824020007 91.163376787575544 327.07615548654576 818.40213278548617 777.27974083186564 242.35892432695255 227.05998299502244 65.344252292241435 81.173058756077808 232.14944239385659 522.10172784893075 184.26407434203429 85.376427946262993 260.36288910094299 423.63105862043722
leaf_count=2455 110706 814 202303 1613885 7616 926 1354 847 13186 19392 989 980 194522 1538
internal_value=0.000189762 0.0121288 0.00447833 -0.0395531 -0.00366637 0.0195745 0.0336768 0.0390354 0.00802403 -0.00854907 0.0139481 0.0167556 -0.0202998 0.0421588
internal_weight=4886.37 3757.57 2925.69 1128.81 1900.39 1025.3 292.404 831.88 559.885 1340.5 732.895 327.735 351.526 750.707
internal_count=2171513 252400 249201 1919113 243477 5724 2280 3199 21782 221695 3444 8596 305228 2352
is_linear=0
shrinkage=0.05


Tree=55
num_leaves=15
num_cat=0
split_feature=3 10 2 3 3 4 12 26 0 15 15 27 4 16
split_gain=831.557 299.759 118.587 80.7374 72.6784 34.1988 33.3437 32.4884 23.0845 22.6224 21.6557 35.3208 28.548 25.5928
threshold=0.092515558004379286 0.020455651916563514 1.7195320725440981 1.0000000180025095e-35 0.12981405854225161 0.020939022302627567 0.057983193546533592 0.10818713530898096 0.7401445508003236 1.0000000180025095e-35 1.0000000180025095e-35 3.2151653766632085 0.036626398563385017 2.3502402305603032
decision_type=10 10 10 10 10 10 8 8 10 10 10 10 8 8
left_child=1 2 6 5 9 -3 -1 -5 -4 -2 11 -8 -13 -12
right_child=4 3 8 7 -6 -7 10 -9 -10 -11 13 12 -14 -15
leaf_value=-0.026976175876737559 -0.028445302713069432 0.02771175874130833 0.0062297804270085135 0.0022218029558123886 -0.047961466441288236 0.048424752520772107 -0.015042837168986252 0.024960540431027935 0.023705874907742567 -0.00044079394607415324 -0.098656248336992991 0.030767642803469053 -0.05731749594615268 0.003815469690879392
leaf_weight=216.72773385087203 238.78590764671389 354.99807820488058 354.91648213573353 265.42772511517978 722.70557761028249 454.31165528960901 649.1943512531725 384.84160921785951 404.11611020963755 103.31677494155883 6.1718783002579576 72.494907398679061 10.535061850241616 478.40032591435011
leaf_count=46741 242013 1326 4522 5045 1614031 1940 140819 3817 2484 62876 712 3978 3455 37453
internal_value=-9.43229e-05 0.0112414 -0.000446123 0.0287981 -0.0389741 0.0393391 -0.00890751 0.015679 0.0155342 -0.0199878 -0.00568924 -0.0111155 0.0195912 0.00251031
internal_weight=4716.94 3652.14 2192.56 1459.58 1064.81 809.31 1433.52 650.269 759.033 342.103 1216.8 732.224 83.03 484.572
internal_count=2171212 252292 240164 12128 1918920 3266 233158 8862 7006 304889 186417 148252 7433 38165
is_linear=0
shrinkage=0.05


Tree=56
num_leaves=15
num_cat=0
split_feature=2 10 2 1 18 27 4 27 0 18 16 4 27 10
split_gain=721.425 233.141 132.346 101.664 51.3148 40.6183 33.4156 31.3361 27.1803 22.15 22.1166 21.3123 19.4848 19.3365
threshold=1.2149537801742556 0.031408416107296951 0.57793578505516063 2.5000000000000004 0.16333635151386264 3.1059412956237797 0.020569622516632084 3.2151653766632085 0.69553124904632579 0.3858481645584107 4.4005842208862314 0.053651392459869392 2.9325778484344487 0.015385021921247246
decision_type=8 10 10 8 10 10 10 10 10 10 10 10 10 8
left_child=2 3 -1 6 7 8 9 11 13 12 -7 -4 -2 -5
right_child=1 -3 4 5 -6 10 -8 -9 -10 -11 -12 -13 -14 -15
leaf_value=-0.045751927113119928 0.013076090367758598 0.041446584255137406 -0.0027837712306335079 -0.058797105684625088 -0.026859236379882436 0.023639764579838175 0.031453348874950146 0.041698614903902753 0.002828929517612943 -0.0036567440127004019 -0.019002708939185584 -0.051325553823282348 0.038406474388193883 -0.010373248981729109
leaf_weight=647.63892850128104 428.07388091682515 610.35958178908822 300.05670744559029 21.303125118429307 438.36596239314895 207.18517822791182 356.18578148858433 37.734431798497098 590.47345835524902 160.93065150466282 35.637123322361731 24.454847706278088 92.286702166165924 638.96773866986405
leaf_count=1467182 2067 2594 121880 22970 368515 6516 3479 7289 17956 871 4275 58976 252 86439
internal_value=0.000248911 0.0137086 -0.0289466 0.00701962 -0.0153522 -0.00133219 0.019043 -0.00142714 -0.0049653 0.0125548 0.0173815 -0.00644183 0.0175685 -0.0119356
internal_weight=4589.65 3141.4 1448.25 2531.04 800.612 1493.57 1037.48 362.246 1250.74 681.291 242.822 324.512 520.361 660.271
internal_count=2171261 147419 2023842 144825 556660 138156 6669 188145 127365 3190 10791 180856 2319 109409
is_linear=0
shrinkage=0.05


Tree=57
num_leaves=15
num_cat=0
split_feature=3 10 3 3 1 4 18 16 0 27 27 14 14 16
split_gain=704.821 254.265 79.913 71.9968 65.5278 38.9288 30.7298 29.7396 34.4324 29.7153 28.4721 30.2626 28.814 42.5424
threshold=0.092515558004379286 0.021544498391449455 0.027611553668975834 0.12708535790443423 4.5000000000000009 0.025690317153930668 0.27781905233860021 2.8617925643920903 0.69005811214447033 8.380777835845949 3.1843570470809941 1.0000000180025095e-35 1.0000000180025095e-35 2.6735538244247441
decision_type=10 10 10 10 8 10 8 8 10 10 10 8 10 8
left_child=1 4 5 -2 7 9 -4 -1 -9 -3 12 -12 13 -6
right_child=3 2 6 -5 10 -7 -8 8 -10 -11 11 -13 -14 -15
leaf_value=0.031000539125847323 -0.018336851495414305 0.021969198863379211 0.016935694888635996 -0.047650560363670373 0.012110630384606086 0.048094700605696629 -0.018386838625137496 -0.017890608515365291 0.010724442430451564 0.047865021743518366 0.042275958210160364 -0.0064185935159262134 -0.0042626549534126382 -0.029909499755716058
leaf_weight=144.25945404828235 310.92139824088372 520.94338929069636 163.60367004926957 641.92341233429397 75.822364571031358 350.03020088058383 98.732882706797682 123.991144973872 691.01940449207905 140.70019555327599 56.862927870912245 72.701003432186553 766.55565184206353 292.99923208703694
leaf_count=1036 279944 2281 2572 1639098 10933 1782 3691 2515 5937 296 3660 7799 111405 98338
internal_value=3.79961e-05 0.010422 0.0282331 -0.0380852 0.000219931 0.0346099 0.00364172 0.010075 0.00637111 0.027476 -0.00725367 0.0149524 -0.00978773 -0.021271
internal_weight=4451.07 3498.22 1274.01 952.845 2224.21 1011.67 262.337 959.27 815.011 661.644 1264.94 129.564 1135.38 368.822
internal_count=2171287 252245 10622 1919042 241623 4359 6263 9488 8452 2577 232135 11459 220676 109271
is_linear=0
shrinkage=0.05


Tree=58
num_leaves=15
num_cat=0
split_feature=3 10 2 3 8 27 16 15 14 3 27 8 10 26
split_gain=643.323 275.276 110.308 57.7785 35.8974 34.019 28.8856 28.7411 27.5524 24.5465 22.6986 21.905 25.3973 24.5508
threshold=0.10634702444076539 0.02470413222908974 1.7195320725440981 0.039126038551330573 1.5000000000000002 3.2151653766632085 4.0163424015045175 1.0000000180025095e-35 1.0000000180025095e-35 0.15406703948974612 8.7537460327148455 3.5000000000000004 0.01634576823562384 0.76388889551162731
decision_type=10 10 10 10 10 10 10 10 10 10 10 8 10 8
left_child=1 2 5 4 -3 7 8 -1 -7 11 -4 12 13 -2
right_child=9 3 10 -5 -6 6 -8 -9 -10 -11 -12 -13 -14 -15
leaf_value=-0.015320540963700745 0.19521390955983717 0.047169360074784242 0.012686094985047885 -0.00031167075330331995 0.02691452677934375 0.047445885570720291 -0.016364470375464971 -0.0013969372210169851 -0.0065179570665153249 -0.049148024948978297 0.054029242150112823 -0.030863902896403662 0.049329529119633904 1.0416563082384591
leaf_weight=930.62917110747367 0.25030228975810986 349.1652568433783 840.28110825878684 136.79448928516285 585.65743389163163 70.918426481919596 50.852192674399703 615.9258156401047 35.490628169412958 502.18826985605847 34.565264937875327 210.07827931940483 2.7747589935024735 0.13024219474755228
leaf_count=249893 249 1349 8734 3906 2799 3533 9193 68494 2870 1388195 140 430967 1142 85
internal_value=0.000242007 0.0087392 -0.000112244 0.0300387 0.0344799 -0.00752244 0.0146336 -0.00977537 0.0294473 -0.043113 0.0143196 -0.0288999 0.101863 0.484911
internal_weight=4365.7 3650.28 2578.66 1071.62 934.823 1703.82 157.261 1546.55 106.409 715.422 874.846 213.234 3.1553 0.380544
internal_count=2171549 350911 342857 8054 4148 333983 15596 318387 6403 1820638 8874 432443 1476 334
is_linear=0
shrinkage=0.05


Tree=59
num_leaves=15
num_cat=0
split_feature=3 10 3 4 27 18 28 10 11 3 7 0 15 14
split_gain=566.794 257.483 108.699 60.4215 47.0674 43.8246 41.6201 26.1635 25.7366 20.3435 19.1436 21.8542 18.0224 17.5842
threshold=0.11241209506988527 0.030186134390532974 0.039126038551330573 0.030898332595825199 2.9325778484344487 0.66698172688484203 1.5000000000000002 0.032654678449034698 inf 0.15491789579391482 104.36589431762697 0.60436218976974498 1.0000000180025095e-35 inf
decision_type=10 10 8 10 10 10 10 10 8 10 10 10 8 8
left_child=1 2 3 5 8 6 -1 -3 10 -2 11 -4 -10 -7
right_child=9 7 4 -5 -6 13 -8 -9 12 -11 -12 -13 -14 -15
leaf_value=0.0036712342331016502 -0.028894851164843818 0.028401024205529486 -0.038932871321991393 0.038911695572871351 0.014417197872850149 -0.013946056109586767 0.023526915400954616 0.049208741105615295 -0.029847045128165519 -0.049012591071989409 0.05298963302144355 -0.01555697396812282 -0.0037854440601594787 -0.069903964813234021
leaf_weight=834.32660502428189 172.10122855830195 415.96582653064252 141.46121906526241 167.55356496255263 191.747859475101 108.23839563407819 386.03468016274564 237.23324642350781 73.594067143159918 465.71014949676101 8.5676575640100037 341.02364433920593 672.63616460467165 16.131455134658609
leaf_count=12683 390650 2218 86178 1099 21143 1761 2372 1155 34261 1380050 250 87939 149038 481
internal_value=-0.000146481 0.00756112 0.00125479 0.0105984 -0.00863321 0.0070706 0.00995215 0.0359581 -0.0122054 -0.0435842 -0.0210951 -0.0224106 -0.00635567 -0.0212041
internal_weight=4232.33 3594.51 2941.32 1512.28 1429.03 1344.73 1220.36 653.199 1237.28 637.811 491.053 482.485 746.23 124.37
internal_count=2171278 400578 397205 18396 378809 17297 15055 3373 357666 1770700 174367 174117 183299 2242
is_linear=0
shrinkage=0.05


Tree=60
num_leaves=15
num_cat=0
split_feature=3 28 3 28 1 3 16 18 18 0 0 0 27 9
split_gain=545.073 188.103 90.7021 71.0761 52.0901 36.7992 28.4084 20.5509 16.0089 21.7702 15.7288 14.7762 15.1927 14.721
threshold=0.080198258161544814 1.5000000000000002 0.12981405854225161 2.5000000000000004 4.5000000000000009 1.0000000180025095e-35 3.5408543348312382 0.15935160964727405 0.40018281340599066 0.68577709794044506 0.59678432345390331 0.64261344075202953 2.6896145343780522 0.70931425690650951
decision_type=10 10 10 10 8 8 8 8 10 10 10 10 8 8
left_child=1 4 6 5 8 -3 10 -7 -1 -10 -2 12 -6 -9
right_child=2 3 -4 -5 11 7 -8 13 9 -11 -12 -13 -14 -15
leaf_value=0.012151393094607853 -0.029754840176332606 0.030068689064101029 -0.046684581325692524 0.042256326416874011 -0.029834841451171729 0.022196707197067966 -0.025833743315519821 -0.0031243005630878424 -0.051026713262656287 0.0018207534170864516 0.0071931555161812979 -0.0047458168318159485 -0.011680745822921288 0.015464011747501401
leaf_weight=636.19253025022044 36.283448045029218 358.28318684786154 515.52098456860404 382.76508436531731 155.56887281457603 237.78559315238817 293.23184492688961 276.9526871578164 22.338531426910777 152.6861247922061 139.73201149949455 629.45110658480553 120.75292973832984 173.07302470214199
leaf_count=6130 42973 1630 1614069 2059 67554 3758 258639 10884 680 1496 71068 54417 33984 2225
internal_value=0.000256007 0.0104182 -0.0322072 0.0238208 -0.000735245 0.0170752 -0.0163022 0.0103069 0.00846724 -0.00492421 -0.000423225 -0.00897706 -0.0186157 0.00402448
internal_weight=4130.62 3145.85 984.768 1428.86 1716.99 1046.09 469.247 687.811 811.217 175.025 176.015 905.773 276.322 450.026
internal_count=2171566 184817 1986749 20556 164261 18497 372680 16867 8306 2176 114041 155955 101538 13109
is_linear=0
shrinkage=0.05


Tree=61
num_leaves=15
num_cat=0
split_feature=2 10 2 18 10 2 27 8 11 8 18 18 12 27
split_gain=447.089 223.426 91.3135 37.8157 44.6479 36.0722 26.5995 26.3396 21.8643 21.7089 21.6809 18.629 16.4759 15.0148
threshold=0.79447394609451305 0.030186134390532974 1.7195320725440981 0.36159096658229833 0.014286334626376631 0.5735996961593629 8.5971584320068377 1.5000000000000002 0.83333334326744091 10.500000000000002 0.13980128616094592 0.18941062688827517 0.15075758099555972 3.1240557432174687
decision_type=8 10 10 10 10 10 10 10 8 8 8 10 10 8
left_child=5 2 3 4 -2 -1 11 -3 13 -7 -6 -4 -10 -5
right_child=1 7 6 8 10 9 -8 -9 12 -11 -12 -13 -14 -15
leaf_value=-0.044149764562293969 -0.0062036049486238181 0.045294683447961531 0.019164799828524526 -0.044810350398546986 0.030678202918820809 0.045066722553475033 0.044881319103896887 0.024523372139461558 -0.011719538886292652 -0.023369166216813172 0.0027999122316958334 0.0051374463326533159 0.058120411455739318 -0.014269914650944932
leaf_weight=479.00332949112271 1005.781179182788 306.83037627080921 419.59028400964598 100.33556122066148 136.15652427271925 12.298197758784225 62.625876281847013 303.67980547390016 248.10854794294573 200.68291245974251 142.97147545723783 542.98135341407033 8.7421795566769998 67.197944988591189
leaf_count=1459358 222329 1553 4680 56984 6140 1874 359 2309 60762 312547 12137 7983 1085 21106
internal_value=4.62004e-05 0.00761433 0.00150847 -0.00556764 -0.00129357 -0.0365376 0.0133063 0.0349626 -0.0185082 -0.0194175 0.0163987 0.011252 -0.00934246 -0.0325605
internal_weight=4036.99 3345 2734.49 1709.29 1284.91 691.984 1025.2 610.51 424.384 212.981 279.128 962.572 256.851 167.534
internal_count=2171206 397427 393565 380543 240606 1773779 13022 3862 139937 314421 18277 12663 61847 78090
is_linear=0
shrinkage=0.05


Tree=62
num_leaves=15
num_cat=0
split_feature=3 10 2 10 18 27 14 15 8 16 0 26 16 16
split_gain=452.473 207.582 79.6351 47.7445 33.6418 33.0302 29.0128 26.7149 20.8141 23.0078 20.6458 20.4712 19.4208 18.8149
threshold=0.11241209506988527 0.02470413222908974 1.7195320725440981 0.032654678449034698 0.2837966531515122 3.2151653766632085 1.0000000180025095e-35 1.0000000180025095e-35 3.5000000000000004 8.8703341484069842 0.69005811214447033 0.22474747896194461 4.388237953186036 2.8029010295867924
decision_type=10 10 10 10 10 10 10 10 8 10 8 10 10 8
left_child=1 2 5 4 11 7 12 -1 9 -2 -6 -3 -7 -4
right_child=8 3 13 -5 10 6 -8 -9 -10 -11 -12 -13 -14 -15
leaf_value=-0.014613546160108473 0.04672567371511821 0.022291838554935727 0.029612826974445606 0.049050823399263276 -0.014073819151373996 0.040238728477487051 -0.012059879156837927 -0.0011194748126419035 -0.043626266786272148 1.38541294095328 0.016094023588977584 0.044951853030038659 -0.027968906997115364 0.0088327386983157244
leaf_weight=909.63140540219683 5.4085113657056345 321.04416985702119 129.60497708681942 193.53506772432593 80.323096533917123 84.998680591270386 61.428248056239681 614.60119509138167 529.54557210903658 0.032287999987602123 192.94355976864608 144.5436619331158 11.896893353470658 682.83953211767948
leaf_count=286958 9580 2836 1133 1145 2217 5276 8981 78533 1761242 1 1557 642 3300 7966
internal_value=0.000139407 0.00681481 -0.000707406 0.0269437 0.021153 -0.00691465 0.014822 -0.00917247 -0.0426266 0.05467 0.00722659 0.0293267 0.0318642 0.0121477
internal_weight=3962.38 3427.39 2495 932.39 738.854 1682.56 158.324 1524.23 534.986 5.4408 273.267 465.588 96.8956 812.445
internal_count=2171367 400544 392147 8397 7252 383048 17557 365491 1770823 9581 3774 3478 8576 9099
is_linear=0
shrinkage=0.05


Tree=63
num_leaves=15
num_cat=0
split_feature=2 10 2 10 28 27 14 16 16 4 0 15 16 0
split_gain=368.744 208.665 76.6004 45.3758 29.1999 24.6743 31.5351 61.3894 26.3849 23.4044 23.356 21.131 18.3889 24.6685
threshold=0.66817471385002147 0.02470413222908974 1.5781238675117495 0.032654678449034698 2.5000000000000004 2.9325778484344487 1.0000000180025095e-35 2.6735538244247441 4.388237953186036 0.065896272659301772 0.59828969836235057 1.0000000180025095e-35 2.8029010295867924 0.68577709794044506
decision_type=8 10 10 10 8 10 10 10 10 8 10 8 8 10
left_child=10 2 5 4 -3 6 7 9 11 -2 -1 -7 -4 -14
right_child=1 3 12 -5 -6 8 -8 -9 -10 -11 -12 -13 13 -15
leaf_value=-0.045946936636341855 0.019921257106483958 0.014222750519306363 0.025051995636282701 0.048869936311208735 0.036066442321652716 0.05682532343721175 -0.0060145213503742228 -0.033718172282112956 -0.035771463009846155 -0.057565882166845245 -0.022101375564125988 0.0080481692747684207 -0.013223062692191921 0.0096917087982306659
leaf_weight=377.12893970407094 88.532064675106085 508.58067970069897 147.95587179423455 179.40331611662987 218.81739483050478 30.24917017747066 873.11112967418376 311.80260832025851 24.934164302028876 10.950210852010057 141.1126987259122 83.481984826572443 140.18019740112868 724.31243694556179
leaf_count=1309841 22601 9132 2216 1144 1817 1766 218567 235649 12331 16555 306840 16992 7428 8831
internal_value=-0.000210766 0.00587409 -0.00174903 0.0263484 0.0207938 -0.0092284 -0.0113917 -0.0228068 0.0108092 0.0113921 -0.039454 0.0210215 0.00876371 0.00597601
internal_weight=3860.55 3342.31 2435.51 906.801 727.398 1423.06 1284.4 411.285 138.665 99.4823 518.242 113.731 1012.45 864.493
internal_count=2171710 555029 542936 12093 10949 524461 493372 274805 31089 39156 1616681 18758 18475 16259
is_linear=0
shrinkage=0.05


Tree=64
num_leaves=15
num_cat=0
split_feature=3 10 2 10 18 27 15 15 0 16 14 27 12 18
split_gain=384.522 196.794 78.8472 57.4102 33.3126 31.54 39.5356 30.8143 29.2402 24.5317 19.9207 18.5941 18.1721 18.1983
threshold=0.12708535790443423 0.020455651916563514 1.7195320725440981 0.031408416107296951 0.21520161628723147 3.2151653766632085 1.0000000180025095e-35 1.0000000180025095e-35 0.59902092814445507 2.7403194904327397 1.0000000180025095e-35 1.0171056389808657 0.096006143838167204 1.4154982566833498
decision_type=10 10 10 10 10 10 10 8 10 8 8 10 8 8
left_child=1 2 5 4 11 6 8 -7 -1 10 -10 -3 13 -8
right_child=-2 3 -4 -5 -6 7 12 -9 9 -11 -12 -13 -14 -15
leaf_value=-0.036371637733345841 -0.045411857289953075 0.014652915504356802 0.011487670229420342 0.037465984602638912 0.0029699060635784151 0.053291227309291027 -0.027039682050959836 -0.0003364327625554706 0.028753517879258186 -0.017149237526901364 -0.021174399150749083 0.037412995370098699 0.0028494073609072182 0.032515719018753046
leaf_weight=175.20517633425698 414.53936130757029 205.07697377298973 665.9934238352871 414.54280091512373 347.02820527010408 36.391324712967617 99.245905450196005 101.4895804704538 56.909684204216319 579.5435129755424 30.785531435503799 159.55177289467247 483.89245819728239 14.7310001993319
leaf_count=162128 1639513 3744 8120 2475 9067 2926 26131 19740 8008 202398 8813 1296 75017 2224
internal_value=3.02683e-05 0.0056194 -0.00293942 0.0226746 0.0140586 -0.00902761 -0.0112146 0.0138177 -0.0181932 -0.0134198 0.0112263 0.0246121 -0.00138121 -0.0193424
internal_weight=3784.93 3370.39 2244.19 1126.2 711.657 1578.19 1440.31 137.881 842.444 667.239 87.6952 364.629 597.869 113.977
internal_count=2171600 532087 515505 16582 14107 507385 484719 22666 381347 219219 16821 5040 103372 28355
is_linear=0
shrinkage=0.05


Tree=65
num_leaves=15
num_cat=0
split_feature=2 8 1 0 27 27 8 8 11 18 16 16 0 18
split_gain=334.075 151.823 79.6491 33.6413 28.06 27.3641 25.9127 24.7276 24.6598 27.1498 21.2608 18.9593 24.9746 18.7235
threshold=0.76409706473350536 7.5000000000000009 4.5000000000000009 0.59678432345390331 3.1843570470809941 7.6647894382476816 1.5000000000000002 4.5000000000000009 0.83333334326744091 0.34923250973224645 4.388237953186036 2.8029010295867924 0.68577709794044506 0.29366555809974676
decision_type=8 8 8 10 10 10 10 8 8 10 10 8 10 8
left_child=3 6 5 -1 8 11 -2 -5 9 -4 -6 -3 -13 -8
right_child=1 2 4 7 10 -7 13 -9 -10 -11 -12 12 -14 -15
leaf_value=-0.044618158990590795 0.042420550469398764 0.024839893507415948 -0.011115510171547285 0.091337854102242252 0.019862171523366369 0.041334539192440005 0.030546097779892745 -0.021734484165268401 -0.0035368215324076847 -0.039501002218166714 -0.029668766739409325 -0.011892404334295387 0.010086130157728112 0.0040139605012332298
leaf_weight=353.40771955020864 257.04208581333296 168.30230395666149 340.25862386366316 4.9586739080041289 148.40042084695233 70.868126402478083 175.24913162869507 194.08159656327916 800.50709412704964 111.95688810692081 25.369098931656481 152.91373866852518 835.33637928262033 107.14917787707964
leaf_count=1348093 1913 1531 133838 1109 13409 419 2400 392131 173909 78280 9045 4778 7959 3106
internal_value=0.00054172 0.00675244 0.00183721 -0.0353585 -0.00619767 0.0111752 0.0309342 -0.0189175 -0.00880946 -0.018143 0.012631 0.00932721 0.00668535 0.0204791
internal_weight=3745.8 3193.35 2653.91 552.448 1426.49 1227.42 539.44 199.04 1252.72 452.216 173.77 1156.55 988.25 282.398
internal_count=2171920 430587 423168 1741333 408481 14687 7419 393240 386027 212118 22454 14268 12737 5506
is_linear=0
shrinkage=0.05


Tree=66
num_leaves=15
num_cat=0
split_feature=3 28 8 1 3 18 4 16 12 0 8 18 18 4
split_gain=328.402 159.896 61.0455 52.8307 34.7802 28.3634 22.6433 19.6749 20.8443 19.6721 18.5817 17.689 14.1445 15.5527
threshold=0.11813205480575563 1.5000000000000002 1.5000000000000002 4.5000000000000009 1.0000000180025095e-35 0.15935160964727405 0.013683229684829714 3.5408543348312382 0.099019609391689314 0.59678432345390331 3.5000000000000004 0.053772477433085449 0.40018281340599066 0.020569622516632084
decision_type=10 10 8 8 8 8 10 8 10 10 8 10 10 10
left_child=1 3 -3 12 6 -6 -4 9 -9 11 -2 -5 -1 -14
right_child=10 2 4 7 5 -7 -8 8 -10 -11 -12 -13 13 -15
leaf_value=0.010012637721808703 0.05343887628348002 0.04169577774010283 0.01150796097438842 -0.068103509551010008 0.020392302791273163 0.00052725528264398994 0.038826682951124465 -0.017955872487820473 0.018614818088924064 0.0032775192900132105 -0.04358168657247824 -0.012433732522302243 -0.016174221543930261 0.016077724999025624
leaf_weight=592.45223719916976 4.9965848382962568 237.0936358969775 127.99745698898187 16.863354396562499 286.85109868924337 480.98506636926686 186.17927811024492 664.57012123810637 41.390491961064981 349.67541000433266 401.15521765169797 92.764846810547169 120.56826174026355 54.17520448139112
leaf_count=6905 9464 1706 394 7435 8852 30675 1152 266442 9849 73081 1710961 41347 1285 1252
internal_value=2.55115e-06 0.00529755 0.0187177 -0.00386312 0.0136827 0.00794851 0.0276969 -0.0105712 -0.0158117 -0.00251642 -0.0423881 -0.020997 0.00632554 -0.00617525
internal_weight=3657.72 3251.57 1319.11 1932.46 1082.01 767.836 314.177 1165.26 705.961 459.304 406.152 109.628 767.196 174.743
internal_count=2170800 450375 42779 407596 41073 39527 1546 398154 276291 121863 1720425 48782 9442 2537
is_linear=0
shrinkage=0.05


Tree=67
num_leaves=15
num_cat=0
split_feature=3 27 3 4 18 9 0 9 2 18 14 27 0 18
split_gain=308.638 161.059 96.0289 63.8869 28.2522 23.5899 23.3327 21.9836 20.6598 19.8786 17.262 16.881 21.0654 16.3446
threshold=0.12981405854225161 7.2879035472869882 0.027611553668975834 0.028149366378784183 0.2837966531515122 0.23035336285829547 0.69005811214447033 0.53236109018325817 0.29436317086219793 0.66698172688484203 inf 2.1478786468505864 0.65474686026573192 0.019874133169651035
decision_type=10 10 8 10 10 10 8 10 8 10 8 10 10 8
left_child=1 2 3 7 5 -4 -6 9 13 11 -11 12 -1 -7
right_child=-2 -3 4 -5 6 8 -8 -9 -10 10 -12 -13 -14 -15
leaf_value=-0.039629270869605653 -0.045131506916732428 0.039529083624722128 -0.006015661835042244 0.040739270091971577 -0.025219635264926168 1.2921504902293681 -0.0047410763816167056 0.020876582326578869 0.010167355693295504 -0.010694210040021431 -0.078390408377684406 0.024630692471477558 0.0050419870213274584 0.15613422913534414
leaf_weight=27.471826487279031 341.89611704181152 302.89552737578197 852.56527539255694 163.06907420681455 303.52983484381548 0.032205967916524636 256.74861118139233 234.44909295874095 249.12511367617117 75.641781234706286 10.755806922679765 106.78112516162219 670.65666875860188 1.876290094005526
leaf_count=856 1614199 5917 274399 1456 194200 41 46538 944 22019 840 220 595 6358 3114
internal_value=6.06152e-05 0.0048066 0.00124468 0.01149 -0.00669124 -0.00204896 -0.0158353 0.00725313 0.0114228 0.00366963 -0.0191218 0.00611602 0.00328414 0.175305
internal_weight=3597.49 3255.6 2952.7 1288.83 1663.88 1103.6 560.278 1125.76 251.034 891.307 86.3976 804.91 698.128 1.9085
internal_count=2171696 557497 551580 11269 540311 299573 240738 9813 25174 8869 1060 7809 7214 3155
is_linear=0
shrinkage=0.05


Tree=68
num_leaves=15
num_cat=0
split_feature=3 28 3 4 18 18 8 0 2 18 18 27 3 8
split_gain=281.055 135.367 75.124 62.2995 23.9615 23.9462 22.7111 18.2687 15.2659 13.7536 13.0961 12.5908 12.4214 11.7869
threshold=0.12708535790443423 2.5000000000000004 0.027611553668975834 0.028149366378784183 0.11743098124861719 0.35312037169933325 7.5000000000000009 0.69005811214447033 1.4189615249633791 0.2632060050964356 0.083405800163745894 6.3215236663818368 1.0000000180025095e-35 3.5000000000000004
decision_type=10 10 8 10 8 8 8 8 10 10 10 10 10 8
left_child=1 2 3 4 8 6 -4 -7 10 -3 -1 -8 -11 -2
right_child=13 9 5 -5 -6 7 11 -9 -10 12 -12 -13 -14 -15
leaf_value=-0.081155871150552755 0.057257586558107698 0.044146652945948855 0.023701795817244228 0.040467408047305711 0.0024952611142771129 -0.023458913055160169 -0.0043593864421150839 -0.0039696318180203411 0.023127045689777061 0.037924341055843538 0.0068923471352115425 0.027176017647215722 -0.0017483444334602102 -0.04458076219247397
leaf_weight=6.4937874916940954 2.8662888233848198 210.32725525591377 83.109471278879937 155.69321361339826 830.31620321637456 267.35473547229412 1056.5118432883864 218.52154772674839 244.6082043493152 43.021355913959269 12.078167611616662 32.629261398287781 36.443397300070501 325.78246875284276
leaf_count=291 9096 1549 1955 1460 7780 164558 309362 40176 1522 434 225 2123 1041 1630205
internal_value=0.000337733 0.00486386 0.00161565 0.0108756 0.00666226 -0.00536055 -0.00149214 -0.0146937 0.0198089 0.0374513 -0.0238942 -0.00341463 0.01973 -0.0436926
internal_weight=3525.76 3197.11 2907.32 1249.19 1093.5 1658.13 1172.25 485.876 263.18 289.792 18.572 1089.14 79.4648 328.649
internal_count=2171777 532476 529452 11278 9818 518174 313440 204734 2038 3024 516 311485 1475 1639301
is_linear=0
shrinkage=0.05


Tree=69
num_leaves=15
num_cat=0
split_feature=3 27 1 14 7 18 18 28 10 14 11 15 18 3
split_gain=252.564 141.445 69.6166 31.4202 25.6853 24.6454 23.7717 22.5814 22.4588 22.879 22.374 19.5024 15.1959 13.7406
threshold=0.12004378437995912 2.9325778484344487 4.5000000000000009 1.0000000180025095e-35 21.219170570373539 0.36159096658229833 0.2837966531515122 1.5000000000000002 0.02614811155945063 1.0000000180025095e-35 0.83333334326744091 1.0000000180025095e-35 0.15544642508029941 0.16582301259040835
decision_type=10 10 8 10 10 10 10 8 10 10 8 8 10 10
left_child=1 2 4 6 11 8 -3 -5 9 12 -7 -1 -4 -2
right_child=13 3 5 7 -6 10 -8 -9 -10 -11 -12 -13 -14 -15
leaf_value=-0.020339412469886058 -0.026865099289737866 0.039664004947758867 -0.0082670766297316869 -0.019647084411111557 0.021329030899499744 -0.037366308946155523 0.01349577395060577 0.021736600238202116 0.020204839410991684 -0.001754692828770955 -0.010650123974177708 0.0062713691526988889 -0.031408070119301197 -0.04864259385525526
leaf_weight=75.494780701788841 106.67573698724846 329.78084705490619 158.68736916550188 54.22471958983806 281.77367769261036 121.01662471045347 117.78272838771591 84.070116510738444 83.767896735545946 673.88554284995189 222.36638861697429 782.41789665682882 128.29844768292605 225.63957510757973
leaf_count=1177 424421 7649 65019 9250 2492 72633 7359 3127 1279 144149 76654 9547 67544 1278884
internal_value=-0.000217606 0.00420473 -0.000925872 0.0263409 0.00823145 -0.00844483 0.0327775 0.00551026 -0.00462498 -0.00678962 -0.0200656 0.00392967 -0.0186124 -0.0416519
internal_weight=3445.88 3113.57 2527.71 585.858 1139.69 1388.02 447.564 138.295 1044.64 960.871 343.383 857.913 286.986 332.315
internal_count=2171184 467879 440494 27385 13216 427278 15008 12377 277991 276712 149287 10724 132563 1703305
is_linear=0
shrinkage=0.05


Tree=70
num_leaves=15
num_cat=0
split_feature=3 10 3 4 16 16 25 25 11 10 0 10 14 4
split_gain=243.129 141.66 55.2816 34.6937 23.1244 21.8395 25.7242 21.4733 20.2148 18.6825 17.4845 15.0224 13.3503 14.1073
threshold=0.11813205480575563 0.031408416107296951 0.039126038551330573 0.038855254650115974 2.9174053668975835 3.0677825212478642 1.0000000180025095e-35 1.0000000180025095e-35 0.35416667163372045 0.01586206536740065 0.68577709794044506 0.011236094869673254 1.0000000180025095e-35 0.036626398563385017
decision_type=10 10 8 10 8 10 10 10 8 10 10 10 10 8
left_child=1 2 3 5 7 6 -1 -4 11 -2 -7 -6 -9 -14
right_child=9 -3 4 -5 8 10 -8 12 -10 -11 -12 -13 13 -15
leaf_value=0.0084229836750725259 -0.043476693901694889 0.034413863208850835 -0.0024000845392802206 0.04331073476096664 -0.025113550663613749 -0.011816988257185929 0.039416140157496671 0.040020036849562367 -0.004451533360470823 0.02118693319792446 0.0051482794923792506 -0.0051814501274382229 -0.073267407772051332 0.033211617216616217
leaf_weight=256.55815376843384 312.87062332329333 347.34510964715491 175.06167885939794 64.34089817514905 282.28004018761567 187.37356562762579 90.589498533052392 59.130333671309927 660.08082813629517 11.583605072990393 801.50471197658771 142.12666989551508 5.873861443724306 6.6125623526604622
leaf_count=2992 1687531 2506 44040 639 169653 5584 543 4775 193007 33304 9003 15929 1686 416
internal_value=-4.49444e-07 0.00433782 0.000513317 0.00744841 -0.0067823 0.00572134 0.0165108 0.00703542 -0.00992529 -0.0411681 0.00193368 -0.0184386 0.0300998 -0.0168782
internal_weight=3403.33 3078.88 2731.53 1400.37 1331.17 1336.03 347.148 246.678 1084.49 324.454 988.878 424.407 71.6168 12.4864
internal_count=2171608 450773 448267 18761 429506 18122 3535 50917 378589 1720835 14587 185582 6877 2102
is_linear=0
shrinkage=0.05


Tree=71
num_leaves=15
num_cat=0
split_feature=3 28 28 0 18 9 0 18 0 10 8 18 2 10
split_gain=227.568 120.616 51.4886 33.3451 23.722 23.1113 21.4535 15.3945 14.3879 13.6673 13.5215 13.3986 13.2171 11.7886
threshold=0.11627578735351564 1.5000000000000002 2.5000000000000004 0.70199033617973339 0.18941062688827517 0.99943557381629955 0.70199033617973339 0.2837966531515122 0.58944305777549755 0.031408416107296951 3.5000000000000004 0.46123240888118749 1.5781238675117495 0.011905506253242494
decision_type=10 10 10 10 10 8 10 10 10 8 8 10 8 10
left_child=1 3 5 4 -1 6 13 -4 -2 -9 -10 -7 -13 -3
right_child=8 2 7 -5 -6 11 -8 9 10 -11 -12 12 -14 -15
leaf_value=-0.0033630137612177349 -0.048010795581940234 -0.055671905418829541 0.042838328300521741 0.0033477708261527989 -0.018207219536534633 0.031651305100068715 0.016771072545355845 -0.0092091149137717414 0.15020027439971709 0.035532338394539613 -0.027132579290990055 -0.087712126920986289 0.0087528651492909931 0.00065655243638462497
leaf_weight=495.22816355932082 207.99418271291142 9.5107557102965057 202.65219169483316 892.84778493912017 465.48858280111381 171.21154870000464 311.72573856079407 30.908435193596233 1.0861988214237488 38.120003755968355 103.76768792866824 4.0106567016773624 30.975901927442465 397.49067802336867
leaf_count=148334 1281465 6894 1557 25640 218610 3016 3381 886 1473 336 454165 986 379 23986
internal_value=0.000214597 0.00438008 0.0167549 -0.00360873 -0.0100738 0.0111337 0.00690035 0.0358919 -0.0403976 0.0154987 -0.0252956 0.0258897 -0.00230532 -0.000659724
internal_weight=3363.02 3050.17 1196.61 1853.56 960.717 924.925 718.727 271.681 312.848 69.0284 104.854 206.198 34.9866 407.001
internal_count=2171108 434005 41421 392584 366944 38642 34261 2779 1737103 1222 455638 4381 1365 30880
is_linear=0
shrinkage=0.05


Tree=72
num_leaves=15
num_cat=0
split_feature=3 28 3 4 28 26 0 10 7 10 26 4 10 15
split_gain=204.09 116.949 54.5613 49.6149 18.6176 15.7564 16.1916 14.36 13.8136 11.7852 14.0137 12.6384 16.9804 11.9907
threshold=0.12981405854225161 2.5000000000000004 0.039126038551330573 0.040507078170776374 1.5000000000000002 0.47597254812717443 0.61911591887474071 0.032654678449034698 48.882793426513679 0.01586206536740065 0.63068181276321422 0.00097125768661499034 0.015873458236455921 1.0000000180025095e-35
decision_type=10 10 8 10 10 10 8 10 8 10 8 10 10 10
left_child=1 2 3 4 -1 6 -4 -8 -6 -2 -11 12 -12 -13
right_child=9 -3 5 -5 8 -7 7 -9 -10 10 11 13 -14 -15
leaf_value=0.00031989692043557331 -0.045073803471143856 0.035446611136828801 -0.022151871581730445 0.044453962507459893 0.0070044933545867121 0.014942798285363813 -0.0065634866951495693 0.052435630174759974 0.025104068149306238 -0.050881005162281515 1.9156417224223175 0.050319953113473405 -0.051736249863887362 0.41887152155024698
leaf_weight=864.48314354517061 247.8715696213676 259.65230141532084 181.24453345750771 83.57450101679251 352.29122158066821 77.191788234089472 1056.1379730232984 10.415116995573042 150.43068415978632 3.9908941312496582 0.021768748512841607 3.8788031154945202 0.022104193340055645 0.23400707214022975
leaf_count=14794 1584665 3077 206639 1115 2778 15500 312697 15 835 23215 28 6231 76 251
internal_value=-0.000258089 0.0033578 0.000356131 0.00705538 0.00476928 -0.00697913 -0.00833527 -0.00598735 0.0124205 -0.0431289 0.0160412 0.0802942 0.924432 0.0712895
internal_weight=3291.44 3035.42 2775.77 1450.78 1367.21 1324.99 1247.8 1066.55 502.722 256.019 8.14758 4.15668 0.0438729 4.11281
internal_count=2171916 557450 554373 19522 18407 534851 519351 312712 3613 1614466 29801 6586 104 6482
is_linear=0
shrinkage=0.05


Tree=73
num_leaves=15
num_cat=0
split_feature=3 27 3 18 7 14 18 13 8 0 2 8 16 0
split_gain=188.559 110.497 55.7152 41.5664 25.4355 20.9755 18.4268 19.7897 17.6429 17.2022 14.2731 13.9589 12.0845 12.0516
threshold=0.12004378437995912 2.9325778484344487 0.027611553668975834 0.43398620188236242 21.219170570373539 1.0000000180025095e-35 0.26910807192325598 0.16472868621349337 3.5000000000000004 0.65474686026573192 1.5781238675117495 1.5000000000000002 3.8393944501876835 0.60591885447502147
decision_type=10 10 8 10 10 10 8 10 8 10 10 8 8 10
left_child=1 2 4 5 9 -3 -4 -8 -2 12 -7 -5 -1 -10
right_child=8 3 6 11 -6 10 7 -9 13 -11 -12 -13 -14 -15
leaf_value=-0.015086253011578163 0.055620386315164749 0.035417693964835302 -0.0033953457792993366 0.037791847314475185 0.02158624106476217 -0.013848818466860761 -0.018187743319723285 0.018316705960598138 -0.048197990109432876 0.004624125170384785 0.023722272768063903 -0.020625326171233804 -0.085732816622162922 -0.023236910969204726
leaf_weight=24.728014396503568 4.6935400587954055 350.06345545574732 850.02647235348559 12.255845402076373 242.73426961479345 39.102672660497774 478.36171517087132 40.25087649737543 200.48092213866039 769.55763430323168 71.501502069600974 61.74564175703199 8.0152747356332821 63.728504368578797
leaf_count=599 9390 9854 217715 152 1704 6908 201184 10548 1400875 7588 722 9643 488 291604
internal_value=-0.000388842 0.00326678 -0.00128897 0.0238329 0.00740456 0.0294205 -0.00792699 -0.0153545 -0.0404703 0.00311393 0.0104395 -0.0109505 -0.0323799 -0.0421773
internal_weight=3217.25 2948.34 2413.67 534.669 1045.04 460.668 1368.64 518.613 268.903 802.301 110.604 74.0015 32.7433 264.209
internal_count=2168974 467105 439826 27279 10379 17484 429447 211732 1701869 8675 7630 9795 1087 1692479
is_linear=0
shrinkage=0.05


Tree=74
num_leaves=15
num_cat=0
split_feature=3 28 28 3 10 15 12 26 17 1 15 16 9 3
split_gain=171.97 101.108 44.5772 35.4755 20.0972 18.1331 25.1264 15.9601 14.7429 17.7068 14.6145 17.0518 14.5622 14.0042
threshold=0.15491789579391482 1.5000000000000002 2.5000000000000004 0.052275985479354865 0.032654678449034698 1.0000000180025095e-35 0.10410509258508684 0.24404761940240863 5.4701652526855478 34.500000000000007 1.0000000180025095e-35 3.9607677459716801 0.62818673253059398 0.039126038551330573
decision_type=10 10 10 8 8 10 8 8 10 10 8 8 10 8
left_child=1 3 4 10 13 7 -7 -5 9 -8 11 -1 -10 -3
right_child=-2 2 -4 5 -6 6 8 -9 12 -11 -12 -13 -14 -15
leaf_value=0.0054935152053075358 -0.046403865222883728 0.011714358155636491 0.033358538400880176 -0.026236084894391765 0.026622673639619978 -0.032094920596314712 0.0022338364704397305 -0.0072979458749739198 -0.0063073299446598273 0.049532775773708147 0.0036901947484406341 -0.033070216194539148 0.10532110928173605 -0.0022297250671946922
leaf_weight=53.579440934758168 186.85068062816754 458.64889984168622 250.40026637318806 275.4315424354063 143.99977666695304 60.894523593629856 49.764440707556787 186.63389473463576 177.25815503771082 32.847406164666609 976.47660514118616 61.645233872142853 2.9705389213122535 296.43788716035124
leaf_count=1721 1380532 3562 3673 381626 6538 38702 5768 173580 65829 26636 24893 2830 55 55691
internal_value=0.000148511 0.00302211 0.0147009 -0.00412813 0.0095046 -0.0122291 -0.00315499 -0.0185867 0.00354977 0.0210404 0.00170294 -0.0151381 -0.00446746 0.00624008
internal_weight=3213.84 3026.99 1149.49 1877.5 899.087 785.801 323.735 462.065 262.841 82.6118 1091.7 115.225 180.229 755.087
internal_count=2171636 791104 69464 721640 65791 692196 136990 555206 98288 32404 29444 4551 65884 59253
is_linear=0
shrinkage=0.05


Tree=75
num_leaves=15
num_cat=0
split_feature=3 27 15 2 16 10 27 14 11 16 2 14 10 16
split_gain=163.764 102.517 45.428 37.6121 28.9757 26.267 25.3453 24.0275 20.0736 25.5634 25.5129 24.0883 17.2155 17.0272
threshold=0.12981405854225161 2.9325778484344487 1.0000000180025095e-35 1.7195320725440981 3.0677825212478642 0.01634576823562384 8.7537460327148455 1.0000000180025095e-35 0.41428571939468389 2.2499048709869389 0.22379291057586673 inf 0.01586206536740065 2.9174053668975835
decision_type=10 10 8 10 8 10 10 8 8 10 8 8 10 8
left_child=1 2 7 5 -3 8 -6 13 9 10 11 -4 -2 -1
right_child=12 4 3 -5 6 -7 -8 -9 -10 -11 -12 -13 -14 -15
leaf_value=0.0067173129522234178 -0.044713659699544307 0.039239975926229242 -0.051781726866553017 0.0094740131494077881 0.0041718972563476288 0.0095879595731132878 0.032127825241272868 -0.010152507996857969 -0.0030584356944492004 -0.02222058320968465 0.017633227311888655 0.95250877472353734 0.029725409997809527 -0.053684701891906841
leaf_weight=13.961421039752166 210.30277923055291 178.99025764509679 0.10314492903853534 792.0636434006301 219.74256968432746 278.66089492926403 128.47862669347887 142.13423157670695 773.30214284430804 312.4492327802127 38.422761649866516 0.14177758702135179 8.0649611753051413 71.014258449082263
leaf_count=3682 1583424 4416 252 10665 24221 15504 3565 43361 209742 188620 14786 51 29865 38527
internal_value=-0.000183753 0.00290954 -0.00143935 0.000763108 0.0228904 -0.00415435 0.0144864 -0.0227274 -0.00756006 -0.0174745 0.0208758 0.529569 -0.0419644 -0.0437607
internal_weight=3167.83 2949.46 2422.25 2195.14 527.211 1403.08 348.221 227.11 1124.42 351.117 38.6677 0.244923 218.368 84.9757
internal_count=2170681 557392 525190 439620 32202 428955 27786 85570 413451 203709 15089 303 1613289 42209
is_linear=0
shrinkage=0.05


Tree=76
num_leaves=15
num_cat=0
split_feature=3 10 18 27 15 11 2 14 8 1 18 18 4 10
split_gain=154.288 102.123 38.9418 28.8163 32.4662 24.2878 24.246 23.9284 20.63 19.1252 16.5447 16.0676 14.2771 12.8635
threshold=0.12981405854225161 0.020455651916563514 0.30671598017215734 3.1059412956237797 1.0000000180025095e-35 0.10555555671453477 1.2446988821029665 1.0000000180025095e-35 1.5000000000000002 2.5000000000000004 0.4445160329341889 0.41906738281250006 0.010872095823287966 0.011364283971488478
decision_type=10 10 8 10 8 8 10 10 10 10 8 8 10 8
left_child=1 3 8 4 10 6 -6 11 -3 -4 -1 -5 -13 -14
right_child=-2 2 9 7 5 -7 -8 -9 -10 -11 -12 12 13 -15
leaf_value=-0.016669434227297421 -0.041589507513356098 0.043942321889066452 0.013035631289157823 0.036485703988259371 -0.025197839119858824 0.0011923370096177843 -0.0034275503846559804 -0.0046189400164178265 0.020244865416889066 -0.011294820208842191 -0.051610921326037097 -0.055186887267771705 0.42228061678647705 0.024295476760885587
leaf_weight=135.99821560147393 208.37026132693882 116.37983944130247 212.40386417191985 102.53833642694372 206.81558789047631 1102.3071754531156 335.15022710272387 95.875183334948815 435.57305273195743 130.32754975737771 45.116533979144151 9.8574331299041678 0.20844383721123172 7.8196025760116763
leaf_count=56604 1614042 1055 1996 7825 193565 216829 19024 13632 6901 7007 27507 3100 119 1959
internal_value=-1.46309e-05 0.0029356 0.0170215 -0.00323698 -0.00528175 -0.00306867 -0.0117352 0.0140192 0.0252415 0.0037837 -0.0253735 0.028858 -0.0148723 0.0346289
internal_weight=3144.74 2936.37 894.684 2041.69 1825.39 1644.27 541.966 216.299 551.953 342.731 181.115 120.424 17.8855 8.02805
internal_count=2171165 557123 16959 540164 513529 429418 212589 26635 7956 9003 84111 13003 5178 2078
is_linear=0
shrinkage=0.05


Tree=77
num_leaves=15
num_cat=0
split_feature=3 27 3 4 14 15 14 15 16 28 8 12 26 16
split_gain=145.968 111.745 44.473 32.8829 29.1613 22.3303 23.8434 18.5981 17.5512 17.2146 15.3407 14.4362 13.5477 13.478
threshold=0.15491789579391482 2.9325778484344487 0.039126038551330573 0.040507078170776374 1.0000000180025095e-35 1.0000000180025095e-35 1.0000000180025095e-35 1.0000000180025095e-35 3.0677825212478642 1.5000000000000002 7.5000000000000009 0.19615384936332705 0.24404761940240863 2.2499048709869389
decision_type=10 10 8 10 10 8 8 10 8 10 8 10 10 8
left_child=1 2 3 5 8 6 -1 9 -3 13 -9 -7 -10 -4
right_child=-2 4 7 -5 -6 11 -8 10 12 -11 -12 -13 -14 -15
leaf_value=-0.05377481813940737 -0.046148431493394447 0.043287424049001821 0.013280003931970985 0.042498400554357954 0.0031304288797998573 0.0045365709576936433 -0.0025241891838292505 0.059690994598417257 0.0058206171109084536 -0.0024343921413432289 -0.0020875476365975268 0.054873228143721843 0.030542758229158321 -0.02106328373565021
leaf_weight=33.503841301440843 160.17111099815611 157.74450451311532 30.450675506639527 55.407743242455581 131.06720980811679 1082.8326379055652 70.336364427799708 10.286619414888262 85.326042391182455 232.5622572637003 434.44090320785108 14.433643921365727 158.08668064580525 462.06847360917891
leaf_count=1102 1379702 3970 18878 964 20836 14754 1324 365 10233 47688 143089 87 10256 517863
internal_value=0.000341365 0.00285825 -0.00169286 0.00483871 0.023606 0.00310144 -0.0190601 -0.00870855 0.0302959 -0.013646 -0.0006586 0.00519871 0.0218766 -0.01894
internal_weight=3118.72 2958.55 2426.32 1256.51 532.224 1201.11 103.84 1169.81 401.157 725.081 444.728 1097.27 243.413 492.519
internal_count=2171111 791409 746114 18231 45295 17267 2426 727883 24459 584429 143454 14841 20489 536741
is_linear=0
shrinkage=0.05


Tree=78
num_leaves=15
num_cat=0
split_feature=3 27 10 18 1 0 26 11 14 16 12 18 3 18
split_gain=131.329 87.4281 43.4477 25.3707 23.1748 18.083 16.1524 20.6937 17.4905 15.9114 13.5578 13.0152 11.7444 11.6281
threshold=0.13711777329444888 7.2879035472869882 0.020455651916563514 0.30671598017215734 4.5000000000000009 0.7401445508003236 0.47597254812717443 0.41428571939468389 1.0000000180025095e-35 2.5249279737472539 0.19615384936332705 0.35312037169933325 0.039126038551330573 0.50818184018135082
decision_type=10 10 10 10 8 8 10 8 8 8 10 10 10 10
left_child=1 2 4 12 9 -5 7 11 -8 -1 -9 -6 -4 -3
right_child=-2 13 3 5 6 -7 8 10 -10 -11 -12 -13 -14 -15
leaf_value=0.028324003759859141 -0.042084413428990469 0.036239802888383493 0.022361190348635582 -0.011662618352631448 -0.014040692246937467 0.015503420103453109 0.041219063787487575 -0.0056634280077307716 -0.0062882437896231089 0.00088461754722372096 0.059341513509027333 -0.035654509804114908 0.002164053452767331 -0.00057078704816189484
leaf_weight=57.353490405068442 176.95572928648744 199.97543654878427 336.89232103073846 166.5649543035488 292.95487778665665 96.890488948771235 33.305077043303754 764.23152867570207 46.317797851843352 670.18393679250948 8.1062353966153733 91.376466351780437 91.532208281769272 24.032016137847677
leaf_count=573 1546178 3926 2411 7164 180394 1012 4522 293014 12094 9581 984 102040 5356 2553
internal_value=-0.000275562 0.00229355 -0.00023669 0.0105379 -0.00403269 -0.00167182 -0.00819941 -0.00969889 0.0135834 0.00304773 -0.00498115 -0.0191795 0.0180461 0.0322907
internal_weight=3056.67 2879.72 2655.71 691.88 1963.83 263.455 1236.29 1156.67 79.6229 727.537 772.338 384.331 428.425 224.007
internal_count=2171802 625624 619145 15943 603202 8176 593048 576432 16616 10154 293998 282434 7767 6479
is_linear=0
shrinkage=0.05


Tree=79
num_leaves=15
num_cat=0
split_feature=3 9 18 26 0 26 18 3 3 9 15 3 14 17
split_gain=121.22 76.3116 28.1812 27.4184 25.197 23.8094 16.9669 16.8634 16.3292 15.1282 18.1564 16.4747 14.3915 14.2049
threshold=0.15491789579391482 0.54752457141876232 0.27781905233860021 0.069047622382640853 0.6676623821258546 0.23669467866420749 1.3386034965515139 0.056967675685882575 0.027611553668975834 0.99943557381629955 1.0000000180025095e-35 0.027611553668975834 1.0000000180025095e-35 5.4049246311187753
decision_type=10 10 10 10 8 10 10 8 8 10 10 8 8 10
left_child=1 2 3 7 -4 9 -7 -1 -5 10 11 -3 13 -9
right_child=-2 5 4 8 -6 6 -8 12 -10 -11 -12 -13 -14 -15
leaf_value=0.0034657468863964914 -0.045035914408433464 0.01252522220860449 -0.0232775389279027 0.030280477707312865 -0.003781532284600589 0.037853532043206184 -0.08186211420113107 -0.013121893035611627 0.005831509549030162 0.029487574442734917 0.048205846968176272 -0.013325039385083193 -0.0039634589864977702 -0.054485628814456503
leaf_weight=784.5672840070547 143.35587628510984 163.2325945107973 232.32524703174749 119.84038720104581 578.15437270408802 152.67012878185415 3.0181660011730846 69.675586386930263 158.77843918464168 96.248617570388888 23.992970037721534 99.026518296954237 363.96082354934879 29.561941700882016
leaf_count=21434 1379948 1023 281820 839 70735 2840 376 70913 49290 1471 602 15240 219302 55167
internal_value=-0.000163111 0.00207434 -0.00183491 0.00216612 -0.00937009 0.0190486 0.0355327 -0.00100052 0.0163476 0.0123391 0.00657321 0.00276441 -0.00856549 -0.0254438
internal_weight=3018.41 2875.05 2336.86 1526.38 810.48 538.189 155.688 1247.77 278.619 382.501 286.252 262.259 463.198 99.2375
internal_count=2171000 791052 769500 416945 352555 21552 3216 366816 50129 18336 16865 16263 345382 126080
is_linear=0
shrinkage=0.05


Tree=80
num_leaves=15
num_cat=0
split_feature=3 28 8 3 18 18 4 4 10 8 16 26 1 10
split_gain=114.704 82.0013 38.1053 23.9661 22.1972 16.3447 15.4848 12.3568 12.2117 16.2662 13.1369 13.524 17.4014 14.5904
threshold=0.15491789579391482 2.5000000000000004 7.5000000000000009 0.046789705753326423 0.69740217924118053 0.28689375519752508 0.045996248722076423 0.0028241276741027836 0.011905506253242494 94.500000000000014 3.0201274156570439 0.097619049251079573 20.500000000000004 0.022490310482680801
decision_type=10 10 8 8 10 8 10 10 8 10 8 10 8 8
left_child=1 2 5 4 6 -1 -4 -6 -5 10 11 13 -13 -10
right_child=-2 -3 3 8 7 -7 -8 -9 9 -11 -12 12 -14 -15
leaf_value=0.027954344043113075 -0.045033397384415252 0.03131887841086807 0.0031673576961383184 -0.043505586958322046 -0.058515535265189635 0.0030179337177466941 0.043425562059732192 -0.012183582256039049 -0.083986042800624119 0.015634511152838461 -0.012327396887976705 -0.033819217760592303 0.040601394291394519 -0.002215859503931166
leaf_weight=154.9527375471107 135.79869915007521 220.09362719431192 1186.109694343093 23.891097041207104 16.817896335443947 114.10075597919604 24.376538355078083 99.715981998029747 5.6422415516135507 71.60211542995512 723.82108204062479 9.9091595379641131 37.888766910013146 164.64404533485504
leaf_count=3053 1379867 3649 22712 62271 911 4509 385 2342 3142 10633 578524 978 10107 88037
internal_value=-0.000136581 0.00200002 -0.000450318 -0.00247919 0.00197163 0.0173793 0.00397807 -0.0188701 -0.0081726 -0.00733971 -0.00908617 0.00167146 0.025173 -0.00492522
internal_weight=2989.36 2853.57 2633.47 2364.42 1327.02 269.053 1210.49 116.534 1037.4 1013.51 941.905 218.084 47.7979 170.286
internal_count=2171120 791253 787604 780042 26350 7562 23097 3253 753692 691421 680788 102264 11085 91179
is_linear=0
shrinkage=0.05


Tree=81
num_leaves=15
num_cat=0
split_feature=3 27 1 14 15 11 18 18 15 8 12 14 2 18
split_gain=104.028 92.3693 40.2955 31.6567 18.7221 17.6518 21.8925 17.0819 16.5112 16.5104 14.315 13.6709 13.5921 11.7382
threshold=0.15491789579391482 2.9325778484344487 4.5000000000000009 1.0000000180025095e-35 1.0000000180025095e-35 0.83333334326744091 0.35312037169933325 0.42872086167335516 1.0000000180025095e-35 69.500000000000014 0.15707236528396609 1.0000000180025095e-35 1.5781238675117495 0.56770214438438427
decision_type=10 10 8 10 8 8 10 8 8 8 10 8 8 8
left_child=1 2 4 7 11 6 9 -3 -7 -4 -10 -1 -5 -13
right_child=-2 3 5 12 -6 8 -8 -9 10 -11 -12 13 -14 -15
leaf_value=-0.045746681114187948 -0.044434393268008271 0.033336010463334301 0.0097182968884266807 -0.02583091340093437 0.006769714273501256 -0.026034878644056087 -0.035970115360821869 0.0035485672034491172 -0.0029180533368621808 -0.016188434701916166 0.047438071379849428 0.0062642346794983487 0.010380640061130268 -0.054240037178417938
leaf_weight=28.631446085619245 128.96898373123895 307.74582133435524 79.683295580278354 37.479890667875225 949.92647857227303 78.598771689121349 108.71920215524597 57.051921310165199 758.06077569489389 269.50136829174062 14.381002315782096 49.136362289638782 83.973378152822988 9.5789869959262415
leaf_count=626 1380323 15031 12034 17613 12733 69648 132782 9352 296408 219389 2130 568 3317 173
internal_value=-0.000517209 0.00148244 -0.00262808 0.0213162 0.00473277 -0.00846119 -0.0163769 0.0286775 -0.00420211 -0.0102766 -0.00198054 -0.0174197 -0.00079407 -0.0036066
internal_weight=2961.44 2832.47 2346.22 486.251 1037.27 1308.94 457.904 364.798 851.041 349.185 772.442 87.3468 121.453 58.7153
internal_count=2172127 791804 746491 45313 14100 732391 364205 24383 368186 231423 298538 1367 20930 741
is_linear=0
shrinkage=0.05


Tree=82
num_leaves=15
num_cat=0
split_feature=3 27 10 0 27 16 0 16 14 12 16 7 27 25
split_gain=99.3188 82.4573 37.8795 25.7061 21.0723 23.8987 14.6683 15.5714 12.9992 15.9156 12.3741 14.9476 10.9155 10.7677
threshold=0.15491789579391482 2.9325778484344487 0.030186134390532974 0.59678432345390331 9.0099573135375994 2.9174053668975835 0.7098187804222108 3.5114340782165532 1.0000000180025095e-35 0.099019609391689314 4.388237953186036 40.056016921997077 3.2228242158889775 1.5000000000000002
decision_type=10 10 10 8 10 8 10 10 10 8 10 8 10 10
left_child=1 2 3 -1 5 -3 7 -5 -9 -10 12 -12 -7 -6
right_child=-2 4 -4 6 13 10 -8 8 9 -11 11 -13 -14 -15
leaf_value=-0.031190686273799229 -0.044442721487979453 0.032993449107025015 0.017694789333711596 -0.0025487573313317555 0.05791653569418951 0.037355751561361034 0.0017843290052680417 -0.017249842860621336 -0.017249842860621336 -0.0025487573313317555 -0.078210902858769013 -0.0052832102966912237 0.0045405976910487412 0.027700626582241067
leaf_weight=86.20464092138991 122.67820901071445 104.57996126961825 212.59127304228014 532.8195823354381 39.867120034872642 30.329108210451523 830.78901678210968 244.45337890939845 109.77248540584696 297.29987495934074 8.673627277542435 36.994956768425254 154.10402745956799 113.21239465922372
leaf_count=220109 1379647 3836 2289 152913 475 3954 21661 135623 74126 139427 3060 13093 16351 4444
internal_value=-0.000407922 0.00152024 -0.00241801 -0.00445281 0.0202032 0.0131747 -0.003309 -0.00688184 -0.0122379 -0.00629371 0.00416714 -0.019134 0.00993689 0.0355699
internal_weight=2924.37 2801.69 2313.93 2101.34 487.761 334.682 2015.13 1184.35 651.526 407.072 230.102 45.6686 184.433 153.08
internal_count=2171008 791361 746148 743859 45213 40294 523750 502089 349176 213553 36458 16153 20305 4919
is_linear=0
shrinkage=0.05


Tree=83
num_leaves=15
num_cat=0
split_feature=3 27 9 15 16 14 3 7 14 2 17 8 16 26
split_gain=96.549 83.8643 31.7947 36.3654 31.6874 22.554 19.4976 17.3158 16.7221 24.9473 17.8479 15.2927 14.6529 18.8867
threshold=0.15491789579391482 2.9325778484344487 0.70931425690650951 1.0000000180025095e-35 2.8029010295867924 1.0000000180025095e-35 0.056967675685882575 29.035796165466312 1.0000000180025095e-35 1.5781238675117495 4.8789997100830087 31.500000000000004 3.65057384967804 0.24404761940240863
decision_type=10 10 10 10 8 10 8 10 10 10 8 10 8 10
left_child=1 2 3 4 6 12 -1 -5 9 11 -10 -6 -3 -14
right_child=-2 5 -4 7 8 -7 -8 -9 10 -11 -12 -13 13 -15
leaf_value=0.017669347128749124 -0.044483164058828392 0.034914649491358994 0.01619130384766311 0.002384806985878435 -0.036230139698039593 0.0021497389185625797 -0.014849803899273456 0.031127250197759106 -0.036641069464910879 -0.0087740333843572497 -0.0027606962851673871 -0.0084946836157263877 -0.011007267849961692 0.027772891197704631
leaf_weight=155.68835762358185 116.59581694944063 225.85138144890061 216.95543293300398 749.96688287188772 205.75161545384253 120.99255822547866 65.480360707102591 56.336774285045976 42.714041722683305 310.39804840877332 432.09762481518919 65.528327256125522 48.215087226135438 90.00409993189578
leaf_count=2846 1379791 8349 6967 144175 270568 20870 61500 4034 36739 9529 165630 43871 8009 8087
internal_value=9.2685e-05 0.00195822 -0.00202485 -0.00392128 -0.00916828 0.0208521 0.00804156 0.00439305 -0.012771 -0.0184544 -0.00580857 -0.0295306 0.0270675 0.0142452
internal_weight=2902.58 2785.98 2300.92 2083.96 1277.66 485.063 221.169 806.304 1056.49 581.678 474.812 271.28 364.071 138.219
internal_count=2170965 791174 745859 738892 590683 45315 64346 148209 526337 323968 202369 314439 24445 16096
is_linear=0
shrinkage=0.05


Tree=84
num_leaves=15
num_cat=0
split_feature=27 0 15 16 9 0 16 15 0 27 17 0 27 27
split_gain=90.571 83.1601 32.53 23.6621 22.7017 16.6561 19.3583 20.5365 16.0748 15.3253 13.1119 10.6137 11.0359 10.238
threshold=2.9325778484344487 0.59678432345390331 1.0000000180025095e-35 4.4127798080444345 0.70931425690650951 0.69005811214447033 3.4811217784881596 1.0000000180025095e-35 0.67555695772171032 18.108415603637699 5.4951148033142099 0.64143136143684398 7.9582543373107919 15.137131690979006
decision_type=10 8 8 10 10 10 10 10 8 10 8 8 10 10
left_child=1 -1 -3 9 5 6 -4 -8 -5 10 -2 -12 -13 -10
right_child=3 2 4 8 -6 -7 7 -9 13 -11 11 12 -14 -15
leaf_value=-0.03763196493530075 0.027153806947339446 -0.019489758735450696 -0.0017463664535556187 -0.040865035336068778 0.016720721640462035 0.0030612636684578783 -0.019489758735450696 -0.0017463664535556187 -0.0032969464774420983 0.058044508186896882 -0.035193838304790288 0.0008298580607509023 0.036798767331408792 0.050645380868914951
leaf_weight=169.91701487828914 281.43471031293484 208.28977857946029 388.00350054107821 23.485783786634329 196.86666752226847 1028.7551905152036 255.38247890323282 157.74071174917117 37.016737190826461 30.820535869981541 13.230930040248493 65.492414399337576 31.621775928488205 11.537969537668685
leaf_count=1304855 51185 125764 167180 78392 4906 37651 254523 112859 3667 863 25185 3792 424 233
internal_value=9.64768e-05 -0.00391115 -0.00134755 0.0195817 0.000587375 -0.00114832 -0.006554 -0.014473 -0.00690507 0.0240968 0.0214262 0.0068181 0.0125419 0.00952127
internal_weight=2899.6 2404.96 2235.04 494.641 2026.75 1829.88 801.127 413.123 72.0405 422.6 391.78 110.345 97.1142 48.5547
internal_count=2171479 2007738 702883 163741 577119 572213 534562 367382 82292 81449 80586 29401 4216 3900
is_linear=0
shrinkage=0.05


Tree=85
num_leaves=15
num_cat=0
split_feature=3 26 18 14 10 15 1 11 18 16 14 9 10 2
split_gain=82.3434 55.3398 26.2335 28.2654 25.9612 26.0214 25.2479 17.4901 17.8045 12.2391 24.0204 16.1074 12.1025 11.5153
threshold=0.15491789579391482 0.24404761940240863 0.63166785240173351 1.0000000180025095e-35 0.032654678449034698 1.0000000180025095e-35 6.5000000000000009 0.52272728085517894 0.10056396201252939 3.7954261302948002 1.0000000180025095e-35 0.99943557381629955 0.012048386037349703 0.06124559976160527
decision_type=10 10 10 10 10 8 8 8 8 8 10 8 8 8
left_child=1 4 3 -3 5 9 -7 -5 -9 -1 -11 -12 -8 -14
right_child=-2 2 -4 7 -6 6 12 8 -10 10 11 -13 13 -15
leaf_value=-0.0034710711576285422 -0.043241475855512176 0.031568657218469347 -0.022468403292093431 -0.024549441091411581 0.040191347172655691 0.0048873881090215308 -0.047771176153203733 -0.022954696020519416 0.030915451315269345 -0.057442059534729334 0.026589973491847826 -0.024107277936689066 0.23483127066402487 -0.0055176192259503015
leaf_weight=84.099326454057518 106.86427948923938 257.9684120677648 35.82270466753198 40.642780218006919 36.796962459964561 1081.7648533505094 17.142330564805889 21.198774721036898 55.480486581851437 45.374770322526274 20.107799443008844 70.947897765155176 0.49859684420880512 987.59914922450344
leaf_count=34017 1380523 21817 15483 13337 595 19010 46332 1496 4607 39770 4873 38699 1905 549263
internal_value=-0.000178325 0.00149179 0.0184126 0.0223149 -0.00147553 -0.00213997 -0.000413997 0.00196754 0.0160225 -0.0184738 -0.0277219 -0.0129118 -0.00611896 -0.00539634
internal_weight=2862.31 2755.44 411.113 375.29 2344.33 2307.53 2087 117.322 76.6793 220.53 136.43 91.0557 1005.24 988.098
internal_count=2171727 791204 56740 41257 734464 733869 616510 19440 6103 117359 83342 43572 597500 551168
is_linear=0
shrinkage=0.05


Tree=86
num_leaves=15
num_cat=0
split_feature=3 28 3 4 18 10 7 18 12 8 18 15 14 18
split_gain=80.0653 64.1255 26.0174 22.8314 21.7115 12.4043 12.1265 11.9451 10.9987 10.5356 14.8232 12.9057 10.3333 10.4548
threshold=0.15128156542778018 2.5000000000000004 0.039126038551330573 0.044625043869018562 0.34923250973224645 0.01586206536740065 19.750460624694828 0.66698172688484203 0.037386443465948112 7.5000000000000009 0.16972801834344867 1.0000000180025095e-35 inf 0.77569293975830089
decision_type=10 10 8 10 8 10 10 10 8 8 10 10 8 10
left_child=1 2 3 6 9 -2 7 8 -1 10 -4 -12 13 -9
right_child=5 -3 4 -5 -6 -7 -8 12 -10 -11 11 -13 -14 -15
leaf_value=-0.012116609756388008 -0.046340237992325825 0.028967723802224767 0.037947114213179936 0.04224492747861016 -0.016620076687978807 0.037222444546833419 0.012400773021857525 -0.04308576228470528 0.0045136869292517756 -0.003102180808877831 -0.035364279931940683 0.067388689951310768 -0.053886890359772857 -0.00024581592312257586
leaf_weight=113.39254754394278 101.18863393164293 199.19235558869877 36.839182553971114 38.510912199419181 335.60523984401334 4.6449250809482683 280.05044162595186 17.877274907485116 806.9520623320609 815.43025757307987 15.98852537009043 3.7779056469153138 14.978383159963412 70.026355178284575
leaf_count=2174 1389765 3542 1260 1001 297909 23737 2019 387 12135 433392 1283 83 462 1311
internal_value=2.5114e-06 0.00164569 -0.000489039 0.00430286 -0.00581323 -0.0426728 0.00318169 0.000658493 0.00246472 -0.00165418 0.0192049 -0.0157254 -0.0154994 -0.00895833
internal_weight=2854.46 2748.62 2549.43 1341.79 1207.64 105.834 1303.28 1023.23 920.345 872.036 56.6056 19.7664 102.882 87.9036
internal_count=2170460 756958 753416 19489 733927 1413502 18488 16469 14309 436018 2626 1366 2160 1698
is_linear=0
shrinkage=0.05


Tree=87
num_leaves=15
num_cat=0
split_feature=27 0 7 15 14 0 16 16 28 26 16 12 15 25
split_gain=78.3935 69.3699 31.0215 22.7975 18.99 14.4041 13.3917 13.384 11.1579 11.0064 16.2151 14.9826 10.6421 9.5878
threshold=2.9325778484344487 0.59752917289733898 28.783537864685062 1.0000000180025095e-35 1.0000000180025095e-35 0.70199033617973339 2.6735538244247441 3.0677825212478642 1.5000000000000002 0.19523809850215915 6.4819416999816903 0.0015100169694051149 1.0000000180025095e-35 2.5000000000000004
decision_type=10 8 10 8 10 10 10 8 8 10 10 10 10 8
left_child=1 -1 3 -3 7 6 -5 -2 13 10 -9 -12 -4 -6
right_child=4 2 12 5 8 -7 -8 9 -10 -11 11 -13 -14 -15
leaf_value=-0.03653817532035214 0.035993095621928567 -0.019256997198239964 0.0079017275573866393 -0.002468286170500674 -0.0079841506232160402 0.0021358977353359196 -0.011055278469552472 -0.0056605335137872572 0.013655037821434332 0.022439564155310763 -0.30773117861938659 0.93007845432247871 0.030591898288805066 -0.069345708121578364
leaf_weight=155.53566522525352 139.34092244469184 174.02912525869942 240.2498701299819 169.59465473361411 41.848854796588512 824.94254960163562 705.66831881668782 50.561093176079339 70.764061123720467 160.71680274879827 0.034216494978862921 0.085618408234950039 65.837849485364131 7.5081242109556561
leaf_count=1312777 10549 116192 26220 54676 38587 23736 468861 29721 14253 48777 207 31 5156 21853
internal_value=-0.000525448 -0.00427719 -0.00197582 -0.00438601 0.0180863 -0.00260455 -0.00707247 0.0239626 0.000928249 0.0160329 -0.00428367 0.576646 0.0127823 -0.0173184
internal_weight=2806.72 2335.86 2180.32 1874.23 470.86 1700.21 875.263 350.739 120.121 211.398 50.6809 0.119835 306.088 49.357
internal_count=2171596 2007618 694841 663465 163978 547273 523537 89285 74693 78736 29959 238 31376 60440
is_linear=0
shrinkage=0.05


Tree=88
num_leaves=15
num_cat=0
split_feature=3 27 8 18 2 18 1 16 8 17 18 2 8 17
split_gain=70.8946 60.3768 25.1955 25.9514 16.7871 13.7511 14.9986 10.8305 54.1044 10.6675 13.8715 10.5377 10.3317 10.3442
threshold=0.15491789579391482 7.2879035472869882 7.5000000000000009 0.28689375519752508 1.7195320725440981 0.36159096658229833 22.500000000000004 6.4819416999816903 192.50000000000003 5.7413980960845956 0.3776132613420487 -0.086816500872373567 101.50000000000001 3.6242519617080693
decision_type=10 10 8 8 10 10 10 10 10 10 10 8 10 8
left_child=1 2 3 -1 5 12 9 -2 -9 10 -7 -10 13 -4
right_child=7 -3 4 -5 -6 6 -8 8 11 -11 -12 -13 -14 -15
leaf_value=0.028632078533118718 -0.044155729638790109 0.028863627668862787 0.047598351317142809 -0.0038617073417765973 0.004114254092031663 -0.093104477311646797 -0.028911790225194568 0.037871043874902123 1.3350318620665358 0.011127946451207181 -0.010453695688066486 3.0146016210565723 0.015081805275309279 -0.0041211365380861608
leaf_weight=143.37563300763441 92.385678122114996 190.4835732874908 9.7556164446305029 107.53263831922959 752.93036612887227 5.2256092911675287 110.49980901103572 0.67146345193964307 0.032368929153562931 62.381805022534536 177.9647417111355 0.013125574413606955 78.925618457673863 1074.090576072138
leaf_count=3007 1372071 7831 1698 4538 11976 1998 210563 7983 129 8391 53091 34 25595 462534
internal_value=0.000247755 0.00171991 -0.000329663 0.0147061 -0.0019903 -0.00501649 -0.0136138 -0.0426534 0.150931 -0.00673014 -0.0128114 1.8196 -0.00238377 -0.00365561
internal_weight=2806.27 2713.17 2522.68 250.908 2271.77 1518.84 356.072 93.1026 0.716958 245.572 183.19 0.0454945 1162.77 1083.85
internal_count=2171439 791222 783391 7545 775846 763870 274043 1380217 8146 63480 55089 163 489827 464232
is_linear=0
shrinkage=0.05


Tree=89
num_leaves=15
num_cat=0
split_feature=3 27 15 7 1 11 16 27 17 16 25 26 27 8
split_gain=67.1722 61.2256 29.491 23.8261 19.7077 20.0324 25.0907 16.8735 14.0583 11.4192 10.4226 13.6925 8.9277 8.69551
threshold=0.16582301259040835 3.0573540925979619 1.0000000180025095e-35 48.882793426513679 6.5000000000000009 inf 2.2499048709869389 9.0099573135375994 5.1789667606353769 4.7916412353515634 1.5000000000000002 0.13961039483547213 18.108415603637699 3.5000000000000004
decision_type=10 10 8 10 8 8 8 10 8 10 10 10 10 10
left_child=1 2 -1 4 -4 6 -6 8 9 -3 -9 -12 -13 -5
right_child=-2 7 3 13 5 -7 -8 10 -10 -11 11 12 -14 -15
leaf_value=-0.02066681089159245 -0.046159261181695888 0.023785795003673598 0.0028131988976949195 0.03165170517944798 0.008904854127275234 -0.0022344053015694201 -0.02302526329615465 0.058001544710855703 0.00041126128676467565 -0.06116524299918219 -0.050901817002161676 0.017802358346109437 0.048854567652914987 0.008904854127275234
leaf_weight=205.1789232700512 78.446336215927658 155.47926075600481 968.03413135719097 72.748291134696046 31.010015842835401 627.03874481184448 277.1142924472972 30.643412387928947 153.00729632004595 4.0590977838951394 5.6425794849737931 63.293737299406985 36.492620307138168 56.49491634493188
leaf_count=131870 1279307 13483 18504 1509 15121 323887 345406 505 25336 3995 314 3839 926 7739
internal_value=-0.000552628 0.000779225 -0.00260072 -0.000776912 -0.00218766 -0.0073643 -0.0178037 0.0176377 0.0112395 0.0216244 0.032334 0.0248735 0.0291584 0.0199974
internal_weight=2764.68 2686.24 2237.62 2032.44 1903.2 935.163 308.124 448.618 312.546 159.538 136.072 105.429 99.7864 129.243
internal_count=2171741 892434 844036 712166 702918 684414 360527 48398 42814 17478 5584 5079 4765 9248
is_linear=0
shrinkage=0.05


Tree=90
num_leaves=15
num_cat=0
split_feature=3 9 18 26 0 2 14 26 12 15 16 18 2 12
split_gain=60.6004 48.7317 25.8301 16.5203 16.1003 14.4625 17.461 14.444 12.8552 12.2384 11.4401 14.5911 11.6901 10.9768
threshold=0.16582301259040835 0.2984511554241181 0.30671598017215734 0.051315790042281158 0.60122540593147289 0.29436317086219793 1.0000000180025095e-35 0.093073595315217986 0.037386443465948112 1.0000000180025095e-35 5.2704288959503183 0.69740217924118053 1.1870840191841128 0.19615384936332705
decision_type=10 10 8 8 8 8 8 8 8 10 10 8 8 10
left_child=1 4 3 9 -1 6 -5 -8 -6 -3 11 13 -12 -10
right_child=-2 2 -4 5 8 -7 7 -9 10 -11 12 -13 -14 -15
leaf_value=-0.024204435078360582 -0.04482637509543741 0.00074233944266424907 0.0001511748481604789 -0.052213394333693833 -0.012837536611851691 0.024846534183034175 1.4899604239061444 0.28686646543373229 -0.00058398616034316397 0.037523792185145899 -0.013285542051727854 -0.013285542051727854 0.028452300305561291 0.043445483626952303
leaf_weight=88.607202063285058 74.108801139724619 148.53652126720363 311.80739943615777 0.48398061193574871 251.65236559558321 307.34292426984939 0.025706295612508367 0.84515833410864616 1340.9877030030125 26.677313266662168 12.830952796520249 99.480664196740008 59.415376529321293 14.306664718852515
leaf_count=282327 1278844 20940 49329 2770 101244 10542 117 1571 351373 1720 20878 42666 5409 1413
internal_value=-0.000228669 0.00101244 0.0113738 0.018605 -0.00340291 0.0255651 0.188567 0.32238 -0.00236665 0.00634253 -0.000641052 -0.00160548 0.0187791 -0.000119205
internal_weight=2737.11 2663 795.719 483.912 1867.28 308.698 1.35485 0.870865 1778.67 175.214 1527.02 1454.78 72.2463 1355.29
internal_count=2171143 892299 86989 37660 805310 15000 4458 1688 522983 22660 421739 395452 26287 352786
is_linear=0
shrinkage=0.05


Tree=91
num_leaves=15
num_cat=0
split_feature=27 0 15 8 10 16 14 17 27 12 28 0 3 9
split_gain=59.9947 53.6909 24.951 19.2822 18.217 18.1444 17.5843 17.259 15.5651 13.5511 13.2905 12.3009 12.2592 13.3867
threshold=2.9596748352050786 0.58062705397605907 1.0000000180025095e-35 1.5000000000000002 0.02614811155945063 4.388237953186036 1.0000000180025095e-35 5.2704288959503183 6.2229549884796151 0.039607843384146697 1.5000000000000002 0.7401445508003236 0.039126038551330573 0.55854681134223949
decision_type=10 8 8 8 10 10 8 8 10 8 10 10 10 10
left_child=1 -1 -3 -2 9 6 -5 12 -7 10 11 -4 13 -6
right_child=3 2 4 5 7 8 -8 -9 -10 -11 -12 -13 -14 -15
leaf_value=-0.038398446235782861 0.042941627183778475 -0.017638817705737077 -0.019634943562040839 0.029077131040332355 -0.019634943562040839 -0.051343784618405178 0.006065469177070122 0.027531955821941196 0.003968792745218391 0.00051665785318956816 0.016359005370997225 0.0039267366056678259 -0.019634943562040839 0.014509897501891789
leaf_weight=99.625071361023629 63.199630835275457 201.56212722870623 134.3385391601671 170.84136371860882 30.882894811962615 17.521824261788424 161.49059780348057 112.83043884372455 46.398315295975863 1462.7637966519571 33.52147164865346 56.582223230216186 25.886344394697517 143.83972073654468
leaf_count=1133636 1058 146537 123289 28075 311 43565 49340 1866 39991 590960 8147 754 2654 1118
internal_value=0.000797076 -0.00249564 -0.000871441 0.0172934 0.000817848 0.0132027 0.017895 0.0118874 -0.0111935 -0.00123859 -0.0126781 -0.0177764 0.00308831 0.00808249
internal_weight=2761.28 2301.83 2202.21 459.452 2000.65 396.252 332.332 313.439 63.9201 1687.21 224.442 190.921 200.609 174.723
internal_count=2171301 2009272 875636 162029 729099 160971 77415 5949 83556 723150 132190 124043 4083 1429
is_linear=0
shrinkage=0.05


Tree=92
num_leaves=15
num_cat=0
split_feature=27 0 16 0 14 4 16 27 10 1 1 8 17 16
split_gain=59.2362 49.0516 20.6566 26.7886 22.0086 16.8845 15.4087 13.3555 12.9748 12.3571 10.4661 8.70834 13.0848 8.61123
threshold=7.6647894382476816 0.58062705397605907 3.0201274156570439 0.69005811214447033 1.0000000180025095e-35 0.0053993761539459237 2.8617925643920903 1.023424029350281 0.02470413222908974 2.5000000000000004 100.50000000000001 2.5000000000000004 4.3502571582794198 4.1666352748870858
decision_type=10 8 8 8 10 10 10 10 10 8 10 8 10 10
left_child=1 -1 4 13 7 -6 -7 9 -5 -3 -8 -2 -13 -4
right_child=11 2 3 8 5 6 10 -9 -10 -11 -12 12 -14 -15
leaf_value=-0.035544981046608186 0.041046161340085173 0.023017562447093368 -0.0072185137760879875 -0.0013770644979422457 -0.018257148055243051 -0.0085380126891669694 0.023165187620976441 0.030348907508624026 0.012156339068206994 7.0016261602068677e-05 0.11948369483160221 -0.036699375036503723 0.02417821510799106 -0.018257148055243051
leaf_weight=107.09663048341702 72.103157961506668 94.849029454681386 433.58238404663848 1014.5269763757769 71.209462080494859 65.916839665798761 39.701061359255618 101.47737811126876 214.55909820844499 153.78331957196565 3.0360435647326076 9.7660274252957588 91.7593439224554 238.26761366838309
leaf_count=1219967 1183 853 364177 94096 11731 24545 3910 10000 2639 69790 5487 3497 30833 329159
internal_value=-0.000495397 -0.00242831 -0.000969315 -0.00340296 0.00775983 -0.00645594 0.00662324 0.015063 0.000985435 0.00882412 0.0300077 0.0277588 0.0183222 -0.0114311
internal_weight=2711.63 2538.01 2430.91 1900.94 529.973 179.863 108.654 350.11 1229.09 248.632 42.7371 173.629 101.525 671.85
internal_count=2171867 2136354 916387 790071 126316 45673 33942 80643 96735 70643 9397 35513 34330 693336
is_linear=0
shrinkage=0.05


Tree=93
num_leaves=15
num_cat=0
split_feature=27 3 18 10 15 14 11 1 18 14 4 10 10 27
split_gain=55.3827 45.1721 23.9097 23.0924 14.979 17.174 15.3793 22.644 17.7723 14.8366 14.6442 11.308 11.3075 11.1469
threshold=2.9325778484344487 0.16582301259040835 0.41906738281250006 0.027823104523122314 1.0000000180025095e-35 1.0000000180025095e-35 0.10555555671453477 8.5000000000000018 0.10792508721351625 1.0000000180025095e-35 0.0082121491432189959 0.022966272197663787 0.023503412492573265 1.023424029350281
decision_type=10 10 10 10 8 10 8 8 10 10 10 10 10 10
left_child=1 3 9 4 5 12 7 -6 10 -2 -9 -11 -1 -12
right_child=2 -3 -4 -5 6 -7 -8 8 -10 11 13 -13 -14 -15
leaf_value=-0.030817574041826293 0.026925561038980507 -0.045394623346247831 -0.010537305189052736 0.011901301315071389 -0.00037103762415588106 -0.0051806087530491792 0.00094564359519679758 -0.026313401121455717 -0.029904169538791759 -0.0030753137580184667 0.0027410265189419048 0.043335831834833714 -0.106931531724761 0.058959765068646877
leaf_weight=67.192047389374238 280.99167825059249 61.462987965135198 70.972873951257952 265.14272621228565 330.1721982214126 113.39454602528349 1155.8557508173212 36.767702903853433 165.48640253729423 82.309528166400014 40.687352112342069 15.614203652468857 5.2616139162946629 11.25666622771905
leaf_count=69947 46045 1166805 82660 4258 11721 61138 339835 24425 276480 35034 45613 180 432 6878
internal_value=7.98188e-05 -0.00311887 0.0160963 -0.00193304 -0.00383747 -0.0173302 -0.00239652 -0.00900714 -0.0202244 0.0210849 -0.00216733 0.00432507 -0.036345 0.0149241
internal_weight=2702.57 2252.68 449.888 2191.22 1926.07 185.848 1740.23 584.37 254.198 378.915 88.7117 97.9237 72.4537 51.944
internal_count=2171451 2007532 163919 840727 836469 131517 704952 365117 353396 81259 76916 35214 70379 52491
is_linear=0
shrinkage=0.05


Tree=94
num_leaves=15
num_cat=0
split_feature=3 27 0 18 7 15 17 27 8 1 18 27 11 18
split_gain=51.1847 41.8044 17.6696 17.1568 14.8906 13.1497 13.0954 18.2871 9.73449 8.32236 7.87165 7.63818 7.45956 14.4748
threshold=0.16582301259040835 2.8625483512878422 0.59678432345390331 0.43398620188236242 47.086400985717781 1.0000000180025095e-35 5.1269311904907235 9.0099573135375994 69.500000000000014 2.5000000000000004 0.057957470417022712 8.386332035064699 0.41428571939468389 3.155902743339539
decision_type=10 10 8 10 10 8 8 8 8 8 8 10 10 10
left_child=1 2 8 6 5 -4 -3 11 -1 -7 -6 -8 -2 -14
right_child=12 3 4 -5 10 9 7 -9 -10 -11 -12 -13 13 -15
leaf_value=-0.012775410155159843 -0.045366969790314335 0.030242191078328186 -0.012775410155159843 -0.0083670712043363068 0.047536099915254294 0.0047669049327547508 0.0041705096658025435 0.033589952133142649 -0.037250728747533907 -0.002555691038869129 0.010918984998147823 -0.059395805813023561 -0.05013697885544726 0.47968880046719103
leaf_weight=15.029358689838771 63.167255714013208 163.32471091068942 174.71586871097679 64.464426940209478 16.603740671769629 566.23331757567098 149.85770288356844 66.06460155579407 59.711482996184259 1232.8680153998937 126.47986199092884 4.8796862215431238 0.36438040319626352 0.19948259874672658
leaf_count=20162 1272591 8801 98445 20476 799 5367 22360 2260 251546 453691 8257 278 6639 82
internal_value=0.000526918 0.00159571 -0.00125072 0.0155023 -0.000407134 -0.0015362 0.019508 0.0115681 -0.0251437 -0.000251042 0.0151681 0.00216593 -0.0437508 0.137304
internal_weight=2703.96 2640.23 2191.64 448.591 2116.9 1973.82 384.127 220.802 74.7408 1799.1 143.084 154.737 63.7311 0.563863
internal_count=2171754 892442 838267 54175 566559 557503 33699 24898 271708 459058 9056 22638 1279312 6721
is_linear=0
shrinkage=0.05


Tree=95
num_leaves=15
num_cat=0
split_feature=27 0 12 18 15 7 27 16 11 1 9 8 1 12
split_gain=49.8241 43.608 19.6587 19.3702 15.7288 12.9525 12.5544 11.1078 20.6236 12.7751 8.8476 8.70685 8.48067 7.95711
threshold=2.7921334505081181 0.57474446296691906 0.19615384936332705 0.43398620188236242 1.0000000180025095e-35 48.882793426513679 8.5971584320068377 2.6020033359527592 0.10555555671453477 6.5000000000000009 0.31636880338191992 3.5000000000000004 132.50000000000003 0.034785239025950439
decision_type=10 8 10 10 8 10 10 10 8 10 8 10 8 8
left_child=1 -1 4 6 10 7 -2 12 9 13 -3 -7 -6 -9
right_child=3 2 -4 -5 5 11 -8 8 -10 -11 -12 -13 -14 -15
leaf_value=-0.04024472652138459 0.013761099303329499 0.015890456994524984 0.042472416272569244 -0.0098772921744964496 0.0066051477339270862 0.028081632110207057 0.033758933996707118 -0.020985598377671544 0.00046817266274933522 -0.020985598377671544 -0.019257630395369429 0.0066051477339270862 -0.020985598377671544 -0.0026962002076625206
leaf_weight=76.07511644969577 279.72871077040122 19.918949375720331 24.867425857452872 66.248923095628243 230.23103492129235 65.892571479298567 109.08795763064381 42.753796284597229 1058.8402794046733 180.09606246990552 177.03911435411464 52.837859992880567 20.275063645473665 281.88236945079416
leaf_count=1067321 77472 15272 4310 83562 40122 1597 9705 8052 354015 296980 136489 8920 35097 32255
internal_value=3.58083e-05 -0.00304008 -0.00172647 0.0151137 -0.00224254 -0.000870888 0.0193718 -0.00191803 -0.00349651 -0.0118137 -0.015703 0.0151283 0.00660515 -0.00584718
internal_weight=2685.78 2230.71 2154.63 455.066 2129.77 1932.81 388.817 1814.08 1563.57 504.732 196.958 118.73 250.506 324.636
internal_count=2171169 2000430 933109 170739 928799 777038 87177 766521 691302 337287 151761 10517 75219 40307
is_linear=0
shrinkage=0.05


Tree=96
num_leaves=15
num_cat=0
split_feature=27 0 18 15 12 17 27 10 3 18 3 1 0 18
split_gain=45.1735 39.6946 17.8235 15.6901 15.4229 13.6863 16.7824 12.0341 11.9813 11.5066 10.6026 10.1746 11.8389 8.91772
threshold=2.9325778484344487 0.59828969836235057 0.43398620188236242 1.0000000180025095e-35 0.19615384936332705 5.3589394092559823 7.6647894382476816 0.01961337681859732 0.066938340663909926 0.15735153108835223 1.0000000180025095e-35 114.50000000000001 0.69005811214447033 0.12822470813989642
decision_type=10 8 10 8 10 8 10 10 10 8 10 10 8 10
left_child=1 13 5 -3 7 -2 10 -5 -8 -9 -7 12 -11 -1
right_child=2 3 -4 4 -6 6 8 9 -10 11 -12 -13 -14 -15
leaf_value=-0.015971245493439517 0.027216686588721228 -0.015086456367108933 -0.0098535130222180117 -0.0027835577623721301 0.042277676420025022 0.019888738579781774 0.034486822076947643 0.018310962480541385 -0.051108102800745327 -0.013574522797453158 -0.014563753986760995 0.090627463180963805 0.0068443146394080515 -0.039278275323621152
leaf_weight=33.314438967413025 209.35059199576608 188.88470007242449 64.005673884895714 1406.7847304474844 21.35196645482938 32.066029890189384 58.554027079546358 142.40453661395804 4.3952171423225073 103.09226881231598 73.557465044849778 3.1603159511287222 227.95893807598259 89.388555466976868
leaf_count=306612 31036 123609 80615 544106 2460 1333 940 3466 8501 9366 41484 259 3423 1014620
internal_value=-5.06029e-05 -0.00296112 0.0145461 -0.0013412 2.18479e-05 0.0186784 0.0080748 -0.000457203 0.0285104 0.00640929 -0.00410439 0.00133809 0.000485708 -0.0306013
internal_weight=2658.27 2216.34 441.929 2093.64 1904.75 377.923 168.573 1883.4 62.9492 476.616 105.623 334.212 331.051 122.703
internal_count=2171830 2007921 163909 686689 563080 83294 52258 560620 9441 16514 42817 13048 12789 1321232
is_linear=0
shrinkage=0.05


Tree=97
num_leaves=15
num_cat=0
split_feature=27 0 10 16 14 15 3 27 12 27 26 16 10 1
split_gain=47.4922 38.0474 17.1541 16.0379 13.3273 11.6939 11.5703 11.1893 10.4968 10.263 10.6978 10.6552 9.62673 9.62174
threshold=2.9325778484344487 0.59678432345390331 0.02614811155945063 3.0677825212478642 1.0000000180025095e-35 1.0000000180025095e-35 0.039126038551330573 8.7537460327148455 0.19615384936332705 3.2228242158889775 0.21980676054954532 4.610145330429078 0.014707310125231745 2.5000000000000004
decision_type=10 8 10 8 10 8 10 10 10 10 10 8 10 8
left_child=1 12 5 -2 6 -3 -4 9 13 11 -11 -5 -1 -7
right_child=3 2 4 7 -6 8 -8 -9 -10 10 -12 -13 -14 -15
leaf_value=-0.038614433972332197 0.028176863944410414 -0.015743026109347049 0.0084462745391256054 0.037367235511341711 0.029404547981945403 0.0039113130290380519 -0.016112650968876815 0.022820772254653753 0.038059566048468815 -0.025497907868978761 0.0038816236665753395 -0.057074163416705403 -0.016112650968876815 -0.0046639870620378224
leaf_weight=97.022793948807475 154.95960280181748 166.14059048034051 216.19139681390425 28.56386557692031 66.729383064703143 457.44111314819384 29.546809175208182 89.947360701567959 16.338270720127184 41.364965820742782 123.47099126482385 3.3353257801782084 15.965117668031096 1148.1127663163998
leaf_count=1271293 15175 125222 1939 10882 897 4469 3386 24337 2375 42681 63165 7782 33552 564453
internal_value=0.000246347 -0.00274065 -0.00122029 0.015217 0.00958854 -0.00310918 0.00420756 0.0082119 -0.00181502 0.00153272 -0.00349106 0.0274926 -0.031005 -0.00222078
internal_weight=2655.13 2213.49 2100.5 441.642 312.468 1788.03 245.738 286.683 1621.89 196.735 164.836 31.8992 112.988 1605.55
internal_count=2171608 2007586 702741 164022 6222 696519 5325 148847 571297 124510 105846 18664 1304845 568922
is_linear=0
shrinkage=0.05


Tree=98
num_leaves=15
num_cat=0
split_feature=3 8 18 26 0 14 16 12 17 18 12 0 8 12
split_gain=41.9681 36.4689 21.4374 23.3374 19.1534 14.4433 13.1801 10.7064 14.5387 10.6261 12.4389 11.2872 9.84375 9.40803
threshold=0.16582301259040835 2.5000000000000004 0.35312037169933325 0.12771739065647128 0.69005811214447033 1.0000000180025095e-35 6.4819416999816903 0.031754031777381904 5.7219483852386483 0.33044974505901342 inf 0.69005811214447033 191.50000000000003 0.19615384936332705
decision_type=10 8 10 10 8 8 10 8 10 8 8 8 10 10
left_child=1 9 3 7 -4 -5 -2 8 -3 -1 -11 -12 13 -9
right_child=6 2 4 5 -6 -7 -8 12 -10 10 11 -13 -14 -15
leaf_value=0.030488184531340713 -0.046017334031223572 0.00010845029554123246 -0.019703474943335551 0.025357531226389413 -0.0016118517215167568 0.0043092863707228117 0.15937987419790117 0.00079987637175797882 -0.031395247160729826 0.040939698049608134 -0.054493788031968908 0.0051434623302100482 -0.086894634172830804 0.043128145121515998
leaf_weight=127.92155729506158 54.055701747364537 87.521068095163628 236.77215474164268 155.8245798150715 382.84816482313181 170.8824516308141 0.79248179106684702 1272.70390353106 62.971966977845113 17.324172499749693 10.435976101171034 33.092845431427122 3.1762418623889053 13.264179368087751
leaf_count=2028 1270905 42012 289948 20319 42132 31783 7604 427915 30444 461 855 579 2028 1523
internal_value=0.000228774 0.00115071 -0.000523093 0.00228395 -0.00852511 0.0143484 -0.0430496 -0.000453907 -0.0130739 0.0223063 0.00510677 -0.00915449 0.00101933 0.00123647
internal_weight=2629.59 2574.74 2385.96 1766.34 619.62 326.707 54.8482 1439.64 150.493 188.775 60.853 43.5288 1289.14 1285.97
internal_count=2170536 892027 888104 556024 332080 52102 1278509 503922 72456 3923 1895 1434 431466 429438
is_linear=0
shrinkage=0.05


Tree=99
num_leaves=15
num_cat=0
split_feature=27 3 7 18 15 14 25 17 27 3 15 18 3 10
split_gain=51.098 34.4469 17.6269 14.656 12.6089 15.9931 10.9535 10.943 14.126 11.0934 10.6429 10.5034 10.4314 12.693
threshold=2.9325778484344487 0.16582301259040835 29.265766143798832 0.46123240888118749 1.0000000180025095e-35 1.0000000180025095e-35 1.5000000000000002 5.3302974700927743 7.6647894382476816 1.0000000180025095e-35 1.0000000180025095e-35 0.87103942036628734 0.056967675685882575 0.01634576823562384
decision_type=10 10 10 10 8 10 10 8 10 8 10 8 10 8
left_child=1 2 4 7 5 -1 12 -2 9 -9 -4 -7 13 -6
right_child=3 -3 10 -5 6 11 -8 8 -10 -11 -12 -13 -14 -15
leaf_value=-0.036650481375528073 0.026985915305332016 -0.044697202641900982 0.0046668190926854583 -0.0079725188441286555 -0.060305703254170784 0.00016879276265410563 -0.055441160896076369 0.027383656836712601 0.028059854047407202 -0.0099901757667988662 0.028527105953047523 -0.059268103670610632 -0.0085824876736586547 0.000687408175061269
leaf_weight=63.260322409934815 208.49125295090153 48.232743576853863 213.89907074365601 56.825084133246946 8.5896552328599665 92.885882176544328 9.6889790192667515 26.097611161341774 67.431081689112943 83.006025784156918 59.802361621421369 8.0793876388051995 456.66733257452006 1225.4015832284877
leaf_count=65027 31540 1167190 31254 77443 13947 49909 11919 129 9867 44662 4849 8261 593551 62434
internal_value=0.000222682 -0.00291127 -0.00196871 0.0157311 -0.00370801 -0.0169382 -0.00243019 0.0192294 0.0100689 -0.00105035 0.00988017 -0.00458743 -0.00212639 0.000262843
internal_weight=2628.36 2186.51 2138.27 441.851 1864.57 164.226 1700.35 385.026 176.535 109.104 273.701 100.965 1690.66 1233.99
internal_count=2171982 2008341 841151 163641 805048 123197 681851 86198 54658 44791 36103 58170 669932 76381
is_linear=0
shrinkage=0.05


Tree=100
num_leaves=15
num_cat=0
split_feature=27 0 12 8 12 17 18 0 26 18 0 16 11 27
split_gain=45.5093 32.7201 17.4387 14.081 10.7391 15.1811 10.4103 9.4866 9.25298 8.62997 11.0929 10.7415 8.40086 7.82298
threshold=2.9325778484344487 0.6155829429626466 0.19615384936332705 1.5000000000000002 0.034785239025950439 3.9607677459716801 0.43398620188236242 0.56696471571922313 0.43167701363563543 0.3858481645584107 0.7401445508003236 5.2548844814300546 0.83333334326744091 6.2705264091491708
decision_type=10 8 10 8 8 10 8 10 10 8 8 10 10 10
left_child=1 7 4 -2 5 -3 8 -1 -5 -6 -11 -12 -7 -10
right_child=3 2 -4 6 9 12 -8 -9 13 10 11 -13 -14 -15
leaf_value=-0.041111670628918649 0.038391623724301632 0.030624031844549822 0.041670344291553411 0.007517774924605744 0.0016291100060617379 -0.012581072151223031 -0.0074204416325429181 -0.016010330325422512 0.015527655080915914 -0.012115538613237825 -0.0032838810742575292 0.028467596944619079 0.057722281693866485 0.040333719703083235
leaf_weight=54.723925236681794 54.14186680550597 20.517456902930462 23.317945385676467 185.20404663166232 1292.3656393073913 229.25618884309642 63.047910578504343 120.57644145225379 86.207924340192221 289.46606646461441 99.788961546779319 36.335340390069177 4.5499259502194027 50.343857065628072
leaf_count=992129 1058 4623 2690 59848 286894 92708 85403 502466 14545 106392 15124 3812 544 3230
internal_value=-0.000166283 -0.0031352 -0.00131587 0.0145171 -0.00182409 -0.0114133 0.011158 -0.0238463 0.0147984 -0.00040452 -0.00657992 0.00519147 -0.0125811 0.0246731
internal_weight=2609.84 2170.9 1995.6 438.946 1972.28 254.324 384.804 175.3 321.756 1717.96 425.59 136.124 233.806 136.552
internal_count=2171466 2007382 512787 164084 510097 97875 163026 1494595 77623 412222 125328 18936 93252 17775
is_linear=0
shrinkage=0.05


Tree=101
num_leaves=15
num_cat=0
split_feature=27 10 10 15 17 1 9 10 1 1 7 16 16 17
split_gain=35.1624 25.6927 15.8558 11.3472 12.3802 10.8934 22.2259 10.7541 10.0188 13.1119 10.2167 10.3721 9.54599 13.3763
threshold=2.9325778484344487 0.011905506253242494 0.02614811155945063 1.0000000180025095e-35 5.9121499061584482 169.50000000000003 0.27554032206535345 0.032654678449034698 8.5000000000000018 4.5000000000000009 17.999129295349125 4.9015574455261239 4.4127798080444345 5.9202361106872567
decision_type=10 8 10 8 10 10 8 10 8 10 8 8 10 10
left_child=1 -1 3 4 8 -5 -7 12 9 10 -3 -12 -2 -14
right_child=7 2 -4 5 -6 6 -8 -9 -10 -11 11 -13 13 -15
leaf_value=-0.043626069446819481 0.0140295321566273 -0.12702583282669594 0.0082923112695807173 -0.0019983791177053613 0.0026300554764957578 0.35626780145622716 -0.027246831658144639 0.048805941803343376 -0.012704851443378538 -0.10225234288553471 -0.014451835294412588 -0.07613515759937127 -0.026536889336512427 0.021955174725156019
leaf_weight=38.186184908971768 354.2627142041415 2.6323250065761377 305.53515602983862 1591.3070084896035 56.732280308388908 0.38040151739698913 54.771445881340583 19.60979585791938 62.17397272747894 7.8237812459110492 33.305754968333986 5.6123759269494249 36.376525734576035 23.349476073178494
leaf_count=669573 80967 70 6869 709806 49985 1483 441905 662 125617 1098 674 179 69665 12658
internal_value=-0.000367347 -0.00297746 -0.00224537 -0.00401953 -0.0163866 -0.00275552 -0.0246016 0.0126258 -0.0260583 -0.0428734 -0.0316926 -0.0252445 0.010912 -0.00757925
internal_weight=2592.06 2158.46 2120.27 1814.74 168.28 1646.46 55.1518 433.599 111.548 49.3742 41.5505 38.9181 413.989 59.726
internal_count=2171211 2007259 1337686 1330817 177623 1153194 443388 163952 127638 2021 923 853 163290 82323
is_linear=0
shrinkage=0.05


Tree=102
num_leaves=15
num_cat=0
split_feature=27 0 7 2 18 16 13 10 20 17 18 16 7 0
split_gain=43.4476 33.1852 14.5437 12.1606 11.039 28.9085 9.6622 9.23691 9.29987 8.96726 8.3829 7.57518 7.12604 6.8649
threshold=2.9325778484344487 0.57987666130065929 28.783537864685062 1.9880797863006594 1.3386034965515139 7.5847010612487802 0.19615384936332705 0.032654678449034698 1.0000000180025095e-35 6.3071868419647226 0.16972801834344867 2.2499048709869389 4.4967830181121835 0.72143161296844494
decision_type=10 8 10 10 10 8 8 10 8 8 8 8 8 10
left_child=1 -1 3 6 7 -6 9 8 13 -3 -4 12 -10 -2
right_child=4 2 10 -5 5 -7 -8 -9 11 -11 -12 -13 -14 -15
leaf_value=-0.038024368862117297 -0.089991701010671485 -0.018265401738609004 0.018551548705079593 0.0020915782307772334 -0.057078044698806465 1.5801781067674847 -0.004129504890166961 0.049512243016857527 -0.098934607897355253 0.0020915782307772334 0.0020915782307772334 0.012121659678927839 0.041659897956902142 0.035664186899977857
leaf_weight=67.345784171133573 3.6905979198775185 235.13407020876411 116.14329510854714 326.22290326600978 6.5715098337270765 0.027071847652223258 1209.834011795258 18.351423557149246 0.92839321758947591 34.017439841301893 165.80444709636413 374.58699954690883 30.840838450140382 1.5407164674252269
leaf_count=1124553 2180 168647 13508 4291 28367 32 652098 643 19 16354 27651 130519 2296 9
internal_value=-0.000564474 -0.0034789 -0.00236423 -0.00401373 0.0138195 -0.0503609 -0.00603567 0.0148045 0.013257 -0.0146039 0.00819688 0.0141098 0.0375513 -0.0529838
internal_weight=2591.04 2154.5 2087.16 1805.21 436.538 6.59858 1478.99 429.939 411.588 269.152 281.948 406.356 31.7692 5.23131
internal_count=2171167 2007102 882549 841390 164065 28399 837099 135666 135023 185001 41159 132834 2315 2189
is_linear=0
shrinkage=0.05


Tree=103
num_leaves=15
num_cat=0
split_feature=27 0 15 12 14 28 18 14 9 16 0 16 16 0
split_gain=30.8476 24.5269 14.3658 11.73 11.1964 14.7904 13.2487 9.88247 12.9466 9.66878 8.30589 12.0653 11.2331 8.43536
threshold=2.9325778484344487 0.57474446296691906 1.0000000180025095e-35 0.19615384936332705 1.0000000180025095e-35 1.5000000000000002 0.87103942036628734 1.0000000180025095e-35 0.31967300176620489 7.5847010612487802 0.70199033617973339 3.5114340782165532 3.7726949453353886 0.69005811214447033
decision_type=10 8 8 10 10 8 10 10 8 10 10 10 10 8
left_child=1 -1 7 10 6 -6 -2 -3 -9 -8 11 -4 -13 -14
right_child=4 2 3 -5 5 -7 9 8 -10 -11 -12 12 13 -15
leaf_value=-0.034299462890346473 0.018771570546366412 -0.018094194618077427 -0.00087462484831295347 0.036988254321742554 -0.024532522893985744 0.013464668705519996 -0.043360526768888935 0.041134768714340714 -0.0093044559265539374 0.40103199349008378 0.0024444084445545511 -0.018094194618077427 -0.011655998915473297 -0.00087462484831295347
leaf_weight=60.043777994327911 300.79564321917337 74.858891903687436 484.87100806064041 20.548351720512073 43.11833848121546 63.073583934203953 10.45522365870988 14.576431465919994 100.00251428149113 0.12384902484336713 909.73588937526893 83.97174375795305 271.42816533292819 137.40142248284792
leaf_count=1071059 65400 76624 258177 3294 60439 14242 23881 5884 70850 22 25074 84291 376052 36114
internal_value=-0.000383339 -0.00279095 -0.00188893 -0.000585029 0.012056 -0.00196377 0.0168374 -0.0150214 -0.00288771 -0.038158 -0.000994092 -0.00419366 -0.00998847 -0.00593326
internal_weight=2575 2157.44 2097.39 1907.96 417.567 106.192 311.375 189.438 114.579 10.5791 1887.41 977.672 492.801 408.83
internal_count=2171403 2007419 936360 783002 163984 74681 89303 153358 76734 23903 779708 754634 496457 412166
is_linear=0
shrinkage=0.05


Tree=104
num_leaves=15
num_cat=0
split_feature=27 0 12 10 16 14 11 14 28 14 2 0 2 2
split_gain=39.2403 25.0918 16.7456 12.793 13.0275 24.9297 12.5088 11.3158 11.0595 9.9581 9.78416 9.86897 9.6868 18.5436
threshold=2.9596748352050786 0.56696471571922313 0.19615384936332705 0.027823104523122314 2.2499048709869389 1.0000000180025095e-35 0.10555555671453477 1.0000000180025095e-35 1.5000000000000002 1.0000000180025095e-35 0.22379291057586673 0.60750359296798717 0.55605125427246105 0.55190536379814159
decision_type=10 8 10 10 8 10 8 10 10 10 8 10 10 10
left_child=1 -1 3 4 5 10 -6 -2 -9 -8 -3 -12 13 -13
right_child=7 2 -4 -5 6 -7 9 8 -10 -11 11 12 -14 -15
leaf_value=-0.037914050576789267 0.019070965229174203 0.33768524553989199 0.039920449728420168 0.0086457597586815354 -0.010552514680631656 -0.019721091282824038 -0.010224377113089832 -0.016666894453654293 0.01502487735834733 0.00092397404421747358 -0.019721091282824038 0.18205339153747821 0.033149914689832589 1.5104905436065286
leaf_weight=48.473514939384927 315.96015596692632 0.25597540679052777 24.088916398922265 248.1108963251645 559.63296089140476 15.419001762841161 255.40257041076552 50.801387604994034 60.091241588851517 928.53962279268058 8.4089403717659916 0.4421970313417195 61.94633446646867 0.02792862513615546
leaf_count=992928 87452 852 4681 4453 478174 8134 183348 62729 11760 315741 13915 1053 5765 24
internal_value=0.000400157 -0.0023482 -0.00152813 -0.00200858 -0.00345303 0.0154869 -0.00439265 0.0142481 0.000506455 -0.00148097 0.0291184 0.0280032 0.0348659 0.260971
internal_weight=2577.6 2150.75 2102.28 2078.19 1830.08 86.5004 1743.58 426.853 110.893 1183.94 71.0814 70.8254 62.4165 0.470126
internal_count=2171009 2009068 1016140 1011459 1007006 29743 977263 161941 74489 499089 21609 20757 6842 1077
is_linear=0
shrinkage=0.05


Tree=105
num_leaves=15
num_cat=0
split_feature=28 0 27 2 13 10 25 27 4 13 27 1 16 4
split_gain=30.4842 23.7113 14.4493 11.7499 10.7032 10.476 9.61503 10.4596 9.19627 9.06722 8.10558 7.87199 18.3024 14.6055
threshold=1.5000000000000002 0.58652126789093029 9.0099573135375994 1.7195320725440981 0.16472868621349337 0.020161132328212265 1.5000000000000002 11.852264881134035 0.01043909788131714 0.27525253593921667 3.1240557432174687 24.500000000000004 3.6242519617080693 0.0033160448074340825
decision_type=10 8 10 10 8 8 10 10 10 8 10 10 8 8
left_child=1 -1 -2 4 10 8 -7 -8 -4 -6 -3 13 -13 -11
right_child=2 3 5 -5 9 6 7 -9 -10 11 -12 12 -14 -15
leaf_value=-0.032663293937582237 0.0047377146732632538 -0.017924999519630572 -0.092771702211032009 0.0034776338301295614 0.016659820172378863 0.059076546325190604 -0.0086985785478020435 0.032220746641599407 0.051678484842516609 0.0063924733762563499 0.025863765455373028 0.014690112208858406 -0.011119744306345908 -0.012369211601021605
leaf_weight=71.313089229219827 792.66142564113602 172.11175702873288 3.377260289454397 465.81872143175042 51.143591844561342 20.279615333142829 22.030292158582597 53.646815435821281 1.63537443334053 133.31685474934318 10.642191744666887 139.81206310180926 135.02051843807612 467.447103690929
leaf_count=1257257 125339 162542 1261 8201 23343 421 1024 1760 4323 8165 6204 168678 294415 108836
internal_value=-0.000428231 -0.0044633 0.00700688 -0.00318671 -0.00598471 0.024821 0.028502 0.0203088 -0.0456448 -0.0038039 -0.0170436 -0.00499918 0.00201017 -0.00820576
internal_weight=2540.26 1646.63 893.631 1575.31 1109.49 100.969 95.9567 75.6771 5.01263 926.74 182.754 875.597 274.833 600.764
internal_count=2171769 2037641 134128 780384 772183 8789 3205 2784 5584 603437 168746 580094 463093 117001
is_linear=0
shrinkage=0.05


Tree=106
num_leaves=15
num_cat=0
split_feature=27 3 10 16 14 4 2 11 0 18 14 18 17 10
split_gain=34.5964 23.7414 12.7305 13.8201 26.2835 18.1362 13.2289 12.9241 11.0603 13.3148 10.7268 9.97127 10.2956 9.81288
threshold=2.9325778484344487 0.15491789579391482 0.027823104523122314 2.4414010047912602 1.0000000180025095e-35 0.0010876357555389406 0.06124559976160527 0.52272728085517894 0.7098187804222108 0.41906738281250006 1.0000000180025095e-35 0.43398620188236242 5.3589394092559823 0.01586206536740065
decision_type=10 10 10 8 10 10 10 8 8 10 10 10 8 10
left_child=1 2 3 4 5 -1 -7 8 9 -5 -9 12 -2 -3
right_child=11 13 -4 7 -6 6 -8 10 -10 -11 -12 -13 -14 -15
leaf_value=-0.040722017958393676 0.023629165552413955 -0.044556790525509565 0.0086619253183851923 -0.011456008646273261 -0.032579938012105673 0.42411269350241598 0.031473402654686157 -0.010623946820552677 -0.0023522686504612337 -0.036329712774983848 0.0010952339159735955 -0.0059831711726323344 0.0067662302272895949 0.0481987010061991
leaf_weight=9.3999463665052172 201.98985981789565 42.511820251896324 252.90439919404162 256.06122372295454 24.880136165806107 0.21506813908763334 84.850300461520874 249.14406623820832 230.3223812776705 68.112841624677458 902.84727390145281 59.587810344386071 164.01556488363212 3.0563959238309044
leaf_count=4131 31057 1241302 4156 213185 9311 681 20118 130953 34406 99209 229853 80675 52233 20017
internal_value=-2.72887e-05 -0.00263412 -0.00185151 -0.00330777 0.0131414 0.0251834 0.0324661 -0.00445816 -0.01073 -0.0166823 -0.0014393 0.0129845 0.0160725 -0.0383354
internal_weight=2549.9 2124.31 2078.74 1825.83 119.345 94.4653 85.0654 1706.49 554.496 324.174 1151.99 425.593 366.005 45.5682
internal_count=2171287 2007322 746003 741847 34241 24930 20799 707606 346800 312394 360806 163965 83290 1261319
is_linear=0
shrinkage=0.05


Tree=107
num_leaves=15
num_cat=0
split_feature=27 0 27 18 12 15 14 9 0 18 0 17 8 15
split_gain=28.9414 21.0238 12.884 13.3047 12.8682 10.7094 9.60026 9.635 9.12446 10.1348 14.015 8.4383 7.43642 7.28011
threshold=2.9325778484344487 0.56696471571922313 17.454700469970707 0.43398620188236242 0.19615384936332705 1.0000000180025095e-35 1.0000000180025095e-35 0.31967300176620489 0.70199033617973339 0.19609431922435763 0.69005811214447033 5.7698810100555429 51.500000000000007 1.0000000180025095e-35
decision_type=10 8 10 8 10 8 8 8 10 10 8 8 8 10
left_child=1 -1 3 -2 5 6 -3 11 9 -7 13 -8 -10 -11
right_child=2 4 -4 -5 -6 8 7 -9 12 10 -12 -13 -14 -15
leaf_value=-0.036520238822772041 0.013451841355116137 -0.019011684500226642 0.043155085978178714 -0.012830823024840629 0.036245621279539744 -0.00064680418285378491 -0.019011684500226642 -0.0088151206151060573 0.012478498404079795 -0.019011684500226642 -0.00064680418285378491 0.050979462538122557 0.00069993062038271566 -0.0082792808983744269
leaf_weight=43.772229674748473 333.89499452938026 66.575882828008616 30.993319666490152 56.265311279601974 22.332255020812227 515.39651494215968 3.0285525927906773 101.61875943142331 164.0789217022384 240.04386072933494 138.14920840749255 13.147097776881308 731.09356955561179 69.867714899135535
leaf_count=991955 76763 76456 4758 82358 4634 337970 3490 76899 2055 372017 38070 3451 23037 77185
internal_value=0.00015969 -0.00222987 0.0121264 0.0096616 -0.00150313 -0.00191577 -0.0134097 -0.00310983 -0.0007756 -0.00415247 -0.00975584 0.0327319 0.00285886 -0.0159118
internal_weight=2530.26 2109.1 421.154 390.16 2065.33 2043 184.37 117.794 1858.63 963.457 448.061 16.1757 895.172 309.912
internal_count=2171098 2007219 163879 159121 1015264 1010630 160296 83840 850334 825242 487272 6941 25092 449202
is_linear=0
shrinkage=0.05


Tree=108
num_leaves=15
num_cat=0
split_feature=10 3 26 16 1 7 18 0 16 1 27 27 3 3
split_gain=29.9159 22.6659 18.7396 14.2569 10.4422 8.99872 8.83048 11.167 9.22747 9.16489 12.6832 9.03265 9.11361 34.5052
threshold=0.031408416107296951 0.17661041021347049 0.43167701363563543 6.4819416999816903 209.50000000000003 13.356144428253176 0.17394839227199557 0.68577709794044506 4.7140145301818857 10.500000000000002 1.336820185184479 1.0171056389808657 0.11142390966415407 0.17566660046577456
decision_type=10 10 10 10 10 10 10 8 10 8 8 10 10 8
left_child=1 2 4 -3 6 -4 8 9 11 10 -8 -1 -13 -14
right_child=-2 3 5 -5 -6 -7 7 -9 -10 -11 -12 12 13 -15
leaf_value=-7.4766903750604445e-05 0.018901812614290137 -0.046176226836700224 0.0076300077700692942 0.1807788944314852 -0.030722434273666829 0.032727060532848871 -0.03796148576730704 -0.0012432675901064851 -0.087795032555789312 -0.0065083030958612564 -0.007733076387288285 0.011823032554595922 0.090543552238105673 2.9817690206141072
leaf_weight=844.21014560498907 193.02085503443504 34.176244439734546 127.98157160839105 0.70626600813375162 31.776895966608208 49.543669171147712 65.908460011117995 724.96131813581803 2.8780790868813702 246.55073371681544 73.285547585296626 135.12384070844382 2.936714635377029 0.010355932376114541
leaf_count=239586 2586 1172745 26267 7077 198005 3515 8541 73818 1134 405467 4729 12259 15571 239
internal_value=-1.76165e-05 -0.0015782 -0.000972865 -0.0415811 -0.00227507 0.0146341 -0.00184376 -0.00490033 0.00160233 -0.0117733 -0.0220462 0.00186427 0.0137201 0.100703
internal_weight=2533.07 2340.05 2305.17 34.8825 2127.64 177.525 2095.87 1110.71 985.159 385.745 139.194 982.281 138.071 2.94707
internal_count=2171539 2168953 989131 1179822 959349 29782 761344 492555 268789 418737 13270 267655 28069 15810
is_linear=0
shrinkage=0.05


Tree=109
num_leaves=15
num_cat=0
split_feature=27 0 13 18 15 11 18 2 1 27 8 0 2 2
split_gain=34.8081 18.2078 12.4647 12.2646 9.42363 9.55914 10.9544 9.08276 9.16366 8.63269 9.16568 8.54852 8.05702 7.9498
threshold=2.2912939786911015 0.57987666130065929 0.15301003307104113 1.3386034965515139 1.0000000180025095e-35 0.10555555671453477 0.15735153108835223 0.81066006422042858 77.500000000000014 18.108415603637699 166.50000000000003 0.72143161296844494 1.9880797863006594 1.2446988821029665
decision_type=10 8 8 10 8 8 10 8 10 10 10 10 8 10
left_child=1 -1 11 9 12 6 13 8 -7 10 -2 -3 -4 -6
right_child=3 2 4 -5 5 7 -8 -9 -10 -11 -12 -13 -14 -15
leaf_value=-0.030810313910645006 0.012918566153392822 -0.016313820597822184 -0.016313820597822184 -0.05661368631661156 -0.0097521019222736663 0.068168685230557372 -0.010993685007524068 0.0024591420043160875 0.014077098286944737 0.041164789593068102 -0.050684303338156947 -0.0014115021150002919 0.010719907350842321 0.010076882426720269
leaf_weight=55.645231478245023 404.35773031791973 185.46189563644793 106.72482148453219 6.266778129560179 74.935750252916478 8.8251116636909028 289.14793360392559 955.76553676657863 69.42294306509757 27.100790695620617 5.7448389797746122 141.91324272090606 30.046415218823313 155.30850434496051
leaf_count=1109017 147238 179997 99659 31395 94774 15956 180249 105178 176290 2571 9124 3623 7772 8160
internal_value=0.000124117 -0.00259551 -0.00181733 0.0128382 -8.76865e-05 0.00102013 -0.00451404 0.00379998 0.0201778 0.0138337 0.0120276 -0.0107471 -0.0126699 0.0036233
internal_weight=2516.67 2073.2 2017.55 443.47 1690.18 1553.41 519.392 1034.01 78.2481 437.203 410.103 327.375 136.771 230.244
internal_count=2171003 1980675 871658 190328 688038 580607 283183 297424 192246 158933 156362 183620 107431 102934
is_linear=0
shrinkage=0.05


Tree=110
num_leaves=15
num_cat=0
split_feature=27 3 16 10 3 14 8 16 15 2 8 15 3 27
split_gain=32.5976 19.4834 13.0224 10.9313 9.83406 9.43221 15.0082 8.37745 20.016 8.18878 8.05739 7.25937 9.94886 13.0735
threshold=2.9596748352050786 0.15316763520240786 6.4819416999816903 0.02883220370858908 0.039126038551330573 1.0000000180025095e-35 1.5000000000000002 2.4414010047912602 inf 1.2787532210350039 188.50000000000003 1.0000000180025095e-35 0.10634702444076539 1.3935604095458987
decision_type=10 10 10 10 8 8 8 8 8 10 10 10 10 8
left_child=1 3 -3 4 7 -2 -7 8 -1 -5 11 -6 -13 -14
right_child=5 2 -4 9 10 6 -8 -9 -10 -11 -12 12 13 -15
leaf_value=-0.068605439569754775 0.020887675708918002 -0.039877214944038203 0.16433963189550838 0.036384878147673778 -0.010978969051937234 0.051029899955897656 0.001750586746233535 -0.00042814804799030373 0.028265606154692587 0.0056426822751474322 0.038973493479537463 -0.004016535546526985 0.0061826362501799159 0.086210181639414254
leaf_weight=5.9092670186073519 201.03979541861486 41.132551987721854 0.79573474439302927 24.517446695803301 501.75465577403315 16.802226790818622 192.04260969372513 866.47091674389594 54.631418967724812 185.96072286900289 9.6498982122352555 380.31149992661449 18.561452059886509 7.0384677571305465
leaf_count=199 48698 1271747 5734 215 566209 412 112775 15968 511 3093 5009 64902 55419 19894
internal_value=0.000260876 -0.00226015 -0.0360015 -0.00157166 -0.00280365 0.013157 0.00571526 0.000828258 0.0188102 0.00922367 -0.00647394 -0.00695711 -0.00198563 0.0281855
internal_weight=2506.62 2096.73 41.9283 2054.81 1844.33 409.885 208.845 927.012 60.5407 210.478 917.316 907.666 405.911 25.5999
internal_count=2170785 2008900 1277481 731419 728111 161885 113187 16678 710 3308 711433 706424 140215 75313
is_linear=0
shrinkage=0.05


Tree=111
num_leaves=15
num_cat=0
split_feature=10 3 18 9 0 18 0 28 17 18 7 16 14 4
split_gain=26.495 21.3648 12.62 12.6398 10.6531 9.44413 22.0146 13.0257 8.43773 9.54083 8.93654 8.7817 13.7536 8.41515
threshold=0.031408416107296951 0.19161516427993777 0.35312037169933325 0.2984511554241181 0.66994607448577892 0.15935160964727405 0.53379216790199291 1.5000000000000002 4.9522936344146737 0.3416601717472077 5.2652375698089608 2.2499048709869389 1.0000000180025095e-35 0.0033160448074340825
decision_type=10 10 10 10 8 10 10 8 8 10 8 10 10 10
left_child=1 2 3 8 -4 -5 -7 -8 10 -10 -1 12 -12 -9
right_child=-2 -3 4 5 -6 6 7 13 9 -11 11 -13 -14 -15
leaf_value=-0.097331159842979798 0.017255538205372723 -0.046878462367287849 -0.018755113779871758 0.016103673787061203 -0.0037332557989736555 -0.088275781016033908 0.15346500071158159 0.023323636790139546 -0.0041397566333136911 0.031002747197150262 0.03484529366232305 0.0027090733580957486 -0.044814152188257073 -0.0047389203897785425
leaf_weight=2.0424514259925663 190.13192530871584 26.4075493068176 165.2874413369226 199.92587310212934 412.74048720257326 6.8128593424835335 1.4372633761765892 35.475187614865945 1090.229936029652 19.66179255856423 45.762985996180987 187.70048527241727 5.1012090081455872 108.17682946325863
leaf_count=490 2617 1045641 373392 30138 57473 7969 8345 1624 492931 8072 15032 111689 3340 12497
internal_value=-0.000684602 -0.0021633 -0.00164547 0.000521984 -0.00802877 0.0089631 -0.000434963 0.00368972 -0.00167707 -0.00351721 0.00681125 0.00770286 0.0261311 0.00219119
internal_weight=2496.89 2306.76 2280.35 1702.33 578.028 351.828 151.902 145.089 1350.5 1109.89 240.607 238.565 50.8642 143.652
internal_count=2171250 2168633 1122992 692127 430865 60573 30435 22466 631554 501003 130551 130061 18372 14121
is_linear=0
shrinkage=0.05


Tree=112
num_leaves=15
num_cat=0
split_feature=27 3 16 16 0 18 14 2 12 10 18 7 4 14
split_gain=34.8535 18.1375 13.3807 12.8041 19.1274 14.1218 13.33 11.4154 10.4413 8.99413 14.7385 8.7635 8.29854 8.07282
threshold=7.6647894382476816 0.17661041021347049 6.4819416999816903 2.8029010295867924 0.6676623821258546 0.48354227840900427 1.0000000180025095e-35 0.06124559976160527 0.19615384936332705 0.02614811155945063 0.2837966531515122 17.046336174011234 0.066661506891250624 1.0000000180025095e-35
decision_type=10 10 10 8 8 10 8 8 10 10 10 8 8 8
left_child=1 3 -3 6 5 -5 11 -8 9 -6 -11 -1 -12 -7
right_child=-2 2 -4 4 8 13 7 -9 -10 10 12 -13 -14 -15
leaf_value=-0.0037084207863203912 0.02329275811266672 -0.046775027642163756 0.15207976537829482 -0.0075112566405711794 -0.0024837341728607821 -0.014610058750787028 0.29777103006803751 -0.002825814348652925 0.037290465099518832 0.021295221658238671 -0.0061572603610258137 0.023021684449186737 0.027909675936402197 -0.043582353707659616
leaf_weight=39.573185888010357 144.44865202628034 28.71085461573762 0.87163883762491323 368.37476556855125 1247.0774462693068 48.318727793134713 0.31638794768554135 181.65221716146186 18.200644470432962 111.66285005025838 98.411167416334138 136.18748024067497 18.295508611516198 47.857921844573752
leaf_count=5455 35473 1147390 5798 506048 151323 75988 1245 50788 965 1318 1406 41784 535 145601
internal_value=-0.00054464 -0.00201267 -0.0409158 -0.00151574 -0.00310477 -0.0119656 0.00718255 -0.00230317 -0.000348875 -0.000813182 0.00830935 0.0170033 -0.0041153 -0.0290268
internal_weight=2489.96 2345.51 29.5825 2315.93 1958.2 464.551 357.729 181.969 1493.65 1475.45 228.37 175.761 116.707 96.1766
internal_count=2171117 2135644 1153188 982456 883184 727637 99272 52033 155547 154582 3259 47239 1941 221589
is_linear=0
shrinkage=0.05


Tree=113
num_leaves=15
num_cat=0
split_feature=27 3 12 15 14 18 8 20 11 9 0 14 18 28
split_gain=29.9302 15.9068 11.5093 10.8056 14.6665 11.4609 10.3719 10.2664 9.68138 9.66542 9.32518 8.85315 11.6245 8.73313
threshold=2.7921334505081181 0.15491789579391482 0.19615384936332705 1.0000000180025095e-35 1.0000000180025095e-35 0.87103942036628734 1.5000000000000002 1.0000000180025095e-35 0.41428571939468389 0.31967300176620489 0.68198665976524364 1.0000000180025095e-35 0.11541344597935678 1.5000000000000002
decision_type=10 10 10 8 10 8 8 8 10 8 10 10 8 8
left_child=1 2 3 4 -1 9 -2 -8 -3 -6 -11 12 -9 -13
right_child=6 8 -4 -5 5 -7 7 11 -10 10 -12 13 -14 -15
leaf_value=-0.031705018249268781 0.035405927797040167 -0.038126835076802375 0.033585124702737244 -0.00069364849049790851 0.040496552257502386 -0.064964257379153859 -0.058274526456215794 0.033110204701074189 0.16233917220384858 -0.034452864908224121 0.0047028499285126108 -0.016784876283268281 0.0094145191528257986 0.011261131031052168
leaf_weight=68.682319408775584 44.657898363311119 35.825426163770771 23.204980736442849 1834.8286792278454 14.092366735962967 6.8026989554391539 5.4395961503565786 71.956627501859657 0.61257440069129998 19.642157178660909 67.322684002880123 48.425885796196667 184.3854839441409 65.031287515910435
leaf_count=63429 1062 1252878 3163 621957 2586 7806 2990 11941 4507 37242 6888 63773 76709 14395
internal_value=0.000454968 -0.00201292 -0.0014265 -0.00183042 -0.0136451 -0.00214501 0.0126271 0.00991612 -0.0347567 0.00208369 -0.00414099 0.0109192 0.016066 -0.000709489
internal_weight=2490.91 2071.01 2034.58 2011.37 176.542 107.86 419.897 375.239 36.438 101.057 86.9648 369.799 256.342 113.457
internal_count=2171326 2000456 743071 739908 117951 54522 170870 169808 1257385 46716 44130 166818 88650 78168
is_linear=0
shrinkage=0.05


Tree=114
num_leaves=15
num_cat=0
split_feature=10 3 26 2 18 10 3 9 11 18 11 15 14 26
split_gain=21.4141 17.9546 14.2302 10.3039 14.502 9.56661 8.35778 19.4255 13.5448 13.0205 10.0302 8.32583 10.2669 8.79786
threshold=0.031408416107296951 0.19161516427993777 0.45993590354919439 0.98194503784179699 0.42872086167335516 0.017377676442265514 0.14595508575439456 0.092690791934728636 0.41428571939468389 0.1061050593852997 0.52272728085517894 1.0000000180025095e-35 1.0000000180025095e-35 0.19523809850215915
decision_type=10 10 10 8 8 8 8 8 10 10 10 8 8 10
left_child=1 2 11 4 6 -5 -4 -8 -9 10 -10 12 13 -1
right_child=-2 -3 3 5 -6 -7 7 8 9 -11 -12 -13 -14 -15
leaf_value=-0.034445848136281175 0.016494975306767141 -0.04518689251521868 0.05087411437005316 -0.087895633258233866 -0.058704093153715692 0.0096576778714355608 1.6923516429724412 0.10349024778668321 2.2762357709844063 -0.050204830429946515 0.79823484243602061 -0.00097078707463550077 -0.002439369564434057 0.0063010293254945286
leaf_weight=62.010441130381651 182.62587299641746 23.065377313075714 20.606206059576614 2.5573213720203958 3.0717867686130367 145.4177903048776 0.021451303953653134 0.79877710788673539 0.015596362420183141 0.033106893257354386 0.043480937512867968 1900.319829148913 118.02364589683316 16.846195889288992
leaf_count=76724 2609 1045341 7255 770 12201 7739 3 4709 41 498 148 926555 82331 3856
internal_value=1.72598e-05 -0.0012952 -0.000849176 0.0129524 0.0429237 0.00797175 0.0574311 0.205516 0.169718 0.743586 1.18843 -0.00198482 -0.0117724 -0.0257411
internal_weight=2475.46 2292.83 2269.77 172.566 24.5904 147.975 21.5186 0.912413 0.890961 0.0921842 0.0590773 2097.2 196.88 78.8566
internal_count=2170780 2168171 1122830 33364 24855 8509 12654 5399 5396 687 189 1089466 162911 80580
is_linear=0
shrinkage=0.05


Tree=115
num_leaves=15
num_cat=0
split_feature=27 18 10 7 25 15 1 14 16 10 13 10 26 16
split_gain=33.5775 13.4009 12.6903 10.9828 9.53688 9.37413 9.09121 8.94028 29.4681 11.7656 8.73499 8.21656 7.84186 7.43623
threshold=2.7921334505081181 0.43398620188236242 0.011905506253242494 28.783537864685062 1.5000000000000002 1.0000000180025095e-35 2.5000000000000004 1.0000000180025095e-35 2.7403194904327397 0.02614811155945063 0.24499999731779101 0.02883220370858908 0.08893280848860742 6.4819416999816903
decision_type=10 8 8 10 10 10 10 10 10 8 10 8 10 10
left_child=2 12 13 4 6 10 -4 8 -8 -10 -5 -11 -2 -1
right_child=1 -3 3 5 -6 -7 7 -9 9 11 -12 -13 -14 -15
leaf_value=-0.040185703184192553 -0.024321224229420128 -0.0081191749797614819 0.0017437313048406383 0.0022408742778722963 -0.059367446479411459 0.02562461163887271 0.0022408742778722963 -0.0027144587163862918 -0.0019020598008343105 -0.080725929099078317 0.050549714049048594 -0.026707215058857571 0.01828413970059865 0.14826306469409425
leaf_weight=26.306938367070021 11.147433038818461 62.599251469028331 642.18256394375658 195.56373998062077 7.5365284984204655 57.178556127775664 115.72757712401165 773.86302560770957 51.921198576744246 7.3343936508899779 9.3781837605135916 175.07779025945661 346.69166385623134 0.53411577908172958
leaf_count=664614 9443 88638 99028 57188 16327 6564 112858 494950 25307 994 2010 515633 72553 2866
internal_value=0.000344989 0.0132233 -0.00228011 -0.00182978 -0.0032416 0.00772335 -0.00300209 -0.00571374 -0.0123441 -0.0229019 0.00272891 -0.0288792 0.0169569 -0.0364357
internal_weight=2483.04 420.438 2062.6 2035.76 1773.64 262.12 1766.11 1123.92 350.061 234.333 204.942 182.412 357.839 26.8411
internal_count=2168973 170634 1998339 1330859 1265097 65762 1248770 1149742 654792 541934 59198 516627 81996 667480
is_linear=0
shrinkage=0.05


Tree=116
num_leaves=15
num_cat=0
split_feature=28 18 3 2 18 26 12 16 10 3 10 16 4 11
split_gain=18.703 16.799 15.2737 13.0922 13.1536 12.4352 11.2459 8.16407 8.07277 12.0425 9.95648 8.70989 7.89271 7.65708
threshold=1.5000000000000002 0.26910807192325598 0.15316763520240786 0.13707191497087481 0.69740217924118053 0.12771739065647128 0.031754031777381904 5.4094088077545175 0.014493018854409458 0.089800059795379653 0.016625861637294296 4.9380581378936776 0.0050586163997650155 0.41428571939468389
decision_type=8 8 10 8 10 8 8 10 8 8 8 10 10 10
left_child=2 5 3 -1 6 -2 -5 -8 9 11 -10 -3 -6 -4
right_child=1 8 13 4 12 -7 7 -9 10 -11 -12 -13 -14 -15
leaf_value=0.090551555727425237 0.0023140067599661551 0.12207425875224381 -0.040422402181040901 -0.013825564595730575 -0.040547210570990359 0.01733269232717765 -0.00051922606296146072 0.030123350581885713 -0.071317512763823948 -0.0084962642813687598 -0.0029198993163598265 -0.056534078908407372 -0.010931327222708474 0.10660866168607924
leaf_weight=3.7528994270344356 239.48206938165345 4.4299480332774666 33.297707996374584 166.33001463772393 32.185779897085922 324.68831250471999 1182.8426037901297 22.143758984376746 5.3996809240479697 6.1814581090509373 363.47577682309111 0.80690226827209688 74.729678179244047 0.90968461929469313
leaf_count=19187 60188 1252 1275645 92391 34146 26096 460552 5128 9637 57263 55186 663 65924 7064
internal_value=-4.05169e-05 0.00548261 -0.00348097 -0.00271854 -0.00295533 0.0109575 -0.00163837 4.38856e-05 -0.00263943 0.0387663 -0.00392112 0.094554 -0.0198469 -0.0365124
internal_weight=2460.66 944.464 1516.19 1481.98 1478.23 564.17 1371.32 1204.99 380.294 11.4183 368.875 5.23685 106.915 34.2074
internal_count=2170322 210285 1960037 677328 658141 86284 558071 465680 124001 59178 64823 1915 100070 1282709
is_linear=0
shrinkage=0.05


Tree=117
num_leaves=15
num_cat=0
split_feature=27 0 16 12 16 27 15 13 8 8 26 13 27 13
split_gain=21.5798 17.4758 10.0127 9.89433 9.45729 9.44673 8.99832 7.69899 11.3391 8.08273 7.05183 6.85988 6.79956 6.53755
threshold=2.9596748352050786 0.57474446296691906 2.9700856208801274 0.19615384936332705 1.7005987167358401 18.108415603637699 1.0000000180025095e-35 0.15184453129768374 47.500000000000007 179.50000000000003 0.24404761940240863 0.27525253593921667 3.3038102388381962 0.0014214648399502041
decision_type=10 8 8 10 8 10 8 8 8 10 10 8 10 10
left_child=1 -1 -2 4 -3 10 -6 8 -8 -10 12 -9 -4 -14
right_child=2 3 5 -5 6 -7 7 11 9 -11 -12 -13 13 -15
leaf_value=-0.034641324515855935 0.022079180972431015 0.025730609566895747 0.031693287758457277 0.032388531290831232 -0.013341898375210662 0.03699107363335094 0.01458117826171363 0.014066386879719625 -0.014459575277718321 0.055690531919408676 0.0078981337320574666 -0.00065605603520260225 -0.021903904424387621 0.020951253483026185
leaf_weight=40.550457996701027 127.15452735658062 30.602693120048343 8.6432035161565164 21.324589494053726 168.13253787896497 21.549408890778068 43.466767388585481 83.735452578148852 231.26283545508352 4.1804383698924985 182.84975208361243 1436.0533487905102 58.26988795827026 10.503252217342377
leaf_count=1071612 12107 8660 7889 4348 151315 4100 5475 21082 147486 1778 84134 597302 49725 3934
internal_value=-5.87602e-05 -0.0021422 0.0104321 -0.0014894 -0.00185108 0.00517699 -0.00228024 -0.00124625 -0.00888227 -0.013214 0.00254287 0.000155103 -0.0101058 -0.0153589
internal_weight=2468.28 2059.31 408.97 2018.76 1997.43 281.816 1966.83 1798.7 278.91 235.443 260.266 1519.79 77.4163 68.7731
internal_count=2170947 2009058 161889 937446 933098 149782 924438 773123 154739 149264 145682 618384 61548 53659
is_linear=0
shrinkage=0.05


Tree=118
num_leaves=15
num_cat=0
split_feature=9 3 26 27 18 9 27 18 17 7 18 17 2 12
split_gain=20.0667 16.9446 14.4696 9.7461 9.48129 12.9035 12.2751 10.4772 14.4332 10.8352 10.4669 13.2102 8.82955 10.8052
threshold=0.99943557381629955 0.15491789579391482 0.45227272808551794 8.386332035064699 0.43398620188236242 0.49783132970333105 6.2705264091491708 0.13209696114063266 5.8536372184753427 21.351511001586918 0.085438739508390441 5.4868674278259286 1.7195320725440981 0.14854215830564502
decision_type=10 10 10 8 10 8 10 8 10 10 10 8 10 10
left_child=1 2 12 -2 6 -6 7 8 9 10 11 -4 13 -1
right_child=3 -3 4 -5 5 -7 -8 -9 -10 -11 -12 -13 -14 -15
leaf_value=-0.0042373410612993696 0.007257447927600677 -0.035937489294028971 0.022803118671480826 0.038825283128207766 0.033103338904148509 -0.035796874629756434 0.040032623644561012 0.021337385428518919 -0.084183074703551034 0.057644849696496414 -0.047574489570456562 -0.071973196675378645 0.0030811700354453661 0.028390273211455444
leaf_weight=1359.1105807190793 50.639034146021459 33.442960265915644 13.312851629404582 47.276940396507143 10.306837506684134 19.944918146244618 45.744885484338738 67.942106437247276 5.7295884255290721 6.8898845438488925 12.13924394288142 3.8571400181781419 759.14734230955719 25.857502292404206
leaf_count=745174 2642 1377852 861 1718 1616 8260 929 9005 985 97 1411 513 13096 6625
internal_value=0.000319156 -0.000599764 -9.2551e-05 0.0224994 0.0132902 -0.0123224 0.0182693 0.00920805 -0.0104466 0.00122445 -0.0120386 0.0130854 -0.00125266 -0.00362818
internal_weight=2461.34 2363.43 2329.98 97.916 185.867 30.2518 155.616 109.871 41.9287 36.1991 29.3092 17.17 2144.12 1384.97
internal_count=2170784 2166424 788572 4360 23677 9876 13801 12872 3867 2882 2785 1374 764895 751799
is_linear=0
shrinkage=0.05


Tree=119
num_leaves=15
num_cat=0
split_feature=7 16 0 17 18 10 15 28 1 1 0 11 27 16
split_gain=26.4591 17.4084 11.0628 10.3931 9.65818 8.18726 8.16833 8.94736 7.49606 17.7303 8.63468 7.31964 8.81843 7.24382
threshold=47.086400985717781 2.8029010295867924 0.69005811214447033 5.881927728652955 0.41906738281250006 0.020455651916563514 1.0000000180025095e-35 2.5000000000000004 10.500000000000002 6.5000000000000009 0.62170794606208812 0.41428571939468389 3.2151653766632085 3.2384861707687382
decision_type=10 8 8 10 10 10 10 8 10 8 10 8 8 8
left_child=1 3 4 -1 8 -4 7 -2 9 10 -3 12 -6 -11
right_child=6 2 5 -5 11 -7 -8 -9 -10 13 -12 -13 -14 -15
leaf_value=0.0067205841660045425 0.0067205841660045425 -0.0711005618470162 -0.0034205463227227543 -0.037041355476566236 -0.046774529615654328 0.0067205841660045425 0.038673319111589159 0.026245615421638075 -0.0053695950570058172 -0.017327887727866538 -0.0053695950570058172 -0.010412194890319909 -0.012939870931608203 -0.065812213081821377
leaf_weight=336.4359944516064 116.24176727368229 5.1410369945779157 960.55691506461199 13.83690678925211 41.216636990718484 233.4652547986675 33.159827355369202 71.109268539568347 347.58498099431921 11.970828643018988 119.79262537682598 98.426134252028078 36.146937665670862 21.612439085703897
leaf_count=203806 72830 1125 96842 15022 302999 3368 8421 4414 684050 59139 5216 315332 133055 265737
internal_value=-0.00072163 -0.00235807 -0.00427995 0.00672058 -0.0093609 -0.00137829 0.0157992 0.0117507 -0.00585389 -0.016277 -0.00760709 -0.0194577 -0.0309658 -0.0485299
internal_weight=2446.7 2226.19 1875.91 350.273 681.892 1194.02 220.511 187.351 506.102 158.517 124.934 175.79 77.3636 33.5833
internal_count=2171356 2085691 1866863 218828 1766653 100210 85665 77244 1015267 331217 6341 751386 436054 324876
is_linear=0
shrinkage=0.05


Tree=120
num_leaves=15
num_cat=0
split_feature=26 10 12 16 18 8 1 16 17 11 26 1 4 4
split_gain=20.7049 14.695 12.9794 12.9003 10.8573 9.96606 9.54067 8.7448 15.9266 15.0819 12.1089 12.5977 16.8119 24.0641
threshold=0.24404761940240863 0.012048386037349703 0.19615384936332705 6.4819416999816903 0.63166785240173351 9.5000000000000018 204.50000000000003 3.0201274156570439 3.7012257575988774 0.087121214717626586 0.051315790042281158 197.50000000000003 0.0061343610286712655 0.005943387746810914
decision_type=10 8 10 10 10 8 10 8 8 8 10 10 8 10
left_child=1 3 6 -1 5 -2 7 10 -9 -10 11 -3 13 -13
right_child=4 2 -4 -5 -6 -7 -8 8 9 -11 -12 12 -14 -15
leaf_value=-0.044800784486952391 0.030438426046031544 0.0020334001175966727 0.034439803414079789 0.16129391083334652 -0.016574330492936495 0.0098217597326918423 -0.028070720008632245 -0.060124101448416789 -0.0088395316886881858 0.0015597087686981005 0.027046705668325146 0.24837670214956833 -0.051911632236470912 1.2650773117137368
leaf_weight=25.006678400825994 77.283254437481503 375.36420801731242 26.145242243457233 0.78306688938960078 30.172747751401005 242.69694733214681 32.069788770075547 11.819904082385049 520.04479523106204 1057.9014343945578 57.651337538914731 0.32851592431245435 0.33484886694816396 0.070730765157804854
leaf_count=677631 2253 141482 6605 2911 65411 96037 364933 16293 420611 361390 11249 648 3726 23
internal_value=0.000838533 -0.00103209 -0.000567385 -0.038543 0.0120976 0.0148012 -0.00101265 -0.000583815 -0.00230071 -0.00186758 0.00570891 0.00243808 0.209364 0.428496
internal_weight=2457.67 2107.52 2081.73 25.7897 350.153 319.98 2055.59 2023.52 1589.77 1577.95 433.75 376.098 0.734096 0.399247
internal_count=2171203 2007502 1326960 680542 163701 98290 1320355 955422 798294 782001 157128 145879 4397 671
is_linear=0
shrinkage=0.05


Tree=121
num_leaves=15
num_cat=0
split_feature=27 0 3 26 16 7 15 8 16 17 15 18 0 3
split_gain=19.3623 10.7317 8.68175 11.9415 10.6272 7.75655 10.4144 7.28049 7.54275 7.8795 7.10061 9.75332 7.0914 6.82484
threshold=2.0270251035690312 0.56696471571922313 1.0000000180025095e-35 0.097619049251079573 3.65057384967804 48.882793426513679 1.0000000180025095e-35 166.50000000000003 2.8029010295867924 5.8274729251861581 1.0000000180025095e-35 0.11743098124861719 0.70199033617973339 0.10327807068824769
decision_type=10 8 8 10 8 10 10 10 10 10 8 10 10 8
left_child=1 -1 -2 4 12 -3 -7 8 9 -5 11 -10 -4 -13
right_child=2 5 3 7 -6 6 -8 -9 10 -11 -12 13 -14 -15
leaf_value=-0.030819025990904005 0.024135627403150228 -0.001940396572218332 -0.034339571245840035 0.024836786519659839 -0.090917890074509441 0.0047013599894413713 0.037403528073450917 -0.051611878673986838 -0.079376258355307705 -0.083760336670734861 0.0011023603194167393 0.033156686268670348 0.072169294183188085 -0.06088461884451575
leaf_weight=30.957990094536285 87.038345193384998 1844.5935152418115 4.8157005070458441 78.723988254619826 5.8004425204013055 87.692383443637482 29.165906692395765 4.9961374196614647 2.2015580976799347 1.7065374810161973 208.67311413278213 39.79887255387257 2.3135988131398335 2.0275664470451593
leaf_count=971235 1366 978709 6393 12168 15712 14266 2398 10446 1575 871 140379 1844 25 13895
internal_value=0.000482634 -0.00161001 0.00999974 0.00649501 -0.040663 -0.001149 0.0113431 0.00829829 0.0091968 0.0225326 0.00495222 0.0231989 0.000224665 0.028598
internal_weight=2430.51 1992.41 438.096 351.058 12.9297 1961.45 116.858 338.128 333.132 80.4305 252.701 44.028 7.1293 41.8264
internal_count=2171282 1966608 204674 203308 22130 995373 16664 181178 170732 13039 157693 17314 6418 15739
is_linear=0
shrinkage=0.05


Tree=122
num_leaves=15
num_cat=0
split_feature=27 18 12 16 27 16 16 10 2 12 10 18 10 9
split_gain=24.1826 13.1492 9.06172 8.71217 8.51178 8.33359 8.20346 8.9854 8.45862 12.4728 11.7456 11.2101 11.1452 8.76241
threshold=2.2912939786911015 1.3386034965515139 0.19615384936332705 7.5847010612487802 18.108415603637699 3.0201274156570439 1.7005987167358401 0.012048386037349703 1.7195320725440981 0.15849281847476962 0.018857188522815708 0.028180692344903949 0.01634576823562384 0.17493252456188205
decision_type=10 10 10 8 10 8 8 8 8 10 8 8 8 10
left_child=2 4 6 -3 5 -2 -1 -8 10 12 13 -12 -10 -9
right_child=1 3 -4 -5 -6 -7 7 8 9 -11 11 -13 -14 -15
leaf_value=0.022377039775432275 0.020262426367892328 -0.07998083806565566 0.029149559275224102 0.27339506868434088 0.042018271521477107 0.0047668331872838636 -0.034919477025129118 -0.084972208848360306 -0.089989436987683233 -0.06554901449942295 -0.063392620374901273 -0.0064202763441858065 0.0019701537651060728 0.021433954490097409
leaf_weight=31.513960275305351 130.79970643064308 5.0814293391628089 22.264009654521033 0.18061805071420156 21.904294573902234 257.74463281353502 22.266187369093586 2.0119641326165256 3.3087939881352204 6.9807609369952379 8.7047110526884222 1066.2217502468066 780.90851571906796 50.429837800647476
leaf_count=22075 15897 31264 12634 59 2543 140428 654259 5445 2552 262 8989 1135097 46641 92993
internal_value=-0.000284274 0.010686 -0.00257067 -0.0678513 0.0116929 0.00998328 -0.00292873 -0.00333963 -0.00297312 0.000989855 -0.00575438 -0.00688164 0.00158216 0.0173516
internal_weight=2410.32 415.711 1994.61 5.26205 410.449 388.544 1972.35 1940.83 1918.57 791.198 1127.37 1074.93 784.217 52.4418
internal_count=2171138 190191 1980947 31323 158868 156325 1968313 1946238 1291979 49455 1242524 1144086 49193 98438
is_linear=0
shrinkage=0.05


Tree=123
num_leaves=15
num_cat=0
split_feature=8 26 3 27 9 18 15 14 13 0 18 15 20 3
split_gain=18.4331 16.4375 12.9114 10.2705 14.4475 10.096 9.86547 9.53509 10.0172 9.19953 9.05316 7.73217 7.42845 6.92251
threshold=9.5000000000000018 0.22474747896194461 0.17661041021347049 2.3535244464874272 0.68148726224899303 1.1261698603630068 1.0000000180025095e-35 1.0000000180025095e-35 0.065591398626565947 0.59678432345390331 0.090957757085561766 inf 1.0000000180025095e-35 0.11721190810203554
decision_type=8 8 10 10 10 10 10 10 8 8 8 8 8 10
left_child=1 5 3 9 7 6 10 12 -9 -2 -1 -6 -5 -3
right_child=2 13 -4 4 11 -7 -8 8 -10 -11 -12 -13 -14 -15
leaf_value=0.026379136111619766 -0.025000697308035832 0.020891042000641118 -0.041350510799124836 -0.067804825462677909 0.051634513103559737 -0.064134262796222044 0.038265954877122983 -0.048745986305366751 0.0022016680451763825 -0.0025363115198938097 -0.0092265483523319546 -0.059219325982685436 0.016938014069170417 0.081626390579257593
leaf_weight=21.708681724405153 46.798802924991321 145.70145742409295 20.699352636825552 2.6223096895387243 1.8211334270699808 6.0212651594881086 16.51965470150617 10.71693313660046 96.731574449951836 1741.2585623610339 100.50505316329799 11.546988887193262 186.8796313451378 4.8476942714730731
leaf_count=2927 320763 2926 1153544 774 62 4430 1417 8066 23120 590836 17908 623 34176 9614
internal_value=-0.000423745 0.0112795 -0.00205465 -0.00166701 0.00672972 -0.000750839 0.00200011 0.00901877 -0.00287986 -0.00312427 -0.00290195 -0.0441178 0.0157654 0.0228467
internal_weight=2414.38 295.304 2119.08 2098.38 310.319 144.755 138.733 296.95 107.449 1788.06 122.214 13.3681 189.502 150.549
internal_count=2171186 39222 2131964 978420 66821 26682 22252 66136 31186 911599 20835 685 34950 12540
is_linear=0
shrinkage=0.05


Tree=124
num_leaves=15
num_cat=0
split_feature=27 8 16 8 2 27 10 25 1 10 8 17 4 14
split_gain=26.9458 10.2246 10.2008 10.0667 15.4431 9.25302 8.92595 8.00944 7.82791 8.23524 8.71659 10.0857 8.53901 11.3442
threshold=2.2912939786911015 1.5000000000000002 4.3630783557891855 4.5000000000000009 0.63609182834625255 6.2229549884796151 0.022966272197663787 1.5000000000000002 129.50000000000003 0.012987257447093727 150.50000000000003 3.7012257575988774 0.0035824179649353032 1.0000000180025095e-35
decision_type=10 8 10 8 8 10 10 10 10 8 10 10 8 10
left_child=3 -2 -3 4 -1 -4 -6 8 9 -5 -11 -12 13 -13
right_child=1 2 5 7 6 -7 -8 -9 -10 10 11 12 -14 -15
leaf_value=0.071001550272581856 0.036521590905181166 0.012674982256664616 -0.038167822805224308 -0.033285691875682838 -0.080590851071696598 0.0036705806386755271 0.0081046269092613626 -0.077967970368814685 -0.018232005665864772 -0.0027493991740387908 -0.078548345059253163 0.013037634281638412 0.030378481476657521 -0.10915070931588977
leaf_weight=9.8718466147546433 37.387279407061641 322.35884542007079 19.375516405137944 21.426277217656576 2.9034635816390155 41.564514846055943 123.09447719461309 3.5863326637986566 82.481967349853676 1696.9685649253011 2.6363346472527374 6.568627179743542 45.940309132316884 2.6723736049571016
leaf_count=10708 1086 92099 56811 659664 694 40419 3135 12158 684990 605058 379 255 3750 134
internal_value=6.1658e-05 0.011563 0.00912848 -0.0023598 0.0107791 -0.00963169 0.00606075 -0.0033184 -0.00317437 -0.00247514 -0.00209893 0.0169925 0.021557 -0.0222976
internal_weight=2418.84 420.686 383.299 1998.15 135.87 60.94 125.998 1862.28 1858.69 1776.21 1754.79 57.8176 55.1813 9.241
internal_count=2171340 190415 189329 1980925 14537 97230 3829 1966388 1954230 1269240 609576 4518 4139 389
is_linear=0
shrinkage=0.05


Tree=125
num_leaves=15
num_cat=0
split_feature=27 16 0 27 4 9 27 11 16 25 2 4 3 4
split_gain=18.0162 11.657 17.2299 10.3963 12.5761 10.2344 9.79098 7.10554 9.54836 10.0804 7.22661 14.1899 25.0661 6.64863
threshold=7.2879035472869882 3.0201274156570439 0.70199033617973339 1.023424029350281 0.0053993761539459237 0.31461367011070257 6.5155987739562997 inf 2.8029010295867924 1.5000000000000002 1.9880797863006594 0.0052847266197204599 0.10843575000762941 0.0062671899795532235
decision_type=10 8 8 10 10 8 10 8 10 8 8 8 10 8
left_child=1 3 6 4 7 -6 -3 -1 -9 -10 11 -11 -13 -4
right_child=-2 2 13 -5 5 -7 -8 8 9 10 -12 12 -14 -15
leaf_value=0.0040184482041657572 0.017890709608936253 -0.0076378700859156589 0.0074821685271131734 0.01953150354078928 -0.040327479985664355 0.01119869334856733 -0.076566872590137613 -0.0082135342402584934 -0.080034002729241466 -0.084993857800416101 0.012924110289856298 -0.25150585668933417 0.98001481315185124 -0.0010182753115310476
leaf_weight=57.451267831673476 142.5188005276068 742.46242293644673 347.92311969226694 114.27409102440015 10.04037987080889 239.96360957995088 5.1878349808700923 60.188212206850892 11.234084958505948 4.1674875381527254 8.1662436056067218 0.079682237017550395 0.08581872711511096 678.87981323241274
leaf_count=26020 38934 1710475 8212 31399 45883 203487 9377 16016 5165 2589 591 45 68 72879
internal_value=0.000644244 -0.000433753 -0.00234219 0.00626344 0.00238943 0.00912936 -0.00811616 -0.00952947 -0.0188042 -0.0456622 -0.0147694 -0.0669625 0.387086 0.00186203
internal_weight=2422.62 2280.1 1774.45 505.651 391.377 250.004 747.65 141.373 83.9215 23.7333 12.4992 4.33299 0.165501 1026.8
internal_count=2171140 2132206 1800943 331263 299864 249370 1719852 50494 24474 8458 3293 2702 113 81091
is_linear=0
shrinkage=0.05


Tree=126
num_leaves=15
num_cat=0
split_feature=27 15 12 13 16 14 16 11 16 16 9 2 16 17
split_gain=22.6064 10.244 9.99626 12.0167 14.6547 9.68415 9.60627 10.2145 8.48909 9.72685 8.63079 8.52567 12.2632 25.0889
threshold=1.4612500667572024 1.0000000180025095e-35 0.19615384936332705 0.28869047760963445 5.7791979312896737 1.0000000180025095e-35 2.9700856208801274 1.0000000180025095e-35 3.65057384967804 3.9019216299057011 0.31967300176620489 0.46631458401679998 2.8029010295867924 6.0901775360107431
decision_type=10 8 10 10 8 8 8 8 10 10 8 8 8 10
left_child=1 5 3 -3 -5 6 7 -1 11 -10 -11 12 13 -7
right_child=-2 2 -4 4 -6 8 -8 -9 9 10 -12 -13 -14 -15
leaf_value=0.028316804293072637 0.0097736546762097892 -0.0015480079252150052 0.032151565317727553 -0.064657020082577871 0.061667357844048289 0.24319350133145373 -0.042850986091546299 -0.069616155065853488 0.047855797323061916 0.038481114407041925 -0.011325970201918133 -0.040098827387687032 -0.050662957284865077 2.2708401352481182
leaf_weight=10.860665553244299 451.83376378307071 1740.1737105471748 21.750085674095544 14.061592018777903 2.7438372082845026 0.38235363623095964 43.286108321528673 3.5272987319998501 9.9576583046177785 10.028618607765905 65.542545277908857 20.77806843945098 0.48309422880356578 0.015889890231164827
leaf_count=12234 239948 1597576 9942 14224 971 2973 151864 13309 7317 26289 68324 13670 12009 396
internal_value=-0.00030047 -0.00264244 -0.00153732 -0.00195436 -0.0440319 -0.0145657 -0.0310862 0.00430793 -0.00567666 0.00140434 -0.00471636 -0.0336381 0.118677 0.324096
internal_weight=2395.43 1943.59 1778.73 1756.98 16.8054 164.862 57.6741 14.388 107.188 85.5288 75.5712 21.6594 0.881338 0.398244
internal_count=2171046 1931098 1622713 1612771 15195 308385 177407 25543 130978 101930 94613 29048 15378 3369
is_linear=0
shrinkage=0.05


Tree=127
num_leaves=15
num_cat=0
split_feature=27 0 18 2 16 16 8 10 16 10 16 16 8 13
split_gain=15.9451 10.1379 7.32515 7.22442 17.1887 19.8374 34.5137 7.24245 8.57374 6.40119 7.25174 6.34012 6.06445 8.05052
threshold=1.4612500667572024 0.6155829429626466 1.3386034965515139 0.30106855928897863 3.4498615264892583 3.3497501611709599 14.500000000000002 0.02614811155945063 4.6298508644104013 0.024080176837742332 2.9174053668975835 7.5847010612487802 61.500000000000007 0.13976744562387469
decision_type=10 8 10 8 8 10 10 10 10 8 10 8 8 8
left_child=1 9 -2 4 5 -3 -7 12 -9 -1 -11 -4 -5 -14
right_child=2 3 11 7 -6 6 -8 8 -10 10 -12 -13 13 -15
leaf_value=-0.0082391142968781181 0.0093435981426053024 -0.0082391142968781181 -0.055888932187191556 -0.0082391142968781181 0.038502217895805296 2.2021697577064003 0.42143966004608036 0.011038305300548244 -0.0082391142968781181 -0.0082391142968781181 -0.033778954899163646 0.21392759295457392 -0.0082391142968781181 0.00029560530391895635
leaf_weight=35.912286060666162 444.48747619563403 0.10425353958703487 5.8632999922441504 77.992915987775859 1.7866680918270956 0.03582040540595699 0.11320392963671111 213.64539400741523 43.125618743345512 26.870754298707553 62.709143872970671 0.22611750112355355 238.91060437176202 1249.5864346189855
leaf_count=715325 204226 1341 35905 18814 7942 167 47 4428 1097 147888 571622 76 102170 360645
internal_value=0.000119755 -0.00183834 0.0085974 -0.000893234 0.0931482 0.478631 0.849467 -0.000998451 0.00678512 -0.015585 -0.024184 -0.0458699 -0.00227429 -0.00133775
internal_weight=2401.37 1950.79 450.577 1825.3 2.03995 0.253278 0.149024 1823.26 256.771 125.492 89.5799 6.08942 1566.49 1488.5
internal_count=2171693 1931486 240207 496651 9497 1555 214 487154 5525 1434835 719510 35981 481629 462815
is_linear=0
shrinkage=0.05


Tree=128
num_leaves=15
num_cat=0
split_feature=27 0 0 14 11 20 10 0 1 9 9 2 10 26
split_gain=16.6367 12.6664 7.4683 6.88329 15.055 9.479 6.18431 6.74288 8.41849 5.81938 5.92886 5.35028 5.34993 4.99409
threshold=1.4612500667572024 0.57474446296691906 0.68198665976524364 1.0000000180025095e-35 0.41428571939468389 1.0000000180025095e-35 0.031408416107296951 0.69005811214447033 34.500000000000007 0.55287581682205211 0.4694200605154038 1.0955566763877871 0.016871056519448761 0.093073595315217986
decision_type=10 8 10 10 8 10 10 10 8 8 10 10 8 10
left_child=1 -1 3 5 9 -2 7 8 -3 10 -5 -4 -9 -7
right_child=2 6 11 4 -6 13 -8 12 -10 -11 -12 -13 -14 -15
leaf_value=-0.032024161959282836 -0.065727433965531143 -0.010449111697789676 0.070285015998309081 -0.067738142360383904 0.0086715409386804009 -0.031668685834529975 0.011250062454800702 0.049162375444519152 -0.0019960484027042413 -0.059078744546286616 0.0086715409386804009 0.014137752952068551 0.0007942403946860938 0.0086715409386804009
leaf_weight=33.374529785108734 4.3741130304305207 399.38866121462178 4.3198537399221086 2.5952792135214535 21.15474323338583 7.6770513583427364 98.470454978852104 5.7491637629700554 400.3389566991039 16.819034611455436 2.7498309315620872 238.06929234707331 1022.5599906378866 151.50009205932275
leaf_count=1029653 7657 89766 591 24423 20901 20810 1399 541 764789 55700 3069 4731 44669 101790
internal_value=0.000504431 -0.0014849 0.00918282 0.00220467 -0.0155171 0.00689854 -0.000955838 -0.00161333 -0.00505676 -0.0446356 0.000811353 0.0151384 0.00106466 0.00867154
internal_weight=2409.14 1959.88 449.259 206.87 43.3189 163.551 1926.51 1828.04 799.728 22.1641 5.34511 242.389 1028.31 159.177
internal_count=2170489 1930817 239672 234350 104093 130257 901164 899765 854555 83192 27492 5322 45210 122600
is_linear=0
shrinkage=0.05


Tree=129
num_leaves=15
num_cat=0
split_feature=9 9 18 12 0 11 27 7 2 8 10 3 17 0
split_gain=15.2668 11.1203 9.92904 11.1454 8.13342 6.10372 10.5072 8.27863 7.31476 12.4365 10.5286 7.74776 10.0838 7.34628
threshold=0.2984511554241181 0.28940641880035406 0.15935160964727405 0.012579114176332952 0.60829037427902233 0.52272728085517894 1.336820185184479 121.53054046630861 0.73600211739540111 10.500000000000002 0.017601265572011474 0.080198258161544814 4.6774799823760995 0.69005811214447033
decision_type=10 10 8 8 8 8 10 10 8 8 10 10 8 8
left_child=1 4 3 -2 -1 6 7 -4 9 -7 -10 12 -11 -12
right_child=2 -3 5 -5 -6 8 -8 -9 10 11 13 -13 -14 -15
leaf_value=-0.016220105295308523 -0.039126541760779968 -0.074336009989526317 -0.014716669665866778 0.017546730378051732 -0.0011353683828822746 0.075241638498304911 0.0093915371061320582 0.051216966937286217 -0.056608992197451274 0.40581691770848122 -0.0073681760301523977 -0.051361926328334029 -0.079850783017088145 0.014480335566512809
leaf_weight=94.49222313293437 9.0380812921220581 5.3227101832308099 129.30480120937432 216.05471473092922 1644.8852881997811 9.5607990498385753 95.735912901638528 4.9428383101734417 6.4784144036946136 0.22310643893433812 53.925065232544739 3.7370799302711362 0.20515456021530554 134.27231455097626
leaf_count=1145259 9563 20373 155367 90908 564999 11923 39511 1452 6528 67 5914 116900 108 2038
internal_value=0.000279335 -0.00217567 0.00673508 0.0152711 -0.00195485 0.00235217 -0.00326402 -0.0122891 0.00854996 0.0438277 0.0060626 -0.0282774 0.173162 0.00821998
internal_weight=2408.18 1744.7 663.478 225.093 1739.38 438.385 229.984 134.248 208.402 13.7261 194.676 4.16534 0.428261 188.197
internal_count=2170910 1730631 440279 100471 1710258 339808 196330 156819 143478 128998 14480 117075 175 7952
is_linear=0
shrinkage=0.05


Tree=130
num_leaves=15
num_cat=0
split_feature=10 2 0 4 0 18 10 10 12 18 2 16 2 0
split_gain=15.946 13.9965 11.7028 11.0843 9.88881 9.46592 11.6467 9.18344 9.4575 8.77163 7.36531 7.26809 9.08451 6.87481
threshold=0.011764857918024065 0.5077783763408662 0.60591885447502147 0.0015761256217956545 0.56696471571922313 0.15935160964727405 0.014493018854409458 0.015873458236455921 0.12390350922942163 0.16138784587383273 1.5781238675117495 2.4414010047912602 1.9880797863006594 0.7098187804222108
decision_type=10 8 8 8 10 8 10 8 10 8 10 8 10 8
left_child=2 3 -1 7 -5 6 -3 8 -2 -7 -4 12 -12 -11
right_child=1 5 10 4 -6 9 -8 -9 -10 13 11 -13 -14 -15
leaf_value=-0.02051390807252005 0.24244860079929792 -0.080541151962878865 -0.0045835539252217792 -0.051958664312832317 0.069160507799173418 -0.096098018686287506 0.014129635264359451 -0.063722165528627292 0.99084430966597403 -0.00446125599223407 0.00088245159321707141 0.0010135230976627391 0.047407787803093869 0.0074115385516268645
leaf_weight=87.664624711587606 0.88710030221092195 3.2905394296382715 914.27643900908902 2.1229179409285743 8.1738021396254208 2.309986669431054 255.48464168589351 0.24909667626843668 0.044322915614770864 240.20458206214158 22.566590366753644 577.81295977872264 19.609209206242667 247.61023652068161
leaf_count=1421350 4108 3164 577513 71602 13582 260 11773 547 132 45685 615 13642 185 6960
internal_value=5.48904e-05 0.00602934 -0.00274599 0.0608265 0.0441889 0.00518955 0.0129258 0.205943 0.278062 0.00110497 -0.00173077 0.00247613 0.0225139 0.00156526
internal_weight=2382.31 760.377 1621.93 11.4772 10.2967 748.9 258.775 1.18052 0.931423 490.125 1534.27 619.989 42.1758 487.815
internal_count=2171118 157813 2013305 89971 85184 67842 14937 4787 4240 52905 591955 14442 800 52645
is_linear=0
shrinkage=0.05


Tree=131
num_leaves=15
num_cat=0
split_feature=26 18 10 2 7 10 17 3 2 2 0 0 10 16
split_gain=14.7482 12.8558 12.8012 8.47928 8.5866 10.4858 8.39824 7.48644 7.69932 20.4447 219.795 7.41688 7.26398 7.16495
threshold=0.43167701363563543 0.2837966531515122 0.031408416107296951 0.98194503784179699 13.356144428253176 0.02470413222908974 5.1561734676361093 0.18967676162719729 0.13707191497087481 -1.0842106938362119 0.53694626688957225 0.70199033617973339 0.010752843692898752 6.4819416999816903
decision_type=10 10 10 8 10 8 10 10 8 10 8 8 8 10
left_child=2 3 7 -2 5 -5 -7 8 9 10 -1 -8 -10 -9
right_child=1 -3 -4 4 -6 6 11 13 12 -11 -12 -13 -14 -15
leaf_value=-0.050094990330294957 0.049905252341430478 -0.0073282202551968869 0.013758469126680975 -0.079926399425214137 0.032354132190822484 0.01867244276426272 -0.043317135782798499 -0.044845340967420322 -0.046054681930615515 0.04603348694103046 18.182788336840087 0.0055084215428069022 -0.0019708009880776891 0.12877476197963683
leaf_weight=0.01745509083161767 21.538380206138413 55.760436180785632 132.92961081865724 3.4615189555461248 47.477654802870802 28.69409909420051 10.540774020079196 14.247898270669904 9.3879913721307968 6.9258830615824127 0.0018257913484376323 29.675039552741509 2016.139667648647 0.62008946524235931
leaf_count=1256 19158 47711 2059 113 776 1228 1250 1019655 50328 70066 19 785 951389 5564
internal_value=-9.30745e-05 0.0130031 -0.00127728 0.0210214 0.0158306 0.00499075 0.00925636 -0.00225352 -0.00199492 0.0505598 1.67646 -0.00728901 -0.00217512 -0.0376043
internal_weight=2377.42 197.148 2180.27 141.387 119.849 72.3714 68.9099 2047.34 2032.47 6.94516 0.0192809 40.2158 2025.53 14.868
internal_count=2171357 71021 2100336 23310 4152 3376 3263 2098277 1073058 71341 1275 2035 1001717 1025219
is_linear=0
shrinkage=0.05


Tree=132
num_leaves=15
num_cat=0
split_feature=27 15 14 18 2 18 10 3 1 1 3 17 26 17
split_gain=19.3567 10.4872 11.4181 11.4639 9.25746 8.95442 8.8413 8.48506 7.94074 8.04471 7.69295 9.65923 12.7615 11.8466
threshold=2.3880039453506474 1.0000000180025095e-35 1.0000000180025095e-35 0.044814623892307288 1.9880797863006594 0.41906738281250006 0.02883220370858908 0.15491789579391482 253.50000000000003 254.50000000000003 1.0000000180025095e-35 5.5392990112304696 0.12132352963089944 5.5965666770935067
decision_type=10 8 8 8 8 10 8 10 10 10 8 8 10 8
left_child=1 2 3 8 -4 -6 -5 -3 -1 -10 -2 -12 -13 -14
right_child=10 7 4 6 5 -7 -8 -9 9 -11 11 12 13 -15
leaf_value=0.03494693056583198 0.02413850065724716 -0.00045062637359225097 -0.011745387231632525 -0.070832425610478658 0.040072179992905486 -0.036698623596178745 -0.025659169724277398 -0.033306659366222374 0.93761907242955778 -0.051669312044093932 0.012604221366688553 -0.073421965418129606 -0.064713491249444172 0.003479927383184131
leaf_weight=4.611727363833789 78.543622619004907 1776.7727422762885 84.832247792227577 14.723715541757143 18.178056588672451 4.8015357778785974 40.975689106011401 19.869835790946354 0.049167320463084141 0.035305852837154816 220.92791586961079 6.5554143751281222 6.8530221942667131 90.104916448446204
leaf_count=14625 1327 619246 128287 95119 2579 1809 70239 1052334 11 392 120083 13430 4018 47386
internal_value=0.00011564 -0.0019317 -0.01387 -0.0312751 -0.0041198 0.0240311 -0.0376004 -0.000813995 0.0437464 0.524143 0.0100979 0.00669887 -0.0059049 -0.00134001
internal_weight=2367.83 1964.85 168.207 60.3956 107.812 22.9796 55.6994 1796.64 4.6962 0.0844732 402.985 324.441 103.513 96.9579
internal_count=2170885 1984641 313061 180386 132675 4388 165358 1671580 15028 403 186244 184917 64834 51404
is_linear=0
shrinkage=0.05


Tree=133
num_leaves=15
num_cat=0
split_feature=28 26 18 16 14 4 18 11 2 14 8 16 16 11
split_gain=14.7164 12.8293 10.0959 9.94606 19.3869 11.4912 13.2716 10.677 16.2613 10.8217 10.6982 10.3281 9.0759 8.53168
threshold=1.5000000000000002 0.12771739065647128 0.25177939236164099 2.2499048709869389 1.0000000180025095e-35 0.0016823410987854006 0.185098871588707 0.10555555671453477 1.2446988821029665 1.0000000180025095e-35 4.5000000000000009 5.0782890319824228 3.1984648704528813 0.10555555671453477
decision_type=8 8 10 8 10 10 8 8 10 8 8 10 8 10
left_child=3 -2 13 4 5 6 -1 8 -5 -9 12 -10 -11 -3
right_child=1 2 -4 7 -6 -7 -8 9 11 10 -12 -13 -14 -15
leaf_value=-0.060370890034240156 -0.0023164179580756985 0.017873845233528165 0.0011868919081140881 -0.023790763927274746 -0.035841243444181103 0.040246891877112494 0.14784583611265273 -0.016167086071213376 -0.0010693835947234661 0.35806471284649427 -5.1049352228172971e-05 -0.041135410551263796 0.057476114263716398 -0.01472733491278602
leaf_weight=5.52814228229522 380.83924607717773 283.71497445093394 203.31170212061289 156.8148547796107 14.043061943802398 42.437705367470016 0.88827112932403895 111.62550359444197 255.85701671798893 0.26528445555993485 865.73582013424823 17.163482169450276 4.7038718134077726 21.595729347165843
leaf_count=4201 130391 24752 53829 1036447 11725 52810 213 265219 24646 106 561156 2156 2706 1666
internal_value=-0.00045653 0.0046232 0.00981935 -0.0035196 0.0159348 0.0308178 -0.0315459 -0.00438609 -0.0109586 -0.00151019 0.000368844 -0.00358814 0.0735234 0.0155678
internal_weight=2364.52 889.462 508.622 1475.06 62.8972 48.8541 6.41641 1412.17 429.835 982.33 870.705 273.02 4.96916 305.311
internal_count=2172023 210638 80247 1961385 68949 57224 4414 1892436 1063249 829187 563968 26802 2812 26418
is_linear=0
shrinkage=0.05


Tree=134
num_leaves=15
num_cat=0
split_feature=27 3 1 16 10 9 1 16 16 14 15 11 16 3
split_gain=19.4239 7.50375 7.11028 9.71075 9.55572 9.02628 7.46706 7.52768 7.32321 11.7983 7.22693 7.17419 14.5423 18.1653
threshold=1.4612500667572024 0.039126038551330573 14.500000000000002 4.1971738338470468 0.030186134390532974 0.4063695371150971 4.5000000000000009 3.4175922870635991 4.3241107463836679 1.0000000180025095e-35 1.0000000180025095e-35 0.41428571939468389 2.2499048709869389 0.046789705753326423
decision_type=10 8 8 10 10 8 10 8 10 10 8 8 8 10
left_child=1 -1 3 5 11 -3 -7 -8 9 -5 -10 12 13 -4
right_child=-2 2 4 8 -6 6 7 -9 10 -11 -12 -13 -14 -15
leaf_value=0.00072803099325758464 0.0093901791821010428 0.010302606840711676 -0.093670626994849515 -0.078668609861990563 0.03986528678117135 -0.0051235190558531459 -0.019862597764615911 -0.048368862283727547 -0.051766053269719663 0.044231934606069369 -0.0015520050861302251 -0.00045185886791725507 -0.016761002746880686 0.043882471055479447
leaf_weight=1009.4229533487107 440.85663223197048 19.818336637341162 2.7456573353315674 2.2349981038864835 12.793707715347407 31.849638134582278 49.600024007564457 43.443460321092971 8.0722430538111212 15.464125349953974 63.786840930917606 474.91980222833365 171.66410044626733 19.074595233594692
leaf_count=17543 240018 3103 1399 1174 65 3486 8846 10494 1540 663 8653 862312 966478 44948
internal_value=-7.67398e-05 -0.00224494 -0.00552304 -0.013037 -0.00293891 -0.0210453 -0.0260197 -0.0331726 -9.69389e-05 0.0287124 -0.00719277 -0.00375821 -0.0118739 0.0265741
internal_weight=2365.75 1924.89 915.468 234.27 681.198 144.711 124.893 93.0435 89.5582 17.6991 71.8591 668.404 193.484 21.8203
internal_count=2170722 1930704 1913161 37959 1875202 25929 22826 19340 12030 1837 10193 1875137 1012825 46347
is_linear=0
shrinkage=0.05


Tree=135
num_leaves=15
num_cat=0
split_feature=16 14 27 7 14 8 2 17 9 8 3 4 15 9
split_gain=14.6717 19.5365 11.0766 14.3983 11.228 11.4795 11.971 11.0273 10.9484 10.674 9.70658 9.0002 8.30542 9.36057
threshold=2.4414010047912602 1.0000000180025095e-35 1.336820185184479 19.978610992431644 1.0000000180025095e-35 31.500000000000004 1.5781238675117495 4.7050054073333749 0.2984511554241181 9.5000000000000018 0.081891596317291274 0.0026761889457702641 inf 0.19752813875675204
decision_type=8 10 8 10 10 10 8 8 10 10 10 10 8 8
left_child=1 -1 4 12 5 6 9 -6 -7 -2 -10 -3 13 -4
right_child=2 11 3 -5 7 8 -8 -9 10 -11 -12 -13 -14 -15
leaf_value=0.021138978958395158 -0.025228741533611133 -0.09220189929004477 -0.1039165558908072 0.013720255539090962 -0.042528033534311178 -0.030256389846076877 -0.0080748418895733951 0.00041221416862923974 0.018199134805001065 -0.089631063522420951 -0.058916281190084907 -0.012343316529848155 -0.0047222862403420354 0.0066675427078427066
leaf_weight=157.62707120878036 93.410730005321213 4.1348854813651341 1.9251472677449317 258.22034817300721 15.228367039000089 17.863745292106586 178.35947986990539 822.01490468004647 67.08762104838479 6.9096763633032898 4.3448754949302204 24.044914909791544 410.7909751692697 319.76336121499889
leaf_count=97023 450570 2122 9621 114197 63947 160917 19716 514340 5421 36820 113850 16943 437472 127187
internal_value=0.000792907 0.0142838 -0.000348624 0.00356814 -0.00356824 -0.0108478 -0.0158468 -0.000368813 0.0047534 -0.0296645 0.0135086 -0.0240611 -1.07735e-05 0.00600575
internal_weight=2381.73 185.807 2195.92 990.7 1205.22 367.976 278.68 837.243 89.2962 100.32 71.4325 28.1798 732.479 321.689
internal_count=2170146 116088 2054058 688477 1365581 787294 507106 578287 280188 487390 119271 19065 574280 136808
is_linear=0
shrinkage=0.05


Tree=136
num_leaves=15
num_cat=0
split_feature=7 16 0 17 9 4 17 1 12 15 17 3 18 18
split_gain=17.7912 10.828 9.05272 7.27293 7.1937 6.72287 5.78371 6.59531 6.38004 8.93333 10.4278 7.1065 6.48238 6.32843
threshold=47.893497467041023 2.5249279737472539 0.70199033617973339 6.6106951236724862 0.99943557381629955 0.052117407321929939 3.8176519870758061 44.500000000000007 0.051956815645098693 inf 5.7219483852386483 0.095152109861373915 2.0179105997085576 0.2968935519456864
decision_type=10 8 10 10 10 10 8 10 8 8 10 10 10 8
left_child=1 -1 5 4 -2 6 7 -3 9 10 -8 13 -10 -11
right_child=3 2 -4 -5 -6 -7 8 -9 12 11 -12 -13 -14 -15
leaf_value=0.006639917441887612 0.006639917441887612 -0.044427804215737915 0.0010906338265348594 0.050995941114888012 0.026434327257880065 -0.031860433470657326 -0.0023105369352040728 -0.0023105369352040728 -0.002474236940478327 -0.056233887064360624 -0.03602403600721437 -0.0023105369352040728 -0.047993600307182138 -0.021199180708529306
leaf_weight=203.80885073663836 123.71778683384281 19.123325620492526 945.17586693416206 12.768852030162462 59.133745074747367 23.998699900268775 38.904995136025889 3.5519041339996411 830.64394135215321 22.495026020118544 23.006279352189743 13.831501691873497 7.8957062771705742 30.186214325782657
leaf_count=128559 72803 22840 30194 6718 2900 642865 54519 23515 956432 10108 41760 130840 30520 17026
internal_value=7.30918e-05 -0.00123306 -0.00242941 0.0145129 0.0119652 -0.00571171 -0.0050776 -0.0300387 -0.00449227 -0.0148703 -0.00231054 -0.0276158 -0.00290285 -0.0361591
internal_weight=2358.24 2162.62 1958.81 195.62 182.852 1013.64 989.639 22.6752 966.964 128.424 61.9113 66.5127 838.54 52.6812
internal_count=2171599 2089178 1960619 82421 75703 1930425 1287560 46355 1241205 254253 96279 157974 986952 27134
is_linear=0
shrinkage=0.05


Tree=137
num_leaves=15
num_cat=0
split_feature=8 3 13 18 16 2 2 18 14 8 10 10 2 4
split_gain=12.2782 8.57319 9.67439 13.5766 31.662 14.7435 8.65098 7.58827 10.6609 8.06812 11.5234 9.98513 11.5978 9.606
threshold=2.5000000000000004 0.16938516497612002 0.16472868621349337 0.11541344597935678 3.6762205362319951 0.3859186470508576 0.30106855928897863 0.69740217924118053 inf 21.500000000000004 0.02883220370858908 0.027823104523122314 0.94234895706176769 0.010872095823287966
decision_type=8 10 10 8 10 10 8 10 8 10 8 8 8 10
left_child=-1 6 -3 4 -4 -6 -2 -8 9 10 -9 12 13 -11
right_child=1 2 3 -5 5 -7 7 8 -10 11 -12 -13 -14 -15
leaf_value=0.013115525784324704 0.045079557696206363 -0.042677746568456063 -0.050285869597328996 0.050163531808610218 -0.050087413070767542 2.1416910858408444 -0.00066930883242449139 -0.085358642363128928 -0.045223229097800466 -0.011811989632325694 -0.010527008786061071 0.066175973976656352 -0.0075599836499923474 0.15452108188291394
leaf_weight=150.08243853458049 9.9790069215646913 18.935832990371697 0.06821666460967768 1.0155408931062766 0.0098298249778281388 0.034962932735197683 1968.2568635724763 5.3879033167390267 20.519914395856233 1.4665168341203974 113.91101820329845 6.8945310600684016 36.041674921889467 2.1268841531143607
leaf_count=8736 77656 1187133 4932 47830 920 138 710208 2722 29064 2752 86417 21 8403 4233
internal_value=-0.0007184 -0.00166877 -0.0342018 0.108015 0.627887 1.6607 -0.00136721 -0.00158233 -0.0112258 -0.00701895 -0.0139066 0.0106406 0.00098023 0.0866382
internal_weight=2334.73 2184.65 20.0644 1.12855 0.113009 0.0447928 2164.58 2154.61 186.348 165.829 119.299 46.5296 39.6351 3.5934
internal_count=2171165 2162429 1240953 53820 5990 1058 921476 843820 133612 104548 89139 15409 15388 6985
is_linear=0
shrinkage=0.05


Tree=138
num_leaves=15
num_cat=0
split_feature=27 11 16 2 8 2 10 18 8 18 3 8 15 16
split_gain=15.0461 8.63527 20.9211 12.1481 8.95192 11.9227 11.5042 11.3981 7.64089 7.49195 8.96304 11.1668 6.59126 12.1154
threshold=2.8887320756912236 0.52272728085517894 2.6735538244247441 1.2446988821029665 4.5000000000000009 0.63609182834625255 0.02883220370858908 0.12822470813989642 1.5000000000000002 0.17394839227199557 0.046789705753326423 5.5000000000000009 1.0000000180025095e-35 3.5114340782165532
decision_type=10 8 8 10 8 8 10 8 8 8 10 10 8 10
left_child=1 2 -1 8 5 -3 7 -7 -4 10 11 -5 13 -6
right_child=-2 4 3 9 12 6 -8 -9 -10 -11 -12 -13 -14 -15
leaf_value=0.0132059818006192 0.0092855287888101955 0.073418427342735834 0.035541261818152384 -0.0006010710405392922 -0.048952138303097484 0.031627828857081007 0.017323675248532813 -0.11756659642274697 -0.023951256854033154 -0.01033660006104061 -0.028235070388227951 0.034058433467301627 0.00087947034821001945 -0.0039541806520569621
leaf_weight=115.18606223921648 381.2519400446613 8.6008406872780352 5.5933686844652177 78.792266363219881 18.674090737019014 2.1005566615144735 54.948404313137644 3.2778231533130793 153.79609764951212 264.50968026818754 18.178956491337772 32.960828848932579 1136.1253275922493 75.182551823813071
leaf_count=109894 164927 5380 1086 1669 45152 76 832 765 963984 23785 6499 297 711886 135080
internal_value=0.000194317 -0.00156695 -0.00618198 -0.0102143 0.000810071 0.0183445 0.0104926 -0.0592979 -0.0218635 -0.00550697 0.00432496 0.00962152 -0.00017255 -0.0129072
internal_weight=2349.18 1967.93 669.017 553.831 1298.91 68.9276 60.3268 5.37838 159.389 394.442 129.932 111.753 1229.98 93.8566
internal_count=2171312 2006385 1107214 997320 899171 7053 1673 841 965070 32250 8465 1966 892118 180232
is_linear=0
shrinkage=0.05


Tree=139
num_leaves=15
num_cat=0
split_feature=27 12 16 14 27 10 14 17 3 15 16 8 10 9
split_gain=11.4383 7.73588 8.40852 16.3869 7.70496 9.17477 7.3788 13.8429 13.6926 11.092 10.6619 9.52162 14.6833 10.7034
threshold=1.4612500667572024 0.19615384936332705 2.4414010047912602 1.0000000180025095e-35 1.023424029350281 0.016625861637294296 1.0000000180025095e-35 4.2413008213043222 0.092515558004379286 inf 4.0689902305603036 26.500000000000004 0.02883220370858908 0.30306287109851843
decision_type=10 10 8 10 10 8 10 8 10 8 8 10 8 10
left_child=1 2 3 4 -1 -6 8 -8 9 10 -4 12 -11 -13
right_child=-2 -3 6 -5 5 -7 7 -9 -10 11 -12 13 -14 -15
leaf_value=0.014310168456889566 0.0080529564037421057 0.027783320667651101 -0.010765873429176322 -0.028326275378455647 0.26654808871343766 0.049656694464613849 -0.053333507525842649 0.0006464612367777249 -0.031523846854639118 -0.038981129249701749 -0.061567293268614334 -0.02192639821755947 -0.003327378854175301 0.015785360137142105
leaf_weight=107.39128890360448 433.72398253209758 23.175918006120128 30.730970589952822 22.701172834657996 0.51604941150776262 8.8398964936291691 11.999439963457133 1162.4311536406306 50.928987266593936 31.573019368899281 15.55629777809653 22.737473665113612 338.18631121234057 109.06982850821259
leaf_count=88870 239815 12334 11254 17398 660 2404 40139 743162 920966 2793 10253 6413 66179 8370
internal_value=0.000713831 -0.000930499 -0.00127843 0.0105434 0.0181015 0.0616199 -0.00220811 9.49349e-05 -0.00672523 -0.00441993 -0.0278393 -0.00225866 -0.00637178 0.00927988
internal_weight=2369.56 1935.84 1912.66 139.448 116.747 9.35595 1773.21 1174.43 598.783 547.854 46.2873 501.567 369.759 131.807
internal_count=2171010 1931195 1918861 109332 91934 3064 1809529 783301 1026228 105262 21507 83755 68972 14783
is_linear=0
shrinkage=0.05


Tree=140
num_leaves=15
num_cat=0
split_feature=26 0 18 18 9 17 8 18 27 16 11 18 28 25
split_gain=16.943 8.82784 13.3708 8.25292 9.40784 11.0775 7.06629 6.97655 6.66542 6.53882 5.9725 7.06805 7.97242 5.55649
threshold=0.45227272808551794 0.69005811214447033 0.21520161628723147 0.43398620188236242 0.49783132970333105 5.9362151622772226 1.5000000000000002 0.22268056869506839 2.4155732393264775 5.9229171276092538 0.52272728085517894 0.92005154490470897 1.5000000000000002 5.5000000000000009
decision_type=10 8 10 10 8 8 8 8 10 10 8 10 10 8
left_child=1 2 -1 -2 -5 -6 8 -4 -3 -8 11 12 -9 -13
right_child=3 6 7 4 5 -7 9 10 -10 -11 -12 13 -14 -15
leaf_value=-0.001665102482082808 0.018970866524864981 0.0087082346573529867 -0.060818665355695668 0.034627861145344656 -0.039195207448608702 0.065975206205207748 0.00061351288815497511 -0.026218163820813413 0.052458289223406535 0.034028807394959511 -0.0057346331071315678 -0.068770976680134752 -0.001665102482082808 -0.016498363534414761
leaf_weight=472.01627694121106 164.95749577160092 28.525588530018354 7.4048433528810778 8.9199356307435682 19.889552170294511 2.8643477404746127 1289.0922198337298 69.655761413549783 12.529860360664314 14.808443081616131 184.15827016919923 11.81930185003063 57.921679652556378 8.9210760136855605
leaf_count=793251 32083 650 23147 10300 27167 587 106987 457441 385 1876 505303 143139 32721 35004
internal_value=0.00043171 -0.00084922 -0.00496631 0.0144823 -0.00889444 -0.025956 0.00163611 -0.0128178 0.0220605 0.000993011 -0.0117487 -0.0192161 -0.0148151 -0.0462869
internal_weight=2353.48 2156.85 811.897 196.631 31.6738 22.7539 1344.96 339.881 41.0554 1303.9 332.476 148.318 127.577 20.7404
internal_count=2170041 2099904 1990006 70137 38054 27754 109898 1196755 1035 108863 1173608 668305 490162 178143
is_linear=0
shrinkage=0.05


Tree=141
num_leaves=15
num_cat=0
split_feature=10 0 8 4 0 2 10 16 16 8 2 16 16 4
split_gain=10.3266 9.9137 7.97293 7.77562 7.14353 7.02941 9.14374 8.76699 7.77603 7.44916 14.4983 6.19109 6.02219 7.84893
threshold=0.02614811155945063 0.70199033617973339 21.500000000000004 0.017474055290222171 0.510185867547989 0.30106855928897863 0.011236094869673254 6.4819416999816903 2.2499048709869389 28.500000000000004 0.73600211739540111 3.4498615264892583 3.6242519617080693 0.0026761889457702641
decision_type=10 8 10 10 8 8 10 10 8 8 8 8 8 10
left_child=4 -2 -3 -4 -1 6 7 8 -6 10 -7 -8 13 -11
right_child=1 2 3 -5 5 9 11 -9 -10 12 -12 -13 -14 -15
leaf_value=-0.046800889233570099 -0.0021739875742198362 0.0094475075186956203 0.044533887756134705 0.0059231275233009723 0.13018607464135531 0.029417019626595417 0.1478219575068303 0.12225706210647949 -0.02400534317834857 -0.0063083262522503408 -0.02400534317834857 0.042549143207311513 -0.0034621554173890623 0.0051287680326524204
leaf_weight=8.6302928802903924 158.54387369678443 187.86090859120577 35.134223353976267 10.975418721844106 0.85166772465597329 12.754243193161374 2.1626808904095536 1.34150162326432 8.3027407604243084 200.0682842991074 30.077964382212809 3.9427359617888835 1075.704655922937 599.5387098561398
leaf_count=641845 6005 2975 155 233 8321 10815 5848 2076 261625 52305 10418 27103 763427 378040
internal_value=8.18091e-05 0.00747909 0.0140202 0.0326506 -0.00141226 -0.0012098 0.0311859 0.00288444 -0.0146086 -0.00149018 -0.0221076 0.0798392 -0.00101927 0.00226711
internal_weight=2335.89 392.514 233.971 46.1096 1943.38 1934.75 16.6013 10.4959 9.15441 1918.14 42.8322 6.10542 1875.31 799.607
internal_count=2171191 9368 3363 388 2161823 1519978 304973 272022 269946 1215005 21233 32951 1193772 430345
is_linear=0
shrinkage=0.05


Tree=142
num_leaves=15
num_cat=0
split_feature=26 7 15 26 9 15 10 1 1 17 11 10 16 9
split_gain=15.729 9.99573 8.09882 6.9439 6.81042 6.97198 6.67507 7.1487 9.98808 10.1228 8.24205 10.2975 8.66606 8.54978
threshold=0.45227272808551794 47.086400985717781 1.0000000180025095e-35 0.28869047760963445 0.99943557381629955 1.0000000180025095e-35 0.0094349072314798849 6.5000000000000009 8.5000000000000018 6.2344088554382333 0.41428571939468389 0.024080176837742332 3.1567740440368657 0.39732238650321966
decision_type=10 10 10 10 8 8 8 10 8 8 8 10 8 10
left_child=1 6 3 -3 -2 -6 -1 -8 9 -9 12 -12 -10 -13
right_child=4 2 -4 -5 5 -7 7 8 10 -11 11 13 -14 -15
leaf_value=-0.036687650103723296 0.025710275942281716 0.0039630530615650267 0.033656858201709307 0.042491900133046628 0.029113001315247484 2.4655531704845568e-05 0.00056985971183747962 -0.018557319640211387 0.0015171595731403302 -0.097698589463205199 0.00074470275094310335 0.0039630530615650267 -0.018610471626920515 -0.074499101816371205
leaf_weight=13.980794712471761 72.830262322271551 133.33779745856305 30.396331523112849 11.862521429700108 26.332113431808807 94.623029782281037 1129.8988680213156 68.644696055045827 82.087029246828422 4.2931764399031627 507.20741964612978 3.1774691890352633 153.44428495211008 8.3438792329502558
leaf_count=570305 20836 74648 8330 1282 5770 43573 234419 7540 158950 667 526063 260 517330 1226
internal_value=-1.1779e-05 -0.00124332 0.0101878 0.00527475 0.0136307 0.00635723 -0.00226167 -0.00201575 -0.00554752 -0.0232156 -0.00383899 -0.000317055 -0.0115956 -0.0470591
internal_weight=2340.46 2146.67 175.597 145.2 193.785 120.955 1971.08 1957.1 827.198 72.9379 754.26 518.729 235.531 11.5213
internal_count=2171199 2101020 84260 75930 70179 49343 2016760 1446455 1212036 8207 1203829 527549 676280 1486
is_linear=0
shrinkage=0.05


Tree=143
num_leaves=15
num_cat=0
split_feature=27 16 16 14 11 18 27 12 0 12 4 16 10 2
split_gain=13.1177 7.23888 7.17659 9.83137 8.626 12.9775 12.3491 9.51828 9.5141 7.83252 7.68203 7.64372 8.03179 7.56202
threshold=2.0270251035690312 2.2499048709869389 2.4414010047912602 1.0000000180025095e-35 0.087121214717626586 0.41906738281250006 1.4612500667572024 0.031754031777381904 0.6676623821258546 0.19615384936332705 0.0008278489112854005 5.570249319076539 0.031408416107296951 1.5781238675117495
decision_type=10 8 10 10 8 8 8 8 10 10 10 10 10 8
left_child=2 -2 3 -1 5 7 8 -4 -7 11 -10 12 -6 -9
right_child=1 -3 4 -5 9 6 -8 13 10 -11 -12 -13 -14 -15
leaf_value=0.014671477650476359 0.033995770198372854 0.0069381675200420158 -0.025256906659093893 -0.0086944547292949221 -0.0018524796138154023 -0.060808813239297592 -0.0034127056073242745 -0.0087229953593265398 0.041370801267686025 0.037481994429275821 -0.028940661384725775 0.020923509625664527 0.021167997588197398 0.0055904403572007563
leaf_weight=147.16243436098227 26.419506626284061 384.06370539489433 44.351540567240079 64.859055015928902 1098.6154663309369 24.71196576164067 50.478861348272403 165.8347691060473 4.319611151735443 13.882952641454265 38.588875552078434 40.97051742481267 39.243394327928399 208.03305027769119
leaf_count=132222 2911 201496 89727 46741 769834 284486 90162 471996 143 4849 5027 50471 524 20001
internal_value=0.000558935 0.00867965 -0.00115839 0.00752365 -0.00222302 -0.00748961 -0.0221259 -0.00335652 -0.0360954 0.000145173 -0.0218624 -0.000294539 -0.00105853 -0.000758502
internal_weight=2351.54 410.483 1941.05 212.021 1729.03 536.319 118.099 418.219 67.6205 1192.71 42.9085 1178.83 1137.86 373.868
internal_count=2170590 204407 1966183 178963 1787220 961542 379818 581724 289656 825678 5170 820829 770358 491997
is_linear=0
shrinkage=0.05


Tree=144
num_leaves=15
num_cat=0
split_feature=16 14 3 13 2 8 4 3 8 10 3 18 18 3
split_gain=11.6155 13.6346 7.48458 7.85126 7.27734 7.75134 9.52791 16.5121 9.4094 7.9916 22.1061 18.05 7.45626 7.37094
threshold=2.8029010295867924 1.0000000180025095e-35 0.15316763520240786 0.16472868621349337 0.30106855928897863 107.50000000000001 0.0035824179649353032 0.052275985479354865 105.50000000000001 0.020455651916563514 0.052275985479354865 0.57503539323806774 3.155902743339539 0.027611553668975834
decision_type=8 8 10 10 8 10 8 8 10 8 10 10 10 10
left_child=1 -1 4 -4 -2 8 7 -7 9 10 -6 -12 13 -11
right_child=2 -3 3 -5 5 6 -8 -9 -10 12 11 -13 -14 -15
leaf_value=0.018074893103727861 0.044492225278530591 -0.001500310134548723 -0.040248197122873669 0.056989297539981609 -0.089175944545710567 -0.070226766373617813 0.017546862312922084 0.032285745229463474 -0.09639464024928289 0.0015100211110485363 -0.026829075882425314 0.068441947629792235 -0.063205644239686207 -0.004918687409515541
leaf_weight=175.57329749585787 8.6279520780241921 180.310406647934 20.258843863840557 2.3129319193327254 9.8824814605916327 8.7777803085735044 92.976773328260606 7.1099515256016561 2.6530580499693306 941.8550789608189 18.257975217146562 6.8318975433781821 4.9144261119661214 846.71510272658429
leaf_count=123925 40715 102663 1187988 57798 12226 396 26532 2627 696 43743 13013 6781 6054 546004
internal_value=-0.000156671 0.00815701 -0.00165766 -0.0302843 -0.00132606 -0.00152983 0.0114322 -0.0243512 -0.00230046 -0.00216393 -0.0258357 -0.00088706 -0.00170234 -0.00153335
internal_weight=2327.06 355.884 1971.17 22.5718 1948.6 1939.97 108.865 15.8877 1831.11 1828.46 34.9724 25.0899 1793.48 1788.57
internal_count=2171161 226588 1944573 1245786 698787 658072 29555 3023 628517 627821 32020 19794 595801 589747
is_linear=0
shrinkage=0.05


Tree=145
num_leaves=15
num_cat=0
split_feature=27 10 1 27 18 15 8 8 16 16 18 16 0 16
split_gain=11.6311 7.10904 7.79757 8.60121 8.17834 8.39274 7.72415 13.3506 6.98584 7.1604 8.4689 6.80623 13.8533 9.81165
threshold=7.2879035472869882 0.011236094869673254 4.5000000000000009 2.4841676950454716 0.042381046339869506 inf 138.50000000000003 124.50000000000001 2.4414010047912602 5.3636341094970712 1.4538733959198 4.8789997100830087 0.7401445508003236 4.8242976665496835
decision_type=10 8 10 8 10 8 10 10 8 10 8 10 8 10
left_child=1 -1 3 8 5 -5 7 -4 -3 11 -11 13 -13 -10
right_child=-2 2 6 4 -6 -7 -8 -9 9 10 -12 12 -14 -15
leaf_value=-0.031192938565483014 0.014814110602099287 0.018707122018830093 -0.0038519753931801231 -0.099296632590915604 0.0089622546426936893 -0.0096096941332976388 0.017249069259750647 -0.08965721391811303 -0.0032121396053639197 0.02835926805418771 -0.0637331375232804 -0.063186257225666204 -0.0050989541497649142 0.046675219381085591
leaf_weight=18.827476288577788 129.58837936190002 40.984969901786599 1029.34432103986 3.1684536522284459 459.81793375792927 14.758928304698079 43.622767567578876 4.5533550410375474 489.87978243114878 29.022235063667996 2.7313766180598824 14.273477197097007 36.543120787427142 10.058376181560673
leaf_count=685742 39082 6043 1227876 1220 79167 2884 8315 2571 86670 7091 6736 13069 2767 2539
internal_value=0.000257647 -0.000600725 -0.000336367 0.00262244 0.00767053 -0.0254608 -0.00336031 -0.00422987 -0.0012456 -0.00264946 0.0204377 -0.00398055 -0.0214146 -0.00220844
internal_weight=2327.17 2197.59 2178.76 1101.24 477.745 17.9274 1077.52 1033.9 623.493 582.508 31.7536 550.755 50.8166 499.938
internal_count=2171772 2132690 1446948 208186 83271 4104 1238762 1230447 124915 118872 13827 105045 15836 89209
is_linear=0
shrinkage=0.05


Tree=146
num_leaves=15
num_cat=0
split_feature=10 2 16 14 0 4 0 18 18 16 0 16 16 18
split_gain=10.4577 10.0412 9.83189 17.5031 11.6781 10.9344 8.61123 8.3656 8.05672 7.58144 12.2145 8.78414 8.53412 9.03695
threshold=0.010752843692898752 0.63609182834625255 2.2499048709869389 1.0000000180025095e-35 0.58503320813179027 0.05440866947174073 0.70199033617973339 0.185098871588707 0.060018761083483703 5.2704288959503183 0.66994607448577892 4.8713660240173349 4.6681339740753183 0.46123240888118749
decision_type=10 8 8 10 8 8 8 8 10 10 8 10 10 10
left_child=2 -2 3 5 -4 8 -3 -7 -1 11 -11 12 13 -6
right_child=1 6 4 -5 9 7 -8 -9 -10 10 -12 -13 -14 -15
leaf_value=0.0060868230671815996 0.037243393473063137 -0.0025344704485919731 -0.031065793366822855 -0.036892633319381633 -0.0025591454450056518 -0.084314625588157638 0.0085287087935632094 0.035937580863441315 0.048885752383866478 -0.017018523658008596 0.019887931832056491 -0.017018523658008596 0.013500527383517145 -0.017018523658008596
leaf_weight=16.181231802290199 22.543767537467165 330.93470164028076 37.929470080898433 12.938587269494745 1142.6885423222182 3.6078575454690158 375.43536841908622 2.4139524338385741 34.313919262539059 12.071423664532748 73.410862163636125 97.878540532200304 75.960175455467834 89.282236580522522
leaf_count=20711 131504 52126 1122456 12010 521714 22182 11232 1071 13364 51547 12894 71687 44157 82796
internal_value=-0.000569388 0.00439399 -0.00283243 0.0155664 -0.00366809 0.027576 0.0033456 -0.0361093 0.0351708 -0.00297125 0.0114861 -0.00385036 -0.00276485 -0.00376773
internal_weight=2327.59 728.914 1598.68 69.4555 1529.22 56.517 706.37 6.02181 50.4952 1491.29 85.4823 1405.81 1307.93 1231.97
internal_count=2171451 194862 1976589 69338 1907251 57328 63358 23253 34075 784795 64441 720354 648667 604510
is_linear=0
shrinkage=0.05


Tree=147
num_leaves=15
num_cat=0
split_feature=21 10 2 16 14 0 26 1 2 18 10 18 18 0
split_gain=16.1774 8.74809 12.9902 11.5945 14.0144 8.94198 7.70526 7.38327 7.96238 7.35736 14.6922 9.9314 6.46884 6.17509
threshold=1.5000000000000002 0.011764857918024065 0.5077783763408662 2.2499048709869389 1.0000000180025095e-35 0.57987666130065929 0.051315790042281158 8.5000000000000018 1.3643888235092165 0.11743098124861719 0.017601265572011474 0.1245209611952305 0.70764857530593883 0.52824953198432933
decision_type=10 10 8 8 10 8 8 8 10 8 10 8 10 10
left_child=1 3 13 4 7 -5 -4 -1 -9 10 -8 -11 -7 -3
right_child=-2 2 6 5 -6 12 9 8 -10 11 -12 -13 -14 -15
leaf_value=0.048214052536881505 -0.091699209529189793 -0.051392096071950714 -0.0024752429445498506 -0.028627257508717602 -0.02853671091038856 -0.0012945334253300828 -0.073761228149411037 0.018076143020517271 -0.096592571624415202 -0.05503502208564446 0.023877724179462712 0.0057460839968433352 -0.01426460072950362 0.0627214078200342
leaf_weight=26.360707181723768 4.796354206632258 1.3059757559068685 288.17193079968513 32.685297313327553 13.090319155814198 1391.5772225364406 4.0136926908474626 28.693173236554461 1.5982096915479349 6.8666261283355192 96.142259501360343 316.20118013153717 103.26923995295283 12.853442947559722
leaf_count=542 6196 59182 39194 1096380 12184 716377 1316 57437 407 350 2160 24522 124108 30828
internal_value=3.26639e-05 0.000222079 0.00477481 -0.00184598 0.0180907 -0.00275623 0.00383095 0.0288647 0.0120261 0.00812482 0.0199649 0.00445422 -0.00219055 0.0521963
internal_weight=2327.63 2322.83 725.555 1597.27 69.7424 1527.53 711.396 56.6521 30.2914 423.224 100.156 323.068 1494.85 14.1594
internal_count=2171183 2164987 157552 2007435 70570 1936865 67542 58386 57844 28348 3476 24872 840485 90010
is_linear=0
shrinkage=0.05


Tree=148
num_leaves=15
num_cat=0
split_feature=27 2 2 10 1 18 18 0 27 3 3 18 0 18
split_gain=13.2192 6.82379 10.4415 9.68264 6.8007 6.62841 5.55048 5.5252 5.50985 5.24856 5.23337 19.7062 11.7855 7.46414
threshold=2.8887320756912236 0.96726900339126598 1.0765857696533205 0.01586206536740065 163.50000000000003 1.3386034965515139 0.057957470417022712 0.53379216790199291 18.108415603637699 0.046789705753326423 0.1451005041599274 0.028180692344903949 0.66353684663772594 0.13595480471849444
decision_type=10 8 8 8 10 10 8 10 10 10 8 8 10 8
left_child=-1 4 3 -3 7 8 -5 -2 -4 -10 -9 12 -12 -13
right_child=1 2 5 6 -6 -7 -8 10 9 -11 11 13 -14 -15
leaf_value=-0.0017735410037497499 -0.051261994060700505 0.051690585914092216 0.0066527693851318589 0.020497392183986756 -0.025768490159781023 -0.06643032764175115 -0.085935363779007429 0.034411345353007508 0.044738883531605579 -0.033569015876545885 -0.0066843086871282882 0.25142414611716463 2.5826286641245884 0.0076283969810459103
leaf_weight=1938.3158987194556 1.8208051609305176 2.154102746523674 294.71105162715128 1.4881340297101804 5.4389700140339974 2.9932074751808377 6.9264472281644212 36.808162256218338 16.405368904626815 2.4607357291395138 0.006317544458964818 0.55127778868688881 0.013000295497477055 0.72928836986886847
leaf_count=2006206 82722 177 14626 177 23513 1604 3139 14116 379 128 180 4128 1 19851
internal_value=-0.000115695 0.0085108 0.00599067 -0.0428982 0.026683 0.00762282 -0.0671125 0.0338278 0.00832968 0.0345251 0.0378934 0.136492 1.72153 0.112581
internal_weight=2310.82 372.507 327.139 10.5687 45.3678 316.57 8.41458 39.9289 313.577 18.8661 38.108 1.29988 0.0193178 1.28057
internal_count=2170947 164741 20230 3493 144511 16737 3316 120998 15133 507 38276 24160 181 23979
is_linear=0
shrinkage=0.05


Tree=149
num_leaves=15
num_cat=0
split_feature=27 18 9 10 8 27 25 1 1 2 18 13 8 4
split_gain=12.1736 6.3359 6.66498 6.88247 6.44294 6.3136 7.10087 7.42168 6.95386 8.25142 8.9561 5.92649 8.46647 7.17014
threshold=1.336820185184479 0.69740217924118053 0.58186691999435436 0.003960411762818695 8.5000000000000018 18.108415603637699 3.5000000000000004 57.500000000000007 167.50000000000003 0.83750057220458995 1.6004484295845034 0.16843971610069278 22.500000000000004 0.0093360543251037615
decision_type=10 10 10 8 8 10 10 8 10 8 10 8 10 10
left_child=1 -1 3 -3 -5 6 8 -8 9 -2 -11 -4 13 -13
right_child=5 2 11 4 -6 -7 7 -9 -10 10 -12 12 -14 -15
leaf_value=-0.0010760015602433014 0.033249583962609595 0.16738423314251033 0.04790401236346116 -0.11880071569636784 -0.015593147815246143 0.035523543337618806 -0.042007639067966389 0.028347495713269156 -0.050021585849383154 0.0067072910603025561 -0.094586810361839871 -0.050272329526671572 0.043096994491775176 0.0051255253423691145
leaf_weight=1708.1889398787807 30.320734802540301 0.5094826035399781 7.2836535640733473 1.5288844381826283 138.32867359423818 18.916583299678905 14.299088552377386 5.0801848014714315 5.1968093468241809 357.45728759599575 2.1955840288020445 9.5744300672601543 7.8773699198228817 14.978856606062633
leaf_count=1516012 148333 8154 3814 3271 372235 4181 1406 17524 42477 37117 2061 2556 5526 6666
internal_value=-0.000281718 -0.00201639 -0.0109366 -0.0160531 -0.0167214 0.00727489 0.00598586 -0.0235644 0.00743501 0.00820068 0.00608892 0.00714737 -0.00200623 -0.0164766
internal_weight=2321.74 1888.27 180.081 140.367 139.858 433.466 414.55 19.3793 395.17 389.974 359.653 39.7143 32.4307 24.5533
internal_count=2171333 1918234 402222 383660 375506 253099 248918 18930 229988 187511 39178 18562 14748 9222
is_linear=0
shrinkage=0.05


Tree=150
num_leaves=15
num_cat=0
split_feature=27 7 13 8 15 8 7 0 7 27 3 25 27 16
split_gain=13.7379 6.98394 7.25463 5.80487 5.70594 7.96527 5.29613 5.11627 5.65244 4.54559 6.37522 5.09676 13.5886 11.6027
threshold=2.9596748352050786 28.783537864685062 0.26875001192092901 166.50000000000003 1.0000000180025095e-35 7.5000000000000009 33.882055282592781 0.58062705397605907 7.3318269252777108 18.108415603637699 0.046789705753326423 1.5000000000000002 8.386332035064699 4.4127798080444345
decision_type=10 10 10 10 10 10 10 8 10 10 10 10 8 10
left_child=1 7 4 9 -3 -6 -5 8 -1 11 -11 12 13 -2
right_child=3 2 -4 6 5 -7 -8 -9 -10 10 -12 -13 -14 -15
leaf_value=-0.042499094564992158 0.014243100526600414 0.0016267853368642654 0.051057533313567494 -0.079954003824357439 0.04289808264195176 0.0042792426706318642 0.034188416836994417 -0.0025074966539757413 -0.012614620364956988 0.047741288491905898 -0.032632042693780228 0.003620726412487868 0.061370546625189787 -0.054504104718746831
leaf_weight=19.47150328866185 106.29754477494305 178.98898843763632 8.6708711180889662 3.3845410991291933 21.05487708812251 36.495037230902653 1.4523487408350773 1675.7290183718162 12.426818462252177 14.667904867230392 2.9661704823701021 221.62588990608282 14.707936299526748 6.5135235666929239
leaf_count=504951 24279 188517 4337 8592 1373 22871 975 833893 452645 420 3641 102136 1173 20660
internal_value=-7.52078e-05 -0.00175202 0.00613867 0.00873642 0.00449206 0.0184081 -0.045681 -0.0028851 -0.0227217 0.00945405 0.034222 0.00820311 0.0161672 0.0102738
internal_weight=2324.45 1952.84 245.21 371.616 236.539 57.5499 4.83689 1707.63 31.8983 366.779 17.6341 349.145 127.519 112.811
internal_count=2170463 2008587 217098 161876 212761 24244 9567 1791489 957596 152309 4061 148248 46112 44939
is_linear=0
shrinkage=0.05


Tree=151
num_leaves=15
num_cat=0
split_feature=27 8 3 11 13 7 16 17 17 18 16 16 4 3
split_gain=18.2097 8.42132 7.09737 8.60394 6.07174 13.6887 12.3029 9.21379 6.88429 8.86824 6.48292 10.9589 6.34093 6.08663
threshold=1.4612500667572024 166.50000000000003 0.15491789579391482 0.41428571939468389 0.15184453129768374 18.993476867675785 3.8606742620468144 5.7822844982147226 5.7021131515502939 0.039889827370643623 5.2548844814300546 5.2443854808807382 0.037101924419403083 0.078331798315048232
decision_type=10 8 10 10 8 10 8 8 10 10 10 10 10 10
left_child=2 -2 4 -4 5 6 8 -7 -1 -10 11 -6 -11 -12
right_child=1 -3 3 -5 10 7 -8 -9 9 12 13 -13 -14 -15
leaf_value=-0.02145357288043219 0.015757721362545798 0.0018246674808133391 -0.041008921247919036 0.083013215927869199 -0.0013644526370240151 0.032131047254263433 -0.0063757410649443293 0.00047190543407561736 0.00047190543407561736 -0.085229589883569781 0.019151111436247092 -0.080084263673116982 0.00047190543407561736 -0.02503713598834538
leaf_weight=51.645195368045059 220.96381981920607 212.98112081237534 18.843851874922795 1.5105210835839091 1498.6087895199671 33.340054578541896 168.56154772435963 17.959218850122198 4.4719578889562408 13.871443871027969 63.472062690491995 4.4342698959753752 1.6941756882928309 8.8837021162551775
leaf_count=28075 76478 163507 1209868 4477 541001 6283 93790 5207 1301 7016 7284 1201 1054 24873
internal_value=-0.000316223 0.00891935 -0.00243975 -0.0318051 -0.0021196 -0.00874794 -0.0137544 0.0146982 -0.0311052 -0.0559814 -0.000892953 -0.00159669 -0.0738713 0.0137258
internal_weight=2321.24 433.945 1887.3 20.3544 1866.94 291.544 240.244 51.2993 71.6828 20.0376 1575.4 1503.04 15.5656 72.3558
internal_count=2171415 239985 1931430 1214345 717085 142726 131236 11490 37446 9371 574359 542202 8070 32157
is_linear=0
shrinkage=0.05


Tree=152
num_leaves=15
num_cat=0
split_feature=27 25 3 1 4 27 9 3 26 3 2 14 1 1
split_gain=10.364 5.95246 7.63569 8.89271 12.121 5.52198 6.59606 5.56383 6.66037 4.87219 8.7854 12.6302 5.58548 7.19183
threshold=7.2879035472869882 1.5000000000000002 0.046789705753326423 2.5000000000000004 0.0015761256217956545 18.108415603637699 0.66976839303970348 1.0000000180025095e-35 0.46410256624221807 0.24003863334655764 0.30106855928897863 1.0000000180025095e-35 256.50000000000006 253.50000000000003
decision_type=10 10 10 8 8 10 10 10 8 10 8 8 10 10
left_child=9 2 3 -2 -5 6 -3 -8 -9 10 11 -1 13 -12
right_child=1 5 -4 4 -6 -7 7 8 -10 -11 12 -13 -14 -15
leaf_value=-0.038085837084704213 0.038639788123188822 0.011931930046557931 0.061801653243767476 -0.088446606732518682 0.018273484450410212 0.030438281779291705 0.011226107895671078 -0.06231331312125965 0.0055926069912700591 -0.045346984541261168 -0.00066979359922109084 0.056997866259904606 -0.040940309247594231 0.12279633032472879
leaf_weight=4.6349409027257353 16.937394706430499 41.195824364062332 12.777379847779001 4.0171578722074601 7.8791083091546179 18.782491050472345 8.7432300674627204 10.279684905740393 5.5662194478962883 6.0641555914030496 2157.9174681330014 14.169359078948037 8.6159229341710653 1.1801059075396541
leaf_count=132419 410 28984 3854 15 137 4190 259 847 258 659029 1063033 171004 97769 9233
internal_value=0.000210324 0.0141448 0.0296266 0.0153686 -0.017764 0.00652702 -0.000299968 -0.0207929 -0.0384599 -0.000591576 -0.00046745 0.0335613 -0.00076264 -0.00060231
internal_weight=2318.76 126.178 41.611 28.8337 11.8963 84.5674 65.785 24.5891 15.8459 2192.58 2186.52 18.8043 2167.71 2159.1
internal_count=2171441 38954 4416 562 152 34538 30348 1364 1105 2132487 1473458 303423 1170035 1072266
is_linear=0
shrinkage=0.05


Tree=153
num_leaves=15
num_cat=0
split_feature=7 10 10 27 25 17 17 2 0 16 16 26 1 26
split_gain=9.76128 6.00493 5.94814 5.74968 6.73455 5.52163 4.76465 5.5019 4.72343 7.4028 8.68623 8.71628 6.4128 9.9478
threshold=47.086400985717781 0.032654678449034698 0.010752843692898752 2.3880039453506474 1.5000000000000002 6.6106951236724862 6.6528596878051767 1.7195320725440981 0.70199033617973339 3.5114340782165532 3.6762205362319951 0.10818713530898096 34.500000000000007 0.074175827205181136
decision_type=10 10 8 10 10 10 10 10 8 10 10 10 10 8
left_child=2 5 -1 4 6 -2 8 -8 9 -4 12 -12 13 -11
right_child=1 -3 3 -5 -6 -7 7 -9 -10 10 11 -13 -14 -15
leaf_value=-0.030281581751913728 0.0060249484653066348 0.040382522442702136 -0.0014394513299060942 0.0053183062643539971 -0.073891814253523536 0.040552051932194869 -0.063867272916413628 0.0053183062643539971 0.0011471207811427255 -0.074769022253112966 -0.004854064122329995 -0.044732143057836626 -0.0067511869890069165 -0.015338619652590538
leaf_weight=16.758710898650389 160.25124383906075 16.171463815720927 385.55461152111673 312.19157331097495 3.2037984588621375 12.481298368373812 6.4626784030558593 4.7420191494529718 1001.6984077307953 13.787592110401258 341.79153423381945 14.274884929960136 18.864525103856785 14.390306383504209
leaf_count=634830 77873 875 448002 129190 11280 6752 7971 50 66002 9455 660281 38409 75897 4505
internal_value=0.000353605 0.0112475 -0.000610858 -0.000375973 -0.0014639 0.00851981 -0.00133509 -0.0338386 -0.00113168 -0.00402602 -0.0091206 -0.0064528 -0.0293133 -0.0444182
internal_weight=2322.62 188.904 2133.72 2116.96 1804.77 172.733 1801.57 11.2047 1790.36 788.663 403.109 356.066 47.0424 28.1779
internal_count=2171372 85500 2085872 1451042 1321852 84625 1310572 8021 1302551 1236549 788547 698690 89857 13960
is_linear=0
shrinkage=0.05


Tree=154
num_leaves=15
num_cat=0
split_feature=16 14 16 18 11 26 14 16 9 0 16 15 13 0
split_gain=9.10055 9.6667 7.01697 8.06819 13.5765 11.4487 9.93224 9.92141 9.18967 9.10779 7.22065 6.96483 11.3652 8.16413
threshold=2.4414010047912602 1.0000000180025095e-35 6.3035306930542001 0.41906738281250006 0.52272728085517894 0.26201373338699346 1.0000000180025095e-35 3.8393944501876835 0.2984511554241181 0.7098187804222108 5.8957784175872812 1.0000000180025095e-35 0.14550264924764636 0.72143161296844494
decision_type=8 10 10 10 8 8 8 10 10 8 8 8 8 10
left_child=1 -1 3 8 5 9 7 -7 -2 -5 -11 12 -10 -14
right_child=2 -3 -4 4 -6 6 -8 -9 11 10 -12 -13 13 -15
leaf_value=0.01625093673091875 -0.0010912344523702486 -0.015677486098612772 0.040439880177021464 -0.048622247399239905 -0.00029960269865084827 -0.035290566979001972 -0.026977315894044663 0.020658246911289528 0.036216331868211868 -0.019866823900427613 0.071809206242632026 0.009673980503539353 -0.049053429868510787 0.01149012952834088
leaf_weight=151.87852789955471 1285.2432969147171 28.090912784567138 10.446945211252112 40.428294210315698 298.57734926896552 10.000375428233971 31.765980671156377 38.1586660042679 8.5418538007953355 33.473516069607172 2.2951224331964104 361.19568024877799 17.935151178987024 8.0752506036878895
leaf_count=97178 1035985 19017 18833 309759 334390 8057 92296 34697 7279 10015 424 170180 32731 120
internal_value=0.000467453 0.0112673 -0.000438196 -0.000638155 -0.00654709 -0.0184952 -0.0052748 0.0090403 0.000960182 -0.0323624 -0.0139844 0.00762243 -0.0138237 -0.0302569
internal_weight=2326.11 179.969 2146.14 2135.69 454.699 156.122 79.925 48.159 1680.99 76.1969 35.7686 395.748 34.5523 26.0104
internal_count=2170961 116195 2054766 2035933 789638 455248 135050 42754 1246295 320198 10439 210310 40130 32851
is_linear=0
shrinkage=0.05


Tree=155
num_leaves=15
num_cat=0
split_feature=27 9 1 1 27 3 27 27 26 1 1 4 12 0
split_gain=11.6787 5.93541 5.89345 7.771 7.13849 7.264 6.75513 15.677 14.7751 8.89203 6.34012 5.88769 5.73266 5.03988
threshold=1.4612500667572024 0.65830126404762279 174.50000000000003 55.500000000000007 3.2151653766632085 0.1451005041599274 2.0168895721435551 2.0144526958465581 0.31698563694953924 166.50000000000003 44.500000000000007 0.04258543252944947 0.11010101065039636 0.510185867547989
decision_type=10 8 10 10 10 8 10 10 10 10 10 10 10 8
left_child=13 -2 3 10 6 -6 7 9 -9 11 -3 -5 -11 -1
right_child=1 2 -4 4 5 -7 -8 8 -10 12 -12 -13 -14 -15
leaf_value=-0.050460507249252329 0.017022247759799752 0.0031109172604439398 -0.058491999840976763 -0.053556210788347748 0.035080439672557265 0.1871976975279086 -0.05957977272421873 -0.050427011091957234 2.2865737276773572 -0.050684157456251024 -0.064328819887266422 0.29275811619143771 0.88223679299282576 -0.0011138188202236953
leaf_weight=5.1884121480879095 125.8169128973416 265.58889559364297 3.714971201219611 0.68210190669526838 23.665077412129339 0.81171838438126442 3.5777412976320306 0.011993060028316904 0.01550925150513649 0.024450338731469401 3.5313616907788505 0.14965506448243104 0.050430024232468895 1890.127379571325
leaf_count=549076 83516 78051 35749 3429 8629 8650 14104 291 20 462 3812 3276 5 1382274
internal_value=0.00043511 0.00789871 0.00409552 0.00487547 0.0294723 0.0401251 -0.0283183 0.0914127 1.26747 0.0557377 0.00222598 0.00875489 0.577614 -0.0012489
internal_weight=2322.96 427.641 301.824 298.109 28.9887 24.4768 4.51188 0.93414 0.0275023 0.906637 269.12 0.831757 0.0748804 1895.32
internal_count=2171344 239994 156478 120729 38866 17279 21587 7483 311 7172 81863 6705 467 1931350
is_linear=0
shrinkage=0.05


Tree=156
num_leaves=15
num_cat=0
split_feature=7 13 18 2 27 18 13 11 16 12 17 15 17 18
split_gain=9.44099 6.87608 6.79016 5.66772 5.21292 7.27594 6.43985 7.70197 13.8508 7.97334 8.16491 8.01375 6.79223 6.267
threshold=47.086400985717781 0.27525253593921667 0.2632060050964356 1.9880797863006594 2.2912939786911015 0.031525077298283584 0.19615384936332705 0.52272728085517894 2.7403194904327397 0.031754031777381904 5.1328485012054452 inf 5.8215644359588632 1.3039431571960451
decision_type=10 10 8 8 10 8 10 8 10 8 10 8 10 10
left_child=1 4 -3 -4 6 -6 7 8 12 13 11 -11 -1 -10
right_child=-2 2 3 -5 5 -7 -8 -9 9 10 -12 -13 -14 -15
leaf_value=0.0048890537425378654 0.01074773211610777 -0.048963021265299909 0.0048890537425378654 -0.046113975015129954 -0.082052366270100707 0.0048890537425378654 0.0048890537425378654 -0.0001100398417239199 -0.033879673694027529 -0.050780198549248694 -0.0026888067924664338 -0.01383058946214156 -0.085453627454999542 0.0048890537425378654
leaf_weight=129.50861562009439 187.06270375470649 14.517105221900868 16.586138964037499 6.3569419733776149 2.416321535339832 310.58220030754029 64.684412365219259 1152.6052516194418 55.529696246421736 16.53102270179744 214.52062628248666 130.64655278081335 2.1522351040373726 5.4353484550704954
leaf_count=146816 85628 10820 21465 709 1694 177106 35432 828954 145357 29851 324029 325733 7722 29794
internal_value=-2.04033e-05 -0.000969625 -0.0222015 -0.00526827 -0.000588091 0.00488905 -0.00164205 -0.00243923 -0.00728231 -0.0117306 -0.00891122 -0.0179808 0.00488905 -0.0284579
internal_weight=2309.14 2122.07 37.4602 22.9431 2084.61 312.999 1771.61 1706.93 554.324 422.663 361.698 147.178 131.661 60.965
internal_count=2171110 2085482 32994 22174 2052488 178800 1873688 1838256 1009302 854764 679613 355584 154538 175151
is_linear=0
shrinkage=0.05


Tree=157
num_leaves=15
num_cat=0
split_feature=27 25 10 0 18 0 27 10 8 10 20 18 1 3
split_gain=7.18008 7.81492 6.95473 5.97992 9.82119 9.56026 8.91759 7.95005 9.80088 7.45681 6.64997 5.4209 4.61621 9.83426
threshold=9.0099573135375994 1.5000000000000002 0.020455651916563514 0.70199033617973339 0.47192865610122686 0.66994607448577892 3.2151653766632085 0.025389983318746093 21.500000000000004 0.022490310482680801 1.0000000180025095e-35 0.1534293740987778 18.500000000000004 0.046789705753326423
decision_type=10 10 8 8 8 8 8 10 10 8 10 10 10 10
left_child=3 -2 -3 4 10 6 9 12 11 -6 -1 -9 -5 -14
right_child=1 2 -4 7 5 -7 -8 8 -10 -11 -12 -13 13 -15
leaf_value=-0.080139820959113886 0.050739454306651201 -0.068302570366149548 0.011705838000161492 -0.00056992759176586008 -0.011527221017113681 -0.00056992759176586008 -0.011527221017113681 0.019615510888212472 0.029358488692481179 -0.046459520644126853 -0.00056992759176586008 -0.00056992759176586008 0.044205492798755464 0.0021113347052371021
leaf_weight=2.6297583396201381 12.949103770479438 2.8466186816924042 59.247717636662969 939.94452839806809 13.484740924856785 80.308391617592662 56.685209925538892 42.439682281002206 53.868831663159654 44.865139248436435 806.55640102664756 105.72220101149196 18.136969895916991 59.048416646500073
leaf_count=9636 1195 8336 14656 80817 248172 16073 238072 540 500 253526 1285820 1611 650 10976
internal_value=0.000194856 0.0154063 0.00803798 -0.00031849 -0.00317496 -0.0132372 -0.0224845 0.0020351 0.0110946 -0.0364024 -0.000745856 0.0044542 0.000235632 0.0120026
internal_weight=2298.73 75.0434 62.0943 2223.69 1004.53 195.343 115.035 1219.16 202.031 58.3499 809.186 148.162 1017.13 77.1854
internal_count=2170580 24187 22992 2146393 2051299 755843 739770 95094 2651 501698 1295456 2151 92443 11626
is_linear=0
shrinkage=0.05


Tree=158
num_leaves=15
num_cat=0
split_feature=27 3 16 15 11 18 9 18 9 16 10 16 0 2
split_gain=11.5293 6.46062 6.4099 6.41412 8.80134 6.36599 6.23314 5.67093 5.53053 6.25036 6.19524 5.39779 5.79572 6.38135
threshold=2.0270251035690312 1.0000000180025095e-35 2.2499048709869389 1.0000000180025095e-35 1.0000000180025095e-35 0.43398620188236242 0.81244465708732616 3.8689931631088261 0.092690791934728636 2.0126758217811589 0.020755670033395294 6.151663303375245 0.56696471571922313 0.30106855928897863
decision_type=10 8 8 8 10 10 8 10 8 10 10 10 8 8
left_child=7 5 6 4 -4 -2 8 11 -3 10 -10 12 -1 -14
right_child=1 2 3 -5 -6 -7 -8 -9 9 -11 -12 -13 13 -15
leaf_value=-0.0287396945362456 0.028574592741450938 0.099435898112131549 0.022759298434540956 -0.00037365896639237348 -0.083295326696120386 -0.011580357584775032 0.050817760463662848 -0.064723387676535571 -0.086590573873453702 -0.076199404786442826 0.049833869731424195 0.041566542040778663 0.040161322166422445 -0.0015518861934722484
leaf_weight=19.510530797159518 57.294878184686326 1.1424381028734849 51.260881808447792 253.00307630056915 2.0338943422856337 11.924493374033771 14.17827494097318 3.5494040158321232 1.0902615571012582 2.8968178625364089 3.5153995431105614 7.2600380807302818 9.2139713730424315 1864.1023109908647
leaf_count=947696 1140 33 20357 178353 1537 210 1600 25284 651 503 54 11137 80410 901963
internal_value=3.66812e-05 0.00777212 0.0048519 0.00294717 0.0187119 0.0216571 0.0304143 -0.00158198 -0.00304883 -0.0186547 0.0175392 -0.00146403 -0.00162907 -0.00134672
internal_weight=2301.98 398.34 329.121 306.298 53.2948 69.2194 22.8232 1903.64 8.64492 7.50248 4.60566 1900.09 1892.83 1873.32
internal_count=2170928 204438 203088 200247 21894 1350 2841 1966490 1241 1208 705 1941206 1930069 982373
is_linear=0
shrinkage=0.05


Tree=159
num_leaves=15
num_cat=0
split_feature=28 18 11 14 17 9 18 9 25 7 2 2 26 1
split_gain=7.61715 5.02575 10.8775 7.24425 16.7133 8.50154 8.07702 7.93137 7.03928 6.77665 6.67324 137.15 6.44653 6.34866
threshold=2.5000000000000004 0.68755611777305614 0.41428571939468389 1.0000000180025095e-35 5.059420347213746 0.41141769289970404 1.3039431571960451 0.33370779454708105 16.500000000000004 10.014007091522219 -1.0619873404502866 -1.0842106938362119 0.1702898591756821 116.50000000000001
decision_type=10 10 10 8 8 8 10 10 8 10 8 8 10 8
left_child=1 -1 3 5 8 7 -7 -3 -5 -10 11 -9 -6 -8
right_child=-2 2 -4 4 12 6 13 10 9 -11 -12 -13 -14 -15
leaf_value=6.0396646986315945e-05 0.012115804977136116 -0.011340954000433241 0.06706822668538627 -0.061832593643532385 0.0021976398636561027 -0.018684165072961258 0.021319806044792861 -0.050530650758575019 -0.039795184477453435 0.015835259390019861 0.058336450463149427 11.753699690408157 -0.07771742092878689 -0.067300742137580111
leaf_weight=1976.8489443637256 122.07947299327589 6.124035386213774 4.7033123244960953 21.658712676719809 58.283364267153459 49.820317284716211 26.59491991754237 0.039132080270078973 18.497438248606795 7.7754717503306656 9.896870593283646 0.0026258245325436738 2.6377375002223138 2.1871393970945858
leaf_count=1678152 5418 36308 1239 169353 97523 59079 7702 3401 48375 14813 8324 98 17263 23965
internal_value=-3.87695e-05 -0.000717843 -0.00810645 -0.00984374 -0.0186409 0.000271833 -0.00650169 0.033418 -0.0407288 -0.0233313 0.0609978 0.691744 -0.00126249 0.0145856
internal_weight=2307.15 2185.07 208.221 203.518 108.853 94.665 78.6024 16.0627 47.9316 26.2729 9.93863 0.0417579 60.9211 28.7821
internal_count=2171013 2165595 487443 486204 347327 138877 90746 48131 232541 63188 11823 3499 114786 31667
is_linear=0
shrinkage=0.05


Tree=160
num_leaves=15
num_cat=0
split_feature=0 9 4 10 26 16 18 14 16 18 13 1 3 14
split_gain=61.2616 11.7795 13.5666 17.4412 11.7231 10.0495 7.68898 7.04177 6.5263 9.39344 6.43966 6.18017 5.99954 8.20534
threshold=0.510185867547989 0.81244465708732616 0.031992048025131233 0.030186134390532974 0.13961039483547213 5.0336952209472665 0.68755611777305614 inf 5.9229171276092538 0.69740217924118053 0.17519181966781619 8.5000000000000018 1.0000000180025095e-35 1.0000000180025095e-35
decision_type=8 10 8 10 8 10 10 8 10 10 8 10 8 8
left_child=6 8 4 -4 5 7 -1 11 9 -2 -6 -3 13 -11
right_child=1 2 3 -5 10 -7 -8 -9 -10 12 -12 -13 -14 -15
leaf_value=-0.053560876480997367 0.00033987216685550908 -0.00016615370917356351 -0.053560876480997367 0.045746758559586966 0.050940947540693671 0.049439355049077857 -0.13347349033344891 -0.051201611896883693 0.026156398882379018 -0.011417118828519457 0.011311495287597053 -0.053560876480997367 -0.0074028003507357306 -0.053560876480997367
leaf_weight=4.0405668512480917 1926.3300328762334 30.723795543118442 3.2222825129180697 41.542688709740673 12.140552204800086 5.8106445047172874 9.0400080741527518 13.26940340531206 22.981674845640555 20.367157147557037 65.864204746365957 4.837386773093157 130.52931567353787 11.822501121510866
leaf_count=434210 1246610 1315 2618 1558 335 432 208179 372 28158 174 1750 653 245775 135
internal_value=7.99329e-05 0.000696402 0.0130709 0.0368718 0.00503868 -0.0127214 -0.107818 -0.0201183 -0.000343061 -0.000634583 0.0174794 -0.00851978 -0.0121706 -0.0315038
internal_weight=2302.52 2289.44 177.411 44.765 132.646 54.6412 13.0806 48.8306 2112.03 2089.05 78.0048 35.5612 162.719 32.1897
internal_count=2172274 1529885 9033 4176 4857 2772 642389 2340 1520852 1492694 2085 1968 246084 309
is_linear=0
shrinkage=0.05


Tree=161
num_leaves=15
num_cat=0
split_feature=2 10 2 4 16 9 13 9 3 3 3 4 2 16
split_gain=66.5873 13.7791 12.2755 43.7478 29.4533 32.013 37.2941 91.9779 15.2334 16.1403 10.903 9.44176 8.71238 7.44523
threshold=-1.0619873404502866 0.032654678449034698 -1.0842106938362119 0.013229221105575563 4.9163179397583017 0.3950182050466538 0.28869047760963445 0.33719022572040563 0.16486972570419314 0.15764033794403079 0.267101600766182 0.025247901678085331 0.30106855928897863 5.2284276485443124
decision_type=8 10 10 8 10 8 8 10 10 10 10 8 8 8
left_child=2 12 8 4 -4 6 7 -6 9 -1 13 -3 -2 -8
right_child=1 11 3 -5 5 -7 10 -9 -10 -11 -12 -13 -14 -15
leaf_value=-0.050131058533054745 0.030655774603392125 -0.00053604240566122784 -0.50925219179368686 -0.12562783689655938 -0.050060413304839069 -0.89939916800640385 -2.4822611630276707 -20.039332590238008 -0.037415531706958487 -8.8254865438862744 -1.4960607237090118 0.059607515161504115 -0.00016805266374236741 -5.4145199013102259
leaf_weight=0.0010822242384181937 23.161817411234175 10.779286706310815 0.15988852345247184 9.1906054307032718 0.0012311192871220789 0.03308785674965975 0.0043510265041106786 0.0010805981669363973 4.2302229328014223 0.0010158343386734714 0.0096292102450519224 16.53600134181761 2239.2579844806146 0.0043083006004565041
leaf_count=72 535501 115 1901 5695 160 266 62 33 360081 91 125 1017 1266151 82
internal_value=-8.23584e-05 0.0005737 -0.110243 -0.142067 -0.849496 -1.86278 -3.41014 -9.39392 -0.0395281 -4.29897 -2.65377 0.0358734 0.00014751 -3.94116
internal_weight=2303.37 2289.74 13.6365 9.40418 0.213577 0.0536881 0.0206003 0.00231172 4.23232 0.00209806 0.0182885 27.3153 2262.42 0.00865933
internal_count=2171352 1802784 368568 8324 2629 728 462 193 360244 163 269 1132 1801652 144
is_linear=0
shrinkage=0.05


Tree=162
num_leaves=15
num_cat=0
split_feature=0 27 3 3 27 27 18 15 25 1 27 3 11 10
split_gain=57.1193 11.3047 7.77787 8.46212 6.65928 5.76218 5.67726 5.31294 7.3582 8.34043 8.13525 5.80971 5.80864 5.24744
threshold=0.510185867547989 4.1806299686431894 0.13437891006469729 1.0000000180025095e-35 4.2969660758972177 4.8253796100616464 0.68755611777305614 1.0000000180025095e-35 1.5000000000000002 2.5000000000000004 8.386332035064699 0.078331798315048232 0.080128207802772536 0.025389983318746093
decision_type=8 10 10 8 10 10 10 8 10 8 8 10 10 10
left_child=6 13 3 -3 -5 -6 -1 12 10 -10 -9 -11 -7 -2
right_child=1 2 -4 4 5 7 -8 8 9 11 -12 -13 -14 -15
leaf_value=-0.05146702608142853 -0.0025692790388128208 0.025711089188803139 0.074680591101055446 0.05020950221645934 -0.042695630348419632 0.030308602703200144 -0.12259705438556963 0.0067347462458364335 -0.035325622440940826 0.0033454893693814617 0.056637862838796897 -0.036718333682695913 -0.05146702608142853 0.0048047413844719798
leaf_weight=3.7584279452209612 1703.312037386836 54.880529078233053 4.4614547561614009 7.4636986398522813 6.9266077760889848 25.089323311816774 9.9037850212500818 41.734849410171364 20.172819936737142 98.848481246005576 10.153808369223951 9.960586591478771 1.4193211788478937 281.0664318613849
leaf_count=433806 1462009 1170 37922 938 2196 1421 207871 1949 249 4612 121 8069 356 8265
internal_value=-0.000810148 -0.00019546 0.00918859 0.00813242 0.00378229 0.00216535 -0.102739 0.00366374 0.000599913 -0.0057966 0.0165 -0.000322028 0.0245685 -0.00152483
internal_weight=2279.15 2265.49 281.111 276.65 221.769 214.306 13.6622 207.379 180.871 128.982 51.8887 108.809 26.5086 1984.38
internal_count=2170954 1529277 59003 21081 19911 18973 641677 16777 15000 12930 2070 12681 1777 1470274
is_linear=0
shrinkage=0.05


Tree=163
num_leaves=15
num_cat=0
split_feature=2 2 4 27 2 18 10 9 8 4 15 16 27 16
split_gain=54.0781 10.2497 11.423 9.0724 7.43631 11.3409 8.24764 10.9363 6.72991 5.89999 6.92298 10.4733 10.2028 7.93889
threshold=-1.0619873404502866 -1.0842106938362119 0.038855254650115974 1.336820185184479 0.98194503784179699 1.239155173301697 0.020455651916563514 0.39277052879333502 194.50000000000003 0.0024720132350921635 1.0000000180025095e-35 2.3502402305603032 3.2151653766632085 5.3636341094970712
decision_type=8 8 10 10 8 10 10 10 10 8 8 10 10 10
left_child=1 -1 -3 -2 -5 6 7 9 -7 -6 11 -11 -13 -12
right_child=3 2 -4 4 5 8 -8 -9 -10 10 13 12 -14 -15
leaf_value=-0.043209223039552228 -0.00028747574284829252 -0.25148224267291175 -0.10652113814224512 0.024906247922392447 0.02103219802158527 -0.091354728861902906 0.014180093373283588 -0.083322613423873704 0.1199170935797252 -0.060701768447024795 -0.0109073032528393 -0.076270605987319925 0.038217337199581557 0.057167676279838653
leaf_weight=4.299298928712834 1883.7290393503288 1.7594624746196892 5.9707748858523573 55.430056927216278 30.066654112520297 4.2192621716165482 171.34948307192457 3.9487575177231511 0.41391187119688755 3.6934850178012111 118.8321557330905 2.1135791668415349 24.541008496487279 4.4428928141495012
leaf_count=360253 1603638 4855 3501 168356 1126 2877 4265 945 26 124 18962 940 983 752
internal_value=0.000640396 -0.105096 -0.139515 0.00119275 0.00784672 0.00524618 0.00624934 -0.000992944 -0.0724804 0.000776887 -0.00318742 0.018205 0.029139 -0.00845385
internal_weight=2314.81 12.0295 7.73024 2302.78 419.051 363.621 358.988 187.639 4.63317 183.69 153.623 30.3481 26.6546 123.275
internal_count=2171603 368609 8356 1802994 199356 31000 28097 23832 2903 22887 21761 2047 1923 19714
is_linear=0
shrinkage=0.05


Tree=164
num_leaves=15
num_cat=0
split_feature=2 13 8 16 27 0 27 2 3 1 8 0 17 17
split_gain=55.5484 9.45922 8.22794 6.84095 7.27438 14.7985 6.55496 6.4477 8.51528 7.22196 6.40535 6.2231 7.00855 7.06899
threshold=-1.0619873404502866 0.21807064861059192 2.5000000000000004 2.9174053668975835 8.386332035064699 0.67273116111755382 1.4612500667572024 0.98194503784179699 0.027611553668975834 174.50000000000003 20.500000000000004 0.72143161296844494 5.1676349639892587 4.0517470836639413
decision_type=8 10 8 8 8 8 10 8 8 10 10 10 8 10
left_child=1 -1 3 -2 5 -5 -4 9 -9 -8 11 12 13 -10
right_child=2 -3 6 4 -6 -7 7 8 10 -11 -12 -13 -14 -15
leaf_value=-0.11491303827284903 0.033026137262453736 0.06436989916832038 -0.0010342005055629466 -0.059227723159444162 0.02190219213778519 0.00678730468925325 0.028006301507197046 0.012344064391410982 -0.084646512765421025 -0.041785048603964148 0.011296541968171401 0.014576424738165764 -0.02962121434117599 -0.00088733695762331644
leaf_weight=11.93076264129073 32.278468817118323 0.7840798385578428 1795.5727089915988 10.358807364898125 43.956485674040209 47.037913780479357 48.16072985229961 145.14514598397332 2.5270738287988754 4.0158211638532313 45.872058339063301 19.753113924405625 47.831316446358585 41.752767597003867
leaf_count=357243 828 11035 1606554 3493 2160 810 119584 1513 728 39137 5537 563 11928 7986
internal_value=0.000361209 -0.103857 0.000941318 0.0129798 0.0065955 -0.00512691 0.000193296 0.0064009 0.00360434 0.0226347 -0.00443774 -0.0108899 -0.0163511 -0.00201665
internal_weight=2296.98 12.7148 2284.26 133.632 101.353 57.3967 2150.63 355.058 302.881 52.1766 157.736 111.864 92.1112 44.2798
internal_count=2169099 368278 1800821 7291 6463 4303 1793530 186976 28255 158721 26742 21205 20642 8714
is_linear=0
shrinkage=0.05


Tree=165
num_leaves=15
num_cat=0
split_feature=0 16 14 0 27 3 4 16 9 16 3 8 0 17
split_gain=56.1515 10.7973 11.9729 7.72537 7.68833 10.4235 7.31722 6.92732 7.06222 6.31727 9.71957 6.04235 5.62958 7.41431
threshold=0.510185867547989 2.8029010295867924 1.0000000180025095e-35 0.72143161296844494 1.023424029350281 0.056967675685882575 0.052117407321929939 2.2499048709869389 0.51336947083473217 2.3502402305603032 0.095152109861373915 9.5000000000000018 0.62895938754081737 3.8176519870758061
decision_type=8 8 10 8 10 8 10 10 10 10 10 8 10 10
left_child=-1 2 4 -3 5 -2 -5 8 -7 10 -4 -9 -12 -14
right_child=1 3 9 6 -6 7 -8 11 -10 -11 12 -13 13 -15
leaf_value=-0.10156273358526069 0.016008763968104796 -0.0034792055657586669 -0.050386952572291935 0.0021940525135937966 0.026506519920827004 0.015454446648561611 0.033900413981296583 0.029882309702700879 -0.050386952572291935 -0.00051474468398871444 -0.050386952572291935 -0.042802827086904159 0.52962912924166061 0.062194041696235429
leaf_weight=13.479180622977228 122.8417005113096 1083.8790767701175 12.452378168230981 831.33657133474242 87.081336001492758 23.322203423027698 18.603935607633161 3.3673720142137418 2.8462306543704825 79.417274531803457 1.1099926375569276 18.949315674246449 0.0878573443678764 2.4649675326051579
leaf_count=641787 2233 1298378 2595 70214 12807 33412 2026 760 1729 26760 8336 68819 38 2223
internal_value=0.000189319 0.000788828 0.00881789 -0.000680705 0.0144094 0.00826068 0.00288806 -0.0113698 0.00608332 -0.00630662 -0.0348496 -0.0318353 0.0373403 0.0782812
internal_weight=2301.24 2287.76 353.941 1933.82 258.408 171.327 849.941 48.4851 26.1684 95.5325 16.1152 22.3167 3.66282 2.55282
internal_count=2172117 1530330 159712 1370618 119760 106953 72240 104720 35141 39952 13192 69579 10597 2261
is_linear=0
shrinkage=0.05


Tree=166
num_leaves=15
num_cat=0
split_feature=2 27 18 8 4 16 14 11 4 8 16 8 15 3
split_gain=64.3579 12.1339 7.4628 6.41399 7.69274 5.70737 9.81689 9.71476 9.49121 7.26937 12.6442 6.95906 7.41694 11.2983
threshold=-1.0619873404502866 1.4612500667572024 0.68755611777305614 2.5000000000000004 0.039880454540252692 2.4414010047912602 1.0000000180025095e-35 0.52272728085517894 0.00097125768661499034 4.5000000000000009 5.7698810100555429 6.5000000000000009 1.0000000180025095e-35 1.0000000180025095e-35
decision_type=8 10 8 8 10 8 10 8 10 8 8 8 10 8
left_child=2 3 -1 4 -2 6 8 -7 -5 10 -9 12 13 -11
right_child=1 -3 -4 5 -6 7 -8 9 -10 11 -12 -13 -14 -15
leaf_value=-0.022287623285764058 0.0077439910851737313 0.0090026828803652457 -0.12142808505218626 -0.027517922317447392 0.056276149085671912 -0.007770193124082979 -0.022106504761422625 0.036159389101673448 0.020371693402159205 0.062620855407819614 -0.1061390759861733 0.0003710353882293673 0.026567218691913592 -0.099786967868956689
leaf_weight=2.257912174404999 74.882190447174736 413.02032432591682 11.914661465600277 11.600514370070242 9.1643917334554867 492.79474416766385 21.111184121433055 24.009774613238793 95.682740222318969 1.3180226765107343 1.6696664268910968 1135.5263716748109 2.8270783837103579 5.7108643832007289
leaf_count=237348 3481 188987 131400 4547 2097 813625 16379 2114 67852 17 412 700282 250 2236
internal_value=0.00058653 0.00124411 -0.105633 -0.000463747 0.0130359 -0.00109681 0.00906038 -0.0018806 0.0151934 0.000597796 0.0269072 7.93966e-06 -0.0418251 -0.069333
internal_weight=2303.49 2289.32 14.1726 1876.3 84.0466 1792.25 128.394 1663.86 107.283 1171.06 25.6794 1145.38 9.85597 7.02889
internal_count=2171027 1802279 368748 1613292 5578 1607714 88778 1518936 72399 705311 2526 702785 2503 2253
is_linear=0
shrinkage=0.05


Tree=167
num_leaves=15
num_cat=0
split_feature=2 9 9 2 18 18 12 2 9 4 10 1 8 2
split_gain=57.5069 8.4205 9.53241 9.27081 7.71151 8.02543 8.13674 9.49609 9.13954 13.231 7.60237 10.8856 7.6655 6.86873
threshold=-1.0619873404502866 0.2984511554241181 0.28940641880035406 0.6518334448337556 0.30995519459247595 0.32005290687084204 inf 1.3643888235092165 0.39732238650321966 0.0062671899795532235 0.022966272197663787 8.5000000000000018 61.500000000000007 1.5781238675117495
decision_type=8 10 10 8 10 8 8 8 10 8 10 10 10 10
left_child=-1 2 -2 -3 -5 -6 -7 -8 9 -9 11 -10 -12 -13
right_child=1 3 -4 4 5 6 7 8 10 -11 12 13 -14 -15
leaf_value=-0.1141245302486518 -0.0012170028162168448 0.03324336502414698 -0.070294180823751495 0.0084555157359470553 -0.066289387548915543 0.015213974365433466 -0.043883082129622358 -0.095884752251195748 -0.069883866925655985 0.038402649421382329 -0.0081629523225148614 -0.10236253013390817 0.052617711085105372 0.10164015237907989
leaf_weight=11.013612179741239 1658.7339144406037 28.646493754985507 5.0093689512825668 365.07340170121199 4.9896562623276273 50.730113850755629 16.379781966991104 2.0208983575992674 9.7298442387930191 19.862309377518159 94.109507612025482 0.54457297821591 5.490009695374737 1.7028008769651704
leaf_count=368757 1506064 234026 12280 23256 635 7273 10004 113 3009 2730 2702 171 71 72
internal_value=-0.000149195 0.000405497 -0.00142499 0.00548736 0.00409397 -0.00365212 -0.00209387 -0.00795365 -0.00354397 0.0260013 -0.00933859 -0.046975 -0.00481267 0.0522072
internal_weight=2274.04 2263.02 1663.74 599.279 570.633 205.559 200.57 149.84 133.46 21.8832 111.577 11.9772 99.5995 2.24737
internal_count=2171163 1802406 1518344 284062 50036 26780 26145 18872 8868 2843 6025 3252 2773 243
is_linear=0
shrinkage=0.05


Tree=168
num_leaves=15
num_cat=0
split_feature=2 1 2 10 17 13 18 0 18 13 18 1 1 10
split_gain=52.4358 10.3314 7.38926 17.9857 11.4552 7.31711 6.95645 6.93518 6.15837 8.7018 7.21176 11.4491 21.132 11.625
threshold=-1.0619873404502866 4.5000000000000009 0.22379291057586673 0.01985479332506657 6.8128912448883066 0.21807064861059192 2.8991526365280156 0.51431769132614147 0.35312037169933325 0.32456140220165258 0.33044974505901342 293.50000000000006 294.50000000000006 0.01000012503936887
decision_type=8 10 8 8 10 10 10 10 10 10 10 8 10 8
left_child=5 2 7 4 -4 -1 -5 -2 10 -10 -3 13 -13 -12
right_child=1 8 3 6 -6 -7 -8 -9 9 -11 11 12 -14 -15
leaf_value=-0.11098791416155598 -0.050411681421628808 -0.0024335192875974457 -0.060172411154157862 0.0037774914773633737 0.052347300107544806 0.060571866549484987 -0.074523004797769896 0.04763994644446333 -0.012867958841935699 0.035537661383563769 0.83818434954756116 2.0577629246475957 -0.051296395355300395 0.020509407858339459
leaf_weight=11.997049825031478 2.0490779709265778 837.91877452394499 16.768755641161707 1127.104614039949 2.6146481393484171 0.65546710330505753 2.8437619963415264 15.040109325463865 218.93245608813936 9.6956556294625198 0.043534532176514484 0.019622561446918207 0.03008862326380779 28.573664961939063
leaf_count=357696 236481 759976 40699 56808 246 11063 822 192448 475242 7500 462 91 463 30851
internal_value=-0.000595987 -2.8131e-05 0.00324649 0.00276122 -0.0449945 -0.1021 0.00358043 0.0358831 -0.00351565 -0.0108152 -0.00158985 0.0230703 0.781215 0.0217533
internal_weight=2274.29 2261.63 1166.42 1149.33 19.3834 12.6525 1129.95 17.0892 1095.21 228.628 866.586 28.6669 0.0497112 28.6172
internal_count=2170848 1802089 527504 98575 40945 368759 57630 428929 1274585 482742 791843 31867 554 31313
is_linear=0
shrinkage=0.05


Tree=169
num_leaves=15
num_cat=0
split_feature=2 27 27 10 0 2 8 10 0 9 1 8 1 16
split_gain=56.2017 8.46699 7.85858 6.09858 11.5451 8.65319 7.24431 21.4891 8.54876 7.2082 7.17764 6.3219 6.9339 6.06993
threshold=-0.86096090078353871 7.2879035472869882 6.8832976818084726 0.018857188522815708 0.51431769132614147 1.9880797863006594 21.500000000000004 0.02883220370858908 inf 0.55854681134223949 51.500000000000007 44.500000000000007 49.500000000000007 2.2499048709869389
decision_type=8 10 10 8 10 8 10 8 8 10 10 8 10 8
left_child=-1 2 3 4 -2 13 7 -7 9 -8 11 12 -6 -5
right_child=1 -3 -4 5 10 6 8 -9 -10 -11 -12 -13 -14 -15
leaf_value=-0.099750973280468364 -0.027720332473839423 0.01359695608278114 -0.065122306492467419 0.011786273833049459 0.058017134195094078 -0.080670937239576121 0.0010772331632660128 0.0031850101298957615 0.042323369116973125 0.025607609980930632 -0.0044230306887832445 0.02001992617967692 0.52178027224949708 -0.0033284826278387435
leaf_weight=14.036803819770938 15.654367092950777 118.86463964033965 4.6384788713130538 69.738494132410977 10.915222586400484 7.7724104888442858 74.222016416016345 448.29200271431927 23.918782797907625 21.125996129916985 20.433767587781006 56.751669015257747 0.08119777560591579 1397.3565403722987
leaf_count=445558 177524 23679 3687 43584 42147 492 1324 41548 412 264 61428 146457 14 1183386
internal_value=-1.04218e-05 0.000606399 -0.000111495 2.90061e-05 0.0118497 -0.000571952 0.00462508 0.00175591 0.0155965 0.00889185 0.0188743 0.0267432 0.0614416 -0.00261
internal_weight=2283.8 2269.77 2150.9 2146.26 103.836 2042.43 575.331 456.064 119.267 95.348 88.1819 67.7481 10.9964 1467.1
internal_count=2171504 1725946 1702267 1698580 427570 1271010 44040 42040 2000 1588 250046 188618 42161 1226970
is_linear=0
shrinkage=0.05


Tree=170
num_leaves=15
num_cat=0
split_feature=0 27 12 0 8 3 18 0 3 3 18 18 4 12
split_gain=51.3545 13.7573 5.97076 9.47782 5.72639 7.79284 5.37191 7.63059 8.47372 5.07683 4.76287 6.70123 6.70878 5.23863
threshold=0.510185867547989 2.2912939786911015 0.19615384936332705 0.66557472944259655 190.50000000000003 0.063951820135116591 0.69740217924118053 0.66994607448577892 0.069535285234451308 1.0000000180025095e-35 0.6493021845817567 0.64037248492240917 0.00073683261871337901 0.18808962404727939
decision_type=8 10 10 8 10 10 10 8 10 8 10 10 8 8
left_child=-1 2 4 -4 6 -6 10 8 -8 -9 11 -2 -13 -12
right_child=1 -3 3 -5 5 -7 7 9 -10 -11 13 12 -14 -15
leaf_value=-0.099452238598437923 -0.0012943527643281541 0.0090750282811124326 -0.04958054307161 0.037384049572634276 -0.0076721395237267682 0.067484920322371952 -0.04958054307161 -0.015882699862408457 -0.015882699862408457 0.0023440955903124574 -0.015921508483242232 0.20047891822354838 -0.04958054307161 0.031747515772146052
leaf_weight=12.978927446385295 1641.9121289293714 372.28458035798099 2.5601992930564892 18.755812382796648 6.8178765173134455 6.980124964085622 19.02299331760679 36.59450185178126 27.334233854716118 92.552969443044802 7.8929524732111114 0.28334792261411124 4.2198387396441461 21.362653520881437
leaf_count=642274 1125143 110431 6065 1055 1414 11990 5940 339 216140 20862 8000 127 4969 16901
internal_value=-0.000278749 0.000291152 -0.00144246 0.0248702 -0.00174321 0.0303483 -0.00198241 -0.010305 -0.0277066 -0.00405877 -0.00111072 -0.00146606 -0.0495805 0.0188868
internal_weight=2271.55 2258.57 1886.29 21.316 1864.97 13.798 1851.18 175.505 46.3572 129.147 1675.67 1646.42 4.50319 29.2556
internal_count=2171650 1529376 1418945 7120 1411825 13404 1398421 243281 222080 21201 1155140 1130239 5096 24901
is_linear=0
shrinkage=0.05


Tree=171
num_leaves=15
num_cat=0
split_feature=2 2 14 26 13 16 0 16 7 2 11 10 8 8
split_gain=52.6015 6.34055 6.99699 6.03003 5.79696 4.76656 8.63844 7.96596 6.86736 7.68272 8.43173 6.42932 6.58011 7.58306
threshold=-0.86096090078353871 0.30106855928897863 1.0000000180025095e-35 0.47597254812717443 0.21807064861059192 3.6242519617080693 0.72143161296844494 3.8606742620468144 19.978610992431644 0.84637609124183666 inf 0.012500184588134291 107.50000000000001 105.50000000000001
decision_type=8 8 8 10 10 8 8 8 10 8 8 8 10 10
left_child=4 2 3 -2 -1 11 7 8 9 -7 -11 -3 13 -13
right_child=1 5 -4 -5 -6 6 -8 -9 -10 10 -12 12 -14 -15
leaf_value=-0.10614301741250816 -0.052530926644274382 -0.060447797684644117 0.042144536961765892 0.082608403593667654 0.054325621383292777 -0.012983033895668284 0.0026385930243102342 -0.0031991634701260215 -0.0015101177696067336 -0.016470032266701896 -0.051017805297864482 0.0023228931000675054 0.019170110778901243 -0.10291258864138549
leaf_weight=12.740910370000464 4.0125924553252998 3.9857620286717639 17.32498064448211 1.0392529868736202 0.58881725938984253 18.469979902407832 595.22142077210515 551.97144256433376 22.082908754947653 34.987822532379226 35.662868536558022 907.31881621166553 60.376435811776787 1.7150641145701673
leaf_count=431274 194987 18028 258898 4587 13762 92071 53843 626594 4177 16718 10553 440478 4580 144
internal_value=-2.19638e-05 0.000563652 0.0270467 -0.0247304 -0.0990546 0.000298123 -0.00173415 -0.00565883 -0.0178677 -0.024456 -0.033909 0.00292542 0.00318598 0.00212435
internal_weight=2267.5 2254.17 22.3768 5.05185 13.3297 2231.79 1258.4 663.175 111.204 89.1207 70.6507 973.396 969.41 909.034
internal_count=2170694 1725658 458472 199574 445036 1267186 803956 750113 123519 119342 27271 463230 445202 440622
is_linear=0
shrinkage=0.05


Tree=172
num_leaves=15
num_cat=0
split_feature=2 16 16 14 0 9 8 4 18 2 16 4 4 3
split_gain=50.1653 9.89623 7.1495 7.08733 6.16823 10.593 8.11285 6.73676 5.96312 5.78587 10.0572 5.77237 10.7824 6.92335
threshold=-0.86096090078353871 2.8029010295867924 6.1235833168029794 1.0000000180025095e-35 0.70199033617973339 0.54752457141876232 22.500000000000004 0.05440866947174073 0.26622268557548529 1.1382374167442324 3.7256208658218388 0.00037497282028198248 0.0022166073322296147 0.046789705753326423
decision_type=8 8 10 10 8 10 10 10 10 8 8 8 8 10
left_child=-1 3 4 -2 -3 7 8 9 -7 10 -6 -5 13 -13
right_child=1 2 -4 11 5 6 -8 -9 -10 -11 -12 12 -14 -15
leaf_value=-0.09862242296231985 0.012787044074045177 -0.0043548547451100691 0.029598348101982086 0.05298026348319216 0.040807043667976758 0.019546771888155914 0.038495981420999165 0.032706232721246828 -0.0014569353833351669 -0.0014569353833351669 -0.0014569353833351669 -0.11202027326023181 -0.00070859434101967376 -0.016674806232206307
leaf_weight=12.77920346094829 255.09466486959485 795.15697334066544 19.275110141172263 4.3525865487631696 22.238481540606927 61.013069289752821 27.016748505349824 14.975332513874262 65.050222339487846 875.0707550396894 20.697913537269415 3.6931211798364521 82.320246833163026 3.9300490731339259
leaf_count=445470 143152 1430400 23774 402 1692 1326 1150 2154 1936 73145 5260 156 38907 2622
internal_value=0.000162348 0.00072344 -0.000698388 0.00845741 -0.00100881 0.00144098 0.0136317 -0.000559225 0.00830305 -0.00110188 0.0169708 -0.00325536 -0.00597675 -0.0628659
internal_weight=2262.66 2249.89 1900.49 349.391 1881.22 1086.06 153.08 932.982 126.063 918.007 42.9364 94.296 89.9434 7.62317
internal_count=2171546 1726076 1540837 185239 1517063 86663 4412 82251 3262 80097 6952 42087 41685 2778
is_linear=0
shrinkage=0.05


Tree=173
num_leaves=15
num_cat=0
split_feature=2 27 2 10 4 9 4 8 14 16 0 4 4 16
split_gain=51.9868 9.19786 7.19395 6.57896 8.57487 7.67469 12.6807 8.3325 7.62414 6.44017 6.28832 5.8894 7.80986 5.6449
threshold=-0.86096090078353871 2.0270251035690312 0.11380246281623842 0.02614811155945063 0.073100239038467421 0.63789328932762157 0.005943387746810914 3.5000000000000004 inf 3.7256208658218388 0.61996725201606762 0.010312557220458986 0.0212949812412262 2.2499048709869389
decision_type=8 10 8 10 8 10 10 10 8 10 10 8 10 8
left_child=-1 2 -2 5 8 -4 -7 -8 10 -10 -5 -11 -13 -3
right_child=1 13 3 4 -6 6 7 -9 9 11 -12 12 -14 -15
leaf_value=-0.098067746431311636 0.038453652035922631 0.029826686421291077 -0.0026396360107773143 -0.059957052294404449 0.034531916599024014 -0.10019622884153012 0.042637039091369219 -0.049413806367297176 -0.0051079576037009839 -0.096928042435054318 0.008667699290656387 0.037142550339315218 -0.073280203415146114 0.005312594366891573
leaf_weight=13.629918666733483 11.156734575634783 25.122391090588494 1594.1429732857841 3.4034997396115036 23.520796398060156 5.362104820505194 4.7881182517941436 5.0527665513624385 32.502020892983182 4.1004013229412495 174.01312001275301 3.0831114507655011 3.3316163683503532 359.99538546203826
leaf_count=445817 286889 2468 1273756 443 2220 2637 1362 6184 619 116 3133 72 222 145187
internal_value=-0.000712794 -0.000122931 -0.00157599 -0.00181697 0.00583452 -0.00297683 -0.0383338 -0.00462613 0.00277244 -0.0161119 0.00735123 -0.050125 -0.0202077 0.00691172
internal_weight=2263.2 2249.58 1864.46 1853.3 243.955 1609.35 15.203 9.84088 220.434 43.0172 177.417 10.5151 6.41473 385.118
internal_count=2171125 1725308 1577653 1290764 6825 1283939 10183 7546 4605 1029 3576 410 294 147655
is_linear=0
shrinkage=0.05


Tree=174
num_leaves=15
num_cat=0
split_feature=2 16 2 10 27 2 16 13 8 28 16 12 1 13
split_gain=54.4641 8.44831 9.2342 9.99709 8.782 8.50277 8.1115 6.50265 6.50501 7.7131 6.47224 7.14501 13.8001 8.31667
threshold=-0.86096090078353871 6.3035306930542001 1.7195320725440981 0.014925744384527208 5.8465778827667245 0.95464450120925914 4.9870197772979745 0.13976744562387469 161.50000000000003 1.5000000000000002 3.1567740440368657 0.040270268917083747 6.5000000000000009 0.054669987410306937
decision_type=8 10 8 8 10 10 8 10 8 8 10 10 8 10
left_child=-1 2 4 -4 7 6 -6 10 -9 -10 -2 13 -13 -12
right_child=1 -3 3 -5 5 -7 -8 8 9 -11 11 12 -14 -15
leaf_value=-0.09490225696239353 0.00096067304953648472 0.042593455120133163 -0.061395170307473983 0.0041262010552750991 0.049006236758902984 0.0036882425323644373 -0.072020771411272472 0.036604468795664896 0.0057824637649667712 -0.084141515645469497 -0.0067492582930230279 -0.12054888662979724 -0.017415445142567678 0.13295671096768394
leaf_weight=15.12728792489292 331.2952477055286 11.74028342765723 5.8569526099419127 966.48812288452234 19.513793516656651 63.047299614379028 1.4901705992365624 17.618905881527283 62.771865268083232 2.4787775485895898 742.44283117975783 3.8961869161363754 19.364098526795914 1.0667999292120374
leaf_count=445538 363300 14920 24012 55177 25063 5412 12769 20895 50689 2884 1109317 306 38933 1578
internal_value=-0.000346313 0.000289672 6.76848e-05 0.00373153 -0.00274857 0.0128672 0.0404197 -0.00386 0.00964575 0.00236638 -0.00487926 -0.0074025 -0.0346907 -0.00654881
internal_weight=2264.2 2249.07 2237.33 972.345 1264.99 84.0513 21.004 1180.93 82.8695 65.2506 1098.07 766.77 23.2603 743.51
internal_count=2170793 1725255 1710335 79189 1631146 43244 37832 1587902 74468 53573 1513434 1150134 39239 1110895
is_linear=0
shrinkage=0.05


Tree=175
num_leaves=15
num_cat=0
split_feature=2 16 8 18 9 9 12 12 8 18 18 4 14 16
split_gain=58.519 6.79691 6.66668 7.33841 6.16485 8.46529 10.1914 8.22841 6.45686 7.86395 9.44494 8.1258 9.10849 6.67819
threshold=-0.86096090078353871 2.4414010047912602 145.50000000000003 0.060018761083483703 0.2984511554241181 0.27554032206535345 0.069366481155157103 0.01562881609424949 190.50000000000003 0.69740217924118053 0.75119662284851085 0.0026761889457702641 inf 5.1901714801788339
decision_type=8 8 10 10 10 10 10 10 10 10 8 8 8 10
left_child=-1 2 3 -2 5 8 -7 -6 9 13 -11 -12 -13 -3
right_child=1 4 -4 -5 7 6 -8 -9 -10 10 11 12 -14 -15
leaf_value=-0.09559862858805844 -0.0011734898113217259 -0.0010395635447547683 -0.048841391782862134 0.020157754604881461 0.0026819665235746351 -0.060857161425751816 0.050830336907812017 0.022699749696751752 0.040679859010050709 -0.057907038007358191 -0.048796147767475949 0.0011413852572256427 -0.053039605599947914 0.015377250814962535
leaf_weight=15.788046418516066 65.070340673204385 1354.6724444679223 4.6173480750510398 105.99713887843461 475.42095653819689 11.210049204621873 2.4975867254842319 57.550601693890655 9.2185563091850309 11.078011838134644 11.496935612078337 79.952266698961651 8.5904230925841158 64.915638229393835
leaf_count=445413 44138 1069564 5955 40912 212051 24101 1958 23165 13850 25136 16831 160402 53013 34456
internal_value=0.000329115 0.000998575 0.0104436 0.0120438 0.000203334 -0.00138847 -0.0405072 0.0048435 -0.00104025 -0.00129151 -0.0141011 -0.00925016 -0.00411526 -0.000288847
internal_weight=2278.08 2262.29 175.685 171.067 2086.6 1553.63 13.7076 532.972 1539.92 1530.71 111.118 100.04 88.5427 1419.59
internal_count=2170945 1725532 91005 85050 1634527 1399311 26059 235216 1373252 1359402 255382 230246 213415 1104020
is_linear=0
shrinkage=0.05


Tree=176
num_leaves=15
num_cat=0
split_feature=2 28 2 2 16 17 3 17 16 16 16 1 2 11
split_gain=51.0698 8.3573 8.15578 6.5396 10.3469 5.27015 53.0068 5.22154 5.18009 8.72341 10.0219 8.74908 12.6795 8.04408
threshold=-0.86096090078353871 1.5000000000000002 0.13707191497087481 1.9880797863006594 2.4414010047912602 1.0000000180025095e-35 0.17661041021347049 4.0342013835906991 4.8713660240173349 4.6586997509002694 4.6395599842071542 128.50000000000003 0.64125162363052379 0.83333334326744091
decision_type=8 10 8 10 8 10 10 8 10 10 10 8 8 8
left_child=5 2 -2 8 -5 6 -1 -6 9 10 -4 12 -11 -10
right_child=1 -3 3 4 7 -7 -8 -9 13 11 -12 -13 -14 -15
leaf_value=-7.9782124174719504 0.03561463677329739 0.00532695868857246 -0.0024509062521393 0.043788954227267737 -0.041946412224049247 -0.091657968941657397 -0.050021210456173554 0.0048075409871015107 -0.035734627652154294 0.25627628108639561 -0.075939848995175196 -0.044444975961452346 0.019786740804038794 -0.005889613560821013
leaf_weight=0.0023421591050353232 14.969878670829303 757.01097908527026 1074.1903191458593 17.192946398582762 6.1630157811277959 14.548645988040755 0.021110733443172158 192.42224518912417 28.25122975473171 0.57250718423604496 4.659370590094567 5.3965265632151107 56.72232291143505 112.41663846479439
leaf_count=67 335543 127578 1011967 176 177 429867 15543 2514 85204 2006 7648 40317 21334 90994
internal_value=0.000438997 0.00103797 -0.00110804 -0.00147502 0.00657816 -0.0928652 -0.841782 0.00335655 -0.00283026 -0.00171466 -0.00276829 0.0164173 0.0221498 -0.0118836
internal_weight=2284.54 2269.97 1512.96 1497.99 215.778 14.5721 0.0234529 198.585 1282.21 1141.54 1078.85 62.6914 57.2948 140.668
internal_count=2170935 1725458 1597880 1262337 2867 445477 15610 2691 1259470 1083272 1019615 63657 23340 176198
is_linear=0
shrinkage=0.05


Tree=177
num_leaves=15
num_cat=0
split_feature=2 21 27 2 10 16 27 27 10 25 2 7 2 9
split_gain=40.9061 10.1178 8.00617 5.58166 8.39156 6.37603 6.37484 6.21219 6.34064 5.52426 5.39861 8.13574 5.11609 13.8589
threshold=-0.86096090078353871 1.5000000000000002 7.6647894382476816 1.9880797863006594 0.027823104523122314 5.8111364841461191 6.6069424152374276 6.3215236663818368 0.02470413222908974 1.5000000000000002 1.1870840191841128 157.6841735839844 0.81066006422042858 0.69526246190071117
decision_type=8 10 10 10 10 10 10 10 10 10 8 10 8 10
left_child=-1 2 3 4 6 -5 7 12 -9 -4 11 -6 -2 -14
right_child=1 -3 9 5 10 -7 -8 8 -10 -11 -12 -13 13 -15
leaf_value=-0.089310258809498819 0.0050647046551296031 -0.08933851418998047 0.029220324111235943 0.0041038380108678598 -0.10414338585395884 0.063458055366358304 -0.051359191229235157 0.046507874558642526 -0.081383315872043532 0.0053914639413890457 0.013566518046550836 0.057557271466854354 -0.0032138826595008805 -0.057358775883812156
leaf_weight=12.832872982595244 190.25278636926666 3.1496029017666833 37.262920476995248 429.44048338458947 2.3094584150021547 4.572856803919648 6.6641691484203411 10.299090608420782 1.0698232705069575 70.038126806823414 108.54224065385233 1.1729637323373938 1364.8393356307811 11.921490868205863
leaf_count=445564 1316804 4370 2248 6667 170 45 7730 2944 75 19209 2828 7 359993 2679
internal_value=-0.000295415 0.000214199 0.000340207 -0.000330784 -0.00162484 0.00472921 -0.00255955 -0.00235351 0.0344732 0.0136666 0.0116005 -0.0496787 -0.00262069 -0.00368273
internal_weight=2254.37 2241.54 2238.39 2131.08 1697.07 434.013 1585.05 1578.38 11.3689 107.301 112.025 3.48242 1567.01 1376.76
internal_count=2171333 1725769 1721399 1699942 1693230 6712 1690225 1682495 3019 21457 3005 177 1679476 362672
is_linear=0
shrinkage=0.05


Tree=178
num_leaves=15
num_cat=0
split_feature=2 16 2 26 16 16 0 25 14 2 18 1 18 14
split_gain=30.5599 6.13153 6.29417 7.04947 6.6972 6.71156 7.68443 6.99545 8.84364 6.33783 6.39264 6.22454 5.84303 5.57874
threshold=-0.86096090078353871 6.3035306930542001 1.9880797863006594 0.45993590354919439 5.8957784175872812 2.8617925643920903 0.70199033617973339 1.0000000180025095e-35 1.0000000180025095e-35 0.98194503784179699 0.42872086167335516 167.50000000000003 0.47192865610122686 1.0000000180025095e-35
decision_type=8 10 10 10 10 8 10 8 8 8 8 10 10 8
left_child=-1 2 3 -2 5 7 12 8 -4 10 11 -5 -7 -14
right_child=1 -3 4 9 -6 6 -8 -9 -10 -11 -12 -13 13 -15
leaf_value=-0.08377911382065184 -0.0017203577872627119 0.035948820743056199 0.020260444828911744 0.043771559884857494 0.079251432391361287 -0.0043172123759407932 0.0054603958094903218 0.026652370030835627 -0.032643988602005888 0.0043013899054154389 -0.041418085761801705 -0.056751878832724471 -0.021350891100596705 -0.085656939948600255
leaf_weight=10.742565566149354 1633.6456365847478 12.307021386144696 18.861906122175185 25.803480587450871 3.0670582075117627 50.411295883876278 318.59733833720247 63.341354882949418 13.591192759447493 100.09656224832437 2.8093515555735982 1.6377117368652978 13.349794155261636 4.5127481813719319
leaf_count=445569 1654266 14851 362 12989 22 1574 4247 791 251 8208 21684 5702 485 270
internal_value=0.000353258 0.000752809 0.000560271 -0.000827522 0.0056002 0.00513219 0.00219828 0.0169809 -0.00189566 0.0103624 0.0304179 0.0377722 -0.0130242 -0.037597
internal_weight=2272.78 2262.03 2249.73 1763.99 485.733 482.666 386.871 95.7945 32.4531 130.347 30.2505 27.4412 68.2738 17.8625
internal_count=2171271 1725702 1710851 1702849 8002 7980 6576 1404 613 48583 40375 18691 2329 755
is_linear=0
shrinkage=0.05


Tree=179
num_leaves=15
num_cat=0
split_feature=0 26 10 13 15 13 16 16 1 16 12 13 4 16
split_gain=26.6474 8.41918 4.56662 7.64262 5.94425 6.39877 6.3308 6.20187 5.61603 5.81625 4.25037 10.2447 8.66841 7.96386
threshold=0.510185867547989 0.45227272808551794 0.022966272197663787 0.10990338027477266 1.0000000180025095e-35 0.055946791544556625 5.8215644359588632 3.0677825212478642 49.500000000000007 4.8481087684631357 0.19615384936332705 0.27525253593921667 0.0085307657718658465 5.7791979312896737
decision_type=8 10 10 10 8 8 8 10 8 8 10 10 10 8
left_child=-1 2 10 4 5 -4 7 -7 -6 -10 11 -2 -12 -13
right_child=1 -3 3 -5 8 6 -8 -9 9 -11 12 13 -14 -15
leaf_value=-0.082631845359238107 -0.0012033989107540439 0.010955435258611389 0.03891967776271496 0.028965759822574107 0.0024061866549592134 0.016642332703509878 0.046523257535436097 -0.04096916868573787 0.031437862193441551 -0.04096916868573787 0.045739169637384058 -0.04096916868573787 -0.031344799065417518 0.047491549600134741
leaf_weight=9.6360069307564391 1622.8271175632822 183.55407507187556 3.7562031359030357 29.687752246582932 321.94528950021277 4.6740272593137986 2.2876123321864545 13.876022661265834 26.659207754798675 1.5325337415841875 12.407361276414784 17.34792780247712 5.1655356574945221 2.579041891130017
leaf_count=642003 1449022 42832 142 896 12002 138 66 843 772 237 1523 13625 5678 1213
internal_value=0.000337907 0.000693508 -0.000218768 0.00454571 0.00261105 -0.0211499 -0.0319781 -0.0409692 0.00428004 0.0256792 -0.00137929 -0.00164094 0.0230804 -0.0372737
internal_weight=2257.94 2248.3 2064.75 404.419 374.731 24.5939 20.8377 18.55 350.137 28.1917 1660.33 1642.75 17.5729 19.927
internal_count=2170992 1528989 1486157 15096 14200 1189 1047 981 13011 1009 1471061 1463860 7201 14838
is_linear=0
shrinkage=0.05


Tree=180
num_leaves=15
num_cat=0
split_feature=2 2 18 28 18 9 13 18 7 9 9 17 18 27
split_gain=30.2014 6.33752 6.83115 6.23301 5.77746 4.89679 4.83235 5.70082 8.16708 6.54152 6.52392 6.73257 8.3101 6.5065
threshold=-0.86096090078353871 0.30106855928897863 3.155902743339539 1.5000000000000002 0.028180692344903949 0.23595366626977923 0.41885964572429663 0.2837966531515122 5.6842312812805185 0.14849872887134555 0.39277052879333502 6.0741951465606698 0.32342621684074407 1.66561496257782
decision_type=8 8 10 10 8 8 8 8 8 8 10 10 8 8
left_child=-1 -2 3 -3 -5 -4 -6 8 -8 -9 11 12 -11 -10
right_child=1 2 5 4 6 -7 7 9 13 10 -12 -13 -14 -15
leaf_value=-0.082131513755958563 0.026659731165000419 -0.0014491898803240481 0.18909036855209616 0.040867409706005005 0.012218663426801319 -0.065239128178143022 -0.075571492627652004 -0.11700460151313619 -0.0024083315883399042 -0.054200538971437576 -0.0096659916108452065 0.052838405629124396 0.0088006683284650705 0.011373260226042329
leaf_weight=11.098061758405782 23.009581120597787 1486.0761252576044 0.1964241463308366 10.56693332879073 133.84840144798682 5.1886694190732392 3.0766090497128848 1.2845195953018329 136.56659901105363 5.7378038807580003 154.75026047668021 7.6525150486187661 59.633285472095231 229.67248395975551
leaf_count=445571 459199 1142848 716 894 22334 13618 542 3540 23411 2053 19880 1054 22043 14020
internal_value=0.00014858 0.000553119 0.000284258 0.000420154 0.00416009 -0.0559623 0.00363036 0.00170927 0.00555277 -0.00448769 -0.00385315 0.00846531 0.00327088 0.00623425
internal_weight=2268.36 2257.26 2234.25 2228.87 742.789 5.38509 732.222 598.374 369.316 229.058 227.774 73.0236 65.3711 366.239
internal_count=2171723 1726152 1266953 1252619 109771 14334 108877 86543 37973 48570 45030 25150 24096 37431
is_linear=0
shrinkage=0.05


Tree=181
num_leaves=15
num_cat=0
split_feature=2 27 2 10 10 16 3 13 16 3 16 14 26 18
split_gain=28.2433 9.2524 6.93929 12.2608 7.06893 9.64362 10.3595 6.63756 9.75424 13.5813 8.9779 8.74125 8.62135 7.27435
threshold=-0.60195738077163685 1.4612500667572024 1.7195320725440981 0.021544498391449455 0.021544498391449455 4.49422311782837 0.052275985479354865 0.13976744562387469 3.9019216299057011 0.027611553668975834 4.7833075523376474 1.0000000180025095e-35 0.47597254812717443 0.2837966531515122
decision_type=8 10 8 8 8 8 10 8 8 8 10 10 10 8
left_child=-1 2 4 -4 5 -2 -7 8 9 -6 11 12 -10 -14
right_child=1 -3 3 -5 7 6 -8 -9 10 -11 -12 -13 13 -15
leaf_value=-0.079471499863526279 0.015771978025922423 0.0068059854088896032 -0.024723536606205916 0.0037079523269342371 -0.096376968666042631 -0.082724521624945827 -0.0032989580257365911 -0.003725148108104813 -0.069648248199072546 -0.02237987702453894 -0.028129772246577367 0.0088222908897024454 0.69912022117013561 -0.05641350061250016
leaf_weight=11.239143010273052 86.829140586188089 407.31314474642545 40.065541804005704 707.8981189512217 7.5003029908889056 5.1168583203471298 20.769165630282707 832.90342403638113 4.977633820699146 35.791561475474701 33.111541720316694 62.2749560580611 0.06816004862344005 0.059818072123164256
leaf_count=545465 173164 162000 23804 44624 298 482 119247 906629 28070 62386 56370 48122 43 331
internal_value=-0.000407837 -1.19639e-05 -0.00152339 0.00218499 -0.00406949 0.00778654 -0.0189989 -0.00543774 -0.0153584 -0.0351999 -0.00681067 0.00366577 -0.0592301 0.345977
internal_weight=2255.92 2244.68 1837.37 747.964 1089.4 112.715 25.886 976.687 143.784 43.2919 100.492 67.3806 5.10561 0.127978
internal_count=2171035 1625570 1463570 68428 1395142 292893 119729 1102249 195620 62684 132936 76566 28444 374
is_linear=0
shrinkage=0.05


Tree=182
num_leaves=15
num_cat=0
split_feature=2 1 3 2 17 10 26 26 1 18 16 8 18 27
split_gain=23.4536 7.25972 8.7234 11.0592 14.5179 9.02876 8.92665 6.61095 6.20971 6.15703 5.5896 5.71328 5.54398 5.31679
threshold=-0.86096090078353871 6.5000000000000009 0.11142390966415407 1.3184982538223269 6.2924942970275888 0.014925744384527208 0.057189542800188072 0.080128207802772536 270.50000000000006 0.2463144734501839 2.6020033359527592 7.5000000000000009 3.155902743339539 2.3880039453506474
decision_type=8 10 10 8 10 8 8 8 10 10 8 8 10 10
left_child=-1 2 3 4 6 -5 -2 10 -3 -8 11 -4 13 -7
right_child=1 8 7 5 -6 12 9 -9 -10 -11 -12 -13 -14 -15
leaf_value=-0.07961729102565851 -0.1322868983964347 -0.0024385526140372278 0.46043468789052205 -0.061883881025155608 0.026742882406577032 0.0019231813253604416 -0.11355967190153787 0.053295295295513537 -0.050137238498655493 0.014314807707312638 -0.05122792507303138 0.044178638691602705 -0.063836927411292946 0.010480975832351108
leaf_weight=9.1506115742401946 4.3391757292631601 923.84363846181168 0.088918019421980632 5.3472747914299807 4.7891306795299888 1064.3742437651456 1.4373357113451737 14.34641955210749 6.8741346644139858 2.727835492394397 3.2084020109589453 1.1303708497696974 3.0747682084224826 218.80583630542787
leaf_count=445586 1763 1151903 412 24353 293 53307 522 144933 113779 983 210539 15041 636 7138
internal_value=0.000268629 0.000592888 0.00297211 0.00248524 -0.0428869 0.00295222 -0.0820981 0.0368122 -0.00279085 -0.0298127 -0.0165957 0.0745346 0.00322176 0.00338244
internal_weight=2263.54 2254.39 1323.67 1304.9 13.2935 1291.6 8.50435 18.7741 930.718 4.16517 4.42769 1.21929 1286.25 1283.18
internal_count=2171188 1725602 459920 88995 3561 85434 3268 370925 1265682 1505 225992 15453 61081 60445
is_linear=0
shrinkage=0.05


Tree=183
num_leaves=15
num_cat=0
split_feature=0 9 9 16 8 15 8 8 8 27 18 27 0 1
split_gain=18.8757 8.22053 8.47222 7.13021 7.09305 6.16417 6.09525 6.84577 8.01086 5.7231 5.51889 5.49577 5.48557 5.34142
threshold=0.510185867547989 0.2984511554241181 0.27862277626991278 4.8081026077270517 190.50000000000003 1.0000000180025095e-35 37.500000000000007 92.500000000000014 103.50000000000001 7.7064099311828622 0.085438739508390441 6.2254178524017343 0.58062705397605907 193.50000000000003
decision_type=8 10 10 10 10 8 8 8 8 10 10 8 8 10
left_child=-1 2 4 5 6 13 11 -8 10 12 -9 -2 -10 -3
right_child=1 3 -4 -5 -6 -7 7 8 9 -11 -12 -13 -14 -15
leaf_value=-0.076814475827149786 0.052504156294043806 -0.015730413803255378 -0.038450147100616894 -0.010639475553493753 0.039209118248550202 0.0083454619376264905 -0.029771243863279635 -0.038450147100616894 -0.026368034759144829 0.021664743909395972 0.048597234356058922 -0.033287458636120718 -0.0020263390267668043 0.14881636494727835
leaf_weight=8.0440777129295995 8.9905717792608062 34.481624662364098 13.532289772889952 65.081382943750668 10.597778264116867 491.78607065654563 22.021968912340494 0.77226538239166309 23.497720642722136 25.12027857437829 11.374272856176576 2.3558698404776104 1542.5439820883503 0.50035099777508563
leaf_count=642041 6449 18579 17686 49008 10159 117945 30875 1033 439781 9114 7081 1631 818594 1182
internal_value=-0.000358836 -8.58184e-05 -0.00188891 0.0049739 -0.00156434 0.00690291 -0.00182835 -0.0020833 -0.00170299 -0.00201179 0.0387483 0.0346912 -0.00239157 -0.0133769
internal_weight=2260.7 2252.66 1660.81 591.849 1647.27 526.768 1636.68 1625.33 1603.31 1591.16 12.1465 11.3464 1566.04 34.982
internal_count=2171158 1529117 1342403 186714 1324717 137706 1314558 1306478 1275603 1267489 8114 8080 1258375 19761
is_linear=0
shrinkage=0.05


Tree=184
num_leaves=15
num_cat=0
split_feature=2 27 2 3 14 2 3 25 11 17 27 1 27 13
split_gain=16.6421 10.4969 5.85376 4.11342 4.33942 7.45367 9.97946 8.74381 6.87766 6.73305 7.00015 6.44131 5.95354 5.84208
threshold=-0.86096090078353871 1.4612500667572024 0.11380246281623842 0.13437891006469729 1.0000000180025095e-35 1.3643888235092165 0.046789705753326423 1.5000000000000002 inf 5.8036265373229989 9.369387626647951 4.5000000000000009 7.980720281600953 0.18065268546342853
decision_type=8 10 8 10 8 10 8 10 8 8 8 8 8 8
left_child=-1 2 -2 4 8 6 -6 -7 13 10 -8 -10 -11 -3
right_child=1 3 -4 -5 5 7 9 -9 11 12 -12 -13 -14 -15
leaf_value=-0.073319725049830253 0.033872320362056722 0.037337292385264578 -0.002271065621616599 0.040588725966667905 -0.090807577133517892 0.023221770206378996 -0.029981278370110543 -0.0016778377913687717 0.010147545187691768 0.022578755026474925 0.032828430915356942 -0.071227079865440593 -0.08968749338191484 0.010520659556486359
leaf_weight=7.8594925313271373 11.272498467212618 23.66166953024225 1805.3976059408701 8.8632540884815949 3.915062539799691 54.679221153512799 31.048026056661627 99.265406311921197 5.0683657679037397 18.361496100619835 5.1754710337618226 4.6749066723691621 1.2620795254097164 143.35566410160641
leaf_count=445603 282057 2825 1266286 120884 460 1088 22969 2655 106 7320 935 1066 743 16339
internal_value=-0.000690978 -0.000433385 -0.00204679 0.00690648 0.00614192 0.00134815 -0.0136389 0.00716619 0.0119377 -0.00822908 -0.0210073 -0.0288967 0.0153584 0.0143198
internal_weight=2223.86 2216 1816.67 399.331 390.467 213.707 59.7621 153.945 176.761 55.8471 36.2235 9.74327 19.6236 167.017
internal_count=2171336 1725733 1548343 177390 56506 36170 32427 3743 20336 31967 23904 1172 8063 19164
is_linear=0
shrinkage=0.05


Tree=185
num_leaves=15
num_cat=0
split_feature=2 27 9 8 9 8 28 1 2 3 2 8 2 1
split_gain=12.7409 6.9388 6.18531 4.96137 4.99883 4.83537 8.59681 9.57997 8.40005 4.7565 11.7646 5.27323 4.52601 6.76041
threshold=-0.86096090078353871 2.2912939786911015 0.3425015807151795 179.50000000000003 0.15252223610877993 170.50000000000003 1.0000000180025095e-35 91.500000000000014 1.9880797863006594 0.063951820135116591 1.4189615249633791 183.50000000000003 0.98194503784179699 162.50000000000003
decision_type=8 10 8 10 8 10 10 10 10 8 8 8 8 10
left_child=2 3 -1 5 -5 -2 7 -7 -8 10 -6 -12 13 -3
right_child=1 12 -4 4 9 6 8 -9 -10 -11 11 -13 -14 -15
leaf_value=0.0078237376121874456 -0.0015897215515840906 0.025461056006626792 -0.09825045109110149 -0.0842220876271806 -0.10318111208270396 -0.13533060206025424 -0.094514648973241772 0.88906589539218883 0.045974156430713363 0.048852493540464344 0.061002152660116188 -0.010259874339041908 0.003850682813727298 -0.038357535070874742
leaf_weight=1.9071726840548806 1835.216086907292 47.058240588995005 4.9186901174315745 1.0857817777822472 2.1190929485237593 0.041356491333868095 3.9530398385168075 0.050927014974060825 1.4558435682736215 11.386584302385812 5.29860541912785 5.0894967287313202 312.54852118224403 4.551039818577002
leaf_count=254368 1530794 83260 191433 9143 239 530 17036 79 31 31260 41 109 23046 29944
internal_value=-0.000406204 -0.000197414 -0.0686129 -0.00142966 0.0207039 -0.00173003 -0.0485367 0.429987 -0.056701 0.025472 0.00418626 0.0260884 0.00611579 0.0198334
internal_weight=2236.68 2229.85 6.82586 1865.7 24.9796 1840.72 5.50117 0.0922835 5.40888 23.8938 12.5072 10.3881 364.158 51.6093
internal_count=2171313 1725512 445801 1589262 40792 1548470 17676 609 17067 31649 389 150 136250 113204
is_linear=0
shrinkage=0.05


Tree=186
num_leaves=15
num_cat=0
split_feature=0 7 26 17 7 8 28 12 2 16 2 25 17 4
split_gain=13.245 7.81645 6.9426 4.42684 4.25336 4.34604 4.38952 3.84468 3.28561 5.45744 4.55121 6.83524 6.11813 4.42153
threshold=0.510185867547989 19.978610992431644 0.22474747896194461 4.2696731090545663 121.53054046630861 107.50000000000001 1.5000000000000002 0.16441441327333453 0.90750801563262951 4.2972624301910409 1.2787532210350039 1.0000000180025095e-35 4.4716224670410165 0.033455461263656623
decision_type=8 10 8 8 10 8 10 10 8 8 8 8 8 10
left_child=-1 8 7 -4 5 6 -5 -3 -2 -10 11 13 -13 -11
right_child=1 2 3 4 -6 -7 -8 -9 9 10 -12 12 -14 -15
leaf_value=-0.070266184386439084 0.00218677765568182 0.00218677765568182 0.043155741049103996 0.022870871714531699 0.036767444472663537 0.022870871714531699 0.0030317096206509187 0.039897315819060294 -0.0043305957675014847 0.00218677765568182 0.00218677765568182 0.00218677765568182 -0.035138151534078989 -0.035138151534078989
leaf_weight=6.7287813859741243 231.11617226354645 240.2590853255748 11.454028788100755 10.548206341471625 14.935708141643657 23.469271084403402 141.70240020509891 7.5220915749187034 1083.1752993822734 56.427085588786667 374.6409747804272 3.089110999685583 22.513178562673794 3.2977142133202895
leaf_count=642511 1082464 137224 680 19701 800 12040 11782 1815 174061 19011 36420 1817 17241 14121
internal_value=-0.000222025 -1.01187e-05 0.00587625 0.0129653 0.0111516 0.0089743 0.00571726 0.00218678 -0.0015027 -0.00239294 0.00217002 -0.00936085 -0.0309751 -9.54207e-05
internal_weight=2230.88 2224.15 449.891 202.11 190.656 175.72 152.251 247.781 1774.26 1543.14 459.968 85.3271 25.6023 59.7248
internal_count=2171688 1529177 184042 45003 44323 43523 31483 139039 1345135 262671 88610 52190 19058 33132
is_linear=0
shrinkage=0.05


Tree=187
num_leaves=15
num_cat=0
split_feature=0 16 27 3 16 14 18 17 9 4 4 3 12 12
split_gain=11.2612 6.11162 6.0741 4.74842 7.226 6.97594 11.012 8.21315 7.1434 6.99027 6.53546 7.07211 8.96754 9.4806
threshold=0.51431769132614147 6.1235833168029794 1.4612500667572024 0.046789705753326423 2.2499048709869389 1.0000000180025095e-35 0.9024830460548402 4.5163240432739267 0.6111048460006715 0.0044958889484405526 0.046745598316192634 1.0000000180025095e-35 0.15707236528396609 0.072077922523021712
decision_type=8 10 10 10 8 10 10 8 10 8 10 8 10 10
left_child=-1 2 3 10 -5 6 -6 -8 -7 -10 11 -2 13 -13
right_child=1 -3 -4 4 5 8 7 -9 9 -11 -12 12 -14 -15
leaf_value=-0.064772138580888469 -0.0062960526233943135 0.027561706208432554 0.0057784272288452683 0.015346672916654702 -0.020376492385038806 -0.0041147815952914937 0.037340603072594465 -0.032190397903495836 -0.032190397903495836 0.040753359867952359 0.035255751719291503 0.0031084913585160585 0.035996452166602008 -0.019486170902669919
leaf_weight=6.6495907294699474 298.11437500688976 20.508647611724427 393.74006597406333 42.418245469825052 132.69657391260967 418.26869903232165 15.136983203328573 4.1484531902707262 2.1113450137295722 15.398937727055246 13.583196417579527 829.76964949780199 19.650793385002999 49.177829692225714
leaf_count=667124 2136 19616 139764 44104 605792 532388 46444 30217 836 4733 837 72971 648 3747
internal_value=0.000199729 0.000391343 0.000141936 -0.0010639 -0.0045835 -0.00602185 -0.0152456 0.0200583 -0.00280497 0.0284825 0.000768692 0.000377249 0.00259115 0.0018443
internal_weight=2261.37 2254.72 2234.22 1840.48 630.179 587.761 151.982 19.2854 435.779 17.5103 1210.3 1196.71 898.598 878.947
internal_count=2171357 1504233 1484617 1344853 1264514 1220410 682453 76661 537957 5569 80339 79502 77366 76718
is_linear=0
shrinkage=0.05


Tree=188
num_leaves=15
num_cat=0
split_feature=0 27 8 18 10 11 17 17 18 3 16 14 16 16
split_gain=12.7694 6.19634 8.95658 6.89818 10.2785 9.68081 8.83631 9.2014 8.63332 6.6986 9.75124 7.10867 6.3677 6.05709
threshold=0.510185867547989 1.4612500667572024 1.5000000000000002 0.7188127636909486 0.024080176837742332 inf 5.1387310028076181 5.1503930091857919 0.6493021845817567 0.10843575000762941 5.5392990112304696 1.0000000180025095e-35 2.1383330821990971 3.2769666910171513
decision_type=8 8 8 10 8 8 10 10 10 10 10 8 8 10
left_child=-1 3 12 8 5 -5 -6 -8 -2 10 -4 -11 -3 -14
right_child=1 2 9 4 6 -7 7 -9 -10 11 -12 -13 13 -15
leaf_value=-0.069468609944551812 -0.0017839039928674656 0.082043496102116031 0.0018639675561217914 -0.034625768454721206 -0.034625768454721206 0.033476269559928398 0.22194345525674553 -0.0082911799746111774 0.029288756473198216 -0.0071648660270328488 -0.034625768454721206 0.034527799887522644 -0.0083835390543884041 0.031718562052864975
leaf_weight=6.5932642888530353 1118.4056075307085 4.3502506967120089 902.45385224214533 3.9363790326760926 32.777087230087602 15.896353316977242 0.44028969023442144 30.199023861220194 22.810216323186296 15.310747512937438 17.817090934856537 30.770982567127191 14.023690046825775 28.65870214885831
leaf_count=642005 857262 65 119318 25508 79592 22142 408 31994 25036 139448 6002 220033 479 1109
internal_value=1.23648e-05 0.000217073 0.00310914 -0.00217644 -0.0160714 0.0153448 -0.0258965 -0.00498269 -0.00116283 0.00207212 0.00114058 0.0206753 0.0244161 0.0185427
internal_weight=2244.44 2237.85 1013.39 1224.46 83.2491 19.8327 63.4164 30.6393 1141.22 966.353 920.271 46.0817 47.0326 42.6824
internal_count=2170401 1528396 486454 1041942 159644 47650 111994 32402 882298 484801 125320 359481 1653 1588
is_linear=0
shrinkage=0.05


Tree=189
num_leaves=15
num_cat=0
split_feature=0 9 9 16 1 13 16 1 13 18 16 11 28 4
split_gain=10.4437 7.47606 7.19328 7.0942 10.2317 9.01476 8.5842 7.8855 7.33557 6.42385 6.40265 7.60192 6.28519 5.53438
threshold=0.510185867547989 0.30139793455600744 0.28940641880035406 5.2704288959503183 22.500000000000004 0.39444445073604589 5.5114085674285898 10.500000000000002 0.27525253593921667 5.5521085262298593 5.2443854808807382 0.52272728085517894 1.5000000000000002 0.0062671899795532235
decision_type=8 10 10 10 10 10 8 8 10 10 10 10 10 8
left_child=-1 2 3 8 6 -6 7 -5 9 10 -2 -12 -10 -8
right_child=1 -3 -4 4 5 -7 13 -9 12 -11 11 -13 -14 -15
leaf_value=-0.064247845537274306 -0.0021025969521837758 0.0043958599889794862 -0.032381291385963296 0.015830361053410614 -0.032381291385963296 0.090693194902369392 0.026497711476799465 0.062653871030191752 -0.032381291385963296 0.37430634689557629 -0.032381291385963296 0.08694660539154056 0.030984646718973077 -0.010373927287374504
leaf_weight=6.4464581034133044 1511.1647203191224 574.8088374498343 6.439954624731171 20.533330540764556 14.148977317827642 1.5341002958573842 16.27904952156296 15.996811566592351 22.781572418546791 0.1131935905575564 8.2380365770495683 1.4386260825710895 4.0016561323991899 27.150958893948363
leaf_count=641959 1208482 183988 10529 715 71976 721 3367 8249 14974 466 7602 135 791 16972
internal_value=-0.000698887 -0.000514737 -0.00222562 -0.00198605 0.0112292 -0.0256974 0.0184718 0.0363347 -0.00280269 -0.00234591 -0.00237394 -0.0323813 -0.0287424 0.00344682
internal_weight=2231.08 2224.63 1649.82 1643.38 95.6432 15.6831 79.9602 36.5301 1547.74 1520.95 1520.84 9.67666 26.7832 43.43
internal_count=2170926 1528967 1344979 1334450 102000 72697 29303 8964 1232450 1216685 1216219 7737 15765 20339
is_linear=0
shrinkage=0.05


Tree=190
num_leaves=15
num_cat=0
split_feature=0 1 2 0 4 3 2 1 16 1 1 17 3 3
split_gain=7.29753 5.14011 8.27212 7.5721 15.8182 36.474 16.0507 10.0443 7.33588 6.94505 5.83743 8.41239 13.1159 9.72009
threshold=0.510185867547989 209.50000000000003 0.51154023408889782 0.63693368434906017 0.029090940952301029 0.13437891006469729 0.48476257920265203 179.50000000000003 3.2769666910171513 177.50000000000003 195.50000000000003 5.1149907112121591 0.071969985961914076 0.10536321997642518
decision_type=8 10 8 10 8 10 10 10 8 10 10 10 8 8
left_child=-1 2 3 9 8 6 -6 -8 -5 -2 -4 12 -12 -14
right_child=1 -3 10 4 5 -7 7 -9 -10 -11 11 -13 13 -15
leaf_value=-0.05473668618590103 0.029356844388964656 -0.020841758530405381 0.00016326769002533758 0.19895399139308245 2.0248563498844461 0.06220492048379498 1.2992137670826702 0.06220492048379498 0.06220492048379498 -0.027177040708991136 1.070929684008304 0.011954756430428828 -0.027177040708991136 0.25467257594931503
leaf_weight=6.0210467918816297 25.819928933392568 28.168274131323415 2179.0882636836509 0.98689253617658312 0.03944133142067574 0.12767394840227553 0.032057382166385651 0.024700062938791234 1.4407309814403104 5.795576208994798 0.039428772200856277 2.5253129535015617 0.40549201981843896 0.71467225210895446
leaf_count=642717 277940 350847 793469 1122 48 2010 18 102 7723 83381 20 8465 685 3452
internal_value=0.000235185 0.000382605 0.000652268 0.025028 0.106189 0.508343 1.2501 0.711706 0.0691023 0.0182213 0.000269597 0.0631479 0.174634 0.143085
internal_weight=2251.23 2245.21 2217.04 34.267 2.6515 0.223873 0.0961988 0.0567574 2.42762 31.6155 2182.77 3.68491 1.15959 1.12016
internal_count=2171999 1529282 1178435 372344 11023 2178 168 120 8845 361321 806091 12622 4157 4137
is_linear=0
shrinkage=0.05


Tree=191
num_leaves=15
num_cat=0
split_feature=2 9 2 27 10 18 18 18 1 1 18 18 3 4
split_gain=7.78016 7.91053 6.37861 5.36341 4.75066 5.36796 4.70842 4.55378 4.46419 5.74652 8.13813 13.238 3.932 7.32256
threshold=-0.86096090078353871 0.3425015807151795 0.30106855928897863 18.656805038452152 0.0097088473848998564 2.2310096025466923 0.28689375519752508 3.8689931631088261 255.50000000000003 253.50000000000003 0.10990484058856965 0.10792508721351625 0.10434558987617494 0.043804347515106208
decision_type=8 8 8 10 10 10 8 10 10 10 8 10 10 8
left_child=1 -1 4 7 5 -2 -6 8 9 12 11 -11 -4 -14
right_child=2 -3 3 -5 6 -7 -8 -9 -10 10 -12 -13 13 -15
leaf_value=0.025802999747451358 -0.01553649122688238 -0.093501090021946565 -0.00023590614997392873 0.031610048243541695 0.061761427858055551 0.06474582220233073 -0.013739426446289511 -0.06060992653729607 -0.036474625067499981 0.1790665706087935 -0.051524845316170437 1.1765923879559168 0.016710032686475303 -0.020547613843641344
leaf_weight=2.053699238985808 9.1022437446948619 4.2955946769472702 2097.6845743831909 13.53590871526694 10.351647257855248 2.6996919083936595 2.5795266299124053 3.0906035620669163 8.3001491384752608 0.55520535877586041 0.40811089561063696 0.035378843845975894 76.603123791706139 15.930316934949813
leaf_count=254314 362480 191082 321179 836 26984 21103 48013 9638 112135 1291 5504 35 411157 405129
internal_value=0.000357905 -0.0549118 0.000514506 0.000232691 0.0257658 0.00282808 0.0467004 3.98642e-05 0.000125085 0.000263722 0.120174 0.238823 0.000209045 0.0102959
internal_weight=2247.23 6.34929 2240.88 2216.14 24.7331 11.8019 12.9312 2202.61 2199.52 2191.22 0.998695 0.590584 2190.22 92.5334
internal_count=2170880 445396 1725484 1266904 458580 383583 74997 1266068 1256430 1144295 6830 1326 1137465 816286
is_linear=0
shrinkage=0.05


Tree=192
num_leaves=15
num_cat=0
split_feature=26 18 8 4 18 13 4 3 18 2 10 11 4 18
split_gain=6.30669 7.56664 8.09357 9.87622 7.45589 5.61738 8.28438 6.79242 6.193 5.94526 5.79971 6.40442 5.48029 5.13933
threshold=0.45227272808551794 0.43398620188236242 21.500000000000004 0.018054902553558353 0.76323574781417858 0.15301003307104113 0.043804347515106208 0.17208911478519442 0.037284418940544135 0.62597918510437023 0.0070444110315293082 0.41428571939468389 0.037809282541275031 0.41442646086215978
decision_type=10 10 10 10 10 10 8 10 10 8 8 10 10 10
left_child=5 13 3 -3 -4 10 7 9 -8 -7 11 -1 -9 -2
right_child=1 2 4 -5 -6 6 8 12 -10 -11 -12 -13 -14 -15
leaf_value=-0.063481358295170251 0.011840880869294801 -0.074789014305945034 -0.050450833832156407 0.0070874246833008223 0.049474925113333415 -0.056286487304997745 0.088672163844578461 0.078224374854385159 -0.049758826504177206 0.013485976968642578 -0.00073265887325408999 0.072057723775902902 0.34981188162061744 0.060908819764331081
leaf_weight=6.4054204053424462 149.90201110902058 8.4553571443259354 2.6229931826208865 6.525599728408884 6.4746564697652538 3.1333084307851267 0.89560020657221606 1.5221420523590401 8.2536389175868621 119.28954716913668 1936.960203483904 1.0088086331504973 0.21156551300070958 5.533418901077936
leaf_count=431056 30934 10543 3296 15477 8693 15160 1332 25459 31275 15058 1577670 818 2112 1033
internal_value=0.000555999 0.00954738 -0.0165341 -0.0391242 0.0206648 -0.000220867 0.0097083 0.0130919 -0.0362081 0.0117002 -0.000901608 -0.0450394 0.111366 0.0135877
internal_weight=2257.19 179.514 24.0786 14.981 9.09765 2077.68 133.306 124.157 9.14924 122.423 1944.37 7.41423 1.73371 155.435
internal_count=2169916 69976 38009 26020 11989 2099940 90396 57789 32607 30218 2009544 431874 27571 31967
is_linear=0
shrinkage=0.05


Tree=193
num_leaves=15
num_cat=0
split_feature=0 2 16 16 7 9 7 12 0 8 10 9 10 16
split_gain=5.7187 6.63953 6.23429 6.60789 6.3496 5.65374 4.81878 5.63334 4.34567 6.97181 4.17501 3.3198 5.46178 4.26094
threshold=0.510185867547989 0.30106855928897863 3.4498615264892583 6.4819416999816903 55.321355819702156 0.3425015807151795 28.783537864685062 0.03670033626258374 0.62702879309654247 138.50000000000003 0.032654678449034698 0.31293278932571417 0.020161132328212265 3.7256208658218388
decision_type=8 8 8 10 10 10 10 10 10 8 8 8 10 10
left_child=5 2 8 4 -4 -1 11 10 9 -2 -8 12 13 -3
right_child=1 6 3 -5 -6 -7 7 -9 -10 -11 -12 -13 -14 -15
leaf_value=-0.024628313359256498 0.068259933083882715 -0.023650792122544298 -0.024628313359256498 0.067012536752783999 0.036692953198767177 -0.094225407057072885 0.0020969587279457908 0.023646356476635374 0.21688744013616118 -0.024628313359256498 0.02833853442806912 -0.00074917283407156094 -0.023694273443856689 0.0020969587279457908
leaf_weight=2.2188755621127081 8.1258667657404775 16.068300835103958 7.3277249386733336 3.4113662304206978 4.7506768187149495 3.6578902238902042 272.86065127146253 37.401034509037572 0.40376159692152747 1.4770282244522217 15.51508091650612 1806.6103032860526 41.77728536225662 24.005911764482203
leaf_count=441933 29037 15848 219031 2581 14118 199988 35571 4060 665 39443 904 1137674 3244 27165
internal_value=-6.37236e-05 6.55239e-05 0.0254351 0.00556289 -0.0117927 -0.0493222 -0.000226601 0.00538931 0.0561962 0.0494398 0.00302146 -0.0011954 -0.0110444 0.00209696
internal_weight=2245.61 2239.73 25.4964 15.4898 12.0784 5.87677 2214.24 325.777 10.0067 9.60289 288.376 1888.46 81.8515 40.0742
internal_count=2171262 1529341 304875 235730 233149 641921 1224466 40535 69145 68480 36475 1183931 46257 43013
is_linear=0
shrinkage=0.05


Tree=194
num_leaves=15
num_cat=0
split_feature=0 9 9 8 27 28 12 9 8 26 18 11 0 18
split_gain=8.53794 5.39793 12.3358 6.73969 7.96506 5.4446 5.14 4.75236 4.31644 7.07874 9.81598 8.57661 6.27464 4.66818
threshold=0.510185867547989 0.63789328932762157 0.70931425690650951 25.500000000000004 5.6436307430267343 1.5000000000000002 0.16441441327333453 0.3425015807151795 7.5000000000000009 0.70416665077209484 0.090957757085561766 0.41428571939468389 0.67555695772171032 0.10056396201252939
decision_type=8 8 8 8 10 10 10 10 8 8 8 8 8 8
left_child=7 6 3 5 -5 -3 -2 -1 9 10 -4 12 -12 -13
right_child=1 2 8 4 -6 -7 -8 -9 -10 -11 11 13 -14 -15
leaf_value=-0.02997464184488205 0.0042462674418294556 0.04220321234455237 0.03133923438764722 -0.028000010602395743 0.051029716907827698 -0.02997464184488205 0.040719343524207481 -0.094479163211368691 -0.0013331661886437569 0.02174055270382071 -0.02997464184488205 -0.02997464184488205 -0.0059237597616296211 0.018126371118030931
leaf_weight=1.7999601150415827 417.15902964800563 3.3350062068041906 21.029640986123198 7.3114278911101476 5.6534629084529797 28.320548237460997 9.8885675987321502 4.1413055333564541 1585.9561192233018 55.239236330571387 19.491293275327756 1.5076343417959552 47.292121446304016 34.469411545495142
leaf_count=441869 308566 2962 803 3775 168 2810 4294 199801 1196924 2673 3139 44 1113 2555
internal_value=-0.000124541 3.44637e-05 -0.00115878 -0.0271224 0.00646165 -0.0299746 0.00509083 -0.0599837 -0.0005024 0.00685705 0.000215545 -0.00615383 -0.016756 0.0135267
internal_weight=2242.59 2236.65 1809.61 44.6204 12.9649 31.6556 427.048 5.94127 1764.99 179.029 123.79 102.76 66.7834 35.977
internal_count=2171496 1529826 1216966 9715 3943 5772 312860 641670 1207251 10327 7654 6851 4252 2599
is_linear=0
shrinkage=0.05


Tree=195
num_leaves=15
num_cat=0
split_feature=26 10 16 26 3 16 8 15 9 18 12 16 17 16
split_gain=5.2897 4.78802 7.20546 5.13242 5.02829 4.34547 5.04818 4.98115 5.14109 9.0107 8.02925 6.62226 5.56715 4.84117
threshold=0.45227272808551794 0.0094349072314798849 5.3254430294036874 0.45227272808551794 0.21624770760536197 2.2499048709869389 93.500000000000014 1.0000000180025095e-35 0.49783132970333105 0.66698172688484203 0.0034899092279374604 3.9415346384048466 5.9441101551055917 3.7954261302948002
decision_type=10 8 10 8 10 8 10 8 8 10 10 10 10 10
left_child=1 2 -1 -4 -3 6 -2 -7 10 11 -9 12 13 -10
right_child=5 4 3 -5 -6 7 -8 8 9 -11 -12 -13 -14 -15
leaf_value=-0.054270424391048067 0.039745472450616735 -0.00054952483968027965 -0.063016115328866668 0.067660385838392428 -0.067370734134140478 0.023374104500652151 -0.088683617437027379 0.030650501010676925 -0.0017673452521861184 -0.069906576478201865 -0.085031336662414289 0.019916101870040268 -0.092021215863749506 -0.04725567441384796
leaf_weight=9.3547139846926406 14.95783813490168 2057.4677822995886 1.0677676970318297 2.5359623742382142 2.8192029312262994 32.073764284395772 0.80640288014439043 21.778490280979778 66.160998945637218 4.8310525286717469 1.6109278955327031 29.680823785495278 1.92123091770864 6.4163693724335777
leaf_count=536901 1117 1143457 53225 15861 351992 8148 120 11656 15515 18159 1610 11054 878 1828
internal_value=-0.000117262 -0.000831521 -0.0311293 0.0289416 -0.00064096 0.00809874 0.0331758 0.00569519 0.00141249 -0.00315134 0.022683 -5.57393e-05 -0.00801268 -0.00578885
internal_weight=2253.48 2073.25 12.9584 3.60373 2060.29 180.238 15.7642 164.474 132.4 109.01 23.3894 104.179 74.4986 72.5774
internal_count=2171521 2101436 605987 69086 1495449 70085 1237 68848 60700 47434 13266 29275 18221 17343
is_linear=0
shrinkage=0.05


Tree=196
num_leaves=15
num_cat=0
split_feature=9 10 16 18 8 1 9 9 14 1 9 2 16 3
split_gain=6.21551 6.97684 5.71594 11.3287 11.8669 10.2043 8.75642 6.80464 6.7956 6.58219 12.6343 9.07412 7.76731 7.55569
threshold=0.62818673253059398 0.027823104523122314 4.49422311782837 0.57503539323806774 32.500000000000007 124.50000000000001 0.54752457141876232 0.22500403225421908 inf 10.500000000000002 0.36551441252231603 1.9880797863006594 4.7405652999877939 0.052275985479354865
decision_type=8 8 10 10 10 10 8 10 8 10 10 10 8 8
left_child=1 2 -1 6 5 -5 7 -4 9 10 12 -12 -6 -11
right_child=-2 -3 3 4 8 -7 -8 -9 -10 13 11 -13 -14 -15
leaf_value=0.0046579181981281307 -0.0024486408503652064 0.01893943882335794 -0.0063728569967759973 -0.097956081572536713 -0.09331866372127684 0.11463686423748001 0.037130041357885599 -0.06113673969249514 -0.099617554046106838 -0.087860377362137643 -0.084560753845263834 0.021349313682205509 0.03685481535296932 0.063526089736993183
leaf_weight=290.92386290770042 1784.1118239462639 67.944518134980569 8.1753167410089471 4.1384632677597954 1.2270221584693948 0.65359266136965732 3.7598236035374688 18.526466788875858 1.2653834860070379 0.89838296195011658 5.4064023401319918 3.2310950214405239 17.34371478565664 9.9834586909779901
leaf_count=489647 1354975 2235 34865 26810 13342 1718 3525 63347 42473 180 37038 41 89063 11979
internal_value=-0.00114385 0.00422641 0.00149158 -0.0108549 0.00532916 -0.0689603 -0.0343103 -0.0443696 0.0143749 0.0181618 0.00501714 -0.0449422 0.0282539 0.0510279
internal_weight=2217.59 433.478 365.533 74.6091 44.1475 4.79206 30.4616 26.7018 39.3555 38.0901 27.2082 8.6375 18.5707 10.8818
internal_count=2171238 816263 814028 324381 222644 28528 101737 98212 194116 151643 139484 37079 102405 12159
is_linear=0
shrinkage=0.05


Tree=197
num_leaves=15
num_cat=0
split_feature=1 9 9 15 11 18 1 14 11 9 9 26 3 18
split_gain=5.07531 4.90547 5.90029 10.0212 5.81396 8.46821 5.70744 6.28619 9.16943 9.89039 9.20145 5.9425 5.1352 6.78773
threshold=259.50000000000006 0.63789328932762157 0.58857524394989025 1.0000000180025095e-35 0.52272728085517894 0.34923250973224645 193.50000000000003 inf 0.35416667163372045 0.25458346307277685 0.25300134718418127 0.31414473056793218 0.095152109861373915 2.2310096025466923
decision_type=10 8 8 8 10 8 10 8 8 10 10 8 10 10
left_child=1 2 6 -4 -3 -6 12 11 -9 10 -10 -8 -1 -14
right_child=-2 4 3 -5 5 -7 7 8 9 -11 -12 -13 13 -15
leaf_value=0.0035422810165953605 -0.038039434667580647 -0.0020437389780420096 -0.10322286621166746 0.027310962552477308 0.005266800717330526 0.055744105272923145 -0.056875935041621022 -0.052919155133817203 -0.05162135300622174 0.35245424629286154 1.8916698321832319 0.099131777279545877 -0.027521580564534881 0.053651424621668692
leaf_weight=366.35832447569311 8.9769757628105236 1736.4900784206429 1.5272755440093559 39.436126329521286 47.315665388669942 10.078678406347732 0.90262258418416674 0.10650360519729307 0.0084081281365016025 0.12530403671972579 0.022108232010097595 1.8854497520091316 24.387114244211475 2.8794618251520374
leaf_count=40966 161073 1189002 2206 18343 7798 2444 8899 2249 322 656 4 3278 688352 45734
internal_value=-0.000519281 -0.000368345 0.00437789 0.0224442 -0.00152624 0.0141308 0.00251224 0.0706419 0.304643 0.549038 1.35624 0.0486252 0.00198427 -0.0189494
internal_weight=2240.5 2231.52 437.639 40.9634 1793.88 57.3943 396.675 3.0504 0.262324 0.15582 0.0305164 2.78807 393.625 27.2666
internal_count=2171326 2010253 811009 20549 1199244 10242 790460 15408 3231 982 326 12177 775052 734086
is_linear=0
shrinkage=0.05


Tree=198
num_leaves=15
num_cat=0
split_feature=0 2 9 26 14 13 13 15 2 17 0 18 0 17
split_gain=6.3275 6.05518 5.36054 5.12818 4.668 4.51921 9.60304 5.19564 9.60788 10.6652 7.79929 6.82958 4.80799 4.50437
threshold=0.5305900275707246 0.30106855928897863 0.3425015807151795 0.24404761940240863 1.0000000180025095e-35 0.15301003307104113 0.091966174542903914 1.0000000180025095e-35 0.47356280684471136 3.7726949453353886 0.62895938754081737 0.05161907151341439 0.58137056231498729 6.2850661277771005
decision_type=8 8 10 10 8 10 10 8 10 8 10 8 8 10
left_child=2 4 -1 5 -2 6 7 8 9 -3 -11 -12 -9 -7
right_child=1 3 -4 -5 -6 13 -8 12 -10 10 11 -13 -14 -15
leaf_value=-0.020611368094871629 -0.016940306012964212 0.6320312089841279 -0.08425631038436715 0.0067574175114099482 0.04000724346256726 0.0053973521890535274 -0.020611368094871629 -0.020611368094871629 -0.013282425366337542 0.01434178971876449 0.28391798452539468 0.075187966691752539 0.00079107367829899682 0.034472153862985251
leaf_weight=4.2392205102603659 4.6001726149481899 0.073749846115709228 4.2884114078936966 303.26381545057029 16.525973683954184 114.97520516076193 40.953001478943179 17.833521832940804 133.44061732142461 10.949280816936701 0.51906646277143464 0.97754522427519863 1598.2038593215825 15.066761687474893
leaf_count=545885 95574 154 230541 75219 122026 41288 23376 265689 90739 37645 361 9269 631411 2400
internal_value=0.000801731 0.000964127 -0.0421869 0.000712429 0.027607 -0.000235959 -0.000885245 -0.000318777 -0.0093531 0.0325277 0.0289752 0.136034 0.000497201 0.00876598
internal_weight=2265.91 2257.38 8.52763 2236.26 21.1261 1932.99 1802.95 1762 145.96 12.5196 12.4459 1.49661 1616.04 130.042
internal_count=2171577 1395151 776426 1177551 217600 1102332 1058644 1035268 138168 47429 47275 9630 897100 43688
is_linear=0
shrinkage=0.05


Tree=199
num_leaves=15
num_cat=0
split_feature=27 13 2 16 3 0 16 18 10 3 16 3 8 2
split_gain=7.05441 7.04461 9.25974 7.99014 8.40658 7.50786 13.4709 6.25835 6.07352 5.96251 16.5469 5.58096 5.31853 9.01778
threshold=1.4612500667572024 0.0014214648399502041 0.71600136160850536 5.5891180038452157 0.080198258161544814 0.66994607448577892 4.9452011585235605 3.155902743339539 0.0065147271379828462 0.11044788360595705 6.3673260211944589 0.18313589692115786 61.500000000000007 0.54387977719306957
decision_type=8 10 8 8 10 10 10 10 8 10 10 10 10 10
left_child=7 8 5 4 -4 -3 -7 11 -2 -5 -11 -1 -10 -14
right_child=1 2 3 9 -6 6 -8 -9 12 10 -12 -13 13 -15
leaf_value=-0.0018431798104323123 -0.069091162554621804 0.054420305143044995 0.017184675419625206 -0.089443996838719703 -0.046586875427501784 0.19809385161913476 0.79434744261100088 -0.082132231259647207 0.00091132657031722873 -0.052946497241329618 1.3792617467690718 -0.060737321437140362 0.045563122642857841 0.0062264783541039074
leaf_weight=1219.6631057621762 2.9920677990655218 9.9805327875145871 85.779444850561305 2.5865579096059856 5.4990907251299879 0.12438746297493786 0.10823329400091097 2.4437550727413955 811.73872517049381 0.086109741732769751 0.026334904343002563 4.035888392925016 17.619970210088567 84.156051735944871
leaf_count=698612 118897 44093 4575 748 7087 255 89 22836 479026 412 147 739283 43521 11723
internal_value=0.000359133 0.00342983 0.0157496 0.0108358 0.0133427 0.0609651 0.341767 -0.00219705 0.00202928 -0.073949 0.282481 -0.00203742 0.00226222 0.0130366
internal_weight=2246.84 1020.7 104.191 93.9775 91.2785 10.2132 0.232621 1226.14 916.507 2.699 0.112445 1223.7 913.515 101.776
internal_count=2171304 710573 57406 12969 11662 44437 344 1460731 653167 1307 559 1437895 534270 55244
is_linear=0
shrinkage=0.05


Tree=200
num_leaves=15
num_cat=0
split_feature=16 3 18 2 18 18 0 14 1 15 25 3 27 18
split_gain=5.45673 7.85682 4.8806 4.80676 9.70843 10.0342 23.3869 4.69334 4.6028 9.07351 23.9305 18.4609 4.54239 4.53059
threshold=6.1235833168029794 0.18313589692115786 3.8689931631088261 0.4233586192131043 0.54691815376281749 0.54057839512825023 0.62702879309654247 1.0000000180025095e-35 194.50000000000003 inf 3.5000000000000004 0.12798309326171878 18.108415603637699 0.065984614193439498
decision_type=10 10 10 8 8 8 10 8 8 8 8 10 10 10
left_child=1 2 3 4 5 7 -7 13 9 10 -9 -12 -5 -1
right_child=-2 -3 -4 12 -6 6 -8 8 -10 -11 11 -13 -14 -15
leaf_value=0.052511560365075274 0.025800769836315757 -0.046975732487046125 -0.071122199164890834 -0.0008708887092110613 -0.054691512030416438 -0.050573028621735655 2.1613347958182825 0.28164596707896633 0.037097013929622599 -0.052341620536111244 3.4547865647371232 -0.050155148078779049 0.027738746563804657 -0.034665053440914348
leaf_weight=2.1677567661412551 19.630624248932236 9.1255371806091699 2.4427571695587167 2168.7970272316729 3.9142615168053316 0.034353114899146386 0.018324914898357747 0.16001738167545909 20.232848908239468 0.15699310371563946 0.011085925623774529 0.005682747437276702 13.963272618034805 4.7694706734917434
leaf_count=8046 30057 1103206 4056 796090 70658 779 63 462 90972 2431 30 137 671 63908
internal_value=-0.000445194 -0.000676672 -0.000486069 -0.000408143 0.0189933 0.0294598 0.718875 0.0281394 0.0401351 0.224296 0.469962 2.26699 -0.000687871 -0.00742396
internal_weight=2245.43 2225.8 2216.67 2214.23 31.4708 27.5565 0.052678 27.5039 20.5666 0.333779 0.176786 0.0167687 2182.76 6.93723
internal_count=2171566 2141509 1038303 1034247 237486 166828 842 165986 94032 3060 629 167 796761 71954
is_linear=0
shrinkage=0.05


Tree=201
num_leaves=15
num_cat=0
split_feature=9 2 27 16 3 13 17 2 7 16 18 17 2 3
split_gain=7.76876 6.54374 6.11943 5.62135 6.034 5.62603 6.22238 5.62144 6.5632 6.53362 6.35767 6.04622 5.61089 5.76695
threshold=0.63789328932762157 0.06124559976160527 1.023424029350281 1.7005987167358401 0.12447983026504518 0.15301003307104113 5.3302974700927743 1.7195320725440981 16.563517570495609 2.4414010047912602 0.024235749617218975 6.112574815750123 0.54387977719306957 0.069535285234451308
decision_type=8 8 10 8 8 10 8 10 8 8 8 10 8 10
left_child=2 -2 -1 4 -3 7 -7 10 -9 -10 -5 -11 -4 -14
right_child=1 3 12 5 -6 6 -8 8 9 11 -12 -13 13 -15
leaf_value=0.0025048460516787223 0.050686331441671575 0.02960306660298552 0.054925373995889086 -0.063061507215403739 -0.069135869019747873 -0.011116688936986601 0.015528659821032504 -0.028649706440775496 0.022691044763325272 -0.00089780707867214912 -0.0043557970710518144 0.016517444688574703 0.016430592345695549 -0.021588052097011267
leaf_weight=322.01654799770847 6.0403138476660967 22.128416752194024 8.4652826507232604 4.6315064479444912 1.6636017692321861 29.244347730903016 87.371433761931669 17.426852974538406 37.393272763670552 449.7450437199584 1088.0811683685304 56.049555680939079 102.40427246212673 11.050936886213249
leaf_count=714461 109659 3624 91211 5765 11332 17892 26802 251 671 9298 1165195 724 5375 9535
internal_value=0.000193042 -0.00126817 0.00611698 -0.00144313 0.022699 -0.00176765 0.00884667 -0.00251632 0.00155406 0.00252307 -0.00460462 0.00103206 0.0156574 0.0127274
internal_weight=2243.71 1799.78 443.937 1793.74 23.792 1769.94 116.616 1653.33 560.615 543.188 1092.71 505.795 121.92 113.455
internal_count=2171795 1351213 820582 1241554 14956 1226598 44694 1181904 10944 10693 1170960 10022 106121 14910
is_linear=0
shrinkage=0.05


Tree=202
num_leaves=15
num_cat=0
split_feature=10 27 17 27 1 4 0 3 9 10 4 17 17 4
split_gain=6.90627 5.90589 7.18181 9.6218 7.86381 5.13304 5.08562 6.7271 4.75325 5.5146 6.54616 5.81012 9.23003 7.48304
threshold=0.0065147271379828462 2.9596748352050786 5.4951148033142099 5.9233422279357919 2.5000000000000004 0.032590746879577644 0.62081366777420055 0.1451005041599274 0.42375834286212927 0.025389983318746093 0.017738699913024906 5.2806591987609872 5.7636213302612314 0.023480683565139774
decision_type=8 10 8 10 8 10 8 10 8 10 8 8 8 10
left_child=-1 8 -3 4 -4 -6 -5 -8 9 10 -2 -12 13 -13
right_child=1 2 3 6 5 -7 7 -9 -10 -11 11 12 -14 -15
leaf_value=-0.056103759106694365 -0.0048869767833249799 0.010729791216931843 0.0080499721881206118 -0.048358653908483901 -0.072741969631572312 0.018999749598039576 0.0032596210855155502 0.14386839239587956 -0.002455864906719292 0.025693026398057935 0.030415470912338156 -0.13055948933210806 0.014469333371433558 -0.015357011557682168
leaf_weight=5.5978757461147213 111.84474887886562 225.51917758859426 6.40525467702924 4.7733121251780828 10.907778988118256 1.772437159166931 86.533423470351863 0.85907918202553801 1682.3463008902133 29.386790322604753 31.425878921562376 2.1235154140701793 22.043380011675247 4.1927674853965389
leaf_count=420395 88048 84440 83 20928 10206 12219 5639 1617 1361180 1710 82810 6376 39762 35925
internal_value=-0.000636952 -0.000497097 0.00560141 -0.00479442 -0.0371076 -0.0599183 0.0018969 0.00464182 -0.00158759 0.00567915 0.00225234 0.0156083 -0.000799743 -0.0540877
internal_weight=2225.73 2220.13 336.77 111.251 19.0855 12.6802 92.1658 87.3925 1883.36 201.017 171.63 59.7855 28.3597 6.31628
internal_count=2171338 1750943 135132 50692 22508 22425 28184 7256 1615811 254631 252921 164873 82063 42301
is_linear=0
shrinkage=0.05


Tree=203
num_leaves=15
num_cat=0
split_feature=27 7 11 18 4 18 27 8 18 18 16 4 26 8
split_gain=5.78916 5.51589 3.88154 10.6747 7.19679 7.95529 7.87139 7.12839 7.41106 6.45881 6.2597 5.79064 8.33217 5.04071
threshold=1.4612500667572024 121.53054046630861 0.087121214717626586 0.41906738281250006 0.0008278489112854005 0.97486910223960888 1.4612500667572024 116.50000000000001 0.45008037984371191 0.49559462070465093 5.570249319076539 0.0012231767177581789 0.074175827205181136 4.5000000000000009
decision_type=10 10 8 10 10 10 8 8 10 8 10 8 8 8
left_child=1 2 3 11 5 -5 7 8 -6 -8 13 12 -1 -4
right_child=-2 -3 10 4 6 -7 9 -9 -10 -11 -12 -13 -14 -15
leaf_value=-0.0068125846030976864 0.0054039432286732865 0.027404454373989608 0.012932499396432443 0.012932499396432443 0.012932499396432443 -0.0801837535097778 -0.062518208352072835 -0.02482543652562149 -0.077528626781278129 0.0014760227748982662 0.012932499396432443 -0.00023101297089913949 -0.064617983752753891 -0.0013689807803597884
leaf_weight=23.150343231732627 393.92145079445936 16.610987457820556 49.557985911661419 10.019785663536277 1.9544099754826447 2.3106890699856448 4.5028821027617276 37.896130420765672 14.007369125517885 31.702543524610011 42.625021414630965 431.28640844900406 8.5311993277162497 1158.7112728606987
leaf_count=14956 239964 5536 5635 11754 4039 7636 9876 196068 74035 63279 50492 647894 5935 833429
internal_value=-9.52499e-05 -0.00127714 -0.00153946 -0.00497765 -0.0195867 0.0129325 -0.0245115 -0.0366309 -0.0646593 -0.00648296 1.44916e-05 -0.00174659 -0.0223784 -0.000695182
internal_weight=2226.79 1832.87 1816.26 565.362 102.394 12.3305 90.0633 53.8579 15.9618 36.2054 1250.89 462.968 31.6815 1208.27
internal_count=2170528 1930564 1925028 1035472 366687 19390 347297 274142 78074 73155 889556 668785 20891 839064
is_linear=0
shrinkage=0.05


Tree=204
num_leaves=15
num_cat=0
split_feature=10 2 0 13 3 3 27 10 28 8 10 1 17 13
split_gain=4.20583 9.20811 6.13903 6.02546 8.16552 6.00628 5.73963 5.6262 15.3844 7.44216 10.4082 21.9859 11.6912 5.47483
threshold=0.0093466029502451437 0.5077783763408662 0.52824953198432933 0.41885964572429663 0.093854457139968886 0.071969985961914076 5.7503221035003671 0.014286334626376631 1.0000000180025095e-35 94.500000000000014 0.022966272197663787 34.500000000000007 4.8940944671630868 0.27525253593921667
decision_type=10 8 10 8 10 8 8 10 10 10 10 10 10 10
left_child=13 2 -2 -3 5 6 -5 8 -7 10 11 -9 -13 -1
right_child=1 3 -4 4 -6 7 -8 9 -10 -11 -12 12 -14 -15
leaf_value=-0.0013603887675274606 -0.069522934195033068 0.01192424897672162 0.043337955395647422 -0.0068025320702155001 -0.03859901182184583 0.27573592569556127 0.0045200207901583186 -0.099167666869203919 -0.069054480136368224 0.04160936186902274 0.020394997955100833 0.055739162086416577 -0.056169631804470356 -0.024219706731153513
leaf_weight=1516.8091982566957 1.2866976799170355 123.24954008746823 18.954664651542945 244.506666286913 13.580239214210676 0.3513181320086004 206.41890822721047 6.4085098035414019 4.089927927504049 20.943824982415208 41.220696181036146 6.9890819898728278 3.5038670162049286 26.653215836719028
leaf_count=1884741 121560 16234 55268 6377 41639 40 3840 2042 5453 1310 1958 645 939 29018
internal_value=-0.000303324 0.00293717 0.0361636 0.00193525 -0.000311296 0.000661616 -0.00161944 0.0129789 -0.0417804 0.0160549 0.00684651 -0.0261967 0.0183699 -0.00175513
internal_weight=2234.97 691.504 20.2414 671.263 548.013 534.433 450.926 83.5072 4.44125 79.066 58.1222 16.9015 10.4929 1543.46
internal_count=2171064 257305 176828 80477 64243 22604 10217 12387 5493 6894 5584 3626 1584 1913759
is_linear=0
shrinkage=0.05


Tree=205
num_leaves=15
num_cat=0
split_feature=7 18 26 1 12 12 10 4 2 0 18 2 10 1
split_gain=5.55261 6.6901 5.03222 4.51648 4.0174 3.99914 3.9714 3.74659 3.50267 6.96273 6.21839 5.16978 7.52591 7.22608
threshold=29.035796165466312 0.13595480471849444 0.051315790042281158 259.50000000000006 0.076505016535520567 0.03670033626258374 0.032654678449034698 0.00073683261871337901 0.99623942375183117 0.70199033617973339 3.155902743339539 1.3643888235092165 0.017857533879578117 10.500000000000002
decision_type=10 8 10 10 10 10 8 8 8 10 10 8 8 8
left_child=3 2 4 8 6 7 -2 -3 -1 10 11 13 -13 -10
right_child=1 5 -4 -5 -6 -7 -8 -9 9 -11 -12 12 -14 -15
leaf_value=0.0020071450810431658 0.0020071450810431658 0.033341137502516473 0.02866876581706871 -0.038926171259303671 0.048261706743146865 0.020902009731210085 0.05553306115847452 0.0020071450810431658 -0.037543100381603772 0.00059763985957838944 -0.085163089642454004 -0.071800168929655461 -0.0027405612636573272 -0.0088111594130665157
leaf_weight=304.55701619510722 51.07057454464136 13.583946655307821 45.206339285778093 8.0339889017293427 5.2675998408152074 29.312634290609054 3.4707460494100593 179.9052583226046 24.316572911797014 882.98481126720208 2.4768426888028889 3.9457955251867523 450.74757526810276 218.68633819549947
leaf_count=1560022 63205 3183 7686 158379 3202 18269 96 137513 4646 26867 2718 17694 66335 101156
internal_value=-0.000477615 0.00553091 0.0160793 -0.00151662 0.00656363 0.00200715 0.00253643 0.00200715 -0.00135741 -0.00235509 -0.00607876 -0.00579801 -0.00274056 -0.0116863
internal_weight=2223.57 327.817 105.015 1895.75 59.8089 222.802 54.5413 193.489 1887.71 1583.16 700.173 697.696 454.693 243.003
internal_count=2170971 233154 74189 1937817 66503 158965 63301 140696 1779438 219416 192549 189831 84029 105802
is_linear=0
shrinkage=0.05


Tree=206
num_leaves=15
num_cat=0
split_feature=3 16 16 9 4 12 4 16 26 8 18 4 18 10
split_gain=6.82159 5.33429 7.14683 6.09043 8.12142 4.63664 5.12716 4.47787 9.25405 6.76742 5.72404 7.28344 10.5121 6.02993
threshold=0.24003863334655764 5.8957784175872812 5.8449916839599618 0.23595366626977923 0.039880454540252692 0.19615384936332705 0.0085307657718658465 2.1383330821990971 0.054093567654490478 28.500000000000004 0.185098871588707 0.019742131233215336 0.13403443247079852 0.025389983318746093
decision_type=10 10 10 8 8 10 10 8 10 8 10 10 10 8
left_child=1 2 5 -3 -5 7 -7 8 10 -10 11 12 13 -1
right_child=-2 3 -4 4 -6 6 -8 -9 9 -11 -12 -13 -14 -15
leaf_value=-0.055875484536338886 -0.075069702321482634 0.073736389360698762 -0.076316486740613781 0.021078596738748477 -0.082607039818703085 0.042338679403922302 -0.0069653298421065036 -0.00046213530729243029 0.065368815427606572 0.013824476967076902 0.043846155123658789 0.025551250215419548 -0.09608109093132973 0.00075341711581788495
leaf_weight=5.502358975034225 2.9983614761276831 4.762810841255015 3.0533033448145934 20.461202181987176 2.0806188990022418 13.449243280370025 8.6734605589667115 2102.3704714531091 11.22375982008046 14.719058715190137 6.8362891535189325 14.761199958630327 3.6746917282101057 32.271255120246188
leaf_count=4156 679668 3834 5687 19325 9175 1908 5728 1406557 236 3745 1245 18752 752 9777
internal_value=0.000297225 0.000397935 0.000127357 0.022363 0.0115084 0.000232804 0.0230085 2.87402e-06 0.0109888 0.0361243 0.000645728 -0.00460838 -0.0153493 -0.00749553
internal_weight=2246.84 2243.84 2216.54 27.3046 22.5418 2213.48 22.1227 2191.36 88.9886 25.9428 63.0458 56.2095 41.4483 37.7736
internal_count=2170545 1490877 1458543 32334 28500 1452856 7636 1445220 38663 3981 34682 33437 14685 13933
is_linear=0
shrinkage=0.05


Tree=207
num_leaves=15
num_cat=0
split_feature=2 16 13 10 10 8 4 4 3 1 16 15 2 1
split_gain=5.08097 8.09458 9.43012 10.0418 6.96969 6.78384 6.4933 9.41775 6.46856 9.18352 8.35659 7.75293 7.14989 6.34442
threshold=0.99623942375183117 4.4127798080444345 0.16472868621349337 0.0070444110315293082 0.014493018854409458 4.5000000000000009 0.012214094400405886 0.043804347515106208 0.046789705753326423 28.500000000000004 2.1383330821990971 inf 1.0955566763877871 71.500000000000014
decision_type=8 10 10 10 8 8 10 8 10 10 8 8 8 10
left_child=1 5 3 -3 -2 -1 -7 13 9 12 11 -10 -6 -8
right_child=4 2 -4 -5 8 6 7 -9 10 -11 -12 -13 -14 -15
leaf_value=0.041074452366654968 -0.062464825295787001 -0.029402709930502736 0.038902518560689922 0.011238529511770215 0.030462092138958063 0.00033555717759288045 0.0053280076376400198 -0.034507965064772085 -0.093041000632932858 -0.076564641945017553 -0.0089484666150052485 0.027167641560757551 -0.00039908007584060908 0.031800948479934532
leaf_weight=15.19236063942777 4.7493019440478283 45.938702231649529 8.8426383292706685 22.714231344451861 19.022095423946915 157.59298476517409 38.133770667257316 8.3062185277193503 1.4200615717239768 3.9258824443593303 404.25563059239153 24.191960670702311 1404.2161402471515 55.675313640267383
leaf_count=6011 24517 482098 36826 149069 1026 354506 175268 503700 314 962 141827 3509 65702 226592
internal_value=-0.000929472 0.00457589 -0.00969664 -0.0159563 -0.00197152 0.00859937 0.00669965 0.0165213 -0.00181681 -0.000197262 -0.00719373 0.0205027 1.33907e-05 0.0210396
internal_weight=2214.18 352.396 77.4956 68.6529 1861.78 274.901 259.708 102.115 1857.03 1427.16 429.868 25.612 1423.24 93.8091
internal_count=2171927 1934070 667993 631167 237857 1266077 1260066 905560 213340 67690 145650 3823 66728 401860
is_linear=0
shrinkage=0.05


Tree=208
num_leaves=15
num_cat=0
split_feature=13 17 16 4 18 3 17 4 3 17 16 16 3 16
split_gain=5.02325 6.90632 5.77578 8.74846 5.88087 5.48887 6.39092 4.69732 4.69935 4.59734 9.82382 7.28247 6.8805 5.99704
threshold=0.15301003307104113 6.2850661277771005 3.3497501611709599 0.0031082928180694584 0.087256237864494338 0.17208911478519442 6.112574815750123 0.0024720132350921635 0.027611553668975834 5.9597148895263681 4.863673448562623 4.9380581378936776 0.12004378437995912 5.9348907470703134
decision_type=10 10 10 8 8 10 10 10 10 10 10 10 8 10
left_child=-1 5 -3 7 -5 6 9 -4 -9 10 12 -11 -2 -12
right_child=1 2 3 4 -6 -7 -8 8 -10 11 13 -13 -14 -15
leaf_value=-0.00059333667434238637 0.0094907080417537069 0.10046953730053526 -0.11005480425393908 -0.078106813233479733 0.04094350597123958 0.065462803612941683 -0.056174756792048197 -1.1112944766576562 -0.29678908334674026 -0.0078677889689361263 -0.059745804611212705 0.061016115335058407 -0.061807848599803941 0.052308171908225724
leaf_weight=2075.3462453383095 86.15132260746951 3.0624829261528737 0.3658607472549672 1.1227753505664919 13.632121312579697 3.6300277087577077 4.3875491056002707 0.024016056908294559 0.067430184923001235 6.8728469436908446 8.9524961910541858 8.686174406334997 3.5220869195508717 1.3778167235150593
leaf_count=2078007 10428 292 224 832 2585 52443 1899 10 229 1353 7227 909 14142 894
internal_value=2.88732e-05 0.00913184 0.0378212 0.025209 0.0318844 0.00488934 0.00305622 -0.19017 -0.510698 0.00530503 0.00137136 0.0305882 0.00669033 -0.0448005
internal_weight=2217.2 141.855 18.2747 15.2122 14.7549 123.58 119.95 0.457307 0.0914462 115.563 100.004 15.559 89.6734 10.3303
internal_count=2171474 93467 4172 3880 3417 89295 36852 463 239 34953 32691 2262 24570 8121
is_linear=0
shrinkage=0.05


Tree=209
num_leaves=15
num_cat=0
split_feature=0 2 17 15 4 12 1 0 2 17 25 0 2 4
split_gain=7.15636 6.52348 6.24851 13.2847 10.146 8.52629 8.02347 7.78999 7.72332 17.8466 25.1703 11.2194 12.9272 9.99521
threshold=0.510185867547989 0.99623942375183117 5.5114085674285898 inf 0.0022166073322296147 0.039607843384146697 42.500000000000007 0.62432211637496959 0.70955041050910961 4.9522936344146737 1.0000000180025095e-35 0.65026211738586437 0.51972642540931713 0.025690317153930668
decision_type=8 8 10 8 8 10 10 8 10 8 8 10 10 10
left_child=-1 2 3 7 -4 -6 -5 -2 9 10 11 13 -13 -9
right_child=1 -3 4 6 5 -7 -8 8 -10 -11 -12 12 -14 -15
leaf_value=-0.077881363699914122 0.0090056023790158254 -0.0013888132570246184 -0.02840022262132267 0.028437908171796252 -5.4573798802248788e-05 0.037403475844509003 -0.005683048799595471 0.025351421121737206 0.02906817702922776 0.040396917216490358 0.033594376865377258 1.0172421374236724 0.37489805764366019 0.30556772383860209
leaf_weight=2.9693964654685363 30.589956941314664 1860.3614249429816 27.996397566049371 21.536414302292087 123.32722359840838 17.326096581492607 86.142023699440117 0.31090622407365953 32.843220338400812 9.1250599457659547 1.5167322567159542 0.087037987268558936 0.78255551372694754 0.40524400183142006
leaf_count=641455 101768 237168 39047 110669 382773 40907 567092 3774 18396 21052 3028 392 1320 488
internal_value=-0.00031193 -0.000207817 0.00603408 0.0124235 -0.00091182 0.00455962 0.00114137 0.0284799 0.0416972 0.075619 0.179215 0.318498 0.439191 0.171945
internal_weight=2215.32 2212.35 351.989 183.339 168.65 140.653 107.678 75.6607 45.0708 12.2275 3.10248 1.58574 0.869594 0.71615
internal_count=2169329 1527874 1290706 827979 462727 423680 677761 150218 48450 30054 9002 5974 1712 4262
is_linear=0
shrinkage=0.05


Tree=210
num_leaves=15
num_cat=0
split_feature=2 16 16 26 8 16 10 8 15 3 16 27 16 4
split_gain=6.89765 6.11471 5.42293 6.13771 7.18029 5.35495 5.34833 6.2958 5.22328 5.0182 5.00425 5.04171 5.4578 4.79615
threshold=-0.86096090078353871 5.8957784175872812 2.1383330821990971 0.054093567654490478 28.500000000000004 5.8791344165802011 0.02470413222908974 193.50000000000003 1.0000000180025095e-35 0.18313589692115786 2.0126758217811589 4.1868867874145517 1.2424533367156985 0.05440866947174073
decision_type=8 10 8 10 8 10 8 10 10 10 10 10 10 10
left_child=-1 2 3 6 -5 9 7 13 -3 -4 11 12 -6 -2
right_child=1 8 5 4 10 -7 -8 -9 -10 -11 -12 -13 -14 -15
leaf_value=-0.077370960824869661 -0.062642114857945894 0.0016101665420183719 -0.00051049634564337106 0.062363925039953999 0.044399874231085788 -0.086031313725705549 0.0097355945396955454 0.084875930190269899 0.044743763485029023 -0.050745117148734399 0.04886311683304758 0.031379758769377035 -0.081688600188021945 0.052674817052407646
leaf_weight=2.8772118689892165 6.7951288310235984 13.968598115871465 2113.563463860411 11.37834893134564 1.1405630331830119 1.8370829737809788 54.891563526784836 1.0172757284244722 14.106585566518241 4.9831600339994102 4.5673306920891292 3.1787557388876451 3.4671613234763932 1.0396193290482072
leaf_count=445794 6836 33506 1000802 285 451 4178 30777 340 6240 634755 818 378 2534 3777
internal_value=-4.0397e-06 9.55164e-05 -0.000199336 0.0120008 0.0337068 -0.000702648 0.00391953 -0.032146 0.023283 -0.000628656 0.00731239 -0.0170601 -0.0504776 -0.0473403
internal_weight=2238.81 2235.93 2207.86 87.4757 23.7322 2120.38 63.7436 8.85202 28.0752 2118.55 12.3538 7.78648 4.60772 7.83475
internal_count=2171471 1725677 1685931 46196 4466 1639735 41730 10953 39746 1635557 4181 3363 2985 10613
is_linear=0
shrinkage=0.05


Tree=211
num_leaves=15
num_cat=0
split_feature=16 18 3 15 8 17 17 3 17 25 7 13 18 18
split_gain=4.47965 6.86132 7.89975 7.67796 7.52001 6.70064 6.61285 10.2834 6.35504 5.78345 5.05494 4.7664 9.14806 7.40952
threshold=2.4414010047912602 0.185098871588707 0.19161516427993777 inf 28.500000000000004 4.3757371902465829 5.3683068752288827 0.095152109861373915 3.9607677459716801 1.5000000000000002 6.3340721130371103 0.13976744562387469 0.05161907151341439 0.081648375838994994
decision_type=8 10 8 8 8 10 8 10 10 8 8 10 8 8
left_child=1 2 3 5 -4 -1 -7 -8 -5 -9 -3 -2 -13 -14
right_child=11 10 4 8 -6 6 7 9 -10 -11 -12 12 13 -15
leaf_value=-0.10124961385890073 -0.0016430961543681226 -0.041518774816293132 0.024446506356920382 -0.022148725938176416 -0.087906945239253312 0.0065549249216157847 -0.089074998409997386 -0.059109379189711292 0.015627851288704694 0.13394870229461689 0.041253952699437046 0.068884683677863004 -0.053868607012420848 0.0070216485061114975
leaf_weight=2.2594085593951894 1904.0983283126134 2.0326378951071096 2.2572685166154818 12.479781902756939 4.3775517426684303 15.847159131620009 4.9276309297456455 0.64865846779916725 103.16515634173244 0.96510736782072659 19.92920280595613 5.8131960566798666 5.1674976531846868 150.66111103007157
leaf_count=691 1948189 1408 4091 2984 56847 3299 894 1714 37393 698 6254 1440 3676 101156
internal_value=-0.000303212 0.00752614 0.00362982 0.0061511 -0.0496826 -0.0191855 -0.0109037 -0.053199 0.0115512 0.0563484 0.0335931 -0.00094332 0.00729987 0.00500244
internal_weight=2234.63 168.89 146.928 140.293 6.63482 24.648 22.3886 6.5414 115.645 1.61377 21.9618 2065.74 161.642 155.829
internal_count=2170734 116273 108611 47673 60938 7296 6605 3306 40377 2412 7662 2054461 106272 104832
is_linear=0
shrinkage=0.05


Tree=212
num_leaves=15
num_cat=0
split_feature=16 8 3 9 9 8 1 7 13 17 4 21 18 16
split_gain=4.09022 6.95593 14.5541 9.23389 5.62232 5.48712 4.05595 6.20228 10.0274 7.47423 8.22925 4.66004 4.60894 5.14521
threshold=2.1383330821990971 7.5000000000000009 0.063951820135116591 0.39732238650321966 0.68148726224899303 2.5000000000000004 2.5000000000000004 18.993476867675785 0.27525253593921667 4.7578821182250985 0.024277508258819584 1.5000000000000002 0.16529768705368045 2.6020033359527592
decision_type=8 10 10 10 8 10 10 10 10 10 10 10 8 8
left_child=1 4 -3 -4 -1 -6 7 8 -2 -10 -11 -8 -9 -14
right_child=6 2 3 -5 5 -7 11 12 9 10 -12 -13 13 -15
leaf_value=0.073880291884858548 0.00088581708376798572 -0.045686050898725669 0.074783956244067848 -0.074797159064736884 0.018735049448116114 -0.044147687011023354 -0.0017271341322524641 0.019557796370308311 0.0049788228797037291 -0.098880988649433066 0.0049788228797037291 -0.086034383932937358 0.075435397369897683 0.0049788228797037291
leaf_weight=4.3334670106866202 596.89126103257456 13.033654240245825 5.2862671581691911 1.2819440340821051 57.642115688704749 3.6912970769190556 1332.6808571651675 78.931752453423513 2.4240127074178668 6.4068379569042158 1.4009561035214382 1.6410985535924272 2.6020497448090079 134.27193503114717
leaf_count=253 479508 892 15271 7257 34464 271 1246197 122616 5026 2609 2559 2386 113 251944
internal_value=0.000296334 0.011037 -0.0151013 0.0455896 0.0188394 0.0149505 -0.000128207 0.00263247 4.45085e-05 -0.0490348 -0.0738655 -0.00183082 0.00991314 0.00497882
internal_weight=2242.52 85.2687 19.6019 6.56821 65.6669 61.3334 2157.25 822.929 607.123 10.2318 7.80779 1334.32 215.806 136.874
internal_count=2171366 58408 23420 22528 34988 34735 2112958 864375 489702 10194 5168 1248583 374673 252057
is_linear=0
shrinkage=0.05


Tree=213
num_leaves=15
num_cat=0
split_feature=0 9 2 16 4 14 0 4 3 16 14 16 3 4
split_gain=7.73345 5.9182 5.98767 5.48263 6.48996 6.68011 5.42802 5.37302 4.67931 7.17244 9.2685 9.0558 10.942 11.2797
threshold=0.510185867547989 0.62818673253059398 0.06124559976160527 2.1383330821990971 0.00097125768661499034 1.0000000180025095e-35 0.58503320813179027 0.043265670537948615 0.10434558987617494 4.7405652999877939 1.0000000180025095e-35 4.7050054073333749 0.11241209506988527 0.0106484591960907
decision_type=8 8 8 8 10 10 8 10 10 10 8 8 10 10
left_child=-1 -2 -3 4 -4 -6 -5 -7 -8 10 -10 -12 13 -13
right_child=1 2 3 6 5 7 8 -9 9 -11 11 12 -14 -15
leaf_value=-0.081637323138758253 0.0056642680628580357 0.048602733415294593 -0.032319945460190284 -0.023640706623407681 0.025712314530817112 -0.040639370935561442 -0.0018243732870663995 0.059833899795306712 -0.012438374142307777 -0.012438374142307777 0.021420812191841415 -0.012438374142307777 0.011242786834246605 0.29372763296421478
leaf_weight=2.8793158329341466 425.38188734313741 6.090111034855215 6.9660876243696341 27.46845109200293 49.338573198243687 6.5828674801570326 1625.585807322881 1.5787565086840869 13.71361953999139 10.921579556935908 54.86143639947656 0.3107590072413936 1.2803973201542787 1.0513747309123571
leaf_count=642043 310896 27456 1858 409170 21292 5068 250313 2890 139653 102975 242733 729 12853 849
internal_value=0.0002529 0.000358581 -0.000891283 -0.00105877 0.0132591 0.0187809 -0.00159071 -0.0231208 -0.00123604 0.0104074 0.0167806 0.0257755 0.116184 0.214828
internal_weight=2234.01 2231.13 1805.75 1799.66 64.4663 57.5002 1735.19 8.16162 1707.72 82.1392 71.2176 57.504 2.64253 1.36213
internal_count=2170778 1528735 1217839 1190383 31108 29250 1159275 7958 750105 499792 396817 257164 14431 1578
is_linear=0
shrinkage=0.05


Tree=214
num_leaves=15
num_cat=0
split_feature=7 18 13 16 8 18 16 1 1 15 18 25 25 1
split_gain=4.54082 4.94937 4.97044 3.75152 17.4509 9.33872 8.1391 6.54751 5.6264 5.15127 4.41255 3.91747 5.17859 4.45997
threshold=47.086400985717781 2.0179105997085576 0.049590164795517928 4.8713660240173349 32.500000000000007 0.2968935519456864 4.930863857269288 118.50000000000001 4.5000000000000009 inf 2.5038083791732793 3.5000000000000004 4.5000000000000009 22.500000000000004
decision_type=10 10 10 10 8 8 10 10 8 8 10 10 8 10
left_child=3 2 -2 10 8 -6 9 -8 -5 -7 11 -1 13 -13
right_child=1 -3 -4 4 5 6 7 -9 -10 -11 -12 12 -14 -15
leaf_value=0.00031556368339803444 0.0035604456531678347 0.077023564592640092 0.029245273744469721 -0.033624527195914827 -0.045818165273002691 -0.012709032404316832 0.0035040064228314426 -0.043934310517007941 -0.10064530081738579 -0.08991767048952759 -0.075246606440991681 -0.077711138850071457 0.0035604456531678347 0.0035604456531678347
leaf_weight=1828.7798532842824 146.30492101923207 2.5441785195496314 21.436041166473643 6.9302844783835811 12.190796953795186 4.7365907534239993 176.22182679689848 7.586890657315279 5.7129113482504534 3.9719193075387933 1.9439054718229716 5.5061973081344577 4.8781579302314464 2.1320982972429832
leaf_count=1676943 76143 859 8767 171 11231 6484 231331 94666 27216 17253 10300 3726 3599 2417
internal_value=-3.88491e-05 0.00780821 0.0067584 -0.000687322 -0.00690013 -0.00337918 -0.000691811 0.00154594 -0.0639083 -0.0479236 4.52792e-05 0.000124767 -0.0277526 -0.0538995
internal_weight=2230.88 170.285 167.741 2060.59 217.351 204.708 192.517 183.809 12.6432 8.70851 1843.24 1841.3 12.5165 7.6383
internal_count=2171106 85769 84910 2085337 388352 360965 349734 325997 27387 23737 1696985 1686685 9742 6143
is_linear=0
shrinkage=0.05


Tree=215
num_leaves=15
num_cat=0
split_feature=26 18 16 2 2 17 7 4 18 26 9 9 4 10
split_gain=5.50124 7.132 4.95902 5.38973 4.70623 3.40197 3.35833 3.80966 3.38263 4.74671 4.42867 8.09461 6.45247 7.57094
threshold=0.45227272808551794 1.3386034965515139 6.151663303375245 -0.86096090078353871 -0.11538020521402358 5.0968081951141366 4.1795690059661874 0.0031082928180694584 0.14180016517639163 0.051315790042281158 0.25904563069343572 0.39056301116943365 0.017284035682678226 0.020755670033395294
decision_type=10 10 10 10 8 10 8 8 10 10 8 8 8 10
left_child=2 -2 4 -4 -1 -5 7 -6 9 10 -8 12 13 -12
right_child=1 -3 3 5 6 -7 8 -9 -10 -11 11 -13 -14 -15
leaf_value=-0.048367195431806578 0.0087611719128138227 -0.076257408475847985 -0.092578952545714494 -0.060985703198960267 -0.1129183444955326 0.041892615571932433 -0.024004324484635676 -0.024004324484635676 -0.0033058491839460173 0.010472355873120521 0.026340731354443786 -0.0014454889404238067 0.045342934580798695 -0.024004324484635676
leaf_weight=5.4290094644507976 173.2740758653994 2.5023646883042536 0.87651786043820479 0.85802323106160194 1.4707743374191284 12.661376347156814 16.480530524799576 2.7414508962406217 1222.2794817290221 111.12145349425884 15.1676525242047 621.17221442545929 16.795988646797646 8.3866318109096465
leaf_count=671346 55256 14834 5594 5054 252 12360 15343 2790 1007573 41143 3951 326820 8406 168
internal_value=-0.000935754 0.00755084 -0.00166864 0.0275734 -0.00187693 0.0353633 -0.00175171 -0.0463503 -0.00165831 0.000893567 -0.000676351 -3.5834e-05 0.0216651 0.004781
internal_weight=2211.22 175.776 2035.44 14.3959 2021.05 13.5194 2015.62 4.21223 2011.4 789.124 678.003 661.522 40.3503 23.5543
internal_count=2170890 70090 2100800 23008 2077792 17414 1406446 3042 1403404 395831 354688 339345 12525 4119
is_linear=0
shrinkage=0.05


Tree=216
num_leaves=15
num_cat=0
split_feature=16 15 14 4 3 3 13 9 16 17 18 17 12 9
split_gain=5.24565 4.40135 5.248 4.26195 4.07636 3.89803 5.79084 3.60526 7.36922 6.98059 6.93038 7.25853 6.41089 6.09068
threshold=6.1235833168029794 1.0000000180025095e-35 1.0000000180025095e-35 0.0029639303684234623 1.0000000180025095e-35 0.15491789579391482 0.19615384936332705 0.63789328932762157 4.9870197772979745 6.1279597282409677 0.58254230022430431 5.5816130638122567 0.012579114176332952 0.64768570661544811
decision_type=10 10 10 8 8 10 10 8 10 8 10 10 10 8
left_child=5 2 -2 -3 -4 7 -7 8 -1 10 -10 -12 -11 -9
right_child=1 3 4 -5 -6 6 -8 13 9 12 11 -13 -14 -15
leaf_value=0.0055798063442116718 0.036514493879532907 -0.08396521720386764 0.047721872363971303 0.057633999430505949 -0.06334542233660119 -0.035398831664100065 0.046981084450095301 -0.06477152136938874 -0.097454707768406756 0.027555181081312014 -0.056791542467974368 0.0085064763426484172 -0.087470706418422861 -0.0013755186539973468
leaf_weight=383.9628141728121 5.1060026354873678 0.56442815232654786 1.0807874980382592 9.0829165891917931 3.5058875386259158 15.38478959119128 2.4766432116484927 3.7968243528371195 3.8041145981560964 9.5238414475410043 8.1799263008846328 8.8716201587477972 1.3878663386849428 1754.7666136665694
leaf_count=83768 8914 370 7 2676 17870 1312085 47206 654 2482 2375 9933 3799 320 678713
internal_value=-0.00048483 0.0254411 0.00164437 0.0493496 -0.0371739 -0.000713558 -0.0239761 -0.00052246 0.00366502 -0.0194785 -0.036432 -0.0228181 0.012925 -0.00151239
internal_weight=2211.5 19.34 9.69268 9.64734 4.58668 2192.16 17.8614 2174.29 415.73 31.7674 20.8557 17.0515 10.9117 1758.56
internal_count=2171172 29837 26791 3046 17877 2141335 1359291 782044 102677 18909 16214 13732 2695 679367
is_linear=0
shrinkage=0.05


Tree=217
num_leaves=15
num_cat=0
split_feature=27 9 8 13 18 3 9 9 1 28 3 4 9 17
split_gain=5.00256 3.91295 5.99685 12.956 10.233 10.1439 8.56298 4.10975 5.5049 6.84317 7.69554 6.45557 6.36638 5.80639
threshold=7.6647894382476816 0.63789328932762157 7.5000000000000009 0.023532669059932235 1.8525115847587588 0.027611553668975834 0.68148726224899303 0.5697082281112672 6.5000000000000009 2.5000000000000004 0.081891596317291274 0.010312557220458986 0.58186691999435436 6.1279597282409677
decision_type=10 8 10 10 10 8 10 10 10 10 8 8 8 10
left_child=1 7 -3 4 5 6 -4 -1 11 10 13 -9 -13 -10
right_child=-2 2 3 -5 -6 -7 -8 8 9 -11 -12 12 -14 -15
leaf_value=0.0018231546241856836 0.01072656723014679 -0.0012614233753258947 -0.070137986370947467 0.04468234487034442 0.067782505626897541 -0.06583906589006866 -0.0027656547320188199 0.046099405907004135 -0.09636408307284175 0.046174108345488116 0.023482740833435167 -0.10196647455342533 0.012904569492899318 0.033939851528516606
leaf_weight=355.63250280809456 99.211939050450837 1666.1606124142845 5.865677450521626 7.1718170541342152 2.6691832655526033 15.463013279901814 24.068978964554844 20.175313425197338 4.4351493801550541 3.7399601267923677 3.515903712210954 1.3245383317543096 13.497964802332396 1.0590830712826571
leaf_count=777113 35446 1296258 88 2888 2381 26947 194 5932 553 156 4321 4225 15138 34
internal_value=-0.000247671 -0.000760089 -0.00179877 -0.0180067 -0.0273602 -0.0329542 -0.0159672 0.00367241 0.0174459 -0.0106816 -0.0342815 0.0276931 0.0026397 -0.0712463
internal_weight=2223.99 2124.78 1721.4 55.2387 48.0669 45.3977 29.9347 403.38 47.7479 12.7501 9.01014 34.9978 14.8225 5.49423
internal_count=2171674 2136228 1328756 32498 29610 27229 282 807472 30359 5064 4908 25295 19363 587
is_linear=0
shrinkage=0.05


Tree=218
num_leaves=15
num_cat=0
split_feature=2 10 26 7 8 10 4 8 1 1 25 18 27 10
split_gain=4.3527 8.98974 7.26309 7.56228 6.40663 16.9535 9.23438 7.08881 6.72212 5.01042 5.36059 4.84746 6.61626 10.514
threshold=1.9880797863006594 0.01634576823562384 0.41421568393707281 12.403332710266115 20.500000000000004 0.02883220370858908 0.0013552904129028322 13.500000000000002 4.5000000000000009 6.5000000000000009 2.5000000000000004 1.9315429329872134 9.0099573135375994 0.022490310482680801
decision_type=8 8 10 10 10 8 10 10 10 8 10 10 8 8
left_child=2 -2 11 -4 5 8 -6 -7 -3 10 -8 -1 13 -13
right_child=1 4 3 -5 6 7 9 -9 -10 -11 -12 12 -14 -15
leaf_value=-0.0024422145039580193 -0.063425950535817219 -0.099902595653840118 0.0025133955195374624 0.029822870297429055 0.035444573578039193 0.0038435494772117839 0.0043399394584612769 -0.032587090719104615 0.020021551979328964 -0.052357522682069925 0.045993629978672415 0.040121290640079785 0.041203579550567943 -0.075000585919717061
leaf_weight=1452.377588820159 4.9359028321520659 5.6273995671312482 85.135902363736918 36.097322540512792 36.59242317153803 472.08982168236764 84.077338961020757 13.741718075976108 1.4747345616532355 3.5505969929508856 8.505448664237063 4.0952890691046946 14.417407554951632 3.8457934794310589
leaf_count=1930467 25033 614 57317 12600 815 43317 1520 223 63 157 82 40619 33461 25151
internal_value=0.000270177 0.00378715 -0.00111944 0.0106448 0.0043174 0.00169198 0.014068 0.00281311 -0.0750007 0.0059312 0.0081666 -0.00208654 0.0210175 -0.0156312
internal_weight=2226.56 630.595 1595.97 121.233 625.659 492.934 132.726 485.832 7.10213 96.1334 92.5828 1474.74 22.3585 7.94108
internal_count=2171439 71824 2099615 69917 46791 44217 2574 43540 677 1759 1602 2029698 99231 65770
is_linear=0
shrinkage=0.05


Tree=219
num_leaves=15
num_cat=0
split_feature=16 3 15 16 13 8 16 12 13 16 18 18 16 3
split_gain=5.04723 6.21118 5.06321 4.72195 7.3069 6.43386 4.93193 4.34199 4.32172 4.96668 5.83754 5.52137 4.21282 7.68468
threshold=6.1235833168029794 0.19161516427993777 1.0000000180025095e-35 5.6577370166778573 0.16843971610069278 4.5000000000000009 5.570249319076539 0.00079800499952398251 0.13714733719825747 5.8957784175872812 0.74035805463790905 0.61502882838249218 5.5392990112304696 1.0000000180025095e-35
decision_type=10 10 10 10 8 8 10 8 8 8 8 10 10 8
left_child=1 3 7 6 8 -6 12 -2 9 10 11 -5 -1 -14
right_child=2 -3 -4 4 5 -7 -8 -9 -10 -11 -12 -13 13 -15
leaf_value=0.00039839703236497337 -0.071137593523007386 -0.049306873434098959 0.051841293288645854 -0.10289918726690538 0.024534810478210815 -0.070119565448811219 0.02966519992390422 0.016427852309640736 0.064295165976536756 0.038908277929061312 -0.090772664744558085 0.071047801019016657 0.014447650453296377 -0.099861516774095688
leaf_weight=2153.4644276710683 1.7487878638735852 6.3420959973041127 9.4820199760605153 0.65112662410054811 2.2467381767674288 8.9342596922537858 14.377045714322774 7.4320490732798996 2.5051725425136473 3.0697424174050987 2.7358997065748287 1.5238481013679175 2.9787933337500663 2.9033440199088236
leaf_count=1071318 12582 1029466 3059 711 273 15092 9383 14299 655 3359 4989 566 15 4521
internal_value=0.000322538 0.000103061 0.0262151 0.000245798 -0.0229805 -0.0510995 0.000477308 -0.000251824 0.00700278 -0.0109817 -0.0421675 0.0189729 0.000282974 -0.0419738
internal_weight=2220.4 2201.73 18.6629 2195.39 21.6668 11.181 2173.72 9.18084 10.4858 7.98062 4.91087 2.17497 2159.35 5.88214
internal_count=2170288 2140348 29940 1110882 25645 15365 1085237 26881 10280 9625 6266 1277 1075854 4536
is_linear=0
shrinkage=0.05


Tree=220
num_leaves=15
num_cat=0
split_feature=27 2 4 3 12 18 9 18 15 4 9 4 12 2
split_gain=4.49426 4.72719 8.9301 16.5267 8.50669 6.66504 14.0209 7.93502 7.82282 10.9235 7.56646 7.54396 7.11864 6.77784
threshold=18.108415603637699 0.81066006422042858 0.012701481580734255 0.11241209506988527 0.0015100169694051149 0.47192865610122686 0.1782450079917908 0.28088767826557165 inf 0.022764235734939579 0.33197729289531713 0.032590746879577644 0.10102041065692903 0.79447394609451305
decision_type=10 8 8 10 8 8 10 8 8 10 10 10 8 10
left_child=1 2 4 5 -1 6 7 11 9 12 13 -4 -9 -7
right_child=-2 -3 3 -5 -6 10 -8 8 -10 -11 -12 -13 -14 -15
leaf_value=-0.037094095695927747 0.027763364144234439 -0.0012579709627231006 0.059893481714937052 -0.0038722963469642532 0.0031834571642994458 -0.055331335068776535 -0.052297217286178269 -0.052576142232427125 0.033968330478539303 0.025033066440529911 0.05901587574898385 -0.03787824549189988 0.23824858206814004 0.10352889948606536
leaf_weight=14.748562662426012 14.153011883246107 1988.6722662979389 20.717435376318544 37.681730656041552 117.93282745601321 4.7074095522593193 2.8681302708491776 0.2303284388854081 1.8953863701331091 1.0871685788467855 3.8125418202891979 2.1805942266227012 2.4335987700328596 0.78313051562349745
leaf_count=96719 4196 379977 22043 1212162 428435 13460 2012 620 5433 767 881 2591 1302 575
internal_value=-0.000322135 -0.000502834 0.00661166 0.0199909 -0.0012937 0.0420758 0.0530849 0.0636736 0.116761 0.158595 0.00490266 0.0505826 0.213103 -0.0326727
internal_weight=2213.9 2199.75 211.079 78.3975 132.681 40.7157 31.4126 28.5445 5.64648 3.7511 9.30308 22.898 2.66393 5.49054
internal_count=2171173 2166977 1787000 1261846 525154 49684 34768 32756 8122 2689 14916 24634 1922 14035
is_linear=0
shrinkage=0.05


Tree=221
num_leaves=15
num_cat=0
split_feature=27 8 3 8 14 8 2 14 8 8 28 8 2 1
split_gain=5.32999 4.301 6.75846 9.62063 5.21491 4.74812 7.59015 6.07171 4.42738 4.47866 6.49123 4.17372 3.90995 9.06052
threshold=1.4612500667572024 179.50000000000003 0.063951820135116591 183.50000000000003 1.0000000180025095e-35 131.50000000000003 1.5781238675117495 1.0000000180025095e-35 137.50000000000003 170.50000000000003 1.0000000180025095e-35 191.50000000000003 1.7195320725440981 2.5000000000000004
decision_type=10 10 8 10 8 10 10 8 8 10 10 10 8 8
left_child=1 5 3 -3 11 12 8 -8 -7 -10 -11 -5 13 -1
right_child=-2 2 -4 4 -6 6 7 -9 9 10 -12 -13 -14 -15
leaf_value=-0.018357126255700122 0.0053291292749298499 0.055383439577135832 0.046117872451214556 -0.079265043281424669 -0.099949129901083095 -0.078597137606368037 -0.018524135038949133 -0.076412372397720918 0.01325190481813825 0.16538268622984575 -0.085756350069135678 0.017555358641555829 0.0019091926910834299 -0.0015234666009722158
leaf_weight=87.079115687300501 388.46918235697876 4.0503094800515349 12.142918388288511 1.595808864898572 2.4547814745019423 1.6637908502148815 11.388398760041214 7.5212877656990562 21.28692068993837 0.29055711169749709 2.2478983468981268 3.6797261271785828 700.07374119452288 974.2945400671839
leaf_count=1320 239861 89 82332 73 164 23466 401 258 129649 1237 34072 101 59779 1598418
internal_value=9.89749e-06 -0.0011194 0.0199418 -0.0070392 -0.0397456 -0.00139842 -0.0175472 -0.0415491 0.000259114 0.00576586 -0.0570104 -0.0117321 -0.000991373 -0.00290456
internal_weight=2218.24 1829.77 23.9235 11.7806 7.73032 1805.85 44.3989 18.9097 25.4892 23.8254 2.53846 5.27553 1761.45 1061.37
internal_count=2171220 1931359 82759 427 338 1848600 189083 659 188424 164958 35309 174 1659517 1599738
is_linear=0
shrinkage=0.05


Tree=222
num_leaves=15
num_cat=0
split_feature=7 26 9 25 2 10 12 28 17 1 17 1 1 16
split_gain=4.38098 3.70512 6.25501 5.67397 4.53021 5.31058 5.30661 8.14846 7.98128 7.39809 11.1888 6.62168 6.41204 6.06434
threshold=157.6841735839844 0.45993590354919439 0.99943557381629955 1.5000000000000002 1.7195320725440981 0.014925744384527208 0.0027662570355460052 2.5000000000000004 5.9851942062377939 71.500000000000014 5.2704288959503183 2.5000000000000004 4.5000000000000009 4.2413008213043222
decision_type=10 10 10 8 8 8 8 8 10 8 10 8 8 10
left_child=1 4 -3 -4 6 -6 7 8 11 10 -8 -1 -10 -11
right_child=-2 2 3 -5 5 -7 9 -9 12 13 -12 -13 -14 -15
leaf_value=-0.042670779551097424 0.027828085478731425 0.0093259221659221531 -0.06539275098842233 0.013058501826781484 -0.05853034727110628 0.0025713253185117441 -0.011149499509374484 -0.073231422801198126 -0.12139707307438095 0.013391910634219576 0.00087108796295433182 -0.0003055494883689487 -0.028333577176747744 -0.0077313642163583905
leaf_weight=10.106165480389414 14.366925330104094 166.84194674581104 5.4907182171975224 3.9720729019703933 3.5710979969431369 847.60601919334385 290.37154892788965 5.1555230414915618 2.0458998263723016 133.61393317124316 580.78067942893267 105.58658551074866 19.416849370030143 45.565654487183224
leaf_count=191 3414 69325 170 201 23649 52368 132200 14535 145 898358 107419 302133 43896 523659
internal_value=0.000306531 0.000128433 0.00708303 -0.0324623 -0.000471486 0.00231497 -0.00246016 -0.011521 -0.00920134 -0.00123249 -0.0031356 -0.0040063 -0.0372047 0.00802023
internal_weight=2234.49 2220.12 176.305 9.46279 2043.82 851.177 1192.64 142.311 137.156 1050.33 871.152 115.693 21.4627 179.18
internal_count=2171663 2168249 69696 371 2098553 76017 2022536 360900 346365 1661636 239619 302324 44041 1422017
is_linear=0
shrinkage=0.05


Tree=223
num_leaves=15
num_cat=0
split_feature=27 8 8 20 0 8 3 1 9 15 14 9 3 9
split_gain=6.55535 6.40933 5.25965 4.65697 5.49168 4.56827 5.67358 7.98614 4.73881 4.04156 8.89368 9.33826 9.1545 6.62717
threshold=2.2912939786911015 166.50000000000003 165.50000000000003 1.0000000180025095e-35 0.69553124904632579 176.50000000000003 0.063951820135116591 10.500000000000002 0.17493252456188205 1.0000000180025095e-35 1.0000000180025095e-35 0.31967300176620489 0.027611553668975834 0.20794206857681277
decision_type=10 10 10 10 8 10 8 10 10 8 10 8 10 10
left_child=5 2 3 4 -2 9 7 -7 -8 10 12 13 -1 -12
right_child=1 -3 -4 -5 -6 6 8 -9 -10 -11 11 -13 -14 -15
leaf_value=-0.051967768147748318 -0.069017368372059254 -0.059620877129106145 0.077172846523809041 0.0072948026876421936 0.011423958929957685 0.011638801925442555 -0.072851773316656876 -0.098952966281062385 0.050787478826062465 -0.00079947350140658312 -0.098825925686839511 -0.0062381106778065069 -0.0096410242590831748 0.048905114317280632
leaf_weight=20.420059329548053 4.3949173763578999 3.6576137733940177 2.6434808881619452 338.41355806411332 4.1020353915453223 13.02033291080455 0.82749106083113844 1.8664190747367673 12.215059042934699 1689.5473803565462 0.81056468619653266 87.138117530424324 34.118845583180345 11.966767511434128
leaf_count=6381 7824 11291 323 170739 225 233 30145 269 66161 1590348 10888 86984 173300 16441
internal_value=-2.43795e-05 0.00622327 0.00691224 0.00637685 -0.0301831 -0.00120324 0.018867 -0.00222659 0.0429431 -0.00150722 -0.00924915 -0.000384784 -0.0254887 0.0395334
internal_weight=2225.14 353.212 349.554 346.911 8.49695 1871.93 27.9293 14.8868 13.0426 1844 154.454 99.9154 54.5389 12.7773
internal_count=2171552 190402 179111 178788 8049 1981150 96808 502 96306 1884342 293994 114313 179681 27329
is_linear=0
shrinkage=0.05


Tree=224
num_leaves=15
num_cat=0
split_feature=13 18 16 16 15 3 18 13 18 12 3 4 9 12
split_gain=4.30162 5.4354 4.86244 8.5498 4.72476 4.70248 5.99322 5.98234 6.78293 5.81708 9.45465 7.92067 6.55536 5.9663
threshold=0.15504807978868487 0.049467602744698531 5.3254430294036874 5.0336952209472665 1.0000000180025095e-35 0.027611553668975834 0.3416601717472077 0.27525253593921667 0.28088767826557165 0.18065268546342853 1.0000000180025095e-35 0.0085307657718658465 0.33549007773399359 0.081095889210701003
decision_type=10 8 10 10 8 10 10 10 8 8 8 8 8 10
left_child=-1 -2 3 5 -5 9 7 8 -7 10 -3 13 -13 -12
right_child=1 2 -4 4 -6 6 -8 -9 -10 -11 11 12 -14 -15
leaf_value=-0.0004151976076556682 0.048204323390678545 0.01323912416385861 0.031674742165164964 0.0099547864848466595 -0.08545950151751279 0.024133521746292269 0.03852681469611511 -0.026303255024807133 -0.059184807763381059 0.029468976288786849 0.033753706331235901 0.026493058831452494 -0.10166605559441111 -0.032636816447999706
leaf_weight=2087.5068167035729 8.1365350462358794 19.561475840456296 16.397279808846449 1.8930126384311379 4.1240576608428574 26.594909881362806 19.063624926506662 11.332204185785626 2.6897909524741186 10.016808057478057 4.5386777634266826 1.2122655660407406 5.6396031267431681 13.30171873886138
leaf_count=2078899 2004 181 12104 2150 6770 18929 27304 14543 5587 310 28 736 1474 208
internal_value=0.000162314 0.00850518 0.00613644 0.00264586 -0.0554415 0.00571311 0.015399 0.00454393 0.0164808 -0.00493834 -0.0127264 -0.0332966 -0.0789915 -0.0157468
internal_weight=2232.01 144.502 136.365 119.968 6.01707 113.951 59.6805 40.6169 29.2847 54.2705 44.2537 24.6923 6.85187 17.8404
internal_count=2171227 92328 90324 78220 8920 69300 66363 39059 24516 2937 2627 2446 2210 236
is_linear=0
shrinkage=0.05


Tree=225
num_leaves=15
num_cat=0
split_feature=7 1 1 0 17 18 18 7 2 1 18 1 7 13
split_gain=4.94716 5.80039 7.97142 13.5116 5.46972 5.10206 4.0139 4.61151 3.93027 5.41278 4.81294 6.29561 6.02493 5.6144
threshold=28.783537864685062 34.500000000000007 28.500000000000004 0.67555695772171032 5.8333466053009042 3.8689931631088261 0.13595480471849444 157.6841735839844 1.9880797863006594 6.5000000000000009 0.47192865610122686 22.500000000000004 6.1722331047058114 0.27525253593921667
decision_type=10 10 10 10 8 10 8 10 10 8 10 10 8 10
left_child=1 2 5 -4 -5 8 -2 -8 10 -10 12 -12 -1 -14
right_child=6 -3 3 4 -6 -7 7 -9 9 -11 11 -13 13 -15
leaf_value=-0.073361351814833498 0.013045271330121686 0.0015078117456955272 -0.058349904137151389 0.0015078117456955272 -0.028421046195727929 -0.079136680088011779 0.0015078117456955272 0.038135378620919168 0.0015078117456955272 -0.04306717695225825 0.0015078117456955272 -0.055583870725013002 -0.004799337285487551 -0.036883077224651888
leaf_weight=3.2577166588890538 102.49953211219548 345.88924445957082 17.350899769027365 12.689300764434167 5.8604446009580888 2.1841322020907219 204.87037069956094 8.6393078721055456 324.99208049901461 6.8855659964259521 183.64607808305422 5.0607455442390394 967.23662863510503 13.83055160269498
leaf_count=9296 75458 1120720 20274 2824 2145 22112 160168 1562 4801 335 319347 6481 418051 8103
internal_value=-0.000903015 -0.00187174 -0.00332744 -0.0266124 0.00150781 -0.00277276 0.00488737 0.00150781 -0.00266193 0.00150781 -0.00403134 0.00150781 -0.00547705 -0.00525164
internal_weight=2204.89 1888.88 1542.99 35.9006 18.5497 1507.09 316.009 213.51 1504.91 331.878 1173.03 188.707 984.325 981.067
internal_count=2171677 1934489 813769 25243 4969 788526 237188 161730 766414 5136 761278 325828 435450 426154
is_linear=0
shrinkage=0.05


Tree=226
num_leaves=15
num_cat=0
split_feature=3 16 16 4 10 10 16 25 16 12 16 12 8 12
split_gain=5.09303 5.46357 9.61302 5.59899 5.32276 5.03095 4.70329 4.5373 5.23099 5.12898 4.34091 4.33223 4.24211 6.69553
threshold=0.10434558987617494 5.8111364841461191 4.7916412353515634 0.055807113647460944 0.018625739961862568 0.010752843692898752 6.3673260211944589 19.500000000000004 5.3254430294036874 0.10410509258508684 5.9094398021698007 0.2709790319204331 176.50000000000003 0.051956815645098693
decision_type=10 8 8 10 10 8 8 8 10 10 8 10 10 10
left_child=5 2 3 11 6 -1 -3 -4 9 -9 -6 -2 -7 -14
right_child=1 4 7 -5 10 12 -8 8 -10 -11 -12 -13 13 -15
leaf_value=-0.054334857843987616 0.013803769046785389 -0.052423781379035229 -0.054595229019504754 -0.030701198246379787 0.24074552480475209 -0.00087680147204356274 0.049214924179609695 -0.061073174724077001 0.069921123493542375 0.15649739232617788 -0.05300959097610311 0.14707533882474486 0.023620286680839063 -0.10754511190621008
leaf_weight=4.3676238563138678 98.855361738306584 1.3273888513671241 8.756099866570672 7.3139036723410262 0.56431279256593647 2064.6930946437978 7.9864579332734822 2.487518297865396 1.9149895400013166 0.30397737132797376 0.16182683969411471 0.6135691142195715 26.656228557279068 1.0097983681735048
leaf_count=24134 851189 56209 267911 513599 363 309759 76094 47151 19297 2284 982 1472 1345 110
internal_value=-0.000132055 0.00946018 0.00650154 0.0115213 0.0448948 -0.000728093 0.0347296 -0.033314 0.00627841 -0.037381 0.17528 0.0146258 -0.000616193 0.0188328
internal_weight=2227.01 130.285 120.245 106.783 10.04 2096.73 9.31385 13.4626 4.70649 2.7915 0.72614 99.4689 2092.36 27.666
internal_count=2171899 1836551 1702903 1366260 133648 335348 132303 336643 68732 49435 1345 852661 311214 1455
is_linear=0
shrinkage=0.05


Tree=227
num_leaves=15
num_cat=0
split_feature=3 17 17 1 1 10 2 3 18 2 4 1 3 1
split_gain=3.53597 6.34946 7.89637 5.11274 8.53293 8.48679 6.53315 5.77871 4.87236 7.25378 6.72909 5.21675 5.7278 14.94
threshold=0.10434558987617494 4.5695295333862314 5.1269311904907235 163.50000000000003 148.50000000000003 0.015153077431023123 0.56899303197860729 0.088315516710281386 1.8525115847587588 0.3859186470508576 0.043804347515106208 294.50000000000006 0.15225520730018618 295.50000000000006
decision_type=10 8 8 10 10 8 8 10 10 10 10 10 10 10
left_child=3 -2 -3 4 -1 7 -6 -5 9 11 -11 -4 -13 -14
right_child=1 2 8 5 6 -7 -8 -9 -10 10 -12 12 13 -15
leaf_value=-0.00030517152319054701 -0.017904037008524314 0.034319747118842274 -0.047963514367895359 0.076294995867773469 -0.053817867492403061 -0.034232025056425468 0.053301979272226845 -0.059068949037374342 0.061323553201646779 0.013704876176522787 -0.035397052570783342 -0.050935734645441169 1.5696209916922559 0.16799599708135735
leaf_weight=2048.6979093823934 19.721888423614697 30.908206911954686 9.0234625105123207 3.1930275798662242 1.6237255821534953 22.552914099306744 11.536426407125758 1.0469504447360751 3.5951574235167802 57.117179809227864 7.9484916568652713 0.26980184980904187 0.020579306303528 0.24962242117653677
leaf_count=281361 360598 468857 549408 656 3141 42953 5741 1460 13725 230118 203857 2933 1108 5474
internal_value=0.000166547 0.00820505 0.0129234 -0.000329369 -4.73725e-05 -0.0220306 0.0400853 0.0428704 0.00446915 0.00173027 0.00770653 -0.0389296 0.112027 0.274748
internal_weight=2217.51 128.854 109.133 2088.65 2061.86 26.7929 13.1602 4.23998 78.2243 74.6291 65.0657 9.56347 0.540004 0.270202
internal_count=2171390 1836078 1475480 335312 290243 45069 8882 2116 1006623 992898 433975 558923 9515 6582
is_linear=0
shrinkage=0.05


Tree=228
num_leaves=15
num_cat=0
split_feature=1 9 2 15 18 1 0 18 18 2 26 1 0 0
split_gain=4.96421 7.03963 5.90645 6.75651 15.0927 13.9722 9.32237 7.07864 6.37652 6.19952 6.0393 5.54333 5.94676 5.09836
threshold=169.50000000000003 0.30956599116325384 0.63609182834625255 1.0000000180025095e-35 0.13005526363849643 124.50000000000001 0.68198665976524364 0.049467602744698531 0.33354811370372778 0.66817471385002147 0.16228070110082629 111.50000000000001 0.65634238719940197 0.5305900275707246
decision_type=10 8 8 10 10 8 8 8 10 8 10 10 10 8
left_child=2 -2 3 6 -5 8 10 -8 -6 -4 -1 -11 -13 -12
right_child=1 -3 9 4 5 -7 7 -9 -10 11 13 12 -14 -15
leaf_value=-0.010698218262062412 0.056242733046070116 -0.019827844338166381 -0.03393477628316599 -0.027471233584824672 0.23890733667209596 0.048631182214664753 0.75120760242919404 0.15771369225392029 -0.057057703584110844 1.3715555120852596e-05 -0.077299515134730157 0.011615768295748886 0.074257260209068449 0.040159842542067323
leaf_weight=28.966637978250859 3.2430019189550663 48.893687549190439 13.321512300896769 6.1147310100562349 1.4623042816959211 13.280821586160846 0.061410327049073454 0.27622676059809237 0.20785644563117234 2081.0120252940965 1.003937289342969 17.990975063807074 4.7994878868553874 11.578989523824895
leaf_count=808104 15768 538271 47598 21488 717 67863 19 371 702 519162 87146 30173 5422 28189
internal_value=0.000151143 -0.0150961 0.000515783 0.0156083 0.0387064 0.0657721 0.00399195 0.26566 0.202074 6.70039e-05 0.00186561 0.000282307 0.0248076 0.0307883
internal_weight=2232.21 52.1367 2180.08 62.9529 21.0657 14.951 41.8872 0.337637 1.67016 2117.12 41.5496 2103.8 22.7905 12.5829
internal_count=2170993 554039 1616954 1014599 90770 69282 923829 390 1419 602355 923439 554757 35595 115335
is_linear=0
shrinkage=0.05


Tree=229
num_leaves=15
num_cat=0
split_feature=3 11 3 16 17 27 17 4 1 27 4 17 17 4
split_gain=5.68437 4.42101 3.53152 5.40271 8.41945 8.9826 7.5781 7.99143 7.0528 6.86808 6.75789 10.1446 10.276 7.22606
threshold=0.19161516427993777 0.41428571939468389 0.10434558987617494 2.5249279737472539 4.6001451015472421 7.2879035472869882 4.9522936344146737 0.010872095823287966 168.50000000000003 7.3556606769561776 0.02226275205612183 4.7492611408233651 4.7405652999877939 0.05128034949302674
decision_type=10 10 10 10 10 8 10 10 10 8 10 8 10 10
left_child=2 -2 -1 -4 -5 6 7 -6 -9 -7 -11 12 -12 -13
right_child=1 -3 3 4 5 9 -8 8 -10 10 11 13 -14 -15
leaf_value=-0.00014002766717938309 -0.064886280979820521 0.053119578864269337 0.031752282437305733 -0.035376788509859154 -0.050806090391826556 0.69259643388598624 -0.0071387101125976174 0.11700875324123057 -0.051543716998523906 0.013873100235546297 0.20279515630995404 0.071084479046369442 1.0165394380770802 -0.054348245867128178
leaf_weight=2091.339599384135 5.3369306268988819 0.93235456317126697 20.915827134308699 12.05595380025842 1.3853878377043098 0.039407149584753109 55.363362285557884 3.527504932552473 0.75313371162599718 17.806002853385742 0.63819798312257781 7.4518977868040892 0.041307147570933012 1.3573497211290542
leaf_count=335166 1041307 4430 73992 134411 22821 108 380331 37818 21551 61184 5614 31143 258 21094
internal_value=0.000206408 -0.0473367 0.000341115 0.0086341 0.00381894 0.00916664 -0.00150222 0.0535726 0.0873537 0.0329872 0.0320348 0.066116 0.252263 0.0517575
internal_weight=2218.94 6.26929 2212.67 121.335 100.42 88.3636 61.0294 5.66603 4.28064 27.3342 27.2948 9.48875 0.679505 8.80925
internal_count=2171228 1045737 1125491 790325 716333 581922 462521 82190 59369 119401 119293 58109 5872 52237
is_linear=0
shrinkage=0.05


Tree=230
num_leaves=15
num_cat=0
split_feature=7 26 16 18 26 16 18 3 2 1 17 18 18 16
split_gain=3.92627 4.02398 3.56327 6.78686 7.09296 8.04728 6.60962 6.60535 6.31918 15.9711 11.0143 8.65735 8.3581 12.1328
threshold=28.783537864685062 0.22474747896194461 4.6681339740753183 0.41906738281250006 0.26969698071479803 4.4127798080444345 0.32690238952636724 1.0000000180025095e-35 1.5781238675117495 22.500000000000004 6.2924942970275888 0.10990484058856965 0.14554623514413836 4.2835628986358651
decision_type=10 8 10 10 8 10 10 8 10 8 10 8 10 8
left_child=2 -2 3 8 5 7 -4 -5 9 10 12 -12 -1 -14
right_child=1 -3 6 4 -6 -7 -8 -9 -10 -11 11 -13 13 -15
leaf_value=-0.0033117991490421491 0.0018148793444526094 0.011906905647131412 -0.019643549235365213 -0.04494435635689159 -0.0029977404630147819 -0.053240904228215584 0.0018148793444526094 -0.005105452689742801 0.0018148793444526094 0.0018148793444526094 -0.097899423843923361 -0.010792425360042329 -0.026546292818509905 0.0018148793444526094
leaf_weight=217.53695128873608 189.08168002352977 126.87966863918541 40.168134668617796 13.490074932284189 107.37615658855746 17.024895059475604 252.7147937045622 45.488257492418057 545.74262660003683 478.52528251898514 6.4386171175539291 5.1213126377763709 120.8962774775724 46.625196743400892
leaf_count=18262 186631 50302 31463 173 125634 64194 429556 157614 13360 1067739 1161 438 20949 4248
internal_value=-0.000335644 0.00482486 -0.0011951 -0.00221834 -0.0112709 -0.022959 0.00181488 -0.0142178 -0.00105002 -0.00378671 -0.0112199 -0.059309 -0.00977621 -0.0181707
internal_weight=2213.11 315.961 1897.15 1604.27 183.379 76.0032 292.883 58.9783 1420.89 875.144 396.618 11.5599 385.058 167.521
internal_count=2171724 236933 1934791 1473772 347615 221981 461019 157787 1126157 1112797 45058 1599 43459 25197
is_linear=0
shrinkage=0.05


Tree=231
num_leaves=15
num_cat=0
split_feature=7 13 13 1 17 4 17 16 4 4 3 10 2 16
split_gain=3.92801 4.32576 6.78971 7.67369 4.94945 5.0383 4.07202 4.06792 3.95153 3.75534 3.40123 3.38685 3.17307 3.58401
threshold=47.893497467041023 0.27525253593921667 0.39444445073604589 18.500000000000004 5.9927129745483407 0.00073683261871337901 6.6106951236724862 2.0126758217811589 0.010143846273422243 0.0020741522312164311 0.3010679185390473 0.024080176837742332 0.81066006422042858 4.686739683151246
decision_type=10 10 10 10 8 8 10 8 10 10 10 8 10 8
left_child=1 10 3 4 5 -3 7 -2 -6 -4 12 -11 -1 -14
right_child=6 2 9 -5 8 -7 -8 -9 -10 11 -12 -13 13 -15
leaf_value=0.0036652817995774592 0.056490852237338102 0.0036652817995774592 -0.077385232089906025 0.0036652817995774592 -0.097544052055915292 -0.10261793584875765 0.037432304667464632 0.0042705212109442501 0.0036652817995774592 -0.084320335767340063 -0.093480019791568822 0.0036652817995774592 -0.0020396759942441388 0.0036652817995774592
leaf_weight=358.08545657562308 3.8262835036075282 0.68256709936873816 1.4412022900826453 5.1476789489198884 1.0015762510450663 6.7970667221731498 10.75752933060471 147.21686847942763 1.565914418595691 1.1367861812285462 0.97427105506540002 16.902899491699937 1373.313161657522 298.34203607163977
leaf_count=1419795 1206 173 1431 7877 343 7617 6670 74531 809 7706 331506 7119 241784 62937
internal_value=0.00020804 -0.000379675 -0.0178907 -0.0429426 -0.068409 -0.0889699 0.00771024 0.00559339 -0.00851082 0.00164936 -8.06636e-05 0.00366528 -3.58321e-05 -0.000958348
internal_weight=2227.19 2065.39 34.6757 15.1948 10.0471 7.47963 161.801 151.043 2.56749 19.4809 2030.71 18.0397 2029.74 1671.66
internal_count=2171504 2089097 33075 16819 8942 7790 82407 75737 1152 16256 2056022 14825 1724516 304721
is_linear=0
shrinkage=0.05


Tree=232
num_leaves=15
num_cat=0
split_feature=2 2 26 18 4 9 4 12 4 17 18 1 2 18
split_gain=9.6847 5.24087 3.80215 6.06171 4.99862 8.35011 6.29966 3.95123 4.76129 3.78525 3.63034 3.05822 3.38341 6.43425
threshold=-0.86096090078353871 0.06124559976160527 0.45227272808551794 0.36159096658229833 0.016654610633850101 0.52746126055717479 0.0043343901634216317 1.0000000180025095e-35 0.0023414194583892827 5.9851942062377939 0.46123240888118749 163.50000000000003 0.98194503784179699 0.2837966531515122
decision_type=8 8 10 10 8 8 10 8 10 8 10 10 8 8
left_child=-1 9 -3 11 5 6 -5 8 -7 -2 -6 12 13 -4
right_child=1 2 3 4 10 7 -8 -9 -10 -11 -12 -13 -14 -15
leaf_value=-0.09233795080120713 0.04236443776352633 -0.00054226198797659056 0.036170776288882461 -0.081422285041972214 0.039309560321612522 0.05801052095560038 0.046379061496273619 -0.065629792169674073 -0.078665878611973647 -0.055277257997029983 -0.009376182774474719 -0.056570482438447069 0.0090199295926791413 -0.072833088089318335
leaf_weight=2.8286222263334961 10.777801347320498 2048.4246031704947 22.636584092340797 1.2128126638725927 6.1105331056874173 1.5799819340654724 4.7046762362003491 10.244075493897503 1.0678737653171024 1.0932610473243425 10.254949227792906 1.6155862683771136 113.76257007983463 1.4399132457887791
leaf_count=445647 268246 1371011 5689 259 1867 297 638 3735 1136 50227 9460 5637 4890 1818
internal_value=0.000121402 0.000238423 6.14897e-05 0.00714357 -0.0114049 -0.0289864 0.0201857 -0.0515568 0.00288926 0.0333722 0.00880207 0.0118221 0.0126237 0.0296517
internal_weight=2237.75 2234.93 2223.05 174.63 35.1749 18.8094 5.91749 12.8919 2.64786 11.8711 16.3655 139.455 137.839 24.0765
internal_count=2170557 1724910 1406437 35426 17392 6065 897 5168 1433 318473 11327 18034 12397 7507
is_linear=0
shrinkage=0.05


Tree=233
num_leaves=15
num_cat=0
split_feature=3 16 18 9 7 25 18 11 14 11 9 18 2 16
split_gain=5.22493 4.78183 6.0974 4.61682 4.90322 3.63208 10.0392 7.08724 6.29367 8.13244 12.6743 8.6476 7.75679 7.21754
threshold=0.24003863334655764 5.7317204475402841 0.61502882838249218 0.23595366626977923 39.040815353393562 1.0000000180025095e-35 0.2837966531515122 0.52272728085517894 1.0000000180025095e-35 0.35416667163372045 0.55287581682205211 0.10056396201252939 0.5735996961593629 3.4811217784881596
decision_type=10 10 8 8 8 10 10 10 10 8 8 8 10 8
left_child=1 5 -3 -4 -5 -1 8 -8 -7 10 -10 13 -13 -11
right_child=-2 2 3 4 -6 6 7 -9 9 11 -12 12 -14 -15
leaf_value=-0.001023134429351945 -0.075758984446695821 -0.06640384251793037 0.064803404094420355 -0.042022314981269154 0.021535559580482519 0.013782562150573753 -0.011037454774559854 0.046096490602738474 0.033324014487556466 -0.0067045544057949538 -0.039000825600166766 -0.097505878534971294 0.024882101212986708 -0.097579853924636806
leaf_weight=1760.7400471040255 2.2605723926849342 2.0554933888764739 5.4046489145858434 3.3891989269883536 28.992397915593219 209.24923955690497 112.71157422565811 5.7024752937214904 7.9665522055679103 21.099363002951833 25.277511660184313 1.3340421178909725 43.816559906316286 2.4373262532635769
leaf_count=1226822 679490 2156 5843 11864 29275 69440 106237 1393 3719 2515 24146 3493 3874 791
internal_value=0.000217822 0.000294835 0.0174614 0.0220235 0.0148833 -1.74215e-05 0.0041046 -0.00828605 0.00881964 -0.00136848 -0.021669 0.00845681 0.021266 -0.0161151
internal_weight=2232.44 2230.18 39.8417 37.7862 32.3816 2190.33 429.595 118.414 311.181 101.931 33.2441 68.6873 45.1506 23.5367
internal_count=2171058 1491568 49138 46982 41139 1442430 215608 107630 107978 38538 27865 10673 7367 3306
is_linear=0
shrinkage=0.05


Tree=234
num_leaves=15
num_cat=0
split_feature=18 17 4 1 14 1 18 18 0 2 18 14 9 4
split_gain=3.0036 5.38073 4.39632 7.06675 5.11964 4.30372 4.22377 3.89873 3.53235 4.35855 5.93668 3.42631 3.52158 3.30761
threshold=1.271231532096863 3.2384861707687382 0.0026761889457702641 176.50000000000003 inf 117.50000000000001 1.239155173301697 1.3752551078796389 0.52824953198432933 0.30106855928897863 0.28689375519752508 1.0000000180025095e-35 0.78580182790756237 0.0014740526676177981
decision_type=10 10 8 8 8 10 10 10 8 8 8 8 10 10
left_child=6 -2 3 7 5 -4 8 -3 -1 10 11 12 -10 -14
right_child=1 2 4 -5 -6 -7 -8 -9 9 -11 -12 -13 13 -15
leaf_value=-0.049951738688060285 -0.079346609604459772 0.018182428971989389 0.023204530887744473 0.04729463422775626 -0.037748266920731188 -0.052471423435008206 -0.091126139095070696 -0.078708391736647149 -0.025093921950848749 -0.00044858981930006561 -0.025093921950848749 0.047430229563060394 0.28383728305362593 0.032123225811122501
leaf_weight=3.5788086445634248 1.6423670286706755 1.3885961784850138 55.138386034982204 2.4870228493183157 4.0206563466633005 1.945019795226435 1.281307133764584 4.1149364225276344 1.9634130877283635 2137.2085284911273 3.2451040079569848 12.955271557179444 0.15694761876829932 0.77472218093935297
leaf_count=633760 9807 485 107359 11894 51258 34244 8395 3073 49912 1108175 105827 46955 46 683
internal_value=-4.04761e-05 0.010098 0.0122241 -0.0226529 0.016785 0.020626 -0.000372319 -0.0542619 -0.000318481 -0.000236105 0.0235457 0.0364409 -0.0127354 0.0745266
internal_weight=2231.9 70.737 69.0946 7.99056 61.1041 57.0834 2161.16 5.50353 2159.88 2156.3 19.0955 15.8504 2.89508 0.93167
internal_count=2171873 218120 208313 15452 192861 141603 1953753 3558 1945358 1311598 203423 97596 50641 729
is_linear=0
shrinkage=0.05


Tree=235
num_leaves=15
num_cat=0
split_feature=12 0 3 13 7 13 17 17 3 18 4 3 16 14
split_gain=3.03348 6.68876 3.79307 3.34302 7.71595 4.67788 4.01928 4.00143 4.53254 3.25081 6.48739 7.53378 4.91321 4.17589
threshold=0.19615384936332705 0.66557472944259655 0.10327807068824769 0.27525253593921667 28.086540222167972 0.26875001192092901 5.747798204421998 5.0005793571472177 1.0000000180025095e-35 1.271231532096863 0.0026761889457702641 0.080198258161544814 3.9415346384048466 inf
decision_type=10 8 10 10 10 10 10 8 10 10 8 10 10 8
left_child=3 -2 -3 5 6 9 7 -5 -9 -1 11 -11 -12 -13
right_child=1 2 -4 4 -6 -7 -8 8 -10 10 12 13 -14 -15
leaf_value=-0.00062332095696636695 -0.038068711676053531 0.024903421740259862 0.11756267631566097 -0.080463375394017211 0.038331880146229014 0.070292318925523664 -0.066875553905153332 -0.077096689350037759 0.0018908415293576897 -0.077832980039295743 -0.070894986123158019 -0.068976796349995304 0.018116233798320218 0.061558400589084454
leaf_weight=2120.4975793680883 4.3532745114455418 17.644255930121059 1.1782207032674694 2.0458875687894351 4.564870060069917 2.3507850050864354 6.2385190972720492 1.8580557340052948 7.6186180579132285 4.1869736077803887 1.5919021981995474 0.84747578844649329 59.324067169802625 2.2114115621704116
leaf_count=1920553 12361 682 469 6755 2754 268 4348 311 8710 1410 7030 9473 191601 4271
internal_value=-0.000209846 0.0177856 0.0307036 -0.000398275 -0.0196484 -0.00020212 -0.0345502 -0.0170487 -0.00335829 -0.000277837 0.0104701 -0.0342554 0.0157901 0.0253932
internal_weight=2236.51 23.1758 18.8225 2213.34 22.326 2191.01 17.7611 11.5226 9.47667 2188.66 68.1618 7.24586 60.916 3.05889
internal_count=2170996 13512 1151 2157484 22878 2134606 20124 15776 9021 2134338 213785 15154 198631 13744
is_linear=0
shrinkage=0.05


Tree=236
num_leaves=15
num_cat=0
split_feature=26 18 2 10 8 10 17 12 8 8 3 18 18 8
split_gain=4.38614 5.62552 4.12643 4.32542 3.9027 12.3433 10.9911 7.66411 5.71624 5.28371 6.65902 5.1266 10.5856 10.918
threshold=0.45227272808551794 1.3386034965515139 1.9880797863006594 0.014925744384527208 61.500000000000007 0.02470413222908974 4.424828529357911 0.19615384936332705 56.500000000000007 77.500000000000014 0.063951820135116591 0.07001094147562982 0.057957470417022712 54.500000000000007
decision_type=10 10 8 8 10 8 10 10 10 10 8 8 10 8
left_child=2 -2 -1 -4 5 7 -6 -5 11 -8 -11 12 -7 -14
right_child=1 -3 3 4 6 8 9 -9 -10 10 -12 -13 13 -15
leaf_value=-0.0022100670312781823 0.0084147011330943568 -0.072982906573739834 -0.056000355088195786 -0.07855891784899352 -0.027066088133573769 0.0018979582566077671 0.056507085044442552 0.064153459893844175 -0.10634717880484551 0.00059997184392414414 0.045778767311947272 0.0045726344009336213 0.031527112406929639 -0.083245352357480859
leaf_weight=1488.9619543068275 172.6108653655584 2.149082197590956 3.1053722107717752 7.024494307925691 12.095275416203632 28.99881722961041 11.117730433229893 1.086232948960969 1.1977040144265618 22.496318594250624 12.794882234655033 442.93174892254115 2.7401649123585203 8.4986343843502254
leaf_count=2032826 55186 14764 23690 1463 323 2592 183 14 19 295 391 38274 86 1076
internal_value=-0.000188969 0.00741373 -0.000839295 0.00284429 0.00317594 0.00172556 0.015385 -0.0594461 0.00274987 0.0264488 0.0169796 0.00302031 -0.0140675 -0.0552623
internal_weight=2217.81 174.76 2043.05 554.087 550.982 492.478 58.5042 8.11073 484.367 46.4089 35.2912 483.169 40.2376 11.2388
internal_count=2171182 69950 2101232 68406 44716 43524 1192 1477 42047 869 686 42028 3754 1162
is_linear=0
shrinkage=0.05


Tree=237
num_leaves=15
num_cat=0
split_feature=27 8 13 17 17 4 3 12 13 12 3 2 10 17
split_gain=5.47752 4.75151 4.66608 4.69175 5.27216 5.17893 4.78729 4.44328 7.18362 4.43617 4.38084 5.25334 5.77758 7.0076
threshold=1.4612500667572024 176.50000000000003 0.15301003307104113 6.2850661277771005 6.0741951465606698 0.0024720132350921635 0.17208911478519442 0.10582306981086732 0.28869047760963445 0.10102041065692903 0.15406703948974612 0.39762203395366674 0.015873458236455921 4.6681339740753183
decision_type=10 10 10 10 10 8 10 8 10 10 10 8 8 8
left_child=1 2 9 4 -4 -5 -6 -7 -9 10 11 -1 13 -13
right_child=-2 -3 3 5 6 7 -8 8 -10 -11 -12 12 -14 -15
leaf_value=0.023817531589566256 0.0051152942442957323 0.019196410509159975 0.0065172826056256756 -0.10610859997073191 -0.063409252367726029 0.061043512683774864 0.079971020021225095 -0.076737636952607421 0.044779585363858877 -0.092349603440871106 -0.031769999644644983 0.017323493535228957 -0.0021484895701017149 -0.057786328616724496
leaf_weight=19.292248167180865 389.26011309086607 27.53668240430784 101.728600930507 0.63514320424141857 4.5445073635191342 9.1456773922563048 0.66770792315169103 1.8297619420405231 3.6270067951349629 1.3701363192767519 12.55382432893475 4.5437454244986215 1632.4748170096664 9.809875425647661
leaf_count=88674 239900 94704 72231 203 2172 1751 2195 1166 576 2979 1083636 7923 546583 26240
internal_value=-0.000270608 -0.0014164 -0.00173134 0.00770285 0.00400434 0.0336598 -0.0450416 0.0397391 0.00403247 -0.00241743 -0.00234403 -0.00212231 -0.00242619 -0.0340098
internal_weight=2219.02 1829.76 1802.22 122.178 106.941 15.2376 5.21222 14.6024 5.45677 1680.04 1678.67 1666.12 1646.83 14.3536
internal_count=2170933 1931033 1836329 80294 76598 3696 4367 3493 1742 1756035 1753056 669420 580746 34163
is_linear=0
shrinkage=0.05


Tree=238
num_leaves=15
num_cat=0
split_feature=8 8 1 1 13 10 11 12 10 1 18 16 16 4
split_gain=4.99178 7.53076 7.10399 5.91592 6.75397 6.27326 6.20088 6.17668 5.53295 5.28923 4.90059 7.98229 15.6273 6.60315
threshold=61.500000000000007 56.500000000000007 4.5000000000000009 8.5000000000000018 0.096006143838167204 0.020455651916563514 0.83333334326744091 0.12390350922942163 0.020161132328212265 6.5000000000000009 0.11913710087537767 4.7050054073333749 4.49422311782837 0.012701481580734255
decision_type=10 10 10 8 10 8 10 10 8 10 8 10 10 10
left_child=1 -1 -3 4 6 8 10 -6 -5 -4 -2 12 13 -12
right_child=3 2 9 5 7 -7 -8 -9 -10 -11 11 -13 -14 -15
leaf_value=-0.00030554166880161771 0.024148360505668192 -0.089689969111593063 0.046108441692119237 0.011067315580685399 -0.08814951342333982 0.04022303939367719 -0.083770284679114931 0.016980234281921722 -0.10756256763098022 -0.054555693513070547 -0.019121818431802062 0.028539040316334842 -0.092925741153769864 0.01495684699598571
leaf_weight=2012.2034365608235 22.993611841356667 4.5800298435024391 2.6024726663359843 92.286043211256057 4.0338902090064144 20.71212308176321 2.0607543166397582 2.1374734368194481 0.99348011316953844 2.6172396058273968 29.550312240427502 16.764049326104612 5.2445767954408344 27.388967255759866
leaf_count=1543286 468 19085 57 601858 122 941 33 78 242 2705 520 498 183 1399
internal_value=0.000266332 -0.000518488 -0.0442432 0.00734552 -0.000916662 0.015331 0.00209898 -0.0517375 0.00980384 -0.00436602 0.00383483 -0.00208149 -0.0103364 -0.00272928
internal_weight=2246.17 2022 9.79974 224.165 110.174 113.992 104.002 6.17136 93.2795 5.21971 101.942 78.9479 62.1839 56.9393
internal_count=2171475 1565133 21847 606342 3301 603041 3101 200 602100 2762 3068 2600 2102 1919
is_linear=0
shrinkage=0.05


Tree=239
num_leaves=15
num_cat=0
split_feature=27 14 13 17 9 17 4 11 27 26 27 17 25 1
split_gain=3.81829 7.91592 5.63639 5.95223 4.89315 6.05252 6.60429 5.9433 8.44362 4.66289 4.17292 4.00425 3.98761 5.54762
threshold=1.336820185184479 1.0000000180025095e-35 0.43167701363563543 5.478551149368287 0.90134188532829296 4.7833075523376474 0.031992048025131233 inf 7.6647894382476816 0.080128207802772536 9.080111503601076 5.0845003128051767 1.5000000000000002 28.500000000000004
decision_type=10 8 8 8 10 8 8 8 10 10 10 10 10 8
left_child=-1 2 3 10 7 -6 -7 -4 -9 -3 -2 -12 13 -11
right_child=1 9 4 -5 5 6 -8 8 -10 12 11 -13 -14 -15
leaf_value=-0.0009767584995906708 0.052556283004709214 -0.069410489134927741 0.014157595503420129 -0.015268241259932045 0.028078084307842421 -0.053371449380163374 0.02778837852721738 -0.084019655565578208 0.035213607259447152 0.015843802672456369 -0.084843249545181521 0.038851258642037062 -0.0063256849047820668 -0.018551359048776039
leaf_weight=1819.0138724057474 19.348416482834192 2.5464905681036205 127.20943164935872 5.1444180878647456 5.6924772831051866 10.181490089395231 3.3252387296476362 3.6921186355246993 2.4836367729901738 54.34006729258877 1.1439787179646432 1.5284295427524472 135.34334187817106 14.948316850728444
leaf_count=1918752 7650 10342 62626 5818 240 212 376 6291 627 2472 333 274 103541 52298
internal_value=-1.73477e-05 0.00449301 0.0121709 0.0331548 0.00843509 -0.0151654 -0.0333906 0.0118321 -0.0360689 -0.00216843 0.0444672 -0.0140987 -0.00133165 0.00842337
internal_weight=2205.94 386.928 179.75 27.1652 152.584 19.1992 13.5067 133.385 6.17576 207.178 22.0208 2.67241 204.632 69.2884
internal_count=2171852 253100 84447 14075 70372 828 588 69544 6918 168653 8257 607 158311 54770
is_linear=0
shrinkage=0.05


Tree=240
num_leaves=15
num_cat=0
split_feature=26 18 15 9 9 2 13 9 3 14 16 0 1 16
split_gain=4.52947 4.13202 3.51888 6.29946 9.91462 5.18278 6.24387 6.33232 4.8527 4.03421 3.90627 7.79667 11.667 6.26522
threshold=0.45227272808551794 1.6004484295845034 1.0000000180025095e-35 0.31967300176620489 0.38198757171630865 1.2787532210350039 0.084219858050346388 0.31133072078228002 0.081891596317291274 inf 5.0336952209472665 0.69005811214447033 10.500000000000002 4.1026091575622567
decision_type=10 10 8 8 8 10 8 10 10 8 10 10 10 8
left_child=2 -2 3 5 -5 -1 -7 -8 10 -10 13 -12 -13 -6
right_child=1 -3 -4 4 8 6 7 -9 9 -11 11 12 -14 -15
leaf_value=0.037159966611060434 0.0090597605202631538 -0.073292249374646304 0.00057523006657061819 -0.091077540937497758 0.0013886054835377127 0.043385141679169063 -0.088072374814014337 0.040207295350893658 -0.032522771266757115 0.070187187426627287 -0.062636587998987803 -0.0017755773902910174 0.079765596039065176 -0.023042767953707494
leaf_weight=13.729363962021699 172.57599959615126 1.5367538014592401 1894.8471774514474 3.691391943706372 66.547241721896228 2.8758261483872047 3.2750919097809676 1.362144516650005 23.92314757299993 0.9958297408918878 2.8476891907829609 12.918273416238664 6.6423634987077085 43.324952064593091
leaf_count=108443 58204 11966 1776653 20672 10955 80 319 17 162684 8067 2979 384 647 9331
internal_value=0.000586543 0.00833291 -6.28327e-05 -0.006701 -0.0100798 0.0188902 -0.0144959 -0.0503914 -0.0081778 -0.0284182 -0.00436492 0.0146609 0.025914 -0.00824521
internal_weight=2251.09 174.113 2076.98 182.133 160.891 21.2424 7.51306 4.63724 157.199 24.919 132.281 22.4083 19.5606 109.872
internal_count=2171401 70170 2101231 324578 215719 108859 416 336 195047 170751 24296 4010 1031 20286
is_linear=0
shrinkage=0.05


Tree=241
num_leaves=15
num_cat=0
split_feature=26 16 16 27 3 12 26 13 18 17 16 17 13 18
split_gain=3.91381 4.16014 5.1632 3.50024 6.02086 3.62667 4.12323 4.26272 6.60345 5.56574 5.15589 3.68326 3.53402 5.7331
threshold=0.45227272808551794 5.7153801918029794 5.6577370166778573 17.454700469970707 0.060643374919891364 0.19615384936332705 0.28869047760963445 0.43167701363563543 0.50045207142829906 5.2067463397979745 4.7140145301818857 4.930863857269288 0.27525253593921667 0.225215919315815
decision_type=10 10 10 10 10 10 10 8 10 8 8 10 10 8
left_child=1 2 3 5 -5 12 7 10 9 11 -7 -9 -1 -14
right_child=-2 -3 -4 4 -6 6 -8 8 -10 -11 -12 -13 13 -15
leaf_value=-0.00099982151655515208 0.0072182979858488872 0.016035890714252373 -0.063986688178845355 0.048830580584016979 -0.075958014671545768 0.049146393289498005 -0.095219272604749314 -0.061438452213106814 0.052169777625006644 -0.12184145733142225 -0.046983695568388294 0.055981345929237716 -0.058351933867983367 -0.0011479400943190882
leaf_weight=1951.6419520252819 171.65476361755191 36.714794497787352 3.2429935117829691 7.0711553292422833 1.1196571553103947 12.859434238396265 0.76113721911815702 1.357047792330609 2.7060657105898427 1.588067661952407 1.5645467090039353 1.3150746909973952 7.0689576594111658 11.514678407940625
leaf_count=1972143 70165 82764 10813 204 2020 4060 248 1281 2337 2078 2158 330 7007 14014
internal_value=-3.2781e-05 -0.000642762 -0.000948357 -0.000846169 0.0317724 -0.000980266 0.0191383 0.0232075 -0.00891051 -0.0477086 0.0387193 -0.00365076 -0.00120646 -0.0229075
internal_weight=2212.18 2040.53 2003.81 2000.57 8.19081 1992.38 22.1514 21.3902 6.96626 4.26019 14.424 2.67212 1970.23 18.5836
internal_count=2171622 2101457 2018693 2007880 2224 2005656 12492 12244 6026 3689 6218 1611 1993164 21021
is_linear=0
shrinkage=0.05


Tree=242
num_leaves=15
num_cat=0
split_feature=16 17 16 8 11 17 8 8 10 0 26 8 8 8
split_gain=5.13662 4.60508 4.11413 6.89305 6.01946 6.82446 5.43088 6.5941 6.07041 5.05894 8.18189 5.0557 5.11381 4.55868
threshold=6.1235833168029794 5.0968081951141366 2.8029010295867924 197.50000000000003 0.83333334326744091 5.9519429206848153 188.50000000000003 183.50000000000003 0.01936847344040871 0.60673585534095775 0.67948719859123241 130.50000000000003 199.50000000000003 67.500000000000014
decision_type=10 10 8 10 8 8 10 10 10 10 8 10 8 10
left_child=2 -2 4 6 5 9 7 -4 -8 10 -1 13 -13 -6
right_child=1 -3 3 -5 11 -7 8 -9 -10 -11 -12 12 -14 -15
leaf_value=0.0049818287788134137 -0.067228247526489093 0.032094536224234298 -0.00062023346583139297 -0.090601876228260866 -0.0028698960472030304 -0.076092389848428768 0.045301680686090535 -0.086566111170053139 -0.075167448241417897 0.016162903435705381 -0.05532648388300631 -0.095158448852987632 0.060656930845717938 0.033147991261383597
leaf_weight=23.622998538892688 1.2451746321728112 18.594166737951848 1858.0378963748751 2.1255363625846249 140.73088712143385 2.2011435334377429 10.578227317213644 2.2344347621860825 1.1604093136387508 153.30856905263397 6.6649991556514321 2.5979107425483305 0.66044831896953393 9.3699181700656009
leaf_count=96457 10101 19855 1848943 11609 58722 8771 34815 19383 53 20637 19927 11562 154 10297
internal_value=0.000532365 0.0258608 0.000305329 -0.000611714 0.00537279 0.0114246 -0.000509536 -0.000723466 0.0333928 0.0124738 -0.00619925 -0.00195907 -0.0635757 -0.000621509
internal_weight=2233.13 19.8393 2213.29 1874.14 339.157 185.798 1872.01 1860.27 11.7386 183.597 30.288 153.359 3.25836 150.101
internal_count=2171286 29956 2141330 1914803 226527 145792 1903194 1868326 34868 137021 116384 80735 11716 69019
is_linear=0
shrinkage=0.05


Tree=243
num_leaves=15
num_cat=0
split_feature=16 15 4 8 28 18 2 12 3 27 13 0 8 16
split_gain=4.73669 4.24782 4.25307 3.93402 3.78104 5.37104 8.35695 11.6894 10.2716 10.0542 5.15549 5.30149 6.90845 8.07853
threshold=6.151663303375245 1.0000000180025095e-35 0.0029639303684234623 33.500000000000007 1.5000000000000002 0.67770555615425121 1.0765857696533205 0.073622401803731932 1.0000000180025095e-35 2.1672358512878422 0.41885964572429663 0.70199033617973339 64.500000000000014 4.0342013835906991
decision_type=10 10 10 10 10 10 10 10 8 8 8 8 8 8
left_child=4 3 -3 -2 5 -1 -7 8 9 -8 -6 12 13 -12
right_child=1 2 -4 -5 10 6 7 -9 -10 -11 11 -13 -14 -15
leaf_value=-0.00026621318603732531 -0.031167293395430919 -0.090483199800590566 0.062242504562503825 0.040396254686040058 0.012417321467468215 -0.036854896730974335 -0.070949909605018235 -0.076479064758452384 0.0129980223462708 0.0070785725781861543 -0.0042771148771873829 0.0062172473058798453 0.0013948790902742017 -0.030000358773097532
leaf_weight=1413.4879450813362 4.2306718654349105 0.48486714581831325 7.6161489751794313 3.5167460647282356 129.10018161634673 25.704829819747815 8.3540074003976894 5.123225687352714 50.826742643436091 8.1618666417634795 120.65909081042965 282.43316301520485 126.02002454241943 40.858278533487336
leaf_count=1576606 14502 390 2206 8168 26411 421764 98 1137 13140 67 20015 7648 57128 20557
internal_value=0.000549782 0.027787 0.0531015 0.00131718 0.000354522 -0.00105166 -0.0123607 -0.00367227 0.00186666 -0.0323895 0.00339523 0.00135169 -0.00342749 -0.0107842
internal_weight=2226.58 15.8484 8.10102 7.74742 2210.73 1511.66 98.1707 72.4658 67.3426 16.5159 699.071 569.971 287.537 161.517
internal_count=2169837 25266 2596 22670 2144571 2012812 436206 14442 13305 165 131759 105348 97700 40572
is_linear=0
shrinkage=0.05


Tree=244
num_leaves=15
num_cat=0
split_feature=13 17 26 3 4 8 26 7 2 1 18 16 3 17
split_gain=4.69566 6.45539 4.99244 4.44743 6.74331 8.05313 7.8127 9.77566 8.43201 6.85044 6.83103 6.60605 7.83237 6.19026
threshold=0.15301003307104113 6.2624449729919442 0.45227272808551794 0.039126038551330573 0.0087648928165435808 1.5000000000000002 0.34057971835136419 55.321355819702156 0.36192508041858679 42.500000000000007 0.079760566353797926 2.9700856208801274 0.063951820135116591 6.4010872840881357
decision_type=10 10 10 10 10 8 8 8 8 10 10 8 10 10
left_child=2 -2 3 -1 5 -5 8 -8 -7 -6 -10 12 -9 -11
right_child=1 -3 -4 4 9 6 7 11 10 13 -12 -13 -14 -15
leaf_value=0.0011295582296453909 0.0048868072982735447 0.03528233156878198 0.0080060094888258163 -0.080116748218355016 -0.0040947987248310409 0.041759562532771008 -0.06104558491359572 -0.029907466113553629 -0.023600229086226235 0.010583119360164456 -0.0013091183947964574 -0.024646617009782663 0.033529803241352463 -0.045877579764200635
leaf_weight=1134.2602142428693 122.6754276254876 20.368266030503719 172.30496602703215 3.9935469649048416 334.51086725335426 9.7170448724993221 13.355049484857735 7.8633361129578629 43.228977594459309 146.69351398693973 167.68326384338161 46.539881838967233 12.7635074540789 5.0207904735215427
leaf_count=76868 88668 4861 67149 759 693719 148351 43738 825 24351 793755 140643 58615 10137 18206
internal_value=0.000449698 0.00921488 -0.000147939 -0.000877553 -0.00375432 -0.00958049 -0.00864511 -0.0219758 -0.00377988 -9.79411e-05 -0.00587795 -0.0142074 0.00934634 0.00871462
internal_weight=2240.98 143.044 2097.93 1925.63 791.37 305.145 301.151 80.5218 220.629 486.225 210.912 67.1667 20.6268 151.714
internal_count=2170645 93529 2077116 2009967 1933099 427419 426660 113315 313345 1505680 164994 69577 10962 811961
is_linear=0
shrinkage=0.05


Tree=245
num_leaves=15
num_cat=0
split_feature=9 9 1 18 2 2 8 8 10 7 17 9 8 7
split_gain=4.59829 8.75341 7.14071 6.30983 5.85136 4.75487 4.28759 7.46314 5.15374 4.54308 4.39035 4.3891 7.58274 6.565
threshold=0.1958832070231438 0.19454707950353625 4.5000000000000009 0.024235749617218975 1.9880797863006594 0.50003287196159374 188.50000000000003 162.50000000000003 0.020455651916563514 6.3340721130371103 5.6750385761260995 0.13559930771589282 67.500000000000014 36.445343017578132
decision_type=10 10 8 8 10 10 10 10 8 8 8 8 10 10
left_child=1 4 -3 -2 6 -5 7 9 -9 -1 -8 -11 -13 -14
right_child=3 2 -4 5 -6 -7 10 8 -10 11 -12 12 13 -15
leaf_value=-0.10460142687954635 0.049274809417984955 -0.63283119869885351 -0.11768754205811571 0.014567764861613933 0.0057905554811262675 0.0010895131351863906 0.061315134336410115 -0.08613299151380828 -0.75136256552919733 0.04194160143485632 -0.077316110271888144 -0.0028404996442171573 -0.053770023818977358 0.044122417485684046
leaf_weight=1.0998210615349489 7.3468288586619837 0.091116418712695491 0.25704411564841712 74.123417646707594 220.12347919883655 558.26206960107436 4.3575588767331048 2.1783824917009724 0.029509570891490866 5.4255809643505604 0.65724495557440121 1329.210877039046 5.6507517437732826 1.7126828932982938
leaf_count=8565 9660 16 3055 609274 3221 63827 14446 41546 9 41731 6665 1308723 55052 4750
internal_value=-0.000368836 -0.00182416 -0.252505 0.00320456 -0.00176859 0.00266933 -0.00300084 -0.00317286 -0.0950241 -0.00302187 0.043146 -0.00293862 -0.0031208 -0.0537199
internal_weight=2210.53 1570.79 0.348161 639.732 1570.45 632.385 1350.32 1345.31 2.20789 1343.1 5.0148 1342 1336.57 7.36343
internal_count=2170540 1487779 3071 682761 1484708 673101 1481487 1460376 41555 1418821 21111 1410256 1368525 59802
is_linear=0
shrinkage=0.05


Tree=246
num_leaves=15
num_cat=0
split_feature=11 16 18 3 28 16 4 18 18 18 18 16 18 26
split_gain=4.64478 6.67959 5.56133 5.01969 5.58002 4.804 4.61464 5.03055 7.60588 5.01434 4.46812 3.95046 6.32001 6.02063
threshold=0.52272728085517894 5.0782890319824228 3.8689931631088261 1.0000000180025095e-35 1.5000000000000002 5.7153801918029794 0.0057829618453979501 0.3776132613420487 0.10229147970676424 0.072082549333572402 0.19609431922435763 2.4414010047912602 0.079760566353797926 0.3717105239629746
decision_type=10 8 10 10 8 10 10 10 10 10 10 8 8 10
left_child=2 3 5 -2 6 -1 10 8 9 -8 -5 -6 -13 -14
right_child=1 -3 -4 4 11 -7 7 -9 -10 -11 -12 12 13 -15
leaf_value=-0.00012284787231949321 0.029743857474081942 0.066790614294306314 -0.071198230286697292 0.053552743638528938 0.053185099904408333 0.017403674404299192 -0.069342385198926437 0.067243144105348332 -0.0647860012052245 0.04715648836042162 -0.076718875623719221 -0.099594226935057872 0.011145546468290852 -0.071411759278305981
leaf_weight=2129.1408991801131 18.842784909873608 5.4954210950934899 2.7308778920491923 7.8042353321106628 1.4114917105409848 39.829097272734543 1.184685160697678 1.9970940621450157 4.8672425723183421 4.1920486212803887 0.71883866866446045 2.9225880944210143 6.7127057386871325 3.2910748790234265
leaf_count=2056666 325 1589 31642 1037 49 69878 1256 1089 4468 898 631 378 823 507
internal_value=0.000486637 0.0142761 0.000109213 0.00892644 -0.00224837 0.000198994 0.0143172 -0.00535124 -0.0195037 0.0214877 0.0425656 -0.0262387 -0.0349114 -0.0160144
internal_weight=2231.14 59.4402 2171.7 53.9448 35.102 2168.97 20.7641 12.2411 10.244 5.37673 8.52307 14.3379 12.9264 10.0038
internal_count=2171236 13050 2158186 11461 11136 2126544 9379 7711 6622 2154 1668 1757 1708 1330
is_linear=0
shrinkage=0.05


Tree=247
num_leaves=15
num_cat=0
split_feature=10 4 16 16 11 0 1 4 17 1 27 10 13 10
split_gain=3.78497 4.20974 4.00281 6.49178 14.6808 5.44877 10.4565 4.91078 4.48797 5.89309 5.29372 4.26509 3.93385 3.7678
threshold=0.032654678449034698 0.025247901678085331 5.2548844814300546 5.2443854808807382 0.52272728085517894 0.66994607448577892 71.500000000000014 0.031992048025131233 5.8902609348297128 92.500000000000014 2.1672358512878422 0.016871056519448761 0.089087303727865233 0.010752843692898752
decision_type=10 8 10 10 10 8 8 8 8 8 8 10 10 8
left_child=2 -2 3 13 -5 6 -4 8 9 -7 11 -10 -11 -1
right_child=1 -3 5 4 -6 7 -8 -9 10 12 -12 -13 -14 -15
leaf_value=-0.03042476975701161 -0.0045620495705736615 0.045081471595755984 -0.061762832681950722 -0.087425926794091294 0.080207877415573503 0.00030619709954428506 0.00030619709954428506 0.031704706397174293 0.03596641739090347 0.00030619709954428506 0.00030619709954428506 0.00030619709954428506 0.26589556132096809 0.00030843574279760416
leaf_weight=10.020925726862433 7.4496051911337444 10.006607560335395 7.8575671677369829 5.4744584702613102 1.7153016872947544 31.612422300020413 14.532491141110386 28.277903326598249 30.603497915030403 0.13617462387901369 8.9877424074647916 5.1675311006729308 0.38272598924049817 2071.4026652047392
leaf_count=586568 110 1052 13100 5099 54 2868 186956 8842 2551 363 764 207 119 1362820
internal_value=0.000704451 0.0238956 0.000521781 -3.36043e-06 -0.0474326 0.00912035 -0.0132761 0.0138885 0.00733624 0.000306197 0.0186249 0.0284107 0.182168 0.000160472
internal_weight=2233.63 17.4562 2216.17 2088.61 7.18976 127.558 22.3901 105.168 76.8901 32.1313 44.7588 35.771 0.518901 2081.42
internal_count=2171473 1162 2170311 1954541 5153 215770 200056 15714 6872 3350 3522 2758 482 1949388
is_linear=0
shrinkage=0.05


Tree=248
num_leaves=15
num_cat=0
split_feature=3 17 17 16 15 10 3 4 1 0 3 4 10 27
split_gain=4.30422 4.76074 8.92942 6.75369 6.6731 9.84928 8.02821 6.46475 4.98276 9.87607 6.36404 5.30581 4.4332 4.42226
threshold=0.10434558987617494 4.5798392295837411 5.1269311904907235 2.8029010295867924 1.0000000180025095e-35 0.0070444110315293082 0.12981405854225161 0.0052847266197204599 108.50000000000001 0.6531885862350465 0.10843575000762941 0.011659353971481325 0.010752843692898752 2.2912939786911015
decision_type=10 8 10 10 10 10 10 10 10 10 10 10 8 10
left_child=12 3 4 -2 5 -3 7 -6 -9 10 -10 -11 -1 -14
right_child=1 2 -4 -5 6 -7 -8 8 9 11 -12 -13 13 -15
leaf_value=-0.053846868610875245 0.016693177212330906 -0.0062358627714704622 0.0030156433933166229 -0.041602771402755444 -0.053718315402146381 0.057959523301972474 -0.051779588899248358 0.056716111993684259 -0.096159587073244707 0.18536204286336225 0.11874769730382784 0.42779567730291612 -0.001693797714857627 0.0045935539229643736
leaf_weight=3.9287355484347577 9.4151608558597992 15.043798357405633 78.42657050769445 10.519013808830902 0.78788757912843799 9.9115961266789245 1.2525418782140647 4.0949776705840559 0.39031784754342913 0.57781649378011923 2.9337101890363897 0.36034939573437441 1740.258888468275 333.22301937837938
leaf_count=24193 64545 398190 942177 302680 1929 98792 22185 1505 376 259 3114 243 288054 22866
internal_value=-0.00022424 0.00847105 0.01242 -0.0140689 0.0332826 0.0192608 0.0669366 0.0831964 0.0961043 0.133947 0.0935126 0.277211 -0.000783918 -0.000683376
internal_weight=2211.12 133.714 113.78 19.9342 35.353 24.9554 10.3976 9.14506 8.35717 4.26219 3.32403 0.938166 2077.41 2073.48
internal_count=2171108 1835995 1468770 367225 526593 496982 29611 7426 5497 3992 3490 502 335113 310920
is_linear=0
shrinkage=0.05


Tree=249
num_leaves=15
num_cat=0
split_feature=2 10 10 4 17 3 2 0 10 27 27 2 1 18
split_gain=4.04042 7.27105 10.9498 7.46544 10.212 11.7979 8.65803 11.2153 8.50776 6.88735 9.16144 6.23756 6.10991 5.81012
threshold=0.81066006422042858 0.01985479332506657 0.018121100962162021 0.012701481580734255 6.1892895698547372 0.11241209506988527 0.53152126073837291 0.59828969836235057 0.011364283971488478 3.8887368440628056 3.9103198051452641 0.81956791877746593 169.50000000000003 0.055844314396381385
decision_type=10 10 10 10 8 10 8 8 10 10 8 8 8 10
left_child=1 2 3 13 5 8 7 -7 -5 -8 -11 -2 -9 -1
right_child=11 -3 -4 4 -6 6 9 12 -10 10 -12 -13 -14 -15
leaf_value=0.018879606152702892 -0.058881505383326871 0.022814474961143059 -0.083521617875718338 0.047199880072991508 -0.031007548712024813 -0.014073030167042975 -0.036155253711275155 0.18490353688827765 -0.071483480809701697 0.66796123733138757 0.050388005585946631 -0.00015913883239072063 0.048977467817467014 -0.0036416681902770179
leaf_weight=32.926450448558313 4.5333624537613586 51.418996515701963 3.6477611756404249 36.507925458863916 9.9531182381987531 9.7069801960346478 14.26277898755651 0.90872709472475754 1.575145104268812 0.062636358474192577 1.455426512676592 1833.1432068579829 9.1635373660766071 219.86641541414838
leaf_count=53651 8919 4110 4416 41383 112172 789215 219671 7912 1432 75 6989 307917 80583 532743
internal_value=0.000678475 0.00529068 0.0026408 0.00357513 0.016528 0.0229526 0.00224205 0.0242793 0.042291 -0.0253789 0.0758695 -0.000304001 0.0612408 -0.000708256
internal_weight=2229.13 391.456 340.037 336.389 83.5963 73.6432 35.5601 19.7792 38.0831 15.7808 1.51806 1837.68 10.0723 252.793
internal_count=2171188 1854352 1850242 1845826 1259432 1147260 1104445 877710 42815 226735 7064 316836 88495 586394
is_linear=0
shrinkage=0.05


Tree=250
num_leaves=15
num_cat=0
split_feature=10 8 8 1 4 18 18 1 1 18 17 16 10 12
split_gain=4.67998 4.27871 7.64534 5.55208 8.62649 6.15943 5.93673 15.0107 11.537 10.928 7.92409 5.61746 5.20785 5.57252
threshold=0.018857188522815708 189.50000000000003 168.50000000000003 18.500000000000004 0.00097125768661499034 0.039889827370643623 0.61502882838249218 42.500000000000007 42.500000000000007 0.28689375519752508 5.9725358486175546 4.2268071174621591 0.008265376556664707 0.24568965286016467
decision_type=8 10 8 8 8 8 8 10 10 8 10 8 10 10
left_child=1 2 3 11 -5 -6 7 9 10 -7 -8 -1 -9 -14
right_child=-2 -3 -4 4 5 6 8 12 -10 -11 -12 -13 13 -15
leaf_value=0.05343328736046337 -0.00080974118430523307 0.037729341121320564 -0.041566967978951458 0.04824008887400115 0.048929077997817115 0.015765331826420568 -0.05846556350175805 0.15084880313263971 0.049046767559027697 -0.071478530870075982 0.060584016501270668 -0.08081039018858327 -0.067932658200731202 0.064660260706954159
leaf_weight=10.31423364376446 2107.4201819303739 12.07529182041378 7.725097776183218 10.436705029510396 5.8287770151390186 28.423616659488349 5.7732646943451256 0.29819483047893847 11.989307938992663 4.1080933894180474 1.8442828547401378 0.84296655678085919 13.661406180648589 0.84120463545485158
leaf_count=493 1332368 47891 91336 22530 24341 221132 223531 2033 19477 143667 6725 281 35453 176
internal_value=-0.000275611 0.00958434 0.00625523 0.0101703 0.00572905 -0.000368061 -0.00466063 -0.0142442 0.0184748 0.00474821 -0.0296425 0.0432907 -0.0559889 -0.0602418
internal_weight=2221.58 114.162 102.087 94.3621 83.2049 72.7681 66.9394 47.3325 19.6069 32.5317 7.61755 11.1572 14.8008 14.5026
internal_count=2171434 839066 791175 699839 699065 676535 652194 402461 249733 364799 230256 774 37662 35629
is_linear=0
shrinkage=0.05


Tree=251
num_leaves=15
num_cat=0
split_feature=16 3 8 3 10 16 25 27 17 0 4 2 8 4
split_gain=4.60321 4.43848 3.78447 6.0876 4.89971 7.06037 4.1185 5.22128 5.58083 3.58269 4.61868 4.13581 3.50292 8.61854
threshold=6.3035306930542001 0.24003863334655764 4.5000000000000009 0.081891596317291274 0.026880295015871528 3.4498615264892583 3.5000000000000004 11.852264881134035 5.0466406345367441 0.66994607448577892 0.018683105707168583 1.5781238675117495 1.5000000000000002 0.0098882913589477556
decision_type=10 8 8 10 10 8 10 10 10 8 8 10 10 8
left_child=2 -2 3 4 5 -1 -4 -8 -9 10 12 -11 -6 -14
right_child=1 -3 6 -5 9 -7 7 8 -10 11 -12 -13 13 -15
leaf_value=0.0076365408817840458 0.037856963011279401 -0.092099120014204838 -0.00060562144378020722 0.031359459153674947 -0.0012308225676683653 -0.11025263900624688 -0.063406040017654125 -0.074590263509548602 0.017536071935161952 0.02859721619120674 -0.06298952442756936 0.0042536292601559377 -0.07174860584534451 -0.0012308225676683653
leaf_weight=2.8648865405064035 11.582854095838968 0.69653347718866321 2031.4729294391877 22.311009045297766 11.68106985170744 2.2814421680026271 5.9213648291839691 2.127662148251547 7.2297980116804279 21.679235841380432 3.7356869803261352 89.381648733506154 6.1082050719414811 4.9362574941624198
leaf_count=112 11734 7068 2115083 13722 105 458 12321 2850 5565 229 156 2005 127 66
internal_value=-4.3436e-05 0.0304854 -0.00021293 0.00707198 0.00327381 -0.0446254 -0.000800133 -0.0266625 -0.00341125 0.00506629 -0.0114672 0.00900553 -0.00299779 -0.0295034
internal_weight=2224.01 12.2794 2211.73 164.979 142.668 5.14633 2046.75 15.2788 9.35746 137.522 26.4612 111.061 22.7255 11.0445
internal_count=2171601 18802 2152799 16980 3258 570 2135819 20736 8415 2688 454 2234 298 193
is_linear=0
shrinkage=0.05


Tree=252
num_leaves=15
num_cat=0
split_feature=16 0 10 8 3 14 3 16 16 17 16 3 25 10
split_gain=5.25403 4.29118 5.96993 4.20829 5.75356 4.88657 4.12534 4.05769 5.51875 6.00881 6.25179 4.76548 4.28472 3.91025
threshold=2.1383330821990971 0.70199033617973339 0.021544498391449455 33.500000000000007 0.060643374919891364 1.0000000180025095e-35 1.0000000180025095e-35 4.7229433059692392 4.8713660240173349 5.2806591987609872 4.8242976665496835 0.11721190810203554 1.5000000000000002 0.025389983318746093
decision_type=8 8 10 10 10 8 8 10 10 10 10 10 10 10
left_child=3 13 7 5 6 -1 -5 11 9 -9 -11 -3 -10 -2
right_child=1 2 -4 4 -6 -7 -8 8 12 10 -12 -13 -14 -15
leaf_value=0.027704834810558479 -0.0015364272534199768 -0.00054390599071574752 0.0086771719484913436 0.0074233115988079513 0.028746853226703839 0.0017109365915284561 -0.071433227011979211 0.05816052140175304 0.00036406187750846769 -0.00054390599071574752 0.045147868137143943 0.12944840101829214 0.040291758938124728 -0.010835385393046572
leaf_weight=42.697373007039623 831.29780004662928 749.02396582430663 243.33197589279712 2.582422370731364 4.5136673136960743 31.359056135475534 4.6358848360773663 9.6995258105993383 125.49818145408042 17.451083411114499 9.6243802017177114 0.7748891845479865 7.0992337445834997 130.84544563327358
leaf_count=17711 2010705 66662 4479 27 20083 20091 712 1495 16338 1959 766 1301 1768 6965
internal_value=0.00015878 -0.000331053 0.00171322 0.0122901 -0.015533 0.0166978 -0.0432215 -0.000130351 0.00725489 0.0243929 0.012296 -0.000543906 0.00250178 -0.00280103
internal_weight=2210.43 2124.65 1162.5 85.7884 11.732 74.0564 7.21831 919.171 169.372 36.775 27.0755 749.799 132.597 962.143
internal_count=2171062 2112438 94768 58624 20822 37802 739 90289 22326 4220 2725 67963 18106 2017670
is_linear=0
shrinkage=0.05


Tree=253
num_leaves=15
num_cat=0
split_feature=21 13 17 3 17 18 3 17 16 17 2 8 7 18
split_gain=13.2528 4.82213 5.7974 4.54722 5.09632 4.12658 8.54615 6.39946 5.11041 10.1189 6.35845 5.34906 4.58319 4.20353
threshold=1.5000000000000002 0.15301003307104113 6.2850661277771005 0.17208911478519442 6.112574815750123 0.32690238952636724 0.078331798315048232 5.9597148895263681 3.6762205362319951 5.3589394092559823 0.99623942375183117 26.500000000000004 23.000711441040043 0.21278599649667743
decision_type=10 10 10 10 10 8 8 10 10 10 8 8 8 8
left_child=1 -1 3 4 5 6 8 -7 12 -10 -11 -12 -3 -13
right_child=-2 2 -4 -5 -6 7 -8 -9 9 10 11 13 -14 -15
leaf_value=-5.7890550229565743e-05 -0.091482899699630263 -0.049836801290516403 0.035199890897974928 0.061664579583829329 -0.05202159250400238 0.0077984211069345435 -0.046248015469092636 0.052601148786531132 -0.11545833130132988 0.077977720462815217 0.059787169252433672 -0.043549243459993892 0.024901339868343197 0.0046551893488656791
leaf_weight=2080.2973338438683 3.9183609186457025 2.2214414449045803 18.943089082740073 3.5020017221631283 3.9453355083968793 43.211252904404482 9.6197174954995983 9.772902442144213 2.1475080051059221 2.2446901971979942 2.380824964738177 9.2322201473002696 26.778133927024101 8.8652958960346933
leaf_count=2072461 6122 68 4128 51993 1881 19119 12425 916 222 287 34 319 976 258
internal_value=0.000390425 0.000552353 0.00943832 0.00550031 0.00386696 0.00576007 -0.00283741 0.0160623 0.00491453 -0.0117149 -0.00191031 -0.0106671 0.0191762 -0.0199357
internal_weight=2227.08 2223.16 142.864 123.921 120.419 116.474 63.4898 52.9842 53.8701 24.8705 22.723 20.4783 28.9996 18.0975
internal_count=2171209 2165087 92626 88498 36505 34624 14589 20035 2164 1120 898 611 1044 577
is_linear=0
shrinkage=0.05


Tree=254
num_leaves=15
num_cat=0
split_feature=16 16 2 12 12 12 17 15 9 9 18 13 18 9
split_gain=5.39142 10.3611 5.0853 6.36887 6.58979 11.0013 6.36743 5.04755 4.37268 8.38886 5.8836 5.88302 7.21318 6.11714
threshold=5.2548844814300546 5.2496488094329843 -0.058830043300986283 0.069366481155157103 0.084219858050346388 0.13188406080007556 5.4402484893798837 1.0000000180025095e-35 0.2984511554241181 0.28940641880035406 5.5521085262298593 0.41885964572429663 0.15935160964727405 0.42375834286212927
decision_type=10 10 10 8 8 8 10 8 10 10 10 8 10 8
left_child=1 8 7 6 -5 -6 -4 -2 9 10 -1 -10 -13 -14
right_child=2 -3 3 4 5 -7 -8 -9 11 -11 -12 12 13 -15
leaf_value=-0.0016351056604579908 -0.07300610001565809 -0.098218081060201703 -0.071006720500496515 0.053877371937961188 -0.076727468094963877 0.01276453165022374 -0.0047752965639156833 0.035927638162956813 0.015520088615904407 -0.068445913595782309 0.33700501781796849 0.0088912731748622374 0.0099054616407379757 -0.0083773426919549962
leaf_weight=1554.4246098469646 1.1159145567778701 2.7152740790734233 4.1598477124090953 8.8082928852835689 3.6344259722876089 62.30546817216841 28.432152156024458 22.59553727807571 84.928130430478049 4.708685185269359 0.12827508779673635 177.84195181889976 59.356265408405221 199.60429901948444
leaf_count=1550561 23514 2712 19410 3209 4189 52263 24041 89379 78179 17425 1080 97403 101088 106598
internal_value=8.09424e-06 -0.000610579 0.00984493 0.00521574 0.0132579 0.00783198 -0.0132287 0.030801 -0.000483221 -0.001809 -0.00160716 0.00347906 0.0011379 -0.00418675
internal_weight=2214.76 2083.71 131.052 107.34 74.7482 65.9399 32.592 23.7115 2080.99 1559.26 1554.55 521.731 436.803 258.961
internal_count=2171051 1955046 216005 103112 59661 56452 43451 112893 1952334 1569066 1551641 383268 305089 207686
is_linear=0
shrinkage=0.05


Tree=255
num_leaves=15
num_cat=0
split_feature=10 10 17 18 10 1 0 1 0 8 8 8 18 26
split_gain=4.44856 4.99599 4.4609 7.01944 8.43929 6.9727 6.64084 8.08975 6.61884 6.36011 5.75306 6.23324 4.66396 4.40184
threshold=0.018857188522815708 0.0093466029502451437 4.7140145301818857 0.05161907151341439 0.016871056519448761 20.500000000000004 0.69005811214447033 208.50000000000003 0.5305900275707246 161.50000000000003 76.500000000000014 189.50000000000003 0.13005526363849643 0.19523809850215915
decision_type=8 8 10 10 8 8 10 8 10 10 10 8 10 10
left_child=1 -1 8 -4 6 9 7 12 -3 -6 -10 13 -5 -12
right_child=-2 2 3 4 5 -7 -8 -9 10 -11 11 -13 -14 -15
leaf_value=-0.026348668409490572 -0.00069080591823764137 -0.082571056686212202 0.041553627144786137 -0.077425233657173201 0.025339538608054692 -0.076078520387635601 0.048852449943452954 0.024242204843310938 0.058174617348275372 -0.06499116648261076 -0.024857951889876523 0.062225220234990331 -0.011522941239560946 0.034439178352113888
leaf_weight=8.8375058639906854 2102.9128786711008 1.2940629575194424 11.301536805519964 3.3454162009957846 5.6701121444718083 5.9397937496228765 8.6381138593560518 16.219224508054705 12.990061797990952 2.9690135424059605 8.1682020589115876 4.938909997656352 13.593193410408594 4.7583808765944005
leaf_count=615539 1331920 40814 9768 4233 551 6061 487 116762 14257 499 8781 664 20336 952
internal_value=-0.000181053 0.00968395 0.0128739 0.00558891 -0.00162098 -0.0343765 0.00980453 -0.00036804 0.0282091 -0.00570447 0.0328552 0.0144453 -0.0245388 -0.00381018
internal_weight=2211.58 108.664 99.826 67.6764 56.3749 14.5789 41.7959 33.1578 32.1496 8.63913 30.8556 17.8655 16.9386 12.9266
internal_count=2171624 839704 224165 158697 148929 7111 141818 141331 65468 1050 24654 10397 24569 9733
is_linear=0
shrinkage=0.05


Tree=256
num_leaves=15
num_cat=0
split_feature=10 0 18 17 1 7 8 18 0 1 1 18 8 11
split_gain=7.29954 5.35107 7.30013 6.06325 4.44387 4.23228 4.04776 3.86745 3.86826 3.69802 6.03324 3.85877 3.61103 5.95567
threshold=0.018857188522815708 0.52824953198432933 0.13980128616094592 4.7140145301818857 205.50000000000003 157.6841735839844 82.500000000000014 0.05161907151341439 0.72143161296844494 163.50000000000003 148.50000000000003 0.47192865610122686 184.50000000000003 1.0000000180025095e-35
decision_type=8 10 8 8 10 10 10 8 10 10 10 10 10 8
left_child=1 2 -1 6 7 9 -3 -5 -9 10 12 -11 -2 -14
right_child=5 3 -4 4 -6 -7 -8 8 -10 11 -12 -13 13 -15
leaf_value=-0.0010163269443256172 -0.0013966507725951846 0.056933174638367438 -0.060341231297208024 0.036159920011835343 0.052668478169425152 0.02660134051867907 0.019108604354691552 -0.0010163269443256172 0.042767490446800428 -0.0096918284697709509 0.01254558012020085 -0.052044590365609322 0.0091983142577933535 -0.09873954998147802
leaf_weight=6.9018638196448396 2004.0775119467735 12.257959551132549 6.2653422118708626 8.1833250787851739 5.0965705008022928 13.475617614624751 16.721835021668369 49.308582217512644 5.0472774515583287 47.048697322511067 19.05396082962011 6.0721506104989862 2.6194943732328957 2.4954265104462365
leaf_count=131426 724029 17118 491854 7315 14702 563 24325 151947 126 395123 61358 150359 134 87
internal_value=-0.000670716 0.0118971 -0.0180049 0.0159723 0.00777329 -0.00132935 0.0351078 0.0041146 -0.000709854 -0.00151018 -0.0011691 -0.0145331 -0.00150374 -0.0434615
internal_weight=2204.63 109.783 13.1672 96.6155 67.6358 2094.84 28.9798 62.5392 54.3559 2081.37 2028.25 53.1208 2009.19 5.11492
internal_count=2170466 838813 623280 215533 174090 1331653 41443 159388 152073 1331090 785608 545482 724250 221
is_linear=0
shrinkage=0.05


Tree=257
num_leaves=15
num_cat=0
split_feature=8 8 18 16 1 0 8 8 4 26 26 3 16 18
split_gain=3.48087 5.38671 10.0044 6.11408 5.71739 4.84215 4.7979 7.43089 5.99954 6.39993 4.72311 4.85922 8.93692 4.90661
threshold=137.50000000000003 121.50000000000001 0.14943791925907138 4.8402345180511483 2.5000000000000004 0.66353684663772594 107.50000000000001 105.50000000000001 0.0089522302150726336 0.45643940567970281 0.7847222387790681 0.052275985479354865 4.3107767105102548 0.6493021845817567
decision_type=10 10 8 10 8 8 10 10 8 8 10 8 8 10
left_child=1 6 5 -4 -5 -3 7 -1 9 -8 11 12 -2 -14
right_child=10 2 3 4 -6 -7 8 -9 -10 -11 -12 -13 13 -15
leaf_value=-0.00066468798417542579 0.010715926442962851 -0.082627594162657081 -0.088507456735458609 -1.2581839978530391 0.010594248819477693 0.027948495167643878 -0.073179876870166957 -0.091015516711143024 0.040507519715835348 0.019156415794052046 -0.095195464016811809 0.023453010444372605 -0.078788508968966484 -0.0028957067029167544
leaf_weight=2095.5732179645856 34.466914052576129 1.1567699806851819 6.7830084206408072 0.008913457557128579 2.2997597013179178 6.8692677153411497 2.8387172589140865 2.2781830682956743 15.291440414335151 5.5368496786492818 1.0613608911483385 40.218220156225229 4.9360140093458522 3.7459455388470815
leaf_count=1756371 605 15279 36357 5 17558 646 9846 8711 47575 3774 1809 272248 238 167
internal_value=-0.000342545 -0.000735655 -0.0286716 -0.0645862 0.00569568 0.0120115 -0.00051025 -0.000762805 0.0218763 -0.012139 0.00961522 0.0109496 -0.000704617 -0.0460436
internal_weight=2223.06 2138.64 17.1177 9.09168 2.30867 8.02604 2121.52 2097.85 23.667 8.37557 84.4285 83.3671 43.1489 8.68196
internal_count=2171189 1896122 69845 53920 17563 15925 1826277 1765082 61195 13620 275067 273258 1010 405
is_linear=0
shrinkage=0.05


Tree=258
num_leaves=15
num_cat=0
split_feature=1 2 1 3 15 4 25 18 17 3 1 4 4 17
split_gain=4.51851 4.95827 5.6694 7.00343 8.94042 7.57372 13.6747 6.035 5.01265 4.99076 7.18659 64.5492 87.9768 4.9877
threshold=259.50000000000006 0.5077783763408662 177.50000000000003 0.11721190810203554 1.0000000180025095e-35 0.00037497282028198248 2.5000000000000004 0.039889827370643623 6.1014387607574472 0.15128156542778018 180.50000000000003 0.0045870542526245126 0.0044958889484405526 6.3180665969848642
decision_type=10 8 8 8 8 10 8 8 8 8 8 10 10 10
left_child=1 2 -1 4 5 6 -4 -6 9 -5 11 12 -11 -9
right_child=-2 -3 3 8 7 -7 -8 13 -10 10 -12 -13 -14 -15
leaf_value=0.057455071944600269 -0.036256653694653994 -0.00012622425908711971 0.16229101787454334 0.049337487537973179 0.047968806185795146 0.031600315339482814 1.1467433102967388 -0.054841672473256664 -0.041035459493551113 -0.050279411804337121 0.0037755776315058429 -0.050826471567210908 12.10651723432369 0.032096810538291519
leaf_weight=6.857499496363519 8.5044091418835688 2153.4758405077387 0.29941054297978542 15.483378089224946 2.1093175857180144 3.7420187545437127 0.039985999464988708 11.930289979406089 2.6802353245618269 0.0032783827576520199 11.889531484892112 0.045042153757853143 0.0027254550055886284 1.9144794497597111
leaf_count=54614 161157 842991 395 78159 1067 7489 30 32219 127799 201 859905 4088 7 1423
internal_value=0.000119082 0.000259032 0.0148148 0.008983 -0.0139229 0.0521129 0.278274 -0.0308164 0.0242278 0.0306062 0.00631724 0.598315 5.46832 -0.0428197
internal_weight=2218.98 2210.47 56.9972 50.1397 20.0355 4.08142 0.339397 15.9541 30.1042 27.424 11.9406 0.051046 0.00600384 13.8448
internal_count=2171544 2010387 1167396 1112782 42623 7914 425 34709 1070159 942360 864201 4296 208 33642
is_linear=0
shrinkage=0.05


Tree=259
num_leaves=15
num_cat=0
split_feature=28 2 18 16 17 18 0 26 17 3 2 17 18 16
split_gain=4.64907 4.547 7.3165 9.0723 5.94489 4.85254 4.81939 4.68537 6.20148 3.82187 23.5672 14.7044 5.5726 9.84512
threshold=1.5000000000000002 0.69104450941085827 0.47749307751655584 4.0163424015045175 3.979637980461121 0.20314263552427295 0.70199033617973339 0.24404761940240863 6.0173752307891855 1.0000000180025095e-35 1.4900426268577578 5.4402484893798837 0.10229147970676424 2.5249279737472539
decision_type=10 10 10 8 10 8 10 8 8 10 8 10 10 10
left_child=9 2 3 4 -2 -5 -3 -8 -9 10 -1 12 13 -12
right_child=1 6 -4 5 -6 -7 7 8 -10 -11 11 -13 -14 -15
leaf_value=-0.15879417342259172 -0.095109717009145847 -0.0020527877939004549 0.03620108426899539 0.001565940786657791 0.017654724645914409 -0.067899047088961911 0.00236852012075482 0.0089007090443640191 0.037481428818825095 -5.1763272794923314e-05 -0.015649835127434349 0.0028080276520864567 -0.014578003427988926 -0.089284869997662289
leaf_weight=2.5098565650054638 1.2037706509045367 325.08019258893995 26.657866003143631 4.3998085515634946 40.22939565202082 5.8658194871319784 141.36180157681241 129.3397732654139 22.243785219054189 1196.7393134682959 11.690151715435606 209.93551988189563 92.253985064719188 7.4208981955414393
leaf_count=55 1403 50794 33818 2376 26484 13593 3078 2308 329 1975865 2025 27514 30686 1212
internal_value=0.000193841 0.00357724 0.014924 0.0039528 0.0143785 -0.0381266 0.00213863 0.00678983 0.0130947 -0.00135569 -0.00617475 -0.00498255 -0.0196687 -0.0442426
internal_weight=2216.93 696.382 78.3567 51.6988 41.4332 10.2656 618.026 292.945 151.584 1520.55 323.81 321.301 111.365 19.111
internal_count=2171540 134183 77674 43856 27887 15969 56509 5715 2637 2037357 61492 61437 33923 3237
is_linear=0
shrinkage=0.05


Tree=260
num_leaves=15
num_cat=0
split_feature=10 1 1 16 16 3 3 3 0 8 1 1 28 1
split_gain=4.51094 4.67624 5.54285 11.8414 10.3021 10.4333 9.16181 4.66316 6.06263 4.48293 4.35218 6.78533 5.66782 4.97218
threshold=0.016871056519448761 204.50000000000003 197.50000000000003 3.5408543348312382 3.5114340782165532 0.12004378437995912 0.12093147635459901 0.071969985961914076 0.61911591887474071 195.50000000000003 163.50000000000003 111.50000000000001 1.5000000000000002 122.50000000000001
decision_type=8 10 10 10 10 10 10 10 10 10 10 10 8 8
left_child=-1 2 9 4 7 -6 -7 -4 -9 10 11 -2 13 -13
right_child=1 -3 3 -5 5 6 -8 8 -10 -11 -12 12 -14 -15
leaf_value=0.011641492507043293 -0.00082163169102561257 -0.02150014011204622 0.41010573474784373 -0.055706491179053921 -0.052434912199843801 1.9641568366449988 -0.050740662499692717 0.01304159702920438 0.15114867895771342 -0.073270965507675909 -0.022915464194568427 0.032453812678472548 0.044463283064890217 -0.0013672478599824093
leaf_weight=76.144673802963609 2020.3407521044373 26.793035979297201 0.1138968355444584 1.6968345558861462 0.020008992331440711 0.021347307075302524 0.0076684134107019011 1.5357583497234792 1.6466554894771688 2.1203224483119802 21.494944650205525 15.087354705325311 13.366650667151871 38.849270102875437
leaf_count=827390 581397 378932 42 17994 60 2 241 8938 1578 175 140170 42257 12157 159403
internal_value=-0.000317709 -0.000742622 -0.000479825 0.0518814 0.106453 0.825934 1.43165 0.095752 0.0845014 -0.000604876 -0.000531825 -0.000301357 0.0153165 0.00809331
internal_weight=2219.24 2143.09 2116.3 5.04217 3.34534 0.0490247 0.0290157 3.29631 3.18241 2111.26 2109.14 2087.64 67.3033 53.9366
internal_count=2170736 1343346 964414 28855 10861 303 243 10558 10516 935559 935384 795214 213817 201660
is_linear=0
shrinkage=0.05


Tree=261
num_leaves=15
num_cat=0
split_feature=28 2 18 10 9 16 17 18 18 2 3 2 27 18
split_gain=6.35267 5.90224 9.78998 7.72039 8.65143 7.121 6.64217 7.57406 6.02877 5.6411 5.37903 21.943 10.4298 15.1593
threshold=1.5000000000000002 0.94234895706176769 0.61502882838249218 0.01985479332506657 0.41387291252613073 4.3241107463836679 5.2390944957733163 0.074097339063882842 0.41442646086215978 0.29436317086219793 1.0000000180025095e-35 1.4900426268577578 6.3766136169433603 0.087256237864494338
decision_type=10 10 8 8 8 10 10 8 10 8 10 8 8 10
left_child=10 2 3 4 6 -5 -2 -8 -7 -6 11 -1 -13 -14
right_child=1 -3 -4 5 9 8 7 -9 -10 -11 -12 12 13 -15
leaf_value=-0.16756429297853662 0.03219407001914338 0.0014800011295037904 0.036322824931649039 0.021855194548920286 0.026631452672682861 -0.082191603530263613 0.032546869244432501 -0.057614671562114472 0.017640928241900389 -0.074940650826069044 -0.00063620618013725695 -0.0008792330787687129 -0.074688420530887353 -0.01329920135423994
leaf_weight=2.136658008975985 9.5777758572982936 572.15125302816512 34.159292149013581 49.180155494716828 1.6712830130731631 3.2351592567212881 3.6001373449561012 6.5986623874064811 2.8396094208354583 7.506990007451992 1191.8332886492801 227.1936166478684 11.336026743926594 89.074225970456268
leaf_count=57 17689 34697 36885 6755 3710 1341 2135 17200 1038 12491 1973993 44200 1983 15384
internal_value=-0.000394862 0.00358259 0.0137457 0.00458739 -0.0163264 0.0155467 0.00229266 -0.025788 -0.0355256 -0.0564453 -0.00219991 -0.00785184 -0.00681018 -0.0202299
internal_weight=2212.09 690.52 118.369 84.2098 28.9548 55.2549 19.7766 10.1988 6.07477 9.17827 1521.57 329.741 327.604 100.41
internal_count=2169558 133941 99244 62359 53225 9134 37024 19335 2379 16201 2035617 61624 61567 17367
is_linear=0
shrinkage=0.05


Tree=262
num_leaves=15
num_cat=0
split_feature=16 3 26 10 17 3 18 1 3 16 1 16 16 17
split_gain=3.97673 7.97815 6.45467 6.14027 6.87608 6.41883 4.99741 6.6905 5.89319 3.99833 13.4518 7.53979 7.22422 9.06396
threshold=5.2806591987609872 0.13349601626396182 0.12771739065647128 0.022966272197663787 6.1892895698547372 0.078331798315048232 2.0179105997085576 6.5000000000000009 0.027611553668975834 4.8713660240173349 73.500000000000014 4.930863857269288 4.6681339740753183 6.0026509761810312
decision_type=10 8 8 10 10 10 8 8 10 10 8 10 10 8
left_child=9 2 3 5 -5 -2 7 8 -4 12 11 -11 -1 -14
right_child=1 -3 6 4 -6 -7 -8 -9 -10 10 -12 -13 13 -15
leaf_value=-8.1786381811375203e-06 0.023565269057533554 0.033339161401816253 -0.027779760638444364 -0.085175593855693163 0.014726145558531831 -0.022824875332105098 0.021814102476254624 -0.068691409340483803 0.039225102498136481 -0.038812212076112795 -0.052256139475739628 0.0018177864601332018 0.021097235485607158 -0.015487559190498393
leaf_weight=1889.3756497886532 50.151152872630277 27.085358852659425 12.528574576137556 3.309426169165163 3.5917360865937553 8.758979613095816 6.6908697222010529 6.8763778420999264 4.446072413104047 12.789071654201917 15.354481954391472 106.54095783269223 82.166977119324798 21.323570496330234
leaf_count=1624010 4370 169065 149 366 70 19384 3723 8700 198 3215 182178 19587 115696 19639
internal_value=0.000639099 0.00936401 0.00262448 0.0114405 -0.0331814 0.0166678 -0.0163721 -0.0270844 -0.0102296 0.000132887 -0.00820487 -0.00253669 0.000696381 0.0135592
internal_weight=2250.99 123.439 96.3532 65.8113 6.90116 58.9101 30.5419 23.851 16.9746 2127.55 134.685 119.33 1992.87 103.491
internal_count=2170350 206025 36960 24190 436 23754 12770 9047 347 1964325 204980 22802 1759345 135335
is_linear=0
shrinkage=0.05


Tree=263
num_leaves=15
num_cat=0
split_feature=10 3 10 10 8 15 26 28 16 16 18 9 16 3
split_gain=4.81531 5.87076 6.12771 6.02073 6.90547 5.62957 7.10109 6.26171 6.1176 6.09059 5.5783 5.34445 4.89929 4.552
threshold=0.018857188522815708 0.056967675685882575 0.01985479332506657 0.02470413222908974 13.500000000000002 inf 0.27525253593921667 2.5000000000000004 6.151663303375245 1.2424533367156985 3.155902743339539 0.32307411730289465 5.3254430294036874 0.10434558987617494
decision_type=8 10 8 8 10 8 10 8 10 10 10 8 8 10
left_child=-1 10 12 5 13 7 11 8 -4 -8 -2 -7 -3 -5
right_child=1 2 3 4 -6 6 9 -9 -10 -11 -12 -13 -14 -15
leaf_value=0.010995885502496253 0.0020331810193681384 -0.077893230737124633 -0.057825091378475496 -0.0068241589701725607 -0.056861469716507289 -0.042752132310923507 0.28176323790006291 0.045134181826886659 0.070190234856047348 -0.069396636422003971 -0.080683950737908461 0.040955136574734319 0.046069594087246098 0.0048749794216820042
leaf_weight=112.71672825977457 1595.2524785235023 4.5841973584604192 6.6061398186899876 392.61847145463366 6.3395962918607429 2.0687512669919998 0.12993149937028592 3.028608104789356 1.086777780136799 2.4860244829021383 2.0408265891810506 24.365665518202086 0.96481127969799718 105.48271198116049
leaf_count=839268 82603 4305 1783 206340 2473 2850 18 154 49 784 850 7430 610 1022446
internal_value=0.000922456 0.000393618 -0.00406295 -0.00352992 -0.00500662 0.0151996 0.0266277 -0.0157651 -0.0397404 -0.0519549 0.0019275 0.0344042 -0.0563397 -0.00434664
internal_weight=2259.77 2147.05 549.762 544.213 504.441 39.7719 29.0504 10.7215 7.69292 2.61596 1597.29 26.4344 5.54901 498.101
internal_count=2171963 1332695 1249242 1244327 1231259 13068 11082 1986 1832 802 83453 10280 4915 1228786
is_linear=0
shrinkage=0.05


Tree=264
num_leaves=15
num_cat=0
split_feature=8 4 8 11 8 9 11 16 9 15 1 2 16 4
split_gain=4.50262 4.97155 8.42003 5.58051 4.80773 9.31558 7.48826 8.69889 6.93997 6.70835 6.41529 9.09671 11.4864 7.70611
threshold=61.500000000000007 0.0008278489112854005 162.50000000000003 0.83333334326744091 7.5000000000000009 0.78580182790756237 0.52272728085517894 4.6491756439208993 0.7242850959300996 1.0000000180025095e-35 6.5000000000000009 1.3184982538223269 3.8393944501876835 0.014979779720306398
decision_type=10 10 10 10 8 10 10 8 8 10 8 8 10 10
left_child=4 2 -2 -3 6 10 7 9 -9 -1 11 12 -6 -14
right_child=1 3 -4 -5 5 -7 -8 8 -10 -11 -12 -13 13 -15
leaf_value=0.0073048749577152676 0.03345088175977181 0.0048999407987603298 -0.064990163322148714 -0.079483464695308675 -0.1280397295284153 -0.043439487928352359 0.074773454019144328 -0.054527339067514308 -0.0040251169220938401 0.044531624424850369 -0.0038563226873600228 0.0027017529618799012 0.013929693149013343 -0.12214940312035277
leaf_weight=150.28794343491094 28.015595557675848 184.68402804306817 2.3547861374927441 1.980303263663642 2.9536758399247436 13.047183963987662 3.9689137816644395 9.1334355070340418 26.656538864226526 13.161483574086388 949.74747969959731 834.43165110890561 5.777132650362546 1.2688898107440136
leaf_count=16693 25707 569974 9593 1408 313 4730 74 6706 6287 762 1509119 19857 130 178
internal_value=0.000215249 0.00705716 0.0258182 0.00400473 -0.000523363 -0.00134326 0.00676837 0.00541368 -0.016913 0.0103025 -0.00103714 0.00213365 -0.0452722 -0.0105762
internal_weight=2227.47 217.035 30.3704 186.664 2010.43 1807.23 203.208 199.239 35.79 163.449 1794.18 844.431 9.9997 7.04602
internal_count=2171531 606682 35300 571382 1564849 1534327 30522 30448 12993 17455 1529597 20478 621 308
is_linear=0
shrinkage=0.05


Tree=265
num_leaves=15
num_cat=0
split_feature=21 10 17 0 1 1 14 9 17 27 10 14 0 9
split_gain=12.7925 5.25347 4.42516 9.67901 5.11461 6.26766 5.44153 5.19022 4.92377 4.25778 4.25729 4.75625 3.84961 3.62997
threshold=1.5000000000000002 0.018857188522815708 4.7140145301818857 0.5305900275707246 205.50000000000003 73.500000000000014 1.0000000180025095e-35 0.31967300176620489 5.708768606185914 6.2254178524017343 0.011364283971488478 1.0000000180025095e-35 0.53998866677284252 0.37797205150127416
decision_type=10 8 8 10 10 10 8 10 10 10 10 8 8 10
left_child=1 2 3 -1 5 6 7 -4 13 -8 11 -7 -3 -9
right_child=-2 12 4 -5 -6 10 9 8 -10 -11 -12 -13 -14 -15
leaf_value=-0.079235693570742768 -0.091598959539451796 -0.043877845548958294 -0.063549884204905996 0.033119285873843433 0.048005878139875412 0.056380217218746601 0.017416233055331059 0.041254581892824216 -0.078613837686110133 -0.090433200519566992 -0.065696826137518691 -0.060592358079337105 -0.00015396143468270626 -0.014191121985032348
leaf_weight=2.0430282806165279 3.7929314478860752 5.0461157335547968 4.4962092727268717 31.034578699484587 6.2183390350962346 1.9662550723703751 45.825764512314819 5.2146262931253027 1.8089685026494269 0.93378655753357875 5.5074235325275573 1.5573379410535251 2108.3175981947115 6.8030652177622404
leaf_count=168800 6188 213328 149721 39906 16332 5227 314913 21274 34573 9415 14750 5795 1116905 54515
internal_value=0.000147954 0.000304229 0.010788 0.0261797 0.00445028 0.000795838 0.00621224 -0.0168838 -0.00170872 0.0152625 -0.0382377 0.00468133 -0.000258362 0.00986746
internal_weight=2230.57 2226.77 113.409 33.0776 80.3318 74.1134 65.0824 18.3229 13.8267 46.7596 9.03102 3.52359 2113.36 12.0177
internal_count=2171642 2165454 835221 208706 626515 610183 584411 260083 110362 324328 25772 11022 1330233 75789
is_linear=0
shrinkage=0.05


Tree=266
num_leaves=15
num_cat=0
split_feature=2 16 0 16 2 16 18 2 15 10 18 2 12 18
split_gain=3.33768 7.57357 6.59451 6.34317 5.23923 5.95325 5.18558 8.05306 12.4522 5.96373 7.92274 4.45095 8.89572 7.81795
threshold=0.69104450941085827 4.7916412353515634 0.52824953198432933 5.570249319076539 0.66817471385002147 5.5891180038452157 0.3167207539081574 0.67975422739982616 1.0000000180025095e-35 0.010989157948642971 0.47192865610122686 1.3643888235092165 0.13840996474027636 0.072082549333572402
decision_type=8 8 10 10 8 8 10 8 10 10 10 10 10 8
left_child=1 2 -1 -3 -5 -6 -4 9 -9 10 -8 12 13 -2
right_child=11 3 6 4 5 -7 7 8 -10 -11 -12 -13 -14 -15
leaf_value=-0.065894754230778993 0.0062052294303633652 -0.037693303428270243 0.0076339638054936411 0.00075162143510619625 0.49185145502520417 0.082130728832980268 0.034947851978906166 -0.026428298072549657 0.25258685003234099 0.058222999734576231 -0.026428298072549657 0.00074846474196901217 0.029847318130385398 -0.0070155155723562491
leaf_weight=2.7033726448912878 134.31418462208507 15.801456817763953 97.476008811799247 6.7618622355442461 0.097200348454537733 1.0088123821865249 10.561033251833939 0.51649444928679134 0.96299239260073932 9.1610995691730626 6.2267554553633344 1235.7269076412504 18.962481474281503 667.69902411578641
leaf_count=518421 41779 337124 463432 99659 41 1111 93344 3573 312 12475 119656 50084 6549 424158
internal_value=-0.000620207 0.00654773 0.011366 -0.0194287 0.0172531 0.118138 0.0130382 0.0322438 0.145707 0.0257746 0.00806758 -0.00114743 -0.00400112 -0.00480142
internal_weight=2207.98 151.277 127.608 23.6693 7.86787 1.10601 124.904 27.4284 1.47949 25.9489 16.7878 2056.7 820.976 802.013
internal_count=2171718 1649148 1211213 437935 100811 1152 692792 229360 3885 225475 213000 522570 472486 465937
is_linear=0
shrinkage=0.05


Tree=267
num_leaves=15
num_cat=0
split_feature=8 4 18 7 8 9 11 27 26 8 20 7 18 18
split_gain=3.98344 5.87664 5.21462 9.2573 8.16031 6.77224 5.18795 4.44346 4.69438 4.10252 6.95295 3.70194 3.60464 5.62281
threshold=26.500000000000004 0.00057461857795715343 0.16333635151386264 17.046336174011234 152.50000000000003 0.35564252734184271 0.83333334326744091 7.7064099311828622 0.12132352963089944 23.500000000000004 inf 6.3340721130371103 0.068037275224924101 0.075962360948324217
decision_type=10 10 10 8 8 8 10 10 8 10 8 8 8 8
left_child=7 2 3 -2 5 -4 12 9 -9 11 -11 -1 -3 -14
right_child=1 6 4 -5 -6 -7 -8 8 -10 10 -12 -13 13 -15
leaf_value=-0.068957853809269692 -0.051881349808085932 0.021187951780755498 -0.09544278136549024 0.049023188593443678 0.047884159359771916 -0.0017291472965013004 -0.074821852338455438 -0.05553470181211461 0.013137072573690048 -0.045629562377565498 0.072426069979671534 -0.0013292557328827823 -0.061683227868569834 0.0021294455816898007
leaf_weight=2.0258050251252913 2.5515211808553961 24.891207254451448 2.6558406666009144 20.824315612937273 5.722903263438007 7.0327607110413961 2.1579944723765712 2.5766790176429843 72.832625210885084 10.205603960040582 1.4208349370536186 1796.9101551395058 3.4978411946575365 263.80449740623055
leaf_count=685 3116 60852 12740 7827 7398 7113 1682 1007 23468 12251 451 1374863 10107 648147
internal_value=-0.000211115 0.00482928 0.0231233 0.0380092 0.000544717 -0.0274179 0.00241863 -0.00110145 0.0107906 -0.00159675 -0.0312023 -0.00140541 0.00298909 0.00129441
internal_weight=2219.11 333.139 38.7873 23.3758 15.4115 9.6886 294.352 1885.97 75.4093 1810.56 11.6264 1798.94 292.194 267.302
internal_count=2171707 758982 38194 10943 27251 19853 720788 1412725 24475 1388250 12702 1375548 719106 658254
is_linear=0
shrinkage=0.05


Tree=268
num_leaves=15
num_cat=0
split_feature=10 26 16 27 18 27 3 1 1 27 17 17 0 15
split_gain=3.26634 4.7913 8.99118 6.00463 5.03821 6.47385 4.57057 4.43311 8.49004 7.31428 5.72036 5.02222 7.41656 5.38443
threshold=0.018857188522815708 0.63961037993431102 4.9380581378936776 1.8607869148254397 0.33044974505901342 4.8456058502197275 0.128879189491272 169.50000000000003 149.50000000000003 3.9103198051452641 6.2624449729919442 5.4227426052093515 0.68198665976524364 inf
decision_type=8 8 8 8 10 8 8 10 10 8 8 8 10 8
left_child=1 2 3 6 -5 -6 -1 8 -2 11 -11 -10 -13 -14
right_child=7 -3 -4 4 5 -7 -8 -9 9 10 -12 12 13 -15
leaf_value=0.021987139559477738 -0.00033488758632015158 0.02152146101827335 -0.046560084547205012 -0.050493918392984019 -0.07670333462706859 0.062435833541334876 -0.024301425881120543 -0.015440383833962599 0.072496397027231568 -0.038536892768707462 0.09083422791455302 0.0072393511040745179 0.11486458060071779 0.3745524434542094
leaf_weight=38.628352653704958 2030.9406490798901 43.011406001068778 8.9396753355426934 7.1542599709961667 1.2038822277881402 2.7357255379631753 6.1870522985711593 47.503959106304137 9.0073638026389293 5.1029512139534132 1.0263011626582281 7.7469039795238768 0.14989024088026781 0.27208666171645735
leaf_count=15821 728693 192242 172388 24068 13348 8756 412026 520937 35545 18518 1404 26072 261 58
internal_value=9.57421e-05 0.00858173 -6.22181e-07 0.00744405 -0.0254899 0.0199171 0.0155967 -0.000339753 9.44586e-06 0.0300161 -0.0168746 0.0467488 0.0183585 0.22249
internal_weight=2209.61 107.86 64.8489 55.9093 11.0939 3.93961 44.8154 2101.75 2054.25 23.3055 6.12925 17.1762 8.16888 0.421977
internal_count=2170137 838649 646407 474019 46172 22104 427847 1331488 810551 81858 19922 61936 26391 319
is_linear=0
shrinkage=0.05


Tree=269
num_leaves=15
num_cat=0
split_feature=2 18 18 8 4 8 8 2 16 1 8 0 18 18
split_gain=5.0585 4.90668 7.0344 5.85021 5.40341 4.62818 7.51905 4.25608 10.1331 8.59554 5.91916 6.65075 5.69423 7.90792
threshold=1.9880797863006594 0.16138784587383273 0.21278599649667743 1.5000000000000002 0.0048824250698089608 150.50000000000003 146.50000000000003 0.64125162363052379 4.7916412353515634 158.50000000000003 16.500000000000004 0.57082471251487743 0.64037248492240917 0.63166785240173351
decision_type=10 8 8 8 10 10 10 8 8 10 10 8 10 8
left_child=5 -2 3 -3 -5 6 7 8 9 12 11 -11 13 -1
right_child=1 2 -4 4 -6 -7 -8 -9 -10 10 -12 -13 -14 -15
leaf_value=0.030935992874772496 0.012860901845962969 0.044230485847619433 0.004649405908909757 0.0097000656212576225 -0.031199458769668998 0.013229422230267646 -0.087006847939125137 -0.0020554587731376416 -0.028471624462355124 -0.061973297275993849 0.042231944308348569 -0.00026459953653021378 -0.057409176521466446 0.52353736563784892
leaf_weight=47.908701760596777 135.23987976270774 3.6926913808983803 263.91635838967687 10.65729469351936 33.335249581788844 55.052354981183953 2.5670068434594659 1601.5906146992943 16.760378931052955 4.8560012411461626 7.16168214677809 43.301310929407535 1.8591690815662989 0.081611248164540906
leaf_count=440353 2278 162 4824 73 642 217688 17511 571368 356079 195404 17635 263361 82876 1666
internal_value=0.000151231 0.00490784 0.00145609 -0.0162175 -0.0212915 -0.00104208 -0.00149726 -0.0013699 0.00763522 0.0133895 -0.000179833 -0.00648707 0.0284476 0.0317737
internal_weight=2227.98 446.841 311.602 47.6852 43.9925 1781.14 1726.09 1723.52 121.929 105.168 55.319 48.1573 49.8495 47.9903
internal_count=2171920 7979 5701 877 715 2163941 1946253 1928742 1357374 1001295 476400 458765 524895 442019
is_linear=0
shrinkage=0.05


Tree=270
num_leaves=15
num_cat=0
split_feature=9 16 16 16 18 11 3 16 25 16 1 3 15 1
split_gain=5.33631 4.43677 7.35489 3.77787 6.5934 7.03106 5.31214 4.68958 9.50413 4.88532 4.78376 4.7598 7.42691 6.8583
threshold=0.62818673253059398 5.5891180038452157 5.349482774734498 5.1901714801788339 0.40018281340599066 0.41428571939468389 0.074239313602447524 5.0782890319824228 2.5000000000000004 5.0530509948730478 20.500000000000004 0.1022089719772339 1.0000000180025095e-35 4.5000000000000009
decision_type=8 10 10 10 10 10 10 10 8 10 8 10 10 8
left_child=1 2 -1 7 6 -6 -5 9 -9 11 -10 13 -13 -2
right_child=3 -3 -4 4 5 -7 -8 8 10 -11 -12 12 -14 -15
leaf_value=0.0051295710334983979 0.0018170907744316481 0.028490433552262245 -0.055559578621029983 0.045122615598032954 -1.9268677794769982e-05 0.062212816039329238 -0.058062999802102028 -0.042914320016804196 0.033942045375197398 0.03549603776040456 -0.058871152737468582 -0.0030451990970876835 0.021863666103044167 -0.0049211864008514017
leaf_weight=391.19969720245342 671.87204466962794 20.002662434727711 5.0567559808447973 15.556322664462567 92.663605480144355 4.7724640512143983 1.3560255258249085 18.286611294561983 8.131981494382865 9.11056865094565 1.6741342511740693 65.431455718452867 55.14731938377156 862.24365423671543
leaf_count=721720 10991 62933 31831 820 113461 1065 5521 21241 334 6054 6662 837327 119083 232042
internal_value=0.000411293 0.00551488 0.0043551 -0.000764856 0.00803098 0.00302889 0.0368492 -0.00135933 -0.0216177 -0.00101728 0.0180967 -0.00121831 0.008347 -0.00197013
internal_weight=2222.51 416.259 396.256 1806.25 114.348 97.4361 16.9123 1691.9 28.0927 1663.81 9.80612 1654.69 120.579 1534.12
internal_count=2171085 816484 753551 1354601 120867 114526 6341 1233734 28237 1205497 6996 1199443 956410 243033
is_linear=0
shrinkage=0.05


Tree=271
num_leaves=15
num_cat=0
split_feature=13 13 20 18 9 18 18 18 18 0 3 3 3 3
split_gain=3.43084 5.57631 6.01307 7.52437 6.01053 4.87985 8.1323 5.40074 5.45528 4.4288 6.40075 4.89446 4.6727 5.5121
threshold=0.13714733719825747 0.091966174542903914 1.0000000180025095e-35 0.60608786344528209 0.66976839303970348 0.060018761083483703 0.081648375838994994 0.1245209611952305 0.13403443247079852 0.66353684663772594 0.027611553668975834 0.056967675685882575 0.10738489031791688 0.052275985479354865
decision_type=10 10 10 10 10 8 8 8 8 10 10 8 8 10
left_child=1 -1 3 -3 -4 -2 -7 -8 -9 11 -11 -10 13 -12
right_child=5 2 4 -5 -6 6 7 8 9 10 12 -13 -14 -15
leaf_value=-0.00070738208051898937 0.0383532574380748 0.03796824515733567 -0.0369376813336608 0.52252506154842371 0.033354417589123997 -0.067264916256473503 0.028494536366123341 -0.089445465623026799 -0.066798215027264726 -0.0035806721360898616 0.0329100645868362 -0.0060161169139198141 0.10253660755002647 -0.0033617696562457133
leaf_weight=2012.7903215752037 11.237591778107388 2.2332299430656355 25.078498361904675 0.083097400657441756 3.4608475876204272 3.8789689684186421 22.68420992497709 1.6121982660445588 3.9100245423724376 48.83539882474588 26.348224048495467 21.655755144989122 1.7187760988349641 17.385229794853331
leaf_count=2030276 3598 1362 31063 270 534 3071 7412 1687 498 626 764 83618 3120 3647
internal_value=-0.000479912 -0.00103076 -0.0221254 0.0553515 -0.0284137 0.00658835 0.00417692 0.00609937 0.00191698 0.00314593 0.00815077 -0.0153121 0.0216692 0.018491
internal_weight=2202.91 2043.65 30.8557 2.31633 28.5393 159.266 148.029 144.15 121.466 119.853 94.2876 25.5658 45.4522 43.7335
internal_count=2171546 2063505 33229 1632 31597 108041 104443 101372 93960 92273 8157 84116 7531 4411
is_linear=0
shrinkage=0.05


Tree=272
num_leaves=15
num_cat=0
split_feature=10 17 2 1 1 10 18 15 17 16 2 16 17 12
split_gain=4.63615 6.39641 8.26246 5.19965 5.21379 6.30326 5.61587 4.45691 6.63186 6.54178 7.81929 5.24319 4.74139 5.90605
threshold=0.018857188522815708 4.7140145301818857 -0.60195738077163685 205.50000000000003 61.500000000000007 0.012048386037349703 0.26910807192325598 1.0000000180025095e-35 4.8402345180511483 3.8393944501876835 0.99623942375183117 4.9732735157012948 5.3821961879730233 0.19615384936332705
decision_type=8 8 10 10 10 8 8 10 8 10 8 8 10 10
left_child=1 2 -1 4 7 6 -6 8 -3 -10 11 -11 13 -9
right_child=-2 3 -4 -5 5 -7 -8 12 9 10 -12 -13 -14 -15
leaf_value=-0.081648922301433849 -0.00090591846034631404 -0.085651532981341399 0.033441615591147993 0.045030826420914973 -0.063731199054488805 -0.067019862482551235 0.047274557599025518 -0.093351275621706808 0.016429179228932254 -0.050383684806927787 -0.07453139788487527 0.031508853692326803 0.02950945235264232 0.049767119589098303
leaf_weight=1.6396006956930431 2093.5653270049488 2.5045371090796769 31.898616343706518 6.361921927849024 1.754571081376268 6.223466139706761 3.2495501360240806 1.8485117291745465 20.711397342954619 3.0471808456686778 5.462052288778664 5.4509541794479803 20.302423099281736 1.1816554334106748
leaf_count=125409 1331996 38456 83820 16503 6073 14631 7581 16460 188818 180750 12614 104637 42627 157
internal_value=-0.000376518 0.00955155 0.0278151 0.00170851 -0.00213352 -0.0334262 0.00835314 0.00367294 -0.00707754 -0.00140167 -0.0278556 0.0021446 0.0208018 -0.0375403
internal_weight=2205.2 111.636 33.5382 78.0982 71.7363 11.2276 5.00412 60.5087 37.1761 34.6716 13.9602 8.49814 23.3326 3.03017
internal_count=2170532 838536 209229 629307 612804 28285 13654 584519 525275 486819 298001 285387 59244 16617
is_linear=0
shrinkage=0.05


Tree=273
num_leaves=15
num_cat=0
split_feature=2 9 16 3 7 10 16 21 10 10 10 8 9 17
split_gain=3.78037 3.96066 3.43473 3.21881 3.14976 3.10739 3.02713 2.93893 2.75427 3.00042 5.018 5.07031 4.07351 3.7715
threshold=0.06124559976160527 0.6189895272254945 6.5909347534179696 0.18313589692115786 157.6841735839844 0.0070925927720963964 5.7317204475402841 1.5000000000000002 0.008196996524930002 0.018857188522815708 0.01936847344040871 182.50000000000003 0.14263530820608142 6.8128912448883066
decision_type=8 8 10 10 10 8 10 10 8 8 8 10 8 10
left_child=1 5 3 4 6 -1 7 8 -2 12 11 -11 -10 -12
right_child=2 -3 -4 -5 -6 -7 -8 -9 9 10 13 -13 -14 -15
leaf_value=0.018283249134601012 -0.051861084512151226 0.050170503414628587 -0.063812853942257927 -0.056371850858788944 0.024035736213515797 -0.056748317452091079 0.011885166608989839 -0.038479920175987302 -0.081030152391015409 -0.074485951240094841 -0.000509069252150582 0.011885166608989839 0.0098896865993899439 -0.048946550507249387
leaf_weight=5.1424245079374868 2.5989533037818635 7.63209944042607 2.1228368096230943 2.5457434475592882 13.416173928467741 1.8859738986983563 36.02689474354338 5.0842393189163877 1.2494365255507904 4.5185187268529665 2035.695841592996 2.3910677406742593 87.996229481179185 4.0267034766677616
leaf_count=426203 33637 115022 5586 407898 741 223096 22474 2439 2745 1968 869556 87 57037 2864
internal_value=-7.46151e-05 0.0252311 -0.000243428 -0.000181963 -0.000116736 -0.00185044 -0.000265403 -0.000510323 -0.00042005 -0.000357456 -0.000748789 -0.0432866 0.00861681 -0.000604692
internal_weight=2212.33 14.6605 2197.67 2195.55 2193 7.0284 2179.59 2143.56 2138.48 2135.88 2046.63 6.90959 89.2457 2039.72
internal_count=2171353 764321 1407032 1401446 993548 649299 992807 970333 967894 934257 874475 2055 59782 872420
is_linear=0
shrinkage=0.05


Tree=274
num_leaves=15
num_cat=0
split_feature=9 2 11 3 18 18 3 17 3 18 18 4 2 3
split_gain=4.84453 5.29073 3.857 3.79623 6.91946 4.31751 4.6485 4.39581 4.92294 3.63238 7.30582 12.5941 3.53569 3.47288
threshold=0.62818673253059398 0.11380246281623842 0.52272728085517894 0.052275985479354865 0.10056396201252939 0.10229147970676424 0.066938340663909926 6.3288288116455087 0.10536321997642518 0.093044474720954909 0.17394839227199557 0.0022166073322296147 1.9880797863006594 0.039126038551330573
decision_type=8 8 10 10 10 8 10 8 10 10 10 8 10 10
left_child=-1 -2 -3 9 -5 -6 -7 -8 -9 -4 11 -11 -13 -12
right_child=1 2 3 4 5 6 7 8 -10 10 13 12 -14 -15
leaf_value=0.0051591060028739789 0.038934328673555653 -0.0014227346417360984 0.037151547985642956 -0.07061990729182098 0.095056991452421497 -0.076865620418752098 0.01248094516283353 -0.14905268849578079 0.59932671249009883 0.06009941579067949 0.013435775876470929 -0.09869881642943068 -0.02682571007646441 0.066632157407974721
leaf_weight=414.00564361836302 8.3245486477946979 1752.2589719930818 17.027432615912488 3.5895675283654205 1.3229363740866773 1.6541796807432554 5.6372756695859323 0.033016979912645072 0.065704355690172633 2.9463638507295409 10.142513135415355 3.4969260158832194 3.3506824629002949 4.3986506982473648
leaf_count=816200 117463 1227216 194 2682 56 175 6552 63 172 16 186 163 32 67
internal_value=0.000278668 -0.000835032 -0.00101835 0.0121854 -0.0121985 0.0118695 -0.00302211 0.0182733 0.349034 0.019438 0.00704381 -0.0263378 -0.0635298 0.0295275
internal_weight=2228.25 1814.25 1805.92 53.6652 12.3027 8.71311 7.39018 5.736 0.0987213 41.3626 24.3351 9.79397 6.84761 14.5412
internal_count=2171237 1355037 1237574 10358 9700 7018 6962 6787 235 658 464 211 195 253
is_linear=0
shrinkage=0.05


Tree=275
num_leaves=15
num_cat=0
split_feature=0 18 14 4 10 1 4 0 17 17 27 18 10 4
split_gain=3.57332 3.05637 5.2309 7.22581 6.03512 3.95495 3.68304 3.40805 3.2456 4.07839 3.05497 4.2922 8.05226 5.66242
threshold=0.510185867547989 1.271231532096863 inf 0.0028241276741027836 0.012194680515676739 117.50000000000001 0.0066264867782592782 0.63591304421424877 5.7822844982147226 5.7761018276214608 1.7277826666831972 0.43398620188236242 0.022966272197663787 0.00011795759201049806
decision_type=8 10 8 8 8 10 8 10 8 8 10 8 8 10
left_child=-1 10 3 -3 -4 6 7 -5 9 -8 -2 -12 -13 -14
right_child=1 2 4 5 -6 -7 8 -9 -10 -11 11 12 13 -15
leaf_value=-0.073182873341505125 -0.00016996651868839596 -0.036094231680647369 0.068954415826929849 -0.036094231680647369 -0.036094231680647369 -0.036094231680647369 0.017872268617836636 0.053185753230668847 -0.036094231680647369 0.25692798318720217 0.0071088115172200641 0.026935125153192803 0.029596942762463753 -0.026743253858516232
leaf_weight=1.6247478014240755 1809.1227954636615 4.317943227719681 1.4039094756827231 0.79063805810622056 5.8696148292101427 1.8083757852893629 39.981440561402763 12.344291000781082 1.2846237235920046 0.17921427259687917 308.41316271748877 12.268939148879209 5.1243032016109344 34.385586104764279
leaf_count=642137 1296256 6000 6198 3539 21543 32912 36523 875 1806 43 80615 11891 1573 29332
internal_value=0.000940581 0.00099441 0.011434 0.0162349 -0.0286354 0.0210755 0.0235532 0.0466249 0.0162413 0.018939 0.000667265 0.0048724 -0.0084485 -0.0194361
internal_weight=2238.92 2237.29 67.9801 60.7065 7.27352 56.3886 54.5802 13.1349 41.4453 40.1607 2169.31 360.192 51.7788 39.5099
internal_count=2171243 1529106 109439 81698 27741 75698 42786 4414 38372 36566 1419667 123411 42796 30905
is_linear=0
shrinkage=0.05


Tree=276
num_leaves=15
num_cat=0
split_feature=10 7 17 0 18 2 1 10 3 25 18 17 12 10
split_gain=3.72885 3.21694 3.38942 6.59406 3.63709 7.42176 6.60435 4.78395 4.5969 7.83346 4.12486 4.19141 3.45055 3.3634
threshold=0.018857188522815708 5.2652375698089608 4.7140145301818857 0.5305900275707246 0.57503539323806774 0.99623942375183117 44.500000000000007 0.011236094869673254 0.069535285234451308 1.5000000000000002 0.28689375519752508 4.8789997100830087 0.048199767246842391 0.0094349072314798849
decision_type=8 8 8 10 8 8 10 8 8 8 8 8 8 8
left_child=1 -1 3 -3 6 8 7 -4 -6 -10 11 -9 -13 -8
right_child=-2 2 4 -5 5 -7 13 10 9 -11 -12 12 -14 -15
leaf_value=-0.067390181549132663 -0.00044343397298902162 -0.028761352645110788 -0.028761352645110788 0.030248450199048173 0.072610024907413695 -0.028761352645110788 0.035701066225845873 -0.028761352645110788 -0.028761352645110788 0.051391397784139425 -0.028761352645110788 -0.028761352645110788 0.025834379549598371 -0.028761352645110788
leaf_weight=1.3640497853914308 2111.9004752036662 1.8324474551333967 3.8546501502038741 29.659878038323082 6.0174157333594671 3.7529182503460286 2.0591216421899103 1.927209359878034 3.5776968556648314 6.285349153603387 3.832488281099983 1.8930600243274733 33.85641803385883 11.921667628224293
leaf_count=26806 1331963 148204 353158 35847 273 6447 8048 1875 131583 50928 18017 4547 27624 26075
internal_value=2.77242e-05 0.00892516 0.00986748 0.023737 0.00433704 0.0229917 -0.0018346 0.00746668 0.0381693 0.0171572 0.0127414 0.0178368 0.0220477 -0.0287614
internal_weight=2223.73 111.834 110.47 31.4923 78.978 19.6334 59.3446 45.3638 15.8805 9.86305 41.5092 37.6767 35.7495 13.9808
internal_count=2171395 839432 812626 184051 628575 189231 439344 405221 182784 182511 52063 34046 32171 34123
is_linear=0
shrinkage=0.05


Tree=277
num_leaves=15
num_cat=0
split_feature=18 17 20 18 27 8 8 2 13 3 9 3 8 9
split_gain=4.346 4.50137 4.39051 4.31371 3.77997 5.38712 6.28225 6.48392 5.87789 4.79415 4.18115 3.77214 4.72035 6.34975
threshold=1.271231532096863 3.2384861707687382 1.0000000180025095e-35 1.239155173301697 1.4612500667572024 176.50000000000003 168.50000000000003 1.9880797863006594 0.091966174542903914 0.089800059795379653 0.14263530820608142 0.063951820135116591 183.50000000000003 0.24320512264966967
decision_type=10 8 8 10 10 10 10 10 10 10 8 8 8 10
left_child=2 -2 -1 4 5 6 -4 -8 9 10 -7 12 -12 -14
right_child=1 -3 3 -5 -6 8 7 -9 -10 -11 11 -13 13 -15
leaf_value=-0.036853979657988659 -0.078306795042885083 0.013628258095569607 -0.0015685774565407974 -0.096647997581456827 0.0042662652453249799 -0.09416838187431352 -0.10715649327829223 0.041498349387920727 -0.094039452958875627 -0.062196530248346288 0.047486706162963389 0.058729095626397471 0.034860710823215534 -0.061890842198717981
leaf_weight=8.3274259269296831 1.3571076240372832 70.40575982914838 1746.9319399909689 1.1653945474190539 357.43518023499746 0.64575076536988518 2.6980640318462283 1.0074245703507361 1.0638885853908338 1.4541655718782696 6.7228116979567867 9.6339402155474456 3.530741628997931 3.2631014797225362
leaf_count=20647 9806 208467 1620163 8213 197264 478 26712 22 6880 70304 123 2364 100 156
internal_value=-0.000213944 0.0118897 -0.000619093 -0.000477798 -0.000425288 -0.001369 -0.00170653 -0.0667412 0.0210859 0.0259366 0.0313223 0.0348226 0.0177834 -0.0116093
internal_weight=2215.64 71.7629 2143.88 2135.55 2134.39 1776.95 1750.64 3.70549 26.3144 25.2505 23.7963 23.1506 13.5167 6.79384
internal_count=2171699 218273 1953426 1932779 1924566 1727302 1646897 26734 80405 73525 3221 2743 379 256
is_linear=0
shrinkage=0.05


Tree=278
num_leaves=15
num_cat=0
split_feature=16 16 25 3 2 11 18 18 12 27 4 4 4 26
split_gain=3.80048 7.69923 12.7315 7.97113 6.71029 5.2316 8.4444 9.2576 7.44192 5.79808 5.22151 5.18453 6.92693 6.65172
threshold=5.1445789337158212 5.0782890319824228 1.5000000000000002 0.046789705753326423 1.7195320725440981 0.087121214717626586 0.74035805463790905 0.5980784296989442 0.19615384936332705 7.9582543373107919 0.0098882913589477556 0.0028241276741027836 0.0018438398838043215 0.67948719859123241
decision_type=10 10 8 8 10 8 8 10 8 8 10 8 10 8
left_child=1 -1 4 -4 -3 6 7 8 -2 -8 -11 12 13 -7
right_child=5 2 3 -5 -6 11 9 -9 -10 10 -12 -13 -14 -15
leaf_value=0.00012611931809423414 -0.062112908867087695 -0.087698827307259586 0.044769090216813419 -0.072293909838785739 -0.018678835314636509 0.017921389202392304 -0.072562808613637217 0.046612569556161054 0.009979521302311686 -0.089229977981283112 0.021232324847521231 0.016021410938560476 -0.08147303648518614 -0.083698123941399249
leaf_weight=2028.3893468301787 5.5589537590195564 8.1335874218779107 6.6819331111983002 1.8586945625113873 6.2103949979046567 10.305970838137895 6.9631253514655134 9.6469172472548177 10.053938249075841 1.4054638444517511 4.4796205014245807 114.9771371871154 3.1162206251164557 1.9085697931179559
leaf_count=1867461 9654 20707 105 8675 120 6610 85984 11815 12657 5902 19886 113724 4002 2623
internal_value=0.000393569 -0.000199251 -0.0290386 0.0192927 -0.0578158 0.007614 -0.0086817 0.00810451 -0.0156889 -0.0416837 -0.00514806 0.0123796 -0.014933 0.00204294
internal_weight=2219.69 2051.27 22.8846 8.54063 14.344 168.416 38.108 25.2598 15.6129 12.8482 5.88508 130.308 15.3308 12.2145
internal_count=2169925 1897068 29607 8780 20827 272857 145898 34126 22311 111772 25788 126959 13235 9233
is_linear=0
shrinkage=0.05


Tree=279
num_leaves=15
num_cat=0
split_feature=10 4 18 4 10 3 3 7 12 28 12 4 27 0
split_gain=4.41584 5.5786 4.15188 4.56206 7.14642 4.97255 5.16164 4.43311 4.13754 6.14753 3.90133 4.47266 5.50004 3.64741
threshold=0.016393934376537803 0.00097125768661499034 2.2310096025466923 0.0043343901634216317 0.016129428520798687 0.15038838982582095 0.060643374919891364 12.403332710266115 0.072077922523021712 1.5000000000000002 0.19615384936332705 0.0014740526676177981 1.0000000180025095e-35 0.59678432345390331
decision_type=8 8 8 10 8 10 10 10 8 10 10 8 8 8
left_child=1 -1 3 4 10 6 -5 -4 -8 -10 11 12 -3 -11
right_child=-2 2 7 5 -6 -7 8 -9 9 13 -12 -13 -14 -15
leaf_value=0.048015342185637279 -0.00017042375211064829 0.072093307016928287 -0.062637910608805011 -0.062334342592364381 0.043999799010299934 -0.039456215405307332 0.051107126974049705 0.054366010686486013 0.043971287635393035 -0.0655871306029851 0.051610365774108748 -0.06828729343131236 -0.076074009316777227 0.0021550382395387406
leaf_weight=9.5731990122969908 2150.7269414043199 1.4463025364650426 0.91571768538924647 1.9188299105480897 3.2212395003001175 4.340335747944926 8.8961397201379153 6.9830771752338441 8.850151295587338 2.3707811813959259 1.0486002960171195 7.8427287775600023 1.1047386469895268 12.275949373736509
leaf_count=26471 1345840 7057 42615 270 460 594339 7145 35693 12034 6516 635 79237 4255 8449
internal_value=0.000234002 0.0125216 0.00697077 0.0019587 -0.0217872 0.0109673 0.0173457 0.0408016 0.0220656 0.0110702 -0.0403075 -0.0495808 0.00792885 -0.00880999
internal_weight=2221.51 70.7878 61.2146 53.3158 14.6636 38.6522 34.3119 7.89879 32.393 23.4969 11.4424 10.3938 2.55104 14.6467
internal_count=2171016 825176 798705 720397 91644 628753 34414 78308 34144 26999 91184 90549 11312 14965
is_linear=0
shrinkage=0.05


Tree=280
num_leaves=15
num_cat=0
split_feature=10 1 2 17 0 1 26 0 17 17 4 3 0 3
split_gain=7.00157 4.06784 6.63999 7.89626 7.00856 6.87756 5.44878 4.42132 4.25489 8.08505 22.6546 32.6349 22.4101 9.98683
threshold=0.018857188522815708 169.50000000000003 0.51972642540931713 5.1029059886932382 0.59902092814445507 168.50000000000003 0.27525253593921667 0.65026211738586437 5.2012517452239999 5.2176458835601816 0.0075343549251556405 0.15038838982582095 0.62612688541412365 0.12708535790443423
decision_type=8 10 8 8 10 10 8 8 8 8 10 10 10 10
left_child=-1 2 3 4 -2 -5 7 -6 -3 10 11 12 -10 -14
right_child=1 8 -4 5 6 -7 -8 -9 9 -11 -12 -13 13 -15
leaf_value=0.011885314902639358 0.019493831182991736 -0.039216981904115794 -0.00072263650573090119 -0.054435373718283379 0.073595860219787354 0.31111533916455314 0.26082632156646068 0.23271752083395461 -0.050932345145073235 -0.0079292340919106721 -0.050772356978169578 3.5203026990173862 2.6077327169620776 0.91913654089141339
leaf_weight=113.44761359722438 2.9434956270466985 13.495715305012581 2043.2972809588064 2.2312336882789201 1.953748730888784 0.13654484705730219 0.61366219706496838 0.47685571014881123 0.04641166739199043 31.470823313180887 0.16681787677568494 0.010874387808144093 0.015987345948815346 0.0059231871873635092
leaf_count=838870 57524 249053 688833 60496 2096 840 1191 116 457 267804 3698 45 175 88
internal_value=-0.000213097 -0.000867662 -0.00054074 0.0439409 0.0745064 -0.0333548 0.127698 0.0940865 -0.0157027 -0.00569724 0.279825 0.976188 0.571259 1.88921
internal_weight=2210.31 2096.87 2051.65 8.35554 5.98776 2.36778 3.04427 2.4306 45.2126 31.7168 0.246014 0.0791966 0.0683222 0.0219105
internal_count=2171286 1332416 811096 122263 60927 61336 3403 2212 521320 272267 4463 765 720 263
is_linear=0
shrinkage=0.05


Tree=281
num_leaves=15
num_cat=0
split_feature=8 8 12 2 16 0 8 8 16 18 18 27 8 2
split_gain=5.70532 5.75431 4.01782 3.90375 8.32698 5.39834 4.2331 4.46095 9.41509 5.75468 4.15015 4.08799 4.21204 4.11202
threshold=137.50000000000003 131.50000000000003 1.0000000180025095e-35 1.2787532210350039 3.9415346384048466 0.68198665976524364 178.50000000000003 184.50000000000003 3.7012257575988774 0.085438739508390441 0.33354811370372778 4.1671242713928232 155.50000000000003 1.9880797863006594
decision_type=10 10 8 10 8 8 10 8 10 10 10 8 10 8
left_child=1 -1 -3 -2 6 -6 11 -8 9 -9 -7 12 -5 -14
right_child=3 2 -4 4 5 10 7 8 -10 -11 -12 -13 13 -15
leaf_value=-0.0010654506856574712 0.023421551367386221 0.027343455898887044 -0.073002405992934449 0.0053663080988483082 -0.090016852282888471 -0.049935903178971806 0.069877478010007529 0.032514920476596355 0.082231382139368078 -0.092095526508798681 0.0083966471365868357 0.027238676172957072 -0.11785786572271476 -0.0088824687059191974
leaf_weight=2113.6081760979869 39.814818283173814 1.2793194593957531 4.5290238478394365 5.4545155634048594 2.8230500725612915 4.9102697034006164 6.1781578184607726 1.5916383089279418 2.6850631129308908 2.2171458287108834 8.0448560860722846 7.9784399246072431 1.7887735904049282 1.6773737483555931
leaf_count=1870234 272619 4878 21395 274 628 157 110 38 48 178 241 228 259 33
internal_value=-0.000692147 -0.00120203 -0.0509007 0.0119968 0.0019664 -0.0273651 0.0176167 0.0394628 0.0105268 -0.0400225 -0.0137126 0.00123512 -0.0220219 -0.0651214
internal_weight=2204.58 2119.42 5.80834 85.1641 45.3493 15.7782 29.5711 12.672 6.49385 3.80878 12.9551 16.8991 8.92066 3.46615
internal_count=2171320 1896507 26273 274813 2194 1026 1168 374 264 216 398 794 566 292
is_linear=0
shrinkage=0.05


Tree=282
num_leaves=15
num_cat=0
split_feature=7 9 15 26 17 2 8 4 17 4 9 2 1 11
split_gain=6.48754 5.77336 6.31957 4.80771 3.71991 4.00318 3.45608 4.02435 3.41877 4.31135 4.29789 3.39881 21.6675 7.76555
threshold=13.13931465148926 0.23035336285829547 inf 0.23669467866420749 6.2431950569152841 0.58726611733436596 148.50000000000003 0.0035824179649353032 5.7761018276214608 0.040966302156448371 0.25458346307277685 1.3184982538223269 10.500000000000002 1.0000000180025095e-35
decision_type=10 8 8 10 8 8 10 8 10 10 10 8 8 8
left_child=1 2 -1 6 5 -5 -2 -8 10 -10 -9 12 13 -3
right_child=3 11 -4 4 -6 -7 7 8 9 -11 -12 -13 -14 -15
leaf_value=-0.11016449540131344 0.0017920945500418642 -0.0077982377558209791 -0.017725332289798754 0.049029846456285359 0.045584459988781953 0.0089065886353763227 0.0017920945500418642 0.056560453606496655 0.0017920945500418642 0.067214506088439735 0.0084365598497626784 0.0005642927446346225 -0.0019693529184405391 -0.062400290202525223
leaf_weight=2.3509569574985729 390.34625710402264 9.4751832401108818 8.6579745228675886 6.6745772377860533 8.8125665470108157 90.599272312660815 3.1583210012845835 12.632725980092401 7.9952198211188934 2.5269027041373837 7.3324713424107548 1073.7179451988327 592.082930944949 20.819968889350456
leaf_count=13998 458092 1886 85663 27337 2255 5876 13908 38203 25739 13517 31728 87246 1364912 1697
internal_value=0.000126323 -0.00137405 -0.0374657 0.00495824 0.0144778 0.0116597 0.00257636 0.0180571 0.0267312 0.00366741 0.0388863 -0.00113979 -0.00407965 -0.0453228
internal_weight=2237.18 1707.1 11.0089 530.078 106.086 97.2738 423.992 33.6456 30.4873 10.5221 19.9652 1696.1 622.378 30.2952
internal_count=2172057 1555402 99661 616655 35468 33213 581187 123095 109187 39256 69931 1455741 1368495 3583
is_linear=0
shrinkage=0.05


Tree=283
num_leaves=15
num_cat=0
split_feature=9 8 16 8 12 7 15 0 1 8 8 17 11 1
split_gain=4.73821 10.1983 6.43218 7.60498 5.2451 4.96831 4.8755 4.58338 4.30366 5.60118 3.98167 4.25747 4.29413 4.52921
threshold=0.39732238650321966 81.500000000000014 4.0517470836639413 104.50000000000001 0.13840996474027636 42.905591964721687 1.0000000180025095e-35 0.61649519205093395 176.50000000000003 16.500000000000004 93.500000000000014 3.5114340782165532 1.0000000180025095e-35 12.500000000000002
decision_type=8 10 10 8 8 10 10 10 8 10 8 8 10 10
left_child=8 5 3 -3 -5 -2 -7 -6 10 -10 11 -1 13 -13
right_child=1 2 -4 4 7 6 -8 -9 9 -11 -12 12 -14 -15
leaf_value=-0.13731656124210531 -0.00058903219547236255 -0.063593620512405344 -0.070113191137277028 -0.094029188466752456 -0.076407383181728322 0.0049729775459690182 0.029614910725889988 0.017798569796071757 -0.076542451672648032 0.028337318476824681 0.010862206475728175 0.0062617864909689574 -0.077756965513920653 -0.021442677264229909
leaf_weight=0.59504429696845385 1823.3466762839944 6.1922297687209493 7.2530097303629715 1.3341460613481808 1.4199866223861004 134.17197674754965 23.604170561714056 14.22800285450313 1.3263113277211527 31.684297914598833 104.69396141838138 54.85670807447044 1.8769247961732407 20.179110472452102
leaf_count=363 1429546 12292 35902 4941 22082 45783 3940 897 11286 560046 25177 2897 298 15833
internal_value=0.000460724 -0.000293687 -0.0290208 -0.0161599 0.00113602 0.000147522 0.00865954 0.00924979 0.00751207 0.0241234 0.00450249 -0.00408793 -0.00305719 -0.00118867
internal_weight=2226.76 2011.55 30.4274 23.1744 16.9821 1981.12 157.776 15.648 215.212 33.0106 182.202 77.5078 76.9127 75.0358
internal_count=2171283 1555383 76114 40212 27920 1479269 49723 22979 615900 571332 44568 19391 19028 18730
is_linear=0
shrinkage=0.05


Tree=284
num_leaves=15
num_cat=0
split_feature=8 8 4 2 17 18 1 7 8 10 17 17 16 8
split_gain=3.33369 5.19346 6.50068 4.80733 6.20598 5.03713 7.52224 6.57443 5.73529 5.77232 5.56153 5.0214 4.86787 4.81664
threshold=61.500000000000007 56.500000000000007 0.0066264867782592782 0.99623942375183117 6.1344814300537118 0.14365419000387195 18.500000000000004 34.583909988403327 65.500000000000014 0.01985479332506657 4.4716224670410165 4.7229433059692392 2.9700856208801274 183.50000000000003
decision_type=10 10 8 10 10 8 8 8 10 8 8 8 8 8
left_child=1 -1 -3 4 -2 10 8 -8 -7 12 -5 -12 -10 -11
right_child=3 2 -4 5 -6 6 7 -9 9 13 11 -13 -14 -15
leaf_value=-0.00018905921989243455 0.021895062131918316 0.0096760256462001312 -0.0715402484624066 -0.039622663752067112 -0.064174230942288593 0.039122891974486228 -0.064264225696157459 0.027920431353666425 -0.070873958327510464 -0.0092163997007903599 0.058577605884761741 0.012507661746247964 0.025396627766832491 -0.094045065574699493
leaf_weight=1990.7027620021154 54.939176263223075 4.3559692286159883 5.6721417223389068 4.4183749016010934 2.177378026465802 8.4738591158840517 8.6294118097581496 2.4928259691255201 1.4087081629109981 61.760904835531157 6.8736592769340872 42.39301220507474 19.34326432560767 1.7200000450847586
leaf_count=1542674 548341 3824 18007 234 45267 260 4457 391 170 2855 206 2111 2059 56
internal_value=0.000265411 -0.000369864 -0.0362619 0.00618728 0.018614 0.00168121 -0.00474817 -0.0436029 -8.66805e-05 -0.00403118 0.0141159 0.0189353 0.0188615 -0.0115148
internal_weight=2215.36 2000.73 10.0281 214.631 57.1166 157.514 103.829 11.1222 92.7067 84.2329 53.685 49.2667 20.752 63.4809
internal_count=2170912 1564505 21831 606407 593608 12799 10248 4848 5400 5140 2551 2317 2229 2911
is_linear=0
shrinkage=0.05


Tree=285
num_leaves=15
num_cat=0
split_feature=3 14 12 18 18 11 17 10 8 3 25 26 0 17
split_gain=4.09653 4.77561 5.43309 8.63371 6.45989 4.60041 4.60023 4.24202 4.09742 7.13354 6.0663 4.08046 5.55334 6.69273
threshold=0.10434558987617494 1.0000000180025095e-35 0.020204081200063232 0.074097339063882842 0.060018761083483703 1.0000000180025095e-35 6.3843505382537851 0.010752843692898752 159.50000000000003 0.063951820135116591 2.5000000000000004 0.080128207802772536 0.57768201828002941 4.9522936344146737
decision_type=10 8 8 8 10 8 8 8 10 8 8 8 10 10
left_child=7 2 5 4 6 -2 -4 -1 -9 10 -10 12 -3 -14
right_child=1 11 3 -5 -6 -7 -8 8 9 -11 -12 -13 13 -15
leaf_value=-0.054489586337758737 0.058973700304554837 -0.063376976633224488 -0.050807085433560752 -0.032214064177171389 0.076607936161900092 -0.058849026445204324 0.17266801833961284 -0.0010934268271406017 -0.019100883838016298 0.039464893333805325 0.025741323871045635 0.024321461560630617 0.04596802395219788 0.00014755362211799864
leaf_weight=3.6786494501500284 4.4585600943078987 2.8656016671036175 2.2241558737448166 21.739700632678588 3.7003100120084227 1.0175498208437366 0.25687946733280176 2022.7995368868039 18.323668636396182 17.213597925956719 12.817972085715153 46.469823186465788 9.6122989367785845 46.626781494304083
leaf_count=24207 64685 413941 56461 551264 22616 33409 5754 308783 691 1659 304 411596 60266 216112
internal_value=-0.000288214 0.00802247 -0.0084571 -0.0173883 0.0347538 0.0370803 -0.0276691 -0.000844861 -0.00074958 0.0136342 -0.000643726 0.0132356 0.00451953 0.00797912
internal_weight=2213.81 138.972 33.3972 27.921 6.18135 5.47611 2.48104 2074.83 2071.15 48.3552 31.1416 105.575 59.1047 56.2391
internal_count=2171748 1836104 734189 636095 84831 98094 62215 335644 311437 2654 995 1101915 690319 276378
is_linear=0
shrinkage=0.05


Tree=286
num_leaves=15
num_cat=0
split_feature=2 14 10 10 8 18 18 10 3 2 13 18 2 2
split_gain=3.07654 4.14765 3.31085 3.08832 3.04768 2.74377 6.8556 2.55953 2.40259 2.31733 2.29987 3.19218 3.76187 4.21093
threshold=0.30106855928897863 1.0000000180025095e-35 0.0093466029502451437 0.009523905813694002 81.500000000000014 0.28689375519752508 2.2310096025466923 0.010752843692898752 0.18313589692115786 -0.058830043300986283 0.15301003307104113 0.049467602744698531 0.82838991284370433 0.78622725605964672
decision_type=8 8 8 8 10 8 10 8 10 8 10 8 8 10
left_child=1 4 -2 -4 -1 -3 -7 -5 10 -8 -9 12 13 -12
right_child=2 5 3 7 -6 6 9 8 -10 -11 11 -13 -14 -15
leaf_value=0.0029339069020420452 -0.053340443231559745 0.040764538345701408 0.072259372423306267 -0.058295049257914289 -0.072245618336536047 -0.055343877200589156 0.067542590059798707 0.00024909925906925701 -0.057943607265965758 -0.065298560757361415 -0.053303426817617822 0.0051808283442594189 0.028160218828427133 0.23377159465090724
leaf_weight=5.9405005174124277 2.8468119772436475 14.444168612610589 1.5031776572002551 1.8453089951009953 1.7437768487734358 2.8656743119184114 2.754790456717406 2058.4435458832972 1.7501431641112493 0.37271090507989191 0.17597957508750017 127.38702868916411 6.4471235558434046 0.46599971305113286
leaf_count=184651 34427 161997 1547 10479 184589 324538 42531 865808 318778 5924 393 34835 367 23
internal_value=0.000755954 0.0171892 0.000545978 0.00061577 -0.0141264 0.0289637 0.000522372 0.000566741 0.000616233 0.0517116 0.000662969 0.00699812 0.0396538 0.155078
internal_weight=2228.99 28.1216 2200.87 2198.02 7.68428 20.4373 5.99318 2196.52 2194.67 3.1275 2192.92 134.476 7.0891 0.641979
internal_count=2170887 904230 1266657 1232230 369240 534990 372993 1230683 1220204 48455 901426 35618 783 416
is_linear=0
shrinkage=0.05


Tree=287
num_leaves=15
num_cat=0
split_feature=2 2 2 2 18 27 15 3 27 4 3 0 18 4
split_gain=3.28262 6.30115 8.87883 6.82766 7.74921 6.74701 6.54954 6.19057 5.29737 5.22081 7.14828 5.11694 4.49128 6.16342
threshold=0.69104450941085827 0.66817471385002147 0.64125162363052379 0.61093041300773632 0.12268282845616342 9.0099573135375994 1.0000000180025095e-35 0.099980950355529799 11.437234878540041 0.01043909788131714 0.10536321997642518 0.60277852416038524 0.3167207539081574 0.030596315860748294
decision_type=8 8 8 8 8 10 10 10 8 10 10 10 8 10
left_child=1 2 3 -1 8 -4 9 -3 -5 -6 -11 -9 13 -13
right_child=-2 7 5 4 6 -7 -8 11 -10 10 -12 12 -14 -15
leaf_value=0.0023542737121898371 -0.00032657763764532943 0.004148707483197827 -0.051146950110986522 -0.058544438272346982 -0.038258777069516539 0.056940195356217742 0.081546428649134459 -0.056220154069975228 0.046407436323586237 0.079032423395268878 -0.053353597764861371 0.0095015444688183962 0.1131296218521472 0.12178812862530911
leaf_weight=107.23160673786771 2065.2005460234832 8.3243776807525549 10.790294594151616 3.286426003611818 2.7192403488140604 1.6668134458516863 8.2143082452304785 0.81197367160681899 1.8959353892994242 4.1426146512719688 1.3525916310349044 2.8099918005919564 4.0484713956844489 1.5424358881378522
leaf_count=1525963 522468 5937 40956 8727 7971 138 5281 14298 1832 1996 23309 4231 5057 3373
internal_value=0.000206149 0.00713266 0.00362422 0.00752145 0.0331603 -0.0366844 0.0499763 0.0354006 -0.0201484 0.0184066 0.0464469 0.0636385 0.0752232 0.0399641
internal_weight=2224.04 158.837 141.3 128.843 21.6111 12.4571 16.4288 17.5373 5.18236 8.21445 5.49521 9.21287 8.4009 4.35243
internal_count=2171537 1649069 1616173 1575079 49116 41094 38557 32896 10559 33276 25305 26959 12661 7604
is_linear=0
shrinkage=0.05


Tree=288
num_leaves=15
num_cat=0
split_feature=16 1 2 18 0 18 17 1 25 16 27 18 4 17
split_gain=3.5782 3.9567 7.26837 7.72841 6.35526 6.18963 4.66364 4.06982 4.05193 3.84878 8.52999 3.72949 3.65827 3.75033
threshold=5.2548844814300546 114.50000000000001 0.74288776516914379 0.36159096658229833 0.66994607448577892 1.778269410133362 6.0026509761810312 118.50000000000001 11.500000000000002 5.2496488094329843 6.2229549884796151 0.56770214438438427 0.0093360543251037615 5.4049246311187753
decision_type=10 8 10 10 8 8 10 8 8 10 10 10 8 8
left_child=9 4 7 -4 5 -2 11 -3 -8 -1 -11 -6 -9 -14
right_child=1 2 3 -5 6 -7 8 12 -10 10 -12 -13 13 -15
leaf_value=-5.2543702087184012e-05 -0.066842015049661904 0.095969713398745868 0.89388233993398147 -0.052829135526102168 0.042465223935504726 -0.011770106550810323 0.026873963663683328 -0.031305576637140287 -0.011770106550810323 -0.095501629917464095 0.083704325527202056 -0.0078572788107827002 -0.033850485399704651 0.028436451366269339
leaf_weight=2089.0397486848506 6.5946685812560117 1.7404008963889666 0.049030686486274955 0.0384725735902407 4.0513367748736746 5.1538526114793397 34.136988526437761 3.4404808055383045 5.530370753867941 2.72240077357753 0.8782345722048629 40.369469735860378 2.64464035872115 28.033626453238369
leaf_count=1951430 16928 1112 8 159 283 8026 2369 42730 691 2594 125 4910 71091 67472
internal_value=0.000361675 0.00835285 0.0224992 0.477642 0.00304682 -0.0313998 0.00785958 0.0213885 0.0203203 -0.000141566 -0.0517913 -0.00326769 0.0175841 0.023067
internal_weight=2224.42 131.783 35.9467 0.0875033 95.8367 11.7485 84.0882 35.8591 39.6674 2092.64 3.60064 44.4208 34.1187 30.6783
internal_count=2169928 215779 182572 167 33207 24954 8253 182405 3060 1954149 2719 5193 181293 138563
is_linear=0
shrinkage=0.05


Tree=289
num_leaves=15
num_cat=0
split_feature=10 9 9 16 16 4 3 9 18 10 4 9 16 9
split_gain=3.99214 4.71053 7.97928 4.97255 4.8272 4.63535 3.97088 6.88104 3.93551 4.27863 3.61428 3.22015 3.33083 3.19661
threshold=0.020161132328212265 0.4063695371150971 0.5225830376148225 4.2972624301910409 3.3497501611709599 0.014469802379608156 0.12357026338577272 0.54205104708671581 0.10990484058856965 0.018857188522815708 0.046745598316192634 0.66976839303970348 8.8703341484069842 0.48262123763561254
decision_type=8 10 8 8 10 10 10 10 10 10 10 10 10 10
left_child=1 10 8 4 6 11 7 -4 -3 13 -1 -5 -13 -10
right_child=-2 2 3 5 -6 -7 -8 -9 9 -11 -12 12 -14 -15
leaf_value=0.014659838115256769 -0.00081786154086399988 -0.08440948022815406 0.046142027798165897 0.057011083365194684 -0.068429210663228254 -0.065961041559224207 0.048537860741214758 -0.061537630940319325 0.0033653081101252522 -0.095923284301159359 -0.071426236485420846 -0.064648845282707451 0.071652097715705493 -0.069782370795805404
leaf_weight=99.823562201182469 2058.3148945522253 3.221272006799988 2.4807164016949619 8.7673775360246289 2.8309338593646265 1.0495651987510939 3.4793312363228077 3.6912416660584313 8.3034642175572095 1.6812970825431257 1.2343356703280921 1.2156794222200531 0.71000230312347401 1.8211618365199882
leaf_count=383821 1325150 21936 233 11067 29487 30211 22553 1464 74107 1089 236914 6198 1 27148
internal_value=-0.000261592 0.00789876 -0.00680114 0.0109542 -0.0110176 0.0343099 0.00582247 -0.0182576 -0.035424 -0.0220581 0.0136084 0.0441519 -0.0143944 -0.00979209
internal_weight=2198.62 140.31 39.252 24.2248 12.4822 11.7426 9.65129 6.17196 15.0272 11.8059 101.058 10.6931 1.92568 10.1246
internal_count=2171379 846229 225494 101214 53737 47477 24250 1697 124280 102344 620735 17266 6199 101255
is_linear=0
shrinkage=0.05


Tree=290
num_leaves=15
num_cat=0
split_feature=9 9 2 4 11 4 7 8 3 1 1 2 1 4
split_gain=3.6131 6.73287 4.22739 3.82137 4.9189 4.22833 4.00859 3.91103 3.73861 6.74857 7.9076 6.17072 8.07013 6.22451
threshold=0.50190195441246044 0.50947478413581859 0.06124559976160527 0.0008278489112854005 0.1695402339100838 0.064174681901931777 7.1927928924560556 197.50000000000003 0.046789705753326423 14.500000000000002 12.500000000000002 1.3184982538223269 20.500000000000004 0.012010872364044191
decision_type=8 8 8 10 10 10 8 8 8 8 10 10 8 10
left_child=3 -2 -3 6 7 -6 -1 -5 -4 10 -10 13 -13 -11
right_child=1 2 8 4 5 -7 -8 -9 9 11 -12 12 -14 -15
leaf_value=-0.092359690130934369 -0.057392299254719115 0.033906557341787595 0.0013039927316596633 0.0042354820041920213 -0.068494593041969573 0.077573854331849601 0.02013948744356657 -0.067969975891435941 -0.0084353609299810828 -0.005921307638382875 -0.043139641373197035 0.0027468480675178096 0.054702492547827067 0.0043927918491415792
leaf_weight=0.80549328970946277 5.207503067674085 8.9057348814976951 1080.4510935412427 261.73971636682154 3.8294117011628783 0.56907165804074455 46.687317832120669 1.8889210708252893 128.47418615652109 400.95984433777835 18.818451120470201 22.888130148009211 11.09805773610101 230.29660607673225
leaf_count=4443 6515 163291 26371 682805 1973 544 39238 12104 26399 363241 6388 5240 2108 830313
internal_value=0.000203257 -0.000616724 -0.000461269 0.00515948 0.0028432 -0.0495964 0.0182315 0.00371812 -0.000622956 -0.00318527 -0.0128693 -0.00104112 0.0197128 -0.00215849
internal_weight=2222.62 1907.1 1901.89 315.52 268.027 4.39848 47.4928 263.629 1892.99 812.535 147.293 665.243 33.9862 631.256
internal_count=2170973 1429866 1423351 741107 697426 2517 43681 694909 1260060 1233689 32787 1200902 7348 1193554
is_linear=0
shrinkage=0.05


Tree=291
num_leaves=15
num_cat=0
split_feature=7 16 16 4 12 18 16 1 18 18 26 4 18 16
split_gain=3.87481 3.2273 3.42137 11.3466 7.4404 6.85014 5.57113 5.50916 5.3654 6.50945 4.97219 9.40554 5.42365 5.91089
threshold=121.53054046630861 5.2548844814300546 4.8713660240173349 0.00022497773170471194 0.11215933039784433 0.32690238952636724 4.686739683151246 73.500000000000014 0.46123240888118749 1.0541917681694033 0.26969698071479803 0.0050586163997650155 0.9556003510951997 3.65057384967804
decision_type=10 10 10 10 10 10 10 8 10 8 8 10 8 8
left_child=1 2 6 -4 5 -5 8 -7 -1 10 11 -10 13 -12
right_child=-2 -3 3 4 -6 7 -8 -9 9 -11 12 -13 -14 -15
leaf_value=0.00027129591077393209 0.021034289836519046 0.0075784059696802093 -0.077814594215205563 -0.032962450020197542 -0.088872853765515306 0.0052550110260601267 0.010515787807020262 -0.043218630453129118 0.0036777307989666313 0.010515787807020262 -0.029374651931201142 -0.037885801006810979 -0.062981043078981433 0.0056577278730470708
leaf_weight=1675.0332209891787 22.110653515363083 131.89511477068709 5.6632613981586379 16.518611862076071 2.5999635692950553 86.717068581776601 89.047562561350105 6.2865093253940634 20.209936179318014 31.532815896508367 15.40134724175944 41.687654810203561 3.8430226694006384 55.181726521325231
leaf_count=1314168 7084 215229 7730 17434 5882 17709 123510 145964 24313 66079 18554 139893 6435 60660
internal_value=0.000208356 -2.71422e-06 -0.000490543 -0.00876373 -0.00527599 -0.00329147 1.38532e-05 0.00197847 -0.000582745 -0.00910518 -0.0138442 -0.0243151 -0.00513588 -0.0019864
internal_weight=2203.73 2181.62 2049.72 117.785 112.122 109.522 1931.94 93.0036 1842.89 167.857 136.324 61.8976 74.4261 70.5831
internal_count=2170644 2163560 1948331 194719 186989 181107 1753612 163673 1630102 315934 249855 164206 85649 79214
is_linear=0
shrinkage=0.05


Tree=292
num_leaves=15
num_cat=0
split_feature=13 16 16 4 1 1 10 7 16 17 18 3 27 26
split_gain=6.97867 4.35147 5.67913 5.41895 4.71847 10.3964 10.8119 6.34721 5.05204 6.12737 6.7795 4.48742 4.41009 7.85775
threshold=0.15301003307104113 5.1445789337158212 5.1029059886932382 0.0024720132350921635 22.500000000000004 10.500000000000002 0.022966272197663787 48.882793426513679 5.3589394092559823 5.7761018276214608 0.61502882838249218 0.17661041021347049 6.2229549884796151 0.1702898591756821
decision_type=10 10 10 8 10 10 10 10 8 8 8 10 10 10
left_child=1 2 11 -4 5 12 8 -6 -7 -10 -11 -1 13 -3
right_child=-2 4 3 -5 7 6 -8 -9 9 10 -12 -13 -14 -15
leaf_value=-0.0010134032908682407 0.01086939828583138 0.0029449439945776622 0.019382969547845574 -0.070552130380944655 -0.024926883764980763 0.066258020364007325 -0.10273823873752337 0.038314415951302999 -0.075351192507571912 -0.079118745409697475 0.053224611666656686 -0.050344041736012882 0.035916506644037484 -0.09642079871389575
leaf_weight=1908.9767619639499 139.94998280265054 87.928639037477012 2.3969749735757269 5.5602717015469052 19.956370175805326 14.369205694356227 1.2635854244056108 4.9520593551858338 1.4424076624759159 1.1120664153788684 7.4532836810061989 4.6211850284832954 9.8625041116204937 2.0356582087048869
leaf_count=849197 93386 119704 1054 12557 97565 1445 317 1686 1301 347 551 960099 16548 15710
internal_value=6.31093e-05 -0.000666809 -0.00130782 -0.0434608 0.00752421 0.0114705 0.0398698 -0.0123538 0.0472619 0.0199871 0.0360421 -0.00113253 0.00417615 0.000696556
internal_weight=2211.88 2071.93 1921.56 7.95725 150.376 125.467 25.6405 24.9084 24.377 10.0078 8.56535 1913.6 99.8268 89.9643
internal_count=2171467 2078081 1822907 13611 255174 155923 3961 99251 3644 2199 898 1809296 151962 135414
is_linear=0
shrinkage=0.05


Tree=293
num_leaves=15
num_cat=0
split_feature=8 8 17 8 10 13 16 18 8 10 1 1 10 10
split_gain=3.24526 6.70748 6.64568 5.24315 6.34647 6.84159 4.66979 5.53766 4.82164 3.32177 3.51829 7.58713 7.16386 7.22742
threshold=190.50000000000003 183.50000000000003 4.0517470836639413 179.50000000000003 0.019111297093331817 1.0000000180025095e-35 3.7012257575988774 0.081648375838994994 198.50000000000003 0.0065147271379828462 71.500000000000014 77.500000000000014 0.01985479332506657 0.018121100962162021
decision_type=10 10 8 10 10 8 8 10 10 8 8 8 10 10
left_child=1 3 -3 9 5 -5 7 -2 -8 -1 -11 -12 13 -13
right_child=6 2 -4 4 -6 -7 8 -9 -10 10 11 12 -14 -15
leaf_value=-0.054783380169066302 0.033342974328718154 0.055530711514421419 -0.085781270804355755 0.064198266334370521 0.063238525456463593 -0.093114285233715288 0.049970117350234579 -0.086971946742507356 -0.082702981010474005 -0.00081018665470051685 0.034565605782498891 0.00096025458894905761 0.021601265738154671 -0.084473503954706056
leaf_weight=2.7558043105971493 2.0249584979927016 1.0447773752358314 4.0851767126095302 1.2063621359515437 6.7983248157577236 1.6183018015743382 9.9405247186056354 1.8123152188151901 0.73547648900407026 1785.1429312411431 19.757541244985159 339.54272279127639 44.797557039000594 2.493689300710229
leaf_count=336817 4759 2175 28242 2548 64 14858 23890 8926 6085 307506 26083 1400982 3476 3967
internal_value=0.000260281 0.000105467 -0.0570014 0.00023838 0.0370649 -0.025929 0.0238265 -0.0234808 0.0408302 7.6893e-05 0.000145872 0.00434346 0.00279986 0.000337382
internal_weight=2223.76 2209.24 5.12995 2204.11 9.62299 2.82466 14.5133 3.83727 10.676 2194.49 2191.73 406.592 386.834 342.036
internal_count=2170378 2126718 30417 2096301 17470 17406 43660 13685 29975 2078831 1742014 1434508 1408425 1404949
is_linear=0
shrinkage=0.05


Tree=294
num_leaves=15
num_cat=0
split_feature=8 2 9 8 13 8 8 7 17 18 2 18 2 17
split_gain=4.11212 4.52398 10.7963 4.34034 3.72912 3.6616 3.54288 3.37941 10.6455 3.81783 5.59732 5.46974 3.1371 5.93194
threshold=137.50000000000003 1.5781238675117495 0.21079763770103457 131.50000000000003 1.0000000180025095e-35 148.50000000000003 193.50000000000003 31.899745941162113 5.881927728652955 0.18710348010063174 1.0264745354652407 0.14365419000387195 0.39762203395366674 4.4005842208862314
decision_type=10 10 10 10 8 10 10 10 10 8 10 10 8 10
left_child=3 7 6 12 -5 -4 -3 8 9 10 -2 -12 13 -1
right_child=1 2 5 4 -6 -7 -8 -9 -10 -11 11 -13 -14 -15
leaf_value=-0.047729022035103721 -0.073175108206725181 -0.098329016387412746 -0.04420609608324666 0.028960873786793441 -0.068816770778604583 0.015617190136970095 0.02577582965936423 0.044145485547533912 -0.082758290487703404 0.028438987690615078 0.025247743464340385 -0.10508362808166427 5.2869924847430191e-05 0.022464016446577209
leaf_weight=3.3431527802305245 2.3948122753276122 3.5775741165775683 2.9231779715543125 1.2887153331039238 4.0075787483974761 20.464769977591857 0.6852099686834946 11.140857662413842 2.7059564646469516 31.729367644474589 8.3166445759927576 0.89129916974619838 2110.1912337885574 30.192467219053157
leaf_count=152525 49417 285 136 3874 22314 482 33 28520 25736 169593 478 232 1060179 657494
internal_value=0.00060852 0.011406 -0.00519833 0.000182305 -0.0450251 0.00814009 -0.0783801 0.0194356 0.0134559 0.0194642 -0.00507854 0.0126321 0.000293995 0.0154665
internal_weight=2233.85 84.8297 27.6507 2149.02 5.29629 23.3879 4.26278 57.1789 46.0381 43.3321 11.6028 9.20794 2143.73 33.5356
internal_count=2171298 274912 936 1896386 26188 618 318 273976 245456 219720 50127 710 1870198 810019
is_linear=0
shrinkage=0.05


Tree=295
num_leaves=15
num_cat=0
split_feature=2 12 8 27 14 4 1 17 4 2 1 0 16 18
split_gain=3.58679 6.15184 9.49749 7.66507 6.9222 8.59313 12.4107 8.63511 8.43376 6.5515 7.32677 6.08825 7.23656 5.71501
threshold=0.81066006422042858 0.0015100169694051149 26.500000000000004 5.2377409934997567 1.0000000180025095e-35 0.0087648928165435808 84.500000000000014 6.20959496498108 0.0028241276741027836 0.63078051805496227 128.50000000000003 0.7098187804222108 3.2769666910171513 0.15935160964727405
decision_type=8 8 8 10 8 8 10 10 8 10 10 8 10 10
left_child=1 2 -1 -4 8 6 11 -7 -3 10 13 12 -6 -8
right_child=-2 4 3 -5 5 7 9 -9 -10 -11 -12 -13 -14 -15
leaf_value=0.044301926375246832 0.00023411370833648101 0.026783208995498416 -0.039235602273752113 0.046092240280018709 0.065794973681517238 0.03182908106156921 -0.056202954439283151 -0.025964521190954187 -0.017427359554547255 -0.029344024908854034 -0.0009312927572918267 0.37391376531336218 0.0041770731580448644 0.13795490170507763
leaf_weight=5.5341889856642901 1994.4021550340594 14.780699891801095 20.768007901662223 3.0138816322244564 9.5626721447607999 72.197615269949239 0.48899811748837807 7.0986909155300983 39.925571902661915 23.313547232849714 28.610306440130458 0.1335120317525974 9.4973563713387712 1.6849916528756983
leaf_count=17066 380925 48536 292994 16957 15282 616791 973 35160 561549 24110 84211 35 74067 2779
internal_value=0.000924644 0.00674517 -0.0146934 -0.028422 0.00977707 0.015248 0.00290595 0.0266553 -0.00548242 -0.00934951 0.00579273 0.0374485 0.0350916 0.0942827
internal_weight=2231.01 236.61 29.3161 23.7819 207.294 152.588 73.2914 79.2963 54.7063 54.0978 30.7843 19.1935 19.06 2.17399
internal_count=2171435 1790510 327017 309951 1463493 853408 201457 651951 610085 112073 87963 89384 89349 3752
is_linear=0
shrinkage=0.05


Tree=296
num_leaves=15
num_cat=0
split_feature=8 9 1 2 10 18 17 14 0 4 17 27 1 0
split_gain=4.45146 5.20868 3.96634 3.91732 5.61578 7.06784 8.04148 8.70352 8.48069 8.21144 33.2743 7.2426 6.72929 6.89447
threshold=179.50000000000003 0.14263530820608142 61.500000000000007 0.73600211739540111 0.01985479332506657 0.47192865610122686 5.2704288959503183 1.0000000180025095e-35 0.65976381301879894 0.0031082928180694584 6.6528596878051767 4.2425630092620858 93.500000000000014 0.59902092814445507
decision_type=10 10 10 8 10 10 8 8 8 10 10 10 10 10
left_child=3 -2 -3 4 5 6 8 -8 12 10 -9 -7 -1 -14
right_child=1 2 -4 -5 -6 11 7 9 -10 -11 -12 -13 13 -15
leaf_value=0.049764694229342411 -0.083261174865247145 0.028348603394298268 -0.064464193317334786 -0.00073250352823829156 0.04120832581047363 -0.033185047903881507 -0.039268924180436648 -0.029347229809539938 0.083344786803650608 0.013613449739884827 1.977065084356723 0.045558956089958941 -0.016792081059927081 0.024150080138628745
leaf_weight=12.15499921102092 1.1750811696505206 26.073898335096096 1.2042693566956497 2013.8980326277747 11.189002067355601 19.341184552559337 12.662892949311543 15.809579560860712 5.2703827949061184 62.136607932517421 0.020690781731343644 3.4393883155936669 17.2612066812131 25.432948765624875
leaf_count=153808 17090 69830 4799 457954 2282 518637 260098 42084 2413 338787 683 45445 207585 49903
internal_value=0.000160982 0.019811 0.0242511 -9.3318e-05 0.0068754 0.00466166 0.00858432 -0.000821197 0.0227631 0.00542324 -0.0267248 -0.0212964 0.0169418 0.0075972
internal_weight=2227.07 28.4532 27.2782 2198.62 184.719 173.53 150.749 90.6298 60.1195 77.9669 15.8303 22.7806 54.8492 42.6942
internal_count=2171398 91719 74629 2079679 1621725 1619443 1055361 641652 413709 381554 42767 564082 411296 257488
is_linear=0
shrinkage=0.05


Tree=297
num_leaves=15
num_cat=0
split_feature=3 14 18 27 18 12 27 16 10 4 1 3 3 12
split_gain=4.01603 6.28694 7.50745 7.86354 5.5017 4.9887 4.5137 6.37261 6.49998 6.51658 6.17001 5.60975 25.1352 5.38383
threshold=0.10536321997642518 1.0000000180025095e-35 0.074097339063882842 5.2377409934997567 0.060018761083483703 0.020204081200063232 1.023424029350281 4.7140145301818857 0.0050633235368877658 0.043804347515106208 293.50000000000006 0.16847738623619082 0.16938516497612002 0.081095889210701003
decision_type=10 8 8 10 10 8 8 10 10 8 10 10 10 8
left_child=-1 2 4 -4 -2 -5 7 8 9 10 13 -12 -13 -3
right_child=1 6 3 5 -6 -7 -8 -9 -10 -11 11 12 -14 -15
leaf_value=-0.00041908859017842465 -0.020152593324181005 -0.027214439075042632 -0.035502024232165398 0.089682689447148356 0.068197440614203603 -0.063707850018563966 0.026007171849515148 -0.03723744195852597 -0.06182431759071623 -0.05244833308828406 0.12697571630138288 2.2643276681548516 -0.050846145998448833 0.025699886330380131
leaf_weight=2078.2389766018973 2.9300169145354298 5.5263074581812326 20.922014063164461 2.1879095161130531 4.4204963157531862 0.69954629038198346 46.401403122400936 7.7199574826285504 2.8386294151138918 3.2244774539937842 0.64367432248419909 0.016822213933537 0.038678569571141352 36.938056053514934
leaf_count=343092 66782 37679 622802 3119 24606 14591 406333 198656 126104 168112 2908 49 1510 155084
internal_value=0.000122823 0.00849573 -0.0111908 -0.0248272 0.0329799 0.0525206 0.0144313 0.00499903 0.0116228 0.0161172 0.0212393 0.168563 0.65088 0.0188136
internal_weight=2212.75 134.508 31.16 23.8095 7.35051 2.88746 103.348 56.9466 49.2266 46.388 43.1635 0.699175 0.0555008 42.4644
internal_count=2171427 1828335 731900 640512 91388 17710 1096435 690102 491446 365342 197230 4467 1559 192763
is_linear=0
shrinkage=0.05


Tree=298
num_leaves=15
num_cat=0
split_feature=13 13 8 8 2 13 16 1 1 18 18 18 18 4
split_gain=4.35715 4.15387 4.5137 5.12175 9.01934 4.17696 6.46953 6.52805 8.58686 4.13164 6.76102 8.29608 5.94245 8.84767
threshold=0.15301003307104113 0.091966174542903914 178.50000000000003 168.50000000000003 1.9880797863006594 0.054669987410306937 2.3502402305603032 269.50000000000006 270.50000000000006 1.3039431571960451 0.54691815376281749 0.42872086167335516 0.32690238952636724 0.0013552904129028322
decision_type=10 10 10 10 10 10 10 10 8 10 10 10 10 10
left_child=1 2 3 5 -5 -1 -7 -8 -9 10 11 12 -2 -14
right_child=9 -3 -4 4 -6 6 7 8 -10 -11 -12 -13 13 -15
leaf_value=-0.00021490633606510747 0.0023622456277861254 -0.014485862625338665 0.0201981935155238 -0.086310980937726905 0.042972146748285908 -0.11809311734591464 0.018320080501942736 0.87604044503048495 -0.051372397076911207 -0.046736909104297904 0.032092718107303547 -0.048248657322330121 -0.0842740310300822 0.041827887531692406
leaf_weight=1979.83210186007 84.564889746109429 49.030582949716518 27.944037035426391 4.2532280984205491 1.9757307496388419 0.87544557605352125 38.078853348073821 0.051099544053736845 0.048790124161971704 3.2597975212106283 28.180014538468939 6.9415107710340029 1.502205919163077 18.789078586013588
leaf_count=1874618 42702 47917 88121 40093 39 1050 24661 49 1213 10534 22260 8360 826 8884
internal_value=0.000471713 -0.000103243 0.000240239 -3.5156e-05 -0.0453043 0.000104515 0.0162974 0.019379 0.423055 0.00890951 0.0102054 0.00468842 0.00819288 0.0324923
internal_weight=2245.33 2102.09 2053.06 2025.12 6.22896 2018.89 39.0542 38.1787 0.0998897 143.237 139.978 111.798 104.856 20.2913
internal_count=2171327 2077761 2029844 1941723 40132 1901591 26973 25923 1262 93566 83032 60772 52412 9710
is_linear=0
shrinkage=0.05


Tree=299
num_leaves=15
num_cat=0
split_feature=3 16 16 4 1 1 15 18 4 17 4 16 4 16
split_gain=4.045 5.20881 6.45007 5.14673 4.46814 6.85483 6.17533 5.92734 8.46311 10.2064 9.87657 12.3523 27.3172 45.9353
threshold=0.10536321997642518 5.570249319076539 4.7916412353515634 0.055807113647460944 75.500000000000014 106.50000000000001 1.0000000180025095e-35 0.089122701436281218 0.0048824250698089608 6.6528596878051767 0.0061343610286712655 4.4716224670410165 0.0050586163997650155 4.7050054073333749
decision_type=10 10 10 10 10 8 8 8 8 10 10 10 10 8
left_child=-1 2 3 4 -2 -6 -7 -8 9 -9 11 -10 13 -13
right_child=1 -3 -4 -5 5 6 7 8 10 -11 -12 12 -14 -15
leaf_value=-0.00050224027670427 0.024107125777519077 0.042683816951026757 -0.033519408439786104 -0.039675578508609852 -0.031552347243875803 -0.04176017664560442 -0.018306157055384433 -0.030160323556113838 0.096020115005760562 0.43609898010564452 0.028079905661616222 -0.050499222133460031 0.35645945683875241 6.0453735183853325
leaf_weight=2085.721025325719 41.561259627842816 10.230157254658918 9.7311630636039279 5.2220139838651241 11.67878434267419 5.1761933544736376 10.472757411068132 7.7819522721549186 1.4998444890572145 0.11916785574622668 33.427822041771407 0.0067005311440125901 0.23504161583338323 0.0057358933019102656
leaf_count=343379 447978 105471 298590 538545 47680 51725 49239 46511 8924 104 232318 147 945 53
internal_value=4.47002e-05 0.00836243 0.00559599 0.0088441 0.011107 0.00343277 0.0103903 0.0154313 0.0236336 -0.023128 0.0341373 0.150021 0.477295 2.76102
internal_weight=2222.87 137.149 126.918 117.187 111.965 70.404 58.7252 53.549 43.0763 7.90112 35.1751 1.74732 0.247478 0.0124364
internal_count=2171609 1828230 1722759 1424169 885624 437646 389966 338241 289002 46615 242387 10069 1145 200
is_linear=0
shrinkage=0.05


Tree=300
num_leaves=15
num_cat=0
split_feature=0 8 3 16 7 18 18 8 27 11 17 18 1 1
split_gain=3.0325 2.9404 4.38872 5.65306 5.6795 3.71177 3.79494 3.53414 7.1763 5.51816 3.46424 3.0583 5.41897 3.89753
threshold=0.510185867547989 137.50000000000003 0.052275985479354865 4.3241107463836679 31.899745941162113 0.29366555809974676 0.14554623514413836 143.50000000000003 2.6236810684204106 inf 5.7761018276214608 0.26042945683002477 28.500000000000004 10.500000000000002
decision_type=8 10 8 8 10 10 10 8 10 8 10 8 8 10
left_child=-1 -2 3 4 5 6 -3 9 10 -4 11 12 13 -9
right_child=1 2 7 -5 -6 -7 -8 8 -10 -11 -12 -13 -14 -15
leaf_value=-0.070013868850701086 -0.00024319670221718023 0.0043065445858031428 0.065602964056255139 -0.034951367770069311 0.052573319780683837 0.021449937242831174 -0.034951367770069311 -0.034951367770069311 -0.034951367770069311 -0.034951367770069311 -0.020591774050528283 0.039369497049378019 -0.034951367770069311 0.051472072811385564
leaf_weight=1.5427545006777565 2140.447065738083 9.6586825841711939 7.1929280008296352 7.5001445980224153 5.6042676511278833 9.948078368437562 7.2060713467653832 0.79839928036484042 3.185030169502336 0.8601793912797574 4.1663711532065966 18.526147700469402 2.1573387257049106 4.4143851738025752
leaf_count=641991 1434600 160 5102 387 40 217 199 230 6257 4067 20060 38512 19121 478
internal_value=6.24713e-05 0.000111133 0.00944927 -0.00237329 0.00679606 -0.00277205 -0.01706 0.0208758 0.0136774 0.0505946 0.0217238 0.0285318 0.00128936 0.0318006
internal_weight=2223.21 2221.67 81.218 39.9172 32.4171 26.8128 16.8648 41.3008 33.2477 8.05311 30.0626 25.8963 7.37012 5.21278
internal_count=2171421 1529430 94830 1003 616 576 359 93827 84658 9169 78401 58341 19829 708
is_linear=0
shrinkage=0.05


Tree=301
num_leaves=15
num_cat=0
split_feature=18 8 9 18 1 26 13 14 2 20 18 9 10 3
split_gain=4.25909 4.16493 3.77519 3.71888 6.85776 6.56115 4.14384 4.74846 9.80091 6.56244 4.54549 4.1325 3.97774 3.98601
threshold=1.271231532096863 137.50000000000003 0.1256498992443085 1.3386034965515139 8.5000000000000018 0.20416666567325595 0.078461539000272765 1.0000000180025095e-35 0.88535809516906749 1.0000000180025095e-35 1.4538733959198 0.34069748222827917 0.031408416107296951 0.039126038551330573
decision_type=10 10 8 10 10 10 8 8 8 10 10 8 8 8
left_child=1 -1 -3 4 -2 6 -5 11 -9 -10 12 -8 -11 -14
right_child=3 2 -4 5 -6 -7 7 8 9 10 -12 -13 13 -15
leaf_value=-0.0016001268713705956 0.057910363154211775 -0.094007674193027385 0.011360754061410324 0.031905233852201627 -0.063781604071414186 -0.074208114723089399 -0.094792778633719155 0.027160961596623723 0.29781761057441097 -0.12173793668499322 -0.079116510954848424 0.019558845622872124 0.073361392484727658 -0.073129819459897702
leaf_weight=2075.3084767862947 8.126379908318869 0.85959290761548002 76.791094908381183 15.892627495908068 1.3500364445268953 2.3963656449848889 0.81748456684253823 6.6888078812840259 0.13231782059857167 0.55664387002818339 6.6390574402611247 23.564050418152657 1.5016010449035095 0.67224974142284821
leaf_count=1716745 9065 26704 209434 38876 7036 32179 10749 87606 122 261 6242 25124 27 697
internal_value=-0.000784672 -0.00117474 0.0101943 0.0115042 0.0405738 0.00682415 0.0102632 0.00178569 -0.0192052 -0.0518444 -0.0567824 0.0157248 -0.00247817 0.0280599
internal_weight=2221.3 2152.96 77.6507 68.3376 9.47642 58.8612 56.4648 40.5722 16.1907 9.50187 9.36955 24.3815 2.73049 2.17385
internal_count=2170867 1952883 236138 217984 16101 201883 169704 130828 94955 7349 7227 35873 985 724
is_linear=0
shrinkage=0.05


Tree=302
num_leaves=15
num_cat=0
split_feature=8 8 7 2 8 9 8 16 15 16 7 2 27 14
split_gain=2.67074 5.12802 4.33324 3.54266 6.70444 7.29129 3.8344 5.30093 3.85258 4.4917 3.11622 5.27232 6.72387 2.93668
threshold=137.50000000000003 130.50000000000003 5.2652375698089608 1.5781238675117495 173.50000000000003 0.24175262451171878 183.50000000000003 2.0126758217811589 1.0000000180025095e-35 4.1666352748870858 31.899745941162113 0.93039011955261242 6.2229549884796151 1.0000000180025095e-35
decision_type=10 10 8 10 10 10 8 10 10 8 10 10 8 8
left_child=1 -1 -2 6 13 -6 10 -8 -9 -10 11 -4 -13 -5
right_child=2 -3 3 4 5 -7 7 8 9 -11 -12 12 -14 -15
leaf_value=-0.00013235647500374121 -0.069406094922925751 -0.047519612851651023 0.034296017996122356 0.0010846712006453098 -0.029350922198355747 0.042327105694974179 0.064711410130820463 -0.029350922198355747 -0.029350922198355747 0.048958759393821161 0.050753481138921509 -0.029350922198355747 0.03040600533022756 -0.029350922198355747
leaf_weight=2131.1203743938418 1.7247880504120736 5.7244163021127852 15.223118317236294 7.9604260502219413 2.5969961795969416 10.141171001109909 2.016955570504396 4.386732431464325 0.91813238998536706 3.4259696234576968 9.2463360735260363 8.6974005813815989 8.4275086562380022 6.1278720896633709
leaf_count=1865478 15593 30484 164692 325 143 188 3980 58958 2164 3611 21807 2305 740 212
internal_value=7.82961e-05 -0.000259303 0.00899616 0.0107043 -0.00406989 0.0222174 0.0182763 -0.00834629 -0.0252237 0.0180977 0.0251555 0.0178386 -0.00149928 -0.027838
internal_weight=2217.74 2136.84 80.8934 79.1686 26.8265 12.7382 52.3422 10.7478 8.73083 4.3441 41.5944 32.348 17.1249 14.0883
internal_count=2170680 1895962 274718 259125 868 331 258257 68713 64733 5775 189544 167737 3045 537
is_linear=0
shrinkage=0.05


Tree=303
num_leaves=15
num_cat=0
split_feature=8 3 9 15 27 9 17 13 18 3 3 9 18 18
split_gain=4.29459 5.65503 4.79162 3.25968 4.2849 3.78014 3.42005 3.09639 3.8979 3.40333 6.77389 8.28061 6.05093 9.11934
threshold=179.50000000000003 0.19161516427993777 0.45696653425693518 1.0000000180025095e-35 2.9596748352050786 0.14263530820608142 4.0342013835906991 0.15301003307104113 0.049467602744698531 0.080198258161544814 0.10327807068824769 0.90134188532829296 0.54691815376281749 0.55403852462768566
decision_type=10 10 10 8 10 8 8 10 8 8 10 10 8 10
left_child=1 7 3 -2 5 -5 -7 -1 -9 -10 11 12 -11 -14
right_child=2 -3 -4 4 -6 6 -8 8 9 10 -12 -13 13 -15
leaf_value=-9.6804216039241757e-05 -0.053869113483118972 -0.062643762017470003 0.07775644725501793 -0.079568583357698827 -0.074570052163461784 -0.07949329518028031 0.029035680649370028 0.041638959964181106 0.0094820497538856113 -0.066773384244201026 0.022212438724212885 0.069574739063090918 0.066995274811957856 -0.069590843215937129
leaf_weight=2060.958950271352 1.7319373927952295 3.5636106545175599 3.1388510509918701 0.88835232312581269 1.2153080231575604 0.75015302052516819 22.458934380261837 7.9235111243099112 106.77101812576826 9.4332254265395505 9.7417121441036176 1.8303174661705259 2.5573490754238728 2.3404677596415127
leaf_count=1062580 17227 971847 2766 13455 4949 4317 48881 903 5141 5508 30951 31 216 2448
internal_value=0.000547497 0.000291089 0.0192799 0.012493 0.0170336 0.0216535 0.0255279 0.00039296 0.0075722 0.00553767 -0.0107208 -0.0305723 -0.0433627 0.00172632
internal_weight=2235.3 2205.12 30.1835 27.0447 25.3127 24.0974 23.2091 2201.56 140.598 132.674 25.9031 16.1614 14.331 4.89782
internal_count=2171220 2079625 91595 88829 71602 66653 53198 1107778 45198 44295 39154 8203 8172 2664
is_linear=0
shrinkage=0.05


Tree=304
num_leaves=15
num_cat=0
split_feature=13 17 15 4 7 10 27 2 4 13 17 2 4 16
split_gain=3.66262 3.86511 4.27898 3.75018 3.67402 5.97236 4.9076 5.01725 5.615 4.02823 8.15012 4.27429 4.11439 3.83032
threshold=0.16472868621349337 6.2624449729919442 1.0000000180025095e-35 0.0024720132350921635 13.13931465148926 0.021141065284609798 4.3473856449127206 1.7195320725440981 0.0066264867782592782 0.091966174542903914 5.5392990112304696 1.7195320725440981 0.0013552904129028322 4.0342013835906991
decision_type=10 10 8 8 10 10 10 8 8 10 8 8 10 10
left_child=4 -2 -3 -4 5 9 7 8 -7 -1 11 -11 -12 -6
right_child=1 2 3 -5 13 6 -8 -9 -10 10 12 -13 -14 -15
leaf_value=-0.00045933044198649296 0.0048064999264648793 -0.051826820097391507 -0.099467238168213734 0.040720157778751889 0.0072455770557355989 -0.10552354062494713 -0.072476949330602072 -0.0050181139746849302 -0.024074384961366466 -0.03047409198856961 -0.071847649469735222 -0.095041399652291664 0.00096601661089619419 0.00096601661089619419
leaf_weight=1490.113718699715 122.79713445174163 1.4883296648420801 0.49141936539030195 16.327853709031366 319.2940537110909 2.6153127432544627 3.7100270814547391 44.486610751720107 11.083341200634592 7.68778441662052 1.9899811564316454 3.8452067566024333 26.170419982111223 178.8391604438799
leaf_count=1463618 87308 1780 171 2752 255767 238 187 893 1407 16516 1166 545 12243 326928
internal_value=0.00020509 0.00800173 0.0294335 0.0366242 -0.000321336 -0.00149414 -0.0167207 -0.0131655 -0.0396245 -0.000878084 -0.0165983 -0.0520014 -0.00209912 0.00342618
internal_weight=2230.94 141.105 18.3076 16.8193 2089.84 1591.7 61.8953 58.1853 13.6987 1529.81 39.6934 11.533 28.1604 498.133
internal_count=2171519 92011 4703 2923 2079508 1496813 2725 2538 1645 1494088 30470 17061 13409 582695
is_linear=0
shrinkage=0.05


Tree=305
num_leaves=15
num_cat=0
split_feature=8 12 27 15 10 8 0 16 3 16 0 16 9 15
split_gain=3.30611 4.60733 4.52688 5.14256 5.1271 4.51885 6.70704 4.5368 3.75996 4.59249 5.00777 4.94735 3.63639 3.52891
threshold=4.5000000000000009 0.084219858050346388 18.656805038452152 1.0000000180025095e-35 0.030186134390532974 5.5000000000000009 0.6531885862350465 2.7403194904327397 0.052275985479354865 3.9981586933135991 0.72143161296844494 4.2972624301910409 0.90134188532829296 1.0000000180025095e-35
decision_type=8 10 10 8 8 8 8 10 10 8 10 10 10 10
left_child=1 2 3 4 -1 6 -2 -8 9 -5 11 -11 -12 -9
right_child=5 -3 -4 8 -6 -7 7 13 -10 10 12 -13 -14 -15
leaf_value=-0.087904734498570905 -0.10082292591976637 0.038101006733192784 0.044322665306935377 0.0075881605254303364 -0.0058587195573984478 -0.00053210534313793598 0.046167153484158154 -0.044090632589142711 0.020270217118653053 -0.075229377022065475 -0.015023092914180532 -0.015977425031004949 0.026728861483510714 0.029711243412478779
leaf_weight=3.0034436669761395 2.6187528299187566 10.954273919026944 6.7874331769934022 66.961484947458587 5.2022823653734358 2052.3485742296502 2.5852556249174183 7.6165277229516999 30.508212241339635 5.1841139428192973 6.6181216634722686 10.994420942400607 8.7117273566873319 2.0572382376049063
leaf_count=3444 3926 1102 343 1299 149 2149686 68 309 10326 106 98 298 268 28
internal_value=-0.000203173 0.00684172 0.0044633 0.00249119 -0.035889 -0.000731142 -0.0281877 -0.0126715 0.00493298 0.000181151 -0.0155602 -0.0349636 0.00491744 -0.0283958
internal_weight=2222.15 154.926 143.971 137.184 8.20573 2067.23 14.8778 12.259 128.978 98.4699 31.5084 16.1785 15.3298 9.67377
internal_count=2171450 17433 16331 15988 3593 2154017 4331 405 12395 2069 770 404 366 337
is_linear=0
shrinkage=0.05


Tree=306
num_leaves=15
num_cat=0
split_feature=8 16 15 17 17 8 13 13 7 18 27 13 10 18
split_gain=3.59855 5.82479 4.4687 10.7338 6.27278 6.33609 7.92538 6.74765 5.32145 5.94222 5.27536 4.41901 5.41961 6.49969
threshold=7.5000000000000009 1.7005987167358401 1.0000000180025095e-35 4.9015574455261239 5.5548937320709237 6.5000000000000009 inf 0.048003071919083602 48.882793426513679 0.48354227840900427 19.596622467041019 0.21807064861059192 0.02883220370858908 0.07001094147562982
decision_type=8 8 10 10 8 8 8 10 8 8 8 10 10 8
left_child=1 -1 4 -4 5 7 -7 8 9 -3 -11 12 13 -6
right_child=-2 2 3 -5 11 6 -8 -9 -10 10 -12 -13 -14 -15
leaf_value=0.0632498582333402 -0.00058774721375440232 -0.00051051684805221767 -0.15179722119067438 0.0352119266056777 0.021474116500926586 -0.096795736593431922 0.051708484720586825 0.039345462353547363 0.013366182184659379 -0.061267615292596583 -0.0039125488303596292 0.053271372813749676 -0.01098019825003691 -0.092897173730561361
leaf_weight=4.4126797179029689 2017.9762360954417 54.013327829909286 0.79955680913459204 19.020501365427304 1.6920678459324956 0.97116568834791328 11.995222174749678 12.167276514668258 46.327752579692429 8.7777523739724401 7.3796818837920251 2.1255970666115891 25.830342811717088 4.6725299570787113
leaf_count=188 2140977 4486 257 1461 979 618 2128 1575 4007 4488 1868 353 800 7292
internal_value=4.65538e-05 0.00644065 0.00516018 0.0276678 0.00262482 0.00727209 0.0405857 0.00391489 0.000214468 -0.00846848 -0.0350715 -0.0165533 -0.0211633 -0.0624909
internal_weight=2218.16 200.185 195.773 19.8201 175.953 141.632 12.9664 128.666 116.499 70.1708 16.1574 34.3205 32.1949 6.3646
internal_count=2171477 30500 30312 1718 28594 19170 2746 16424 14849 10842 6356 9424 9071 8271
is_linear=0
shrinkage=0.05


Tree=307
num_leaves=15
num_cat=0
split_feature=2 14 1 10 10 4 1 1 16 16 4 2 4 1
split_gain=4.58972 5.88933 6.37663 5.26999 4.09871 4.3234 6.63632 10.7529 4.03068 3.70984 3.81005 4.11599 4.42106 7.51077
threshold=0.5077783763408662 inf 168.50000000000003 0.012987257447093727 0.012500184588134291 0.0067969262599945077 193.50000000000003 192.50000000000003 7.5847010612487802 2.4414010047912602 0.012214094400405886 0.43801341950893408 0.0026761889457702641 231.50000000000003
decision_type=8 8 8 10 8 10 8 10 10 10 8 8 8 10
left_child=1 2 -1 9 -3 8 7 -7 -6 -4 11 -11 13 -13
right_child=-2 4 3 -5 5 6 -8 -9 -10 10 -12 12 -14 -15
leaf_value=0.052255520000945126 -0.00076118184240577327 0.067726796758401028 -0.058699481405612257 0.028254481237907025 -0.068404075956371546 0.13159527481977498 0.015608071393892298 0.88704046008528747 0.078987504858731628 -0.040308074309201955 0.012276704591183768 -0.0099898323516614332 -0.017371106729547545 0.1591288810596245
leaf_weight=6.4336407666894031 2134.6140149043576 7.1480433244044344 3.4389657529816295 12.342692808327923 2.0900155999857759 0.64506662006358273 3.0434091538413077 0.050814784274452629 0.59615212083569336 10.845559247825674 17.925933167529823 1.6182274736296607 6.4422084099218937 1.1046705995075354
leaf_count=27969 843153 129768 86931 47842 18739 17006 85671 511 30 241988 639611 5725 22378 2711
internal_value=-0.000337559 0.0119278 0.00521484 -0.000419047 0.0416769 0.0126975 0.0474593 0.18676 -0.0356929 -0.00897261 -0.00446485 -0.0194623 0.00520571 0.0586211
internal_weight=2208.34 73.7254 60.1519 53.7183 13.5735 6.42546 3.73929 0.695881 2.68617 41.3756 37.9366 20.0107 9.16511 2.7229
internal_count=2170033 1326880 1075155 1047186 251725 121957 103188 17517 18769 999344 912413 272802 30814 8436
is_linear=0
shrinkage=0.05


Tree=308
num_leaves=15
num_cat=0
split_feature=18 16 18 9 9 8 16 16 2 14 1 27 1 17
split_gain=4.98594 5.38062 5.15969 7.46439 6.42658 6.71277 5.39297 8.3514 10.1176 7.342 6.60008 5.1134 7.53373 8.87523
threshold=1.271231532096863 3.9415346384048466 0.68755611777305614 0.33370779454708105 0.38411962985992437 72.500000000000014 5.2907860279083261 5.3008110523223886 1.9880797863006594 1.0000000180025095e-35 4.5000000000000009 2.7597332000732426 12.500000000000002 6.0318858623504648
decision_type=10 10 10 10 10 8 8 10 10 8 10 10 10 10
left_child=2 -2 -1 6 -5 -6 9 -8 11 -4 -11 12 13 -9
right_child=1 -3 3 4 5 -7 7 8 -10 10 -12 -13 -14 -15
leaf_value=0.00028186976057247422 -0.076120166170003847 0.015460441388755545 -0.010140589859978906 0.045191973074435732 0.0026741118908188023 -0.071040571699897054 0.080063025096775278 -0.10473759721196359 0.045101772696614979 -0.080264412109173303 -0.027749123687995238 0.033590941251252594 -0.004552955763650844 0.0046156464024518411
leaf_weight=2005.5130741885087 1.6428100252694395 67.638079472306131 23.676213698163231 8.2239564634105076 39.976905548361053 3.3469690258816334 2.7567658734373444 6.0919330172131039 6.0390920314038103 10.070353453247977 14.740697667591006 2.8078847230028243 8.1090634295484225 2.6681434139183464
leaf_count=1682887 7487 210567 55643 13942 27496 15107 1263 16772 58 45077 64473 6110 21787 2941
internal_value=8.80822e-05 0.0132889 -0.00034048 -0.010053 0.00467118 -0.00302069 -0.0199152 -0.00264291 -0.011509 -0.0300579 -0.0490641 -0.0288834 -0.0392823 -0.0714308
internal_weight=2203.3 69.2809 2134.02 128.508 51.5478 43.3239 76.9601 28.4729 25.7161 48.4873 24.8111 19.677 16.8691 8.76008
internal_count=2171610 218054 1953556 270669 56545 42603 214124 48931 47668 165193 109550 47610 41500 19713
is_linear=0
shrinkage=0.05


Tree=309
num_leaves=15
num_cat=0
split_feature=3 27 16 10 12 18 3 28 16 17 17 1 0 3
split_gain=4.74131 4.16066 7.81718 9.26988 7.45192 6.11775 5.6005 5.24958 5.06299 8.14734 4.43478 11.1159 4.51345 5.06103
threshold=0.10434558987617494 1.023424029350281 4.7140145301818857 0.01985479332506657 0.13397436589002612 0.098603028804063811 0.15316763520240786 1.5000000000000002 2.4414010047912602 4.6395599842071542 4.6681339740753183 249.50000000000003 0.64261344075202953 0.11912906169891359
decision_type=10 8 10 10 8 10 10 10 10 10 10 10 8 10
left_child=-1 2 6 -4 5 -3 7 -2 -6 -10 11 -11 -12 -14
right_child=1 4 3 -5 8 -7 -8 -9 9 10 12 -13 13 -15
leaf_value=-0.001120462395875753 0.013946472011449031 -0.056276586776454973 -0.060169979416024214 0.061572616450220885 0.03500674370943873 0.049109101556575704 -0.037254952638238657 -0.056884064636351067 -0.050746338049550581 0.079838180480868659 -0.0088086309658917377 0.88545655415455493 0.011541871050468755 0.071668398220365734
leaf_weight=2060.017637340939 61.778099477339389 1.4805131788939707 9.0051043456103148 1.8921585067336533 11.614059533220127 19.717277874418336 6.6469740758345202 2.731579219996255 7.15600006632065 0.43943787658189704 18.490733388255769 0.047440664464251103 6.0487232104649085 4.7351894146369062
leaf_count=335552 211000 15412 270019 1545 45814 153536 686036 14462 131436 4648 280030 563 5876 15610
internal_value=-0.000492082 0.00803636 0.000405084 -0.0390311 0.0170164 0.0417487 0.00644452 0.0109472 0.00621382 -0.00284428 0.00867352 0.158336 0.00618441 0.0318924
internal_weight=2211.8 151.783 82.0539 10.8973 69.7294 21.1978 71.1567 64.5097 48.5316 36.9175 29.7615 0.486879 29.2746 10.7839
internal_count=2171539 1835987 1183062 271564 652925 168948 911498 225462 483977 438163 306727 5211 301516 21486
is_linear=0
shrinkage=0.05


Tree=310
num_leaves=15
num_cat=0
split_feature=16 16 1 1 2 17 18 7 18 4 4 1 16 9
split_gain=4.46103 6.70092 4.93386 4.34966 7.09149 7.49479 8.3068 6.33269 6.08974 7.75652 5.67691 5.52488 6.00721 5.53841
threshold=5.1445789337158212 5.1029059886932382 2.5000000000000004 4.5000000000000009 1.9880797863006594 6.0741951465606698 1.271231532096863 29.766516685485843 0.82654154300689708 0.013683229684829714 0.0015761256217956545 22.500000000000004 5.8564944267272958 0.30800634622573858
decision_type=10 10 8 8 10 10 10 10 10 8 10 10 8 10
left_child=1 -1 -3 4 5 6 7 -2 11 -10 -6 12 -5 -13
right_child=3 2 -4 8 10 -7 -8 -9 9 -11 -12 13 -14 -15
leaf_value=0.00023448731121341281 -0.08654258851873671 0.0053253018420037629 -0.074441401280701647 0.033635220450154206 0.078228840356588891 0.00873458255100233 0.012935275118407797 -0.0057631858440824251 -0.03175142854904435 0.015092648807246745 0.0076795914654119272 -0.020216651023456808 -0.091031512195665049 0.039238642247794234
leaf_weight=2068.1759294448912 8.5947694799516494 3.0860436495623622 5.2137148225109717 51.660738260682095 3.2657728438498479 13.551900561141364 5.0102948976042603 3.3804651347654433 13.710695411314607 24.85914256784168 22.476242926115276 12.046878749327034 0.98471860756496354 5.8040348113809257
leaf_count=1883931 355 48 14520 41918 13 198 227 51 54563 130761 360 39573 3264 1872
internal_value=0.000683944 5.45534e-05 -0.0447823 0.00858807 -0.00270134 -0.0189969 -0.0411224 -0.0637395 0.0144135 -0.00155935 0.0166299 0.0231526 0.0313034 -0.000885394
internal_weight=2241.82 2076.48 8.29976 165.346 56.2794 30.5374 16.9855 11.9752 109.066 38.5698 25.742 70.4964 52.6455 17.8509
internal_count=2171654 1898499 14568 273155 1204 831 633 406 271951 185324 373 86627 45182 41445
is_linear=0
shrinkage=0.05


Tree=311
num_leaves=15
num_cat=0
split_feature=8 18 8 8 7 3 17 27 14 2 10 0 27 10
split_gain=3.62639 5.67262 3.61066 5.48341 3.83884 5.94122 5.14267 4.20163 6.5115 4.41085 4.2829 3.80691 2.75508 2.62934
threshold=194.50000000000003 1.0000000180025095e-35 137.50000000000003 131.50000000000003 30.014348983764652 0.060643374919891364 5.9725358486175546 4.1546871662139901 1.0000000180025095e-35 1.9880797863006594 0.018625739961862568 0.65810975432395946 5.1143231391906747 0.0065147271379828462
decision_type=10 10 10 10 10 8 8 8 10 10 8 10 8 8
left_child=2 -2 3 13 5 6 7 8 10 -10 -4 12 -9 -1
right_child=1 -3 4 -5 -6 -7 -8 11 9 -11 -12 -13 -14 -15
leaf_value=-0.064762290432966038 0.064325616828330295 -0.071829020238539265 -0.084233168729061822 -0.055685679172616513 0.035115265941280449 0.020373388384593242 -0.091388312743156896 -0.012109502433470181 -0.11752306057890004 -0.0064131552692114251 0.0051726531514229117 0.020373388384593242 -0.091912602948870895 -0.00011369145010780124
leaf_weight=1.5739391970321583 0.96241954378568095 3.729265068206832 1.5012147968898872 4.455786642871316 13.3486318424328 27.940027296612051 1.7549416966648994 0.90365213918267118 2.4903557043435276 1.392758524976671 12.435706515305355 13.944152589439907 1.475735558091454 2139.8102416763613
leaf_count=147991 927 25231 220 26213 30989 216535 124 10 198 12 243 199 149 1722588
internal_value=1.29969e-05 -0.0438992 0.000105673 -0.000276504 0.0107304 0.00563151 -0.00791473 -0.00362428 -0.0204114 -0.0776712 -0.00445769 0.0147019 -0.0445924 -0.000161209
internal_weight=2227.72 4.69168 2223.03 2145.84 77.1872 63.8385 35.8985 34.1436 17.82 3.88311 13.9369 16.3235 2.37939 2141.38
internal_count=2171629 26158 2145471 1896792 248679 217690 1155 1031 673 210 463 358 159 1870579
is_linear=0
shrinkage=0.05


Tree=312
num_leaves=15
num_cat=0
split_feature=16 3 3 7 9 3 15 16 18 10 4 4 12 17
split_gain=5.95163 5.02206 4.38745 5.91087 6.62637 5.3708 5.39108 3.85682 5.63105 3.64329 8.52145 7.39684 5.47027 4.77992
threshold=5.2806591987609872 0.21624770760536197 0.10536321997642518 38.531764984130866 0.26771658658981329 0.060643374919891364 inf 5.3351285457611093 0.5980784296989442 0.016129428520798687 0.0015761256217956545 0.00377228856086731 0.19615384936332705 5.625819444656373
decision_type=10 10 8 8 10 8 8 8 10 8 8 10 10 10
left_child=1 9 3 4 -2 6 -5 8 -4 10 -1 12 -12 -13
right_child=2 -3 7 5 -6 -7 -8 -9 -10 -11 11 13 -14 -15
leaf_value=0.047897345388777615 -0.013082953672556514 -0.080726165375623368 -0.078902956434087748 0.027257326413555827 -0.079485777764440352 -0.013082953672556514 -0.0019296305277661159 0.016514106616067083 0.070697976981976163 -0.0013310541781823755 -0.068617010206051779 0.018334419663930585 0.061740953411292931 -0.027196411827742392
leaf_weight=12.544806917642809 3.8931129603113632 1.9763301161110565 0.69187757328909061 38.001200808654048 4.6842703925959928 15.258270067940556 27.106484164307403 25.276074555107911 6.923078067235136 2032.4013172410705 5.3481040830972146 30.062659509692569 0.94732576223373488 7.1318219516889867
leaf_count=15732 633 745740 5071 1290 1319 13855 1550 167842 14795 1026164 36650 104160 242 36361
internal_value=-0.000433589 -0.00105968 0.0103088 0.00453887 -0.0349157 0.00874982 0.0151058 0.0259119 0.0571056 -0.000984293 0.0115929 0.0011207 -0.049001 0.00960415
internal_weight=2212.25 2090.41 121.834 88.9433 8.57738 80.366 65.1077 32.891 7.61496 2088.44 56.0347 43.4899 6.29543 37.1945
internal_count=2171404 1965049 206355 18647 1952 16695 2840 187708 19866 1219309 193145 177413 36892 140521
is_linear=0
shrinkage=0.05


Tree=313
num_leaves=15
num_cat=0
split_feature=2 3 17 1 17 15 3 1 2 27 2 1 3 1
split_gain=3.84299 5.27005 5.9438 5.66286 4.95583 5.61841 18.5781 26.135 4.74038 5.49104 4.46515 5.20356 5.10323 5.9514
threshold=0.64125162363052379 0.15406703948974612 5.2704288959503183 259.50000000000006 6.6106951236724862 inf 0.091200351715087905 228.50000000000003 0.66817471385002147 9.0099573135375994 0.69104450941085827 114.50000000000001 0.10111019015312196 127.50000000000001
decision_type=8 10 8 10 10 8 10 10 8 10 8 10 10 8
left_child=1 2 3 -1 -4 -6 7 -7 9 -2 12 -12 -10 -14
right_child=8 -3 4 -5 5 6 -8 -9 10 -11 11 -13 13 -15
leaf_value=0.026551062564882034 -0.043982859532134322 -0.019737796543092056 -0.0018658012487598619 -0.053671061055951999 0.040693413291080976 -0.19253040970081284 0.16250133205508097 3.3298090702566201 -0.0041488026672063206 0.05563031750152056 -0.00037843186524397123 -0.039870417987585088 0.064069216052684896 -0.055255063821582101
leaf_weight=54.943849008854485 10.851560319905454 15.025344407796124 60.494638066867303 2.2915699043646418 2.3837820362901994 0.0098305223914388895 0.30340975728947228 0.011342366226017475 8.3340641523352375 1.5855839426048 2049.5921422433712 8.3751672075964034 8.436883191410244 1.1926855603765076
leaf_count=131228 41006 1229505 183900 24147 2776 188 1804 13 6293 135 506900 15387 21627 4926
internal_value=2.24882e-05 0.00818353 0.0116669 0.0233392 0.00109667 0.0672671 0.262428 1.6944 -0.000506885 -0.0312834 -0.000322499 -0.00053915 0.0244976 0.0492901
internal_weight=2223.83 135.464 120.438 57.2354 63.203 2.70836 0.324583 0.0211729 2088.37 12.4371 2075.93 2057.97 17.9636 9.62957
internal_count=2169835 1573561 344056 155375 188681 4781 2005 201 596274 41141 555133 522287 32846 26553
is_linear=0
shrinkage=0.05


Tree=314
num_leaves=15
num_cat=0
split_feature=7 16 16 9 1 9 16 4 4 28 4 12 1 16
split_gain=5.03866 3.83312 4.35035 3.72802 5.83312 5.88951 5.08953 5.84693 4.92327 4.80754 4.40929 4.41967 4.14918 3.77673
threshold=5.2652375698089608 5.2548844814300546 5.2443854808807382 0.3425015807151795 16.500000000000004 0.20794206857681277 5.4183177947998056 0.0008278489112854005 0.0034263432025909428 2.5000000000000004 0.013444721698760988 0.13188406080007556 114.50000000000001 6.310826539993287
decision_type=8 10 10 10 10 10 10 8 8 8 10 10 10 10
left_child=-1 2 -2 4 6 13 8 -8 -3 10 11 -9 -5 -6
right_child=1 3 -4 12 5 -7 7 9 -10 -11 -12 -13 -14 -15
leaf_value=-0.042547824582887778 -0.00016275595272339266 -0.021169462468785219 -0.021169462468785219 -0.020684731382306552 -0.021169462468785219 0.038391542631692838 0.058507997875856657 -0.021169462468785219 0.037360232100509372 0.059150698784956671 0.017048438701368282 0.040961432242365259 0.043118567867705543 0.031072397305536532
leaf_weight=6.911901037570682 2081.055792300785 2.0816613323878785 5.015210711645067 17.232172108172353 14.449908813377112 4.8937516461229036 5.172206086411002 22.808626877236513 33.578495860406754 3.47309792902655 18.005259604053052 3.1044268126910834 2.9902674856911906 3.5027923698761354
leaf_count=27284 1925554 2008 5113 40706 70798 3448 1782 20113 18624 2572 42851 428 2710 6973
internal_value=7.60338e-05 0.0002089 -0.000312635 0.00849541 0.0120905 -0.0104262 0.0179214 0.00802985 0.0325017 0.00252077 -0.00195758 -0.0151636 -0.0112502 -0.0211695
internal_weight=2224.28 2217.36 2086.07 131.293 111.07 22.8465 88.2238 52.5636 35.6602 47.3914 43.9183 25.9131 20.2224 17.9527
internal_count=2170964 2143680 1930667 213013 169597 81219 88378 67746 20632 65964 63392 20541 43416 77771
is_linear=0
shrinkage=0.05


Tree=315
num_leaves=15
num_cat=0
split_feature=16 16 7 11 2 1 18 17 1 12 17 28 26 25
split_gain=3.77221 6.04423 4.97003 4.67365 5.567 8.04453 4.87459 5.56852 5.08208 5.48536 5.67077 7.30935 8.13788 5.45453
threshold=5.1445789337158212 5.1029059886932382 36.445343017578132 0.41428571939468389 1.4900426268577578 4.5000000000000009 0.82654154300689708 6.01249122619629 22.500000000000004 0.099019609391689314 5.6818761825561532 1.5000000000000002 0.88194444775581371 1.0000000180025095e-35
decision_type=10 10 10 10 10 8 8 8 8 10 8 10 10 10
left_child=1 -1 -3 4 5 -2 8 -8 13 10 -10 12 -12 -7
right_child=3 2 -4 -5 -6 6 7 -9 9 -11 11 -13 -14 -15
leaf_value=-0.0002251258941582757 -0.078670952033255762 -0.062996584752378973 0.034949639200871817 0.050766122614188426 -0.0064541661466053519 0.040796528490380117 0.0054361995825799496 -0.075341743489413138 0.042014700509586701 0.046789561867958421 -0.054501305822013325 0.025866583978507565 0.067616535610613746 -0.091577993448592687
leaf_weight=2059.7518615589993 2.3478919512907082 6.495419658871918 1.617728746833113 5.9912106204359636 58.958674023474202 30.97695991459894 34.384513405059757 2.2746474938788515 5.6108129326292371 7.4658147801266983 10.511027815520388 6.8963570497293736 1.5677249476291688 0.79824843507853316
leaf_count=1883562 138 13653 925 1602 2121 1919 178092 5958 13416 3911 61276 4189 305 303
internal_value=0.000190252 -0.000394781 -0.0434665 0.00740053 0.00579469 0.0128174 0.0149551 0.000424046 0.023301 0.00925327 -0.00214508 -0.0152028 -0.0386514 0.0374711
internal_weight=2235.65 2067.87 8.11315 167.784 161.793 102.834 100.486 36.6592 63.8269 32.0517 24.5859 18.9751 12.0788 31.7752
internal_count=2171370 1898140 14578 273230 271628 269507 269369 184050 85319 83097 79186 65770 61581 2222
is_linear=0
shrinkage=0.05


Tree=316
num_leaves=15
num_cat=0
split_feature=13 8 3 12 18 3 12 11 12 18 17 17 17 0
split_gain=3.03206 6.49842 4.83992 4.71388 4.38746 4.42216 3.87763 3.57315 3.76305 8.35155 4.85327 8.52177 8.4758 9.28348
threshold=0.0007990411831997336 1.5000000000000002 0.19161516427993777 0.020895709283649925 1.5006631016731264 0.23873797059059146 0.031754031777381904 0.83333334326744091 0.043717153370380409 0.27781905233860021 6.0026509761810312 5.7822844982147226 5.8391859531402597 0.72143161296844494
decision_type=10 8 10 10 10 10 10 10 10 8 10 10 10 10
left_child=2 -2 -1 -3 6 -6 -5 8 9 -8 11 -10 -13 -14
right_child=1 3 -4 4 5 -7 7 -9 10 -11 -12 12 13 -15
leaf_value=-0.00050268311641903519 0.052677630053842753 0.063519899152884182 -0.065889465557903468 -0.073313333332608518 -0.070113338185135696 0.074358566796066103 0.046553309694427357 0.054569447059054081 0.0028228795994941478 -0.058808855414605711 0.015859442759603853 -0.078858373105501284 -0.059839354928257676 0.013985598735012676
leaf_weight=1986.7486294888015 7.0296882483246987 3.2697784969894022 2.8341161659168383 1.6112554385220779 3.4837164266890004 0.62464528329630153 11.407400724926278 3.5121117617204609 137.5782428729683 2.2520890131395914 49.23178965669311 6.3387948605531887 6.5645388484143945 12.121588993730256
leaf_count=1031453 364 1961 956846 3254 8933 6903 5485 819 108719 5394 23201 5422 12445 307
internal_value=5.05181e-05 0.00529876 -0.000595825 0.00389933 0.0030688 -0.0481475 0.0039812 0.00452503 0.00374558 0.0291819 0.00210541 -0.00205894 -0.0288975 -0.0119495
internal_weight=2234.61 245.026 1989.58 237.996 234.726 4.10836 230.618 229.007 225.494 13.6595 211.835 162.603 25.0249 18.6861
internal_count=2171506 183207 1988299 182843 180882 15836 165046 161792 160973 10879 150094 126893 18174 12752
is_linear=0
shrinkage=0.05


Tree=317
num_leaves=15
num_cat=0
split_feature=8 4 1 26 11 12 13 13 7 0 13 27 14 26
split_gain=4.68864 4.00504 6.3012 5.36868 4.9993 4.25795 3.71729 3.84828 5.49323 5.37002 4.85675 3.66948 4.34945 3.65648
threshold=137.50000000000003 0.0035824179649353032 28.500000000000004 0.25543478131294256 inf 0.63333335518836986 0.15301003307104113 0.27525253593921667 47.086400985717781 0.66994607448577892 0.37638889253139501 9.5089921951293963 1.0000000180025095e-35 0.45227272808551794
decision_type=10 8 10 10 8 8 10 8 10 10 8 8 8 10
left_child=6 2 11 -3 -4 -5 13 -8 9 -9 -11 -2 -13 -1
right_child=1 3 4 5 -6 -7 7 8 -10 10 -12 12 -14 -15
leaf_value=-0.001338848724891422 -0.08062800164295153 0.021629854603510943 0.053841106277602337 -0.088115161525682828 -0.064511509570263387 -0.0019380414156886711 0.012758309907795551 -0.053226743305204306 0.046382850341206788 -0.027820302352596016 0.014317827572068099 0.038118175245052975 -0.082408849509423232 0.0065962395246564652
leaf_weight=1847.5599919651843 3.6262667090551757 61.795363378740319 3.9641436891666046 1.8543525593931729 1.1514328752029497 6.3136470238677189 102.55397210938936 6.5297695426336579 4.4940089138905384 11.572793535928211 16.714023810863299 1.9942305345068188 1.1982988491234638 157.55844259858986
leaf_count=1756587 19378 235133 1103 3902 976 7805 49626 25036 1503 1349 1041 2793 3841 61347
internal_value=0.000285962 0.0120276 -0.0147439 0.0165943 0.0272019 -0.0215025 -0.000161929 0.00765978 -0.00564132 -0.0123564 -0.00292186 -0.0462124 -0.007121 -0.000715324
internal_weight=2228.88 81.8977 11.9344 69.9634 5.11558 8.168 2146.98 141.865 39.3106 34.8166 28.2868 6.8188 3.19253 2005.12
internal_count=2171420 274931 28091 246840 2079 11707 1896489 78555 28929 27426 2390 26012 6634 1817934
is_linear=0
shrinkage=0.05


Tree=318
num_leaves=15
num_cat=0
split_feature=16 0 10 17 17 12 4 17 27 10 16 16 10 16
split_gain=2.71503 5.51674 3.80875 5.00093 4.55386 2.97782 6.06718 2.99133 2.64205 2.8763 3.25515 2.68899 2.57343 5.67645
threshold=5.2806591987609872 0.7401445508003236 0.022966272197663787 6.1810507774353036 6.5301482677459726 0.076505016535520567 0.018921792507171634 5.4402484893798837 6.2229549884796151 0.030186134390532974 5.3008110523223886 5.4337124824523935 0.012048386037349703 2.2499048709869389
decision_type=10 8 10 10 10 8 8 10 10 10 10 10 8 8
left_child=12 2 4 -4 5 6 7 -2 9 10 -3 -10 13 -1
right_child=1 8 3 -5 -6 -7 -8 -9 11 -11 -12 -13 -14 -15
leaf_value=0.038414680170307164 -0.062960841720815772 0.053676085778913432 -0.076724022486792914 0.0034612311037067623 -0.078477646535877299 0.0090322382161199324 -0.074230544215707558 0.0090322382161199324 0.07739230257594043 0.069356810953143805 0.0091756803320389053 0.0090322382161199324 0.0001676453649821422 -0.038424268102495281
leaf_weight=3.0880143999955916 1.592987787784337 4.573476891043895 3.7087671307585586 4.0875158824606288 1.6801051344506337 37.624675608115858 3.2717137780345373 12.178890498953416 3.6114940716684023 2.4465023288212242 40.502985926322481 0.80195343110398187 2098.3739690812581 10.843864802251199
leaf_count=26248 14363 234 820 107 4149 115133 47134 17215 100 31 5914 447 1335283 603420
internal_value=0.000434574 0.00787948 -0.00192865 -0.0346837 0.00260329 0.00509513 -0.0130248 0.00151549 0.0199931 0.0165564 0.0136907 0.0569987 2.54415e-05 -0.0213928
internal_weight=2228.39 116.081 64.1447 7.79628 56.3484 54.6683 17.0436 13.7719 51.9364 47.523 45.0765 4.41345 2112.31 13.9319
internal_count=2170598 205647 198921 927 197994 193845 78712 31578 6726 6179 6148 547 1964951 629668
is_linear=0
shrinkage=0.05


Tree=319
num_leaves=15
num_cat=0
split_feature=13 3 2 8 0 14 0 0 8 9 9 16 27 0
split_gain=4.00617 4.16842 5.98047 4.89119 4.79 4.7312 6.32807 5.65683 4.64402 4.82332 4.6047 4.32055 3.93771 4.15215
threshold=0.16472868621349337 0.16582301259040835 0.5077783763408662 159.50000000000003 0.61475172638893139 inf 0.60673585534095775 0.66353684663772594 153.50000000000003 0.52746126055717479 0.62818673253059398 3.4498615264892583 2.4155732393264775 0.7098187804222108
decision_type=10 10 8 10 8 8 10 10 10 10 10 8 10 8
left_child=1 2 5 8 -5 6 -1 10 12 -10 -7 -8 13 -4
right_child=-2 -3 3 4 -6 7 11 -9 9 -11 -12 -13 -14 -15
leaf_value=-0.015699810242043959 0.0078728438517923754 -0.033376435182396705 -0.0048697396784692232 -0.06756190464514597 0.017877027629501004 0.046004925732449915 0.043509370322744025 0.36956585147300153 -0.070054469061104518 0.090193620271627986 -0.075473984348775072 0.0048980964123472919 0.0038666885234841207 0.00013755485345453005
leaf_weight=18.173770816663325 141.93653342747166 9.779182767567816 820.64987140243272 1.7018895892356933 45.442790709980898 12.095941888122612 12.900677667713865 0.13006715177471129 4.0815029995852674 0.53061637184634936 0.83385759871838949 16.527015325514455 301.74928442745113 835.5075236980548
leaf_count=140188 91833 1223794 469325 2767 9076 41805 15737 187 1712 38 922 63290 41372 69791
internal_value=-0.000254604 -0.000809183 -0.000655351 -0.00112224 0.0147927 0.0148123 0.00749823 0.0414711 -0.00150456 -0.0516182 0.0381706 0.0218247 -0.00138651 -0.00234363
internal_weight=2222.04 2080.1 2070.32 2009.66 47.1447 60.6613 47.6015 13.0599 1962.52 4.61212 12.9298 29.4277 1957.91 1656.16
internal_count=2171837 2080004 856210 594081 11843 262129 219215 42914 582238 1750 42727 79027 580488 539116
is_linear=0
shrinkage=0.05


Tree=320
num_leaves=15
num_cat=0
split_feature=16 16 1 3 18 10 3 1 1 18 1 10 9 1
split_gain=4.58701 7.96079 15.438 3.95446 3.56867 3.31009 3.68443 5.22019 6.37508 5.10856 13.699 5.22549 5.87633 8.03266
threshold=5.1445789337158212 5.0845003128051767 2.5000000000000004 0.18313589692115786 2.8991526365280156 0.018857188522815708 0.089800059795379653 208.50000000000003 24.500000000000004 0.24075701832771304 44.500000000000007 0.014493018854409458 0.42152538895607 22.500000000000004
decision_type=10 10 8 10 10 8 8 8 10 8 10 10 10 10
left_child=1 3 -3 4 5 6 9 8 -8 10 -1 -11 13 -13
right_child=-2 2 -4 -5 -6 -7 7 -9 -10 11 -12 12 -14 -15
leaf_value=0.016666824482531345 0.0083645283154458305 0.019505510914943819 -0.076670121317913398 -0.059007448200012594 -0.083585080571290563 -0.00033544234426777757 0.04630581055432622 0.0097471562295175437 -0.049762889452750363 0.05405541986211955 -0.077979458813910996 0.020339629884381247 0.052428048199478883 -0.075231508027020555
leaf_weight=25.06386626667954 164.6049295272519 7.438553140317663 9.5032444583499007 2.8378827054743843 1.2744851752290731 1939.4218106114629 2.1293365414830179 23.657787615724281 9.1366519557867374 13.811225148107008 4.511307365818662 6.6182738005204538 5.6658754245781884 3.2923060318318633
leaf_count=989 273168 89 26481 942562 2541 806307 1268 86572 25664 1637 1619 419 602 904
internal_value=0.000333398 -0.000310093 -0.0344428 -2.62693e-05 5.5999e-05 0.000108426 0.00927743 -0.00359266 -0.0316054 0.0169004 0.00222977 0.0316646 0.0118113 -0.0114092
internal_weight=2218.97 2054.36 16.9418 2037.42 2034.58 2033.31 93.8866 34.9238 11.266 58.9629 29.5752 29.3877 15.5765 9.91058
internal_count=2170822 1897654 26570 1871084 928522 925981 119674 113504 26932 6170 2608 3562 1925 1323
is_linear=0
shrinkage=0.05


Tree=321
num_leaves=15
num_cat=0
split_feature=27 18 3 16 14 0 13 16 1 16 2 3 3 18
split_gain=3.32772 4.25461 5.55208 4.40646 4.21422 5.25835 5.251 5.36216 5.22136 9.97556 4.77411 4.70474 5.325 3.91893
threshold=1.4612500667572024 1.271231532096863 0.15491789579391482 3.9415346384048466 1.0000000180025095e-35 0.67857307195663463 0.055946791544556625 5.2548844814300546 42.500000000000007 4.9732735157012948 1.0425671339035036 0.078331798315048232 0.069535285234451308 0.18710348010063174
decision_type=10 10 10 8 10 10 8 10 10 8 10 10 8 8
left_child=1 2 -1 -3 6 8 11 -8 9 -6 13 12 -2 -7
right_child=4 3 -4 -5 5 10 7 -9 -10 -11 -12 -13 -14 -15
leaf_value=-0.00086153605307090736 0.023790638720075068 -0.073652160639156444 -0.037207082537884538 0.013778372059512876 -0.059418837745028923 0.078280314879823454 0.0067281156208434936 -0.061656566697429242 -0.0073057647536298497 -0.0073057647536298497 0.0011797693306333269 0.062710981650329511 -0.075579589440016387 -0.0073057647536298497
leaf_weight=1776.3879249484526 17.176498546746199 1.473950199844966 10.569876213864516 64.726706049702173 15.754894137340047 3.6322480816797897 216.69002886216992 2.9049963707801671 15.561526499062149 6.1547152680399817 77.436011507460591 7.5798372897512349 1.4630080372018017 0.59907763050796337
leaf_count=674055 645 7237 1078066 172084 39618 225 100925 14535 37848 26494 2568 15967 679 278
internal_value=0.000244039 -0.000615397 -0.00107652 0.0118317 0.00460809 -0.00310961 0.00834861 0.00582346 -0.0186172 -0.0358471 0.00400568 0.0294975 0.0159911 0.0557217
internal_weight=2218.11 1853.16 1786.96 66.2007 364.953 119.138 245.814 219.595 37.4711 21.9096 81.6673 26.2193 18.6395 4.23133
internal_count=2171224 1931442 1752121 179321 239782 107031 132751 115460 103960 66112 3071 17291 1324 503
is_linear=0
shrinkage=0.05


Tree=322
num_leaves=15
num_cat=0
split_feature=10 0 4 27 27 15 14 17 3 16 17 12 16 4
split_gain=3.43925 4.02594 4.26526 4.9163 3.60178 6.402 4.22666 6.65943 4.04951 3.79366 5.67551 5.43491 5.02042 6.92045
threshold=0.018857188522815708 0.57987666130065929 0.0093360543251037615 9.0099573135375994 1.4612500667572024 1.0000000180025095e-35 1.0000000180025095e-35 5.8391859531402597 0.10738489031791688 4.6681339740753183 6.0509114265441903 0.15075758099555972 4.8789997100830087 0.0033160448074340825
decision_type=8 8 8 10 10 8 10 8 10 8 10 10 8 10
left_child=-1 2 3 -2 5 -3 -6 -8 9 -7 12 -12 13 -11
right_child=1 4 -4 -5 6 8 7 -9 -10 10 11 -13 -14 -15
leaf_value=0.0092034498626649107 -0.064546229077546105 -0.0093511096411416032 -0.0093511096411416032 -0.0093511096411416032 0.0089637634874285121 -0.0015297325863637648 -0.0093511096411416032 0.012655785800904075 0.01147648788209386 -0.0093511096411416032 -0.0093511096411416032 0.049673866551693459 0.0037301830759419426 0.027862430613363937
leaf_weight=107.55343144282658 8.3712524347999491 131.25926805414008 17.199561629184551 1.866083797212833 225.56431675368498 1244.9323859153426 68.680791368976287 44.093259290303735 76.557212884468981 12.860141503052075 56.738476456731178 3.9019177515874608 179.58599928310684 53.155679323789968
leaf_count=838892 82320 122967 417688 2085 36283 173650 24991 9869 417438 2718 8098 96 28785 5640
internal_value=0.000480425 3.88748e-05 -0.01899 -0.045276 0.000287808 -0.000620931 0.00501226 -0.00289132 0.000250699 -0.000303342 0.00468217 -0.00901639 0.00806441 0.019855
internal_weight=2232.32 2124.77 27.4369 10.2373 2097.33 1758.99 338.338 112.774 1627.73 1551.17 306.242 60.6404 245.602 66.0158
internal_count=2171520 1332628 502093 84405 830535 759392 71143 34860 636425 218987 45337 8194 37143 8358
is_linear=0
shrinkage=0.05


Tree=323
num_leaves=15
num_cat=0
split_feature=8 8 4 12 0 3 8 4 16 4 16 16 11 17
split_gain=4.4561 7.39067 5.18866 3.98891 4.17935 5.80777 4.14244 3.79638 3.50968 6.30434 15.7792 8.15866 8.01056 6.02851
threshold=107.50000000000001 105.50000000000001 0.0035824179649353032 0.83333334326744091 0.64630228281021129 0.052275985479354865 166.50000000000003 0.0044958889484405526 4.4716224670410165 0.00049230456352233898 5.2806591987609872 5.7620463371276864 1.0000000180025095e-35 5.4004201889038095
decision_type=10 10 8 8 10 10 10 10 8 10 8 10 8 8
left_child=1 8 3 -2 -5 6 -6 -4 -1 10 12 13 -10 -12
right_child=2 -3 7 4 5 -7 -8 -9 9 -11 11 -13 -14 -15
leaf_value=-0.0022679418777533911 -0.066418894285828506 -0.090439972278711783 0.03313598656156496 -0.062400864778035137 -0.027740240575291897 0.046813964326313115 0.024317488952843535 0.0084258454825030023 -0.0057443816883990936 0.0043165901109345484 -0.09552002517389345 -0.059206902223551183 -0.06586307698911005 0.029270453163634552
leaf_weight=1574.580474100572 3.2203275455718408 2.317400017766885 19.025310642951567 2.6320469479277859 3.3239454856045167 5.2742459561154362 3.9035306619261974 84.943934967162548 8.760809750939158 462.26584130319515 1.0136514956845557 3.4273298309026066 15.076129380646153 21.39705393766517
leaf_count=1173511 11998 8725 21746 28797 136 412 69 342573 8663 556671 1835 3077 8813 4028
internal_value=-0.000654601 -0.00119778 0.00862085 -0.0158883 -0.00513588 0.00692038 -0.0221919 0.0129475 -0.00109866 0.00249772 -0.0144284 0.0126386 -0.0437676 0.0236261
internal_weight=2211.16 2088.84 122.323 18.3541 15.1338 12.5017 7.22748 103.969 2086.52 511.941 49.675 25.838 23.8369 22.4107
internal_count=2171054 1765323 405731 41412 29414 617 205 364319 1756598 583087 26416 8940 17476 5863
is_linear=0
shrinkage=0.05


Tree=324
num_leaves=15
num_cat=0
split_feature=13 17 17 2 2 1 8 8 3 17 0 3 4 3
split_gain=4.80399 4.80968 5.26392 4.09893 5.89501 8.49646 5.40233 11.9116 7.73612 8.93816 5.17718 5.09525 5.24148 6.83528
threshold=0.15301003307104113 6.2624449729919442 6.112574815750123 0.81066006422042858 1.3643888235092165 2.5000000000000004 94.500000000000014 77.500000000000014 0.052275985479354865 5.7413980960845956 0.60591885447502147 0.15406703948974612 0.012214094400405886 0.11721190810203554
decision_type=10 10 10 8 10 8 10 10 8 10 8 10 10 10
left_child=3 2 -2 11 5 -5 7 -7 9 -8 -6 12 13 -1
right_child=1 -3 -4 4 10 6 8 -9 -10 -11 -12 -13 -14 -15
leaf_value=-0.003771722114158545 0.0075228977480825791 0.033925487089089844 -0.053039615112491972 -0.17734918228880348 -0.050916827397429677 -0.0051961757915387607 -0.088507098342609586 -0.091964016466553083 0.019599267101381723 0.012245145143276086 0.0013971358455051154 -0.023663657248799576 0.017396568424323227 0.026039757017099083
leaf_weight=107.67469778968271 125.91854238573868 17.216104315514713 3.6931401671083384 0.71150088824049262 4.7492487922347921 645.13781367438617 3.8827695678236402 3.9798147018002501 43.710556542324966 5.0831237225756922 1126.8546191286844 13.619128207488613 86.726903790204261 23.407765339904415
leaf_count=129560 85003 4804 3666 38 4242 288246 435 4116 23041 167 43057 1256780 225694 103088
internal_value=0.000356516 0.00909538 0.00579724 -0.000264681 -0.00105588 -0.00465355 -0.00447847 -0.00572816 0.0109211 -0.0313866 0.00117758 0.00600568 0.00786084 0.0015518
internal_weight=2212.37 146.828 129.612 2065.54 1834.11 702.506 701.794 649.118 52.6764 8.96589 1131.6 231.428 217.809 131.082
internal_count=2171937 93473 88669 2078464 363342 316043 316005 292362 23643 602 47299 1715122 458342 232648
is_linear=0
shrinkage=0.05


Tree=325
num_leaves=15
num_cat=0
split_feature=16 11 9 13 26 28 16 7 2 18 4 17 17 18
split_gain=3.42522 4.68788 6.0804 5.8024 5.85612 5.06926 4.2801 6.0901 4.27197 3.76379 6.36783 4.02338 5.36901 3.7256
threshold=5.1619205474853525 0.087121214717626586 0.38411962985992437 0.1234756112098694 1.0000000180025095e-35 1.5000000000000002 5.1029059886932382 26.578194618225101 1.9880797863006594 0.69740217924118053 0.023192256689071659 6.5301482677459726 6.5020375251770028 2.5038083791732793
decision_type=10 8 10 8 10 10 10 10 10 10 10 10 8 10
left_child=6 2 3 5 9 -2 13 8 -8 11 -11 12 -5 -1
right_child=1 -3 -4 4 -6 -7 7 -9 -10 10 -12 -13 -14 -15
leaf_value=7.539302926218793e-05 -0.060118463516242407 0.011906298519312821 -0.053939371255558394 0.037592674571697265 -0.07133930904189216 0.024944319376884835 -0.079437665673431038 0.031903116535578327 -0.011168842458429846 -0.075704080733729709 0.048693407665835194 -0.10092636793242571 0.39734788458599635 -0.059546792822206401
leaf_weight=2050.9534916402613 5.7998866494119081 125.97487044348935 6.1441514246038826 14.018037109983972 1.790100432995241 2.5092326356524897 5.424620140035473 2.775073878213445 2.4463844621309363 2.2473793880460704 1.8971913947636707 0.52333959484228998 0.10448286503616344 2.6234643460761609
leaf_count=1866678 36624 120871 21929 11045 27242 2703 23238 4547 30 13712 24649 947 131 16718
internal_value=0.00038316 0.0074071 -0.00877118 0.00083504 0.0150731 -0.0344307 -0.000164705 -0.031786 -0.0542408 0.0233054 -0.0187607 0.0352095 0.0402543 -7.74888e-07
internal_weight=2225.23 161.009 35.0338 28.8897 20.5805 8.30912 2064.22 10.6461 7.871 18.7904 4.14457 14.6459 14.1225 2053.58
internal_count=2171064 259853 138982 117053 77726 39327 1911211 27815 23268 50484 38361 12123 11176 1883396
is_linear=0
shrinkage=0.05


Tree=326
num_leaves=15
num_cat=0
split_feature=10 3 8 17 8 8 14 8 8 4 17 18 26 10
split_gain=3.8564 4.29453 6.02649 4.4869 4.33945 7.70944 4.34569 3.95818 6.06881 3.46432 3.39974 3.80637 3.0491 3.01645
threshold=0.018857188522815708 0.1389027535915375 6.5000000000000009 4.6959142684936532 141.50000000000003 189.50000000000003 1.0000000180025095e-35 184.50000000000003 179.50000000000003 0.0013552904129028322 4.9870197772979745 0.57503539323806774 0.88194444775581371 0.032654678449034698
decision_type=8 8 8 8 10 10 8 10 10 10 8 10 8 10
left_child=1 3 -3 4 -1 9 -7 8 13 -6 11 -5 -4 -2
right_child=7 2 12 10 5 6 -8 -9 -10 -11 -12 -13 -14 -15
leaf_value=0.040842221528961567 -0.00097257853196902491 0.032365188019661137 -0.062301716012739705 -0.063402357848143229 0.026849397863663683 0.068421667395815886 -0.085565143117445688 -0.050740772301382575 0.047539004573598581 -0.075147307876014313 0.0092296017396265497 0.019055825522600763 -0.010699002335138727 0.021843316245037124
leaf_weight=21.593610751720696 2080.4371405268953 4.802170052636054 5.2743721405506481 3.540686375385472 1.1302400058103623 3.4814373057980674 0.52761170155922332 3.9534644773075334 6.5095212252517731 3.1602741386462725 56.121208561137578 2.3143196477562711 6.26048480926816 14.587976816151693
leaf_count=7230 1330913 17031 602942 3519 284 322 294 215 91 2329 28521 1948 174841 1141
internal_value=-0.000284865 0.00892074 -0.0147004 0.0131213 0.0290318 -0.00169639 0.0481562 -0.000757964 -0.000663935 -0.0482786 0.00544709 -0.030809 -0.0342946 -0.000813708
internal_weight=2213.69 108.206 16.337 91.8694 29.8932 8.29956 4.00905 2105.49 2101.53 4.29051 61.9762 5.85501 11.5349 2095.03
internal_count=2171621 839261 794814 44447 10459 3229 616 1332360 1332145 2613 33988 5467 777783 1332054
is_linear=0
shrinkage=0.05


Tree=327
num_leaves=15
num_cat=0
split_feature=2 1 1 18 17 17 16 2 4 2 18 1 3 4
split_gain=4.45448 3.50346 4.30332 3.45758 3.32002 4.54545 4.19107 3.66223 5.14487 3.28222 4.10711 5.05207 3.17553 3.16539
threshold=0.39762203395366674 256.50000000000006 253.50000000000003 0.10990484058856965 4.5900437831878671 4.7405652999877939 2.2499048709869389 0.3859186470508576 0.012214094400405886 0.43801341950893408 0.028180692344903949 241.50000000000003 0.23120385408401492 0.038855254650115974
decision_type=8 10 10 8 10 10 8 10 10 8 8 10 10 10
left_child=4 2 9 -4 6 -6 -1 -7 -9 10 11 -2 13 -12
right_child=1 -3 3 -5 5 7 -8 8 -10 -11 12 -13 -14 -15
leaf_value=0.033855177255467599 -0.077612538573623754 -0.052584778103755406 0.1180716303425476 -0.051940684316467228 0.059602124313094057 0.0059660103080004063 -0.057728919068795174 -0.0605851531847615 0.083842701834679692 -7.7744948690218566e-05 -0.059320430383466682 0.35844321051980144 -0.53102088324089014 0.13079845573807095
leaf_weight=2.101307712035688 0.12777983758401579 3.1849992710053803 1.3141630748448347 0.38715814228156986 6.6128155035777629 23.766207510988327 3.0804128420787102 0.75631608309053699 3.3381791840884754 2169.86404579899 4.2010458253698992 0.13833510505183755 0.034493271194895203 0.23097256316562287
leaf_count=12259 745 32142 978 3852 72685 727960 249350 5181 12815 986228 35730 185 10840 21155
internal_value=0.000119204 -0.000182964 -0.000106275 0.0793831 0.0167266 0.0223356 -0.0205894 0.0134903 0.0571647 -0.000168464 -0.0417624 0.149063 -0.0531318 -0.0494125
internal_weight=2219.14 2179.48 2176.3 1.70132 39.6552 34.4735 5.18172 27.8607 4.0945 2174.6 4.73263 0.266115 4.46651 4.43202
internal_count=2172105 1091855 1059713 4830 1080250 818641 261609 745956 17996 1054883 68655 930 67725 56885
is_linear=0
shrinkage=0.05


Tree=328
num_leaves=15
num_cat=0
split_feature=8 3 26 16 18 18 4 1 4 16 8 2 4 0
split_gain=4.05467 3.44099 3.41539 3.39691 10.1544 5.30318 4.2885 7.4069 3.74607 8.65896 3.68861 3.45259 4.5486 3.3655
threshold=61.500000000000007 0.23614028096199038 0.20416666567325595 2.4414010047912602 0.060018761083483703 0.034379476681351669 0.01701191067695618 2.5000000000000004 0.0008278489112854005 1.8688347935676577 58.500000000000007 1.9880797863006594 0.024672001600265506 0.63287606835365307
decision_type=10 8 10 8 10 10 10 8 10 10 10 8 10 8
left_child=3 -2 -3 4 5 11 7 -7 9 -6 -5 -1 -13 -8
right_child=1 2 -4 10 8 6 13 -9 -10 -11 -12 12 -14 -15
leaf_value=0.0095280465953888113 0.0047257801271222604 0.032497590736990913 -0.094952701853377897 -0.0012169289327616573 0.040034606156768432 0.013192566235826375 -0.066628550724983374 -0.060818305128959006 0.020283706440945529 -0.062066153343556231 -0.055699698782860046 -0.081361936863985462 0.067505558796227272 0.013225014073215758
leaf_weight=28.631105639694479 187.33730231011813 16.224146500056797 0.54325289118575426 1862.8287915338167 3.8622535166232037 4.6198434361722347 1.570865315626446 12.601830225995938 82.112672166725048 4.4914345039767696 3.1117795881461907 2.257812687592025 0.66402861189544626 8.2449224770324534
leaf_count=22212 198070 384999 23453 1470831 330 42 12910 6541 35792 1629 12338 735 40 1070
internal_value=-4.73375e-05 0.00666803 0.0283683 -0.000727556 0.00653598 -0.00968035 -0.0259307 -0.0409643 0.0170385 -0.0148608 -0.00130779 0.00424443 -0.0475298 0.000445684
internal_weight=2219.1 204.105 16.7674 2015 149.057 58.5904 27.0375 17.2217 90.4664 8.35369 1865.94 31.5529 2.92184 9.81579
internal_count=2170992 606522 408452 1564470 81301 43550 20563 6583 37751 1959 1483169 22987 775 13980
is_linear=0
shrinkage=0.05


Tree=329
num_leaves=15
num_cat=0
split_feature=1 2 18 17 17 3 3 1 18 16 8 17 0 17
split_gain=4.0207 3.98997 3.67403 3.5618 3.63302 5.03394 4.86009 4.76177 3.83566 5.8197 3.70537 3.7745 3.38308 3.35586
threshold=270.50000000000006 0.39762203395366674 3.8689931631088261 4.6001451015472421 5.1269311904907235 0.099980950355529799 0.18221411108970645 269.50000000000006 0.16333635151386264 2.9174053668975835 7.5000000000000009 5.6039605140686044 0.61911591887474071 5.1209788322448739
decision_type=10 8 10 10 8 10 10 10 10 8 8 10 10 8
left_child=1 3 -3 -1 8 7 10 12 13 -10 11 -7 -6 -5
right_child=-2 2 -4 4 5 6 -8 -9 9 -11 -12 -13 -14 -15
leaf_value=-0.024772754246107111 -0.042912287607965068 -0.00025612871240655258 -0.066452004468923978 -0.067035260145210426 -0.063427651513630043 0.048787889462684406 0.037534243315983845 0.3455085941975401 0.42648223289312992 0.05267215246212447 -0.055307890767647853 -0.080734808569260366 0.062299349064274458 0.059772648330922717
leaf_weight=4.4153036672826707 5.4865464538388542 2175.4274088920592 2.0981630734695491 1.3103628232651547 0.62485172269296452 2.1488365601385397 3.8637050919633475 0.13523071164922473 0.10519222040003057 10.224835667579338 5.310333080530663 0.76192083377376985 3.7230123782962385 0.86690346444445832
leaf_count=241882 113790 1069542 7997 40335 1542 695 423393 41 232 195477 73745 1067 466 984
internal_value=-0.00016258 -5.64985e-05 -0.000319912 0.0170704 0.0234247 0.00806822 -0.00871826 0.0533185 0.0437667 0.0564787 -0.0304558 0.014884 0.0442305 -0.0165452
internal_weight=2216.5 2211.02 2177.53 33.4905 29.0752 16.5679 12.0848 4.48309 12.5073 10.33 8.22109 2.91076 4.34786 2.17727
internal_count=2171188 2057398 1077539 979859 737977 500949 498900 2049 237028 195709 75507 1762 2008 41319
is_linear=0
shrinkage=0.05


Tree=330
num_leaves=15
num_cat=0
split_feature=16 14 10 8 4 3 17 16 27 17 3 3 17 17
split_gain=3.23245 7.71042 7.53864 5.33439 4.86914 4.83438 4.31587 4.12666 5.74427 5.99938 4.67139 4.31 3.95325 5.0428
threshold=2.2499048709869389 1.0000000180025095e-35 0.016625861637294296 39.500000000000007 0.040507078170776374 0.046789705753326423 5.2496488094329843 2.3502402305603032 6.1921801567077646 5.3589394092559823 0.12179574370384218 0.039126038551330573 5.2704288959503183 3.5114340782165532
decision_type=8 10 10 10 10 10 8 8 8 8 10 8 8 10
left_child=1 2 -1 4 12 -3 -7 8 9 -2 -10 -11 13 -4
right_child=7 5 3 -5 -6 6 -8 -9 10 11 -12 -13 -14 -15
leaf_value=0.022694920112084672 -0.066321931256248606 -0.076968379642538831 0.056042299901495098 -0.036072205523016793 0.074535431560418627 -0.054970245768592711 0.017951569149382982 -0.00020765000097848246 -0.0036951694960551413 0.043145024166336809 0.12097654267155622 -0.074195343700500835 0.050532210768084035 -0.019735133227597915
leaf_weight=66.226083901981667 8.9407283721019404 3.6845503079205129 2.5402831997799096 10.384690610005576 2.3880835179936453 3.1973781591352046 5.5529419339756698 2073.7129696124985 9.6693151703775477 2.6743763853446625 0.81466881043294925 1.1062854330942218 3.2194804992740265 16.175475581038864
leaf_count=61985 10766 546 59 691 550 6743 5094 2074694 1136 32 3718 4450 59 481
internal_value=2.31052e-06 0.00822579 0.0128026 -0.00607284 0.0067352 -0.0289243 -0.00869416 -0.000442288 -0.0214104 -0.0439937 0.00599257 0.00880925 -0.000646192 -0.00944989
internal_weight=2210.29 113.369 100.934 34.708 24.3233 12.4349 8.75032 2096.92 23.2054 12.7214 10.484 3.78066 21.9352 18.7158
internal_count=2171004 76208 63825 1840 1149 12383 11837 2094796 20102 15248 4854 4482 599 540
is_linear=0
shrinkage=0.05


Tree=331
num_leaves=15
num_cat=0
split_feature=2 4 17 17 17 18 4 16 18 12 18 2 2 4
split_gain=5.40056 6.5799 8.35993 7.79036 6.95256 6.48874 6.72405 5.00526 6.48364 8.49951 4.67899 9.84648 8.5715 5.6578
threshold=0.81066006422042858 0.012214094400405886 4.6001451015472421 6.1344814300537118 4.8242976665496835 0.11913710087537767 0.0095296204090118426 3.0677825212478642 0.37364593148231512 1.0000000180025095e-35 0.10990484058856965 0.57793578505516063 0.47356280684471136 0.0089522302150726336
decision_type=8 8 10 8 10 10 10 10 10 8 8 8 10 8
left_child=1 4 7 -4 -1 6 10 8 9 -3 13 12 -12 -6
right_child=-2 2 3 -5 5 -7 -8 -9 -10 -11 11 -13 -14 -15
leaf_value=0.016935595103434689 -0.0013318843888542786 0.067522583646812642 0.026718645624058068 -0.022148007176520945 0.0044286760023036524 -0.018906343650946584 -0.045342193484558681 -0.055863973430068416 0.10313822904386588 -0.039280070961983299 -0.052542057623588594 -0.01848421705716061 0.21160771032467027 0.10469347983650124
leaf_weight=40.451665526458683 1947.6200090153259 2.5039930969567212 81.469243962924622 9.0632263118202143 34.567158216105426 56.241125255077705 5.4744184563159299 5.4791928382568633 1.3993172713951842 7.2748630259144331 0.3965324701898022 1.632437395203213 1.3618741106365488 1.4666860688199594
leaf_count=157426 380830 12300 868916 91043 63079 266077 14555 205309 8438 93427 4530 1642 1061 3255
internal_value=-0.000445768 0.00649131 0.015837 0.0218266 -0.000583719 -0.00759068 0.00658345 -0.0167162 0.00247286 -0.011932 0.0137937 0.0699454 0.15204 0.00850976
internal_weight=2196.4 248.782 107.19 90.5325 141.592 101.14 44.8991 16.6574 11.1782 9.77886 39.4247 3.39084 1.75841 36.0338
internal_count=2171888 1791058 1279433 959959 511625 354199 88122 319474 114165 105727 73567 7233 5591 66334
is_linear=0
shrinkage=0.05


Tree=332
num_leaves=15
num_cat=0
split_feature=2 10 10 3 18 2 2 12 2 2 0 12 9 26
split_gain=3.35311 4.36472 3.14704 3.98727 4.1889 5.75348 6.58321 5.18504 4.27105 5.85069 4.1719 3.74851 4.92582 4.29124
threshold=0.06124559976160527 0.0094349072314798849 0.018857188522815708 0.089800059795379653 0.2545605748891831 0.99623942375183117 1.1162037849426272 0.18808962404727939 0.95464450120925914 0.29436317086219793 0.645044505596161 0.20227272808551791 0.28338989615440374 0.24404761940240863
decision_type=8 8 8 8 8 10 8 8 8 10 10 8 8 8
left_child=-1 -2 3 4 8 -6 -7 -8 9 -3 -9 12 -5 -13
right_child=1 2 -4 11 5 6 7 10 -10 -11 -12 13 -14 -15
leaf_value=0.024495527248699391 -0.053627849910537331 0.045345622723167681 -0.0007333388068198253 -0.066092837813055832 0.043223503947770123 -0.079271305868126613 -0.079094527992280617 -0.075350909361613469 0.011748944245245422 -0.064491997727404812 0.045540435469069773 -0.047846905586627159 0.033580353042424939 0.00053973617047316366
leaf_weight=13.574352100830323 3.8492040046634002 1.6614958926877319 2108.0109062911156 1.4607239800997625 21.552373799542224 2.1680776256496284 1.191945425972335 0.79627219034318653 24.830111671795056 4.485415199807445 6.8776073380340677 7.9204127472992312 8.1862279351402716 10.871824391104754
leaf_count=764256 69448 21 1256469 6657 2887 589 240 260 1000 1560 270 39607 11635 15856
internal_value=-0.000278752 -0.000431345 -0.000338271 0.00871373 0.0156762 0.0281909 -0.00117214 0.0179265 0.0025114 -0.0348031 0.0329963 -0.00684781 0.018488 -0.0198539
internal_weight=2217.44 2203.86 2200.01 92.0025 63.5633 32.5863 11.0339 8.86582 30.977 6.14691 7.67388 28.4392 9.64695 18.7922
internal_count=2170755 1406499 1337051 80582 6827 4246 1359 770 2581 1581 530 73755 18292 55463
is_linear=0
shrinkage=0.05


Tree=333
num_leaves=15
num_cat=0
split_feature=8 25 8 9 18 13 2 17 13 3 15 3 18 16
split_gain=3.11403 4.44452 3.94316 4.02335 3.56765 8.04977 7.49407 8.78073 6.35901 5.97041 5.58255 6.3769 5.50083 8.33875
threshold=148.50000000000003 1.5000000000000002 143.50000000000003 0.13330340385437014 0.10990484058856965 0.13976744562387469 1.7195320725440981 5.8215644359588632 0.30217391252517706 0.14162123203277591 1.0000000180025095e-35 0.039126038551330573 0.1245209611952305 4.1190040111541757
decision_type=10 10 10 8 8 8 10 10 10 10 8 8 8 10
left_child=2 -2 4 -4 5 6 7 10 9 -7 -1 -12 13 -6
right_child=1 -3 3 -5 12 8 -8 -9 -10 -11 11 -13 -14 -15
leaf_value=0.050424294497609337 0.013446205347824071 -0.043610141458624435 0.047335222993081918 -0.075801116141881064 -0.018540975320798545 0.0044319386088760866 0.0085042112724978258 -0.069997992405017875 -0.06944861559538415 0.044967437507823033 -0.12421421275790995 -0.012542841775056155 -0.00092498895630934222 0.028330632403224094
leaf_weight=3.006822526181431 63.472679297170572 3.6071279637189653 0.83857228642849557 3.1750897320850178 84.847017824048208 495.38354153662937 16.434981844692771 10.476268114925622 2.8710321774170771 9.2536034121550284 1.4455872633513736 11.053471832060804 1501.008575537428 10.683871543658396
leaf_count=2684 214735 11966 2552 19224 54372 103519 258 18655 2526 179542 108 14989 1541649 4776
internal_value=-0.000230709 0.0103781 -0.000561629 -0.0500743 -0.000469045 0.00300421 -0.0179206 -0.0346355 0.00475309 0.00517524 -0.0107435 -0.0254583 -0.0016654 -0.013299
internal_weight=2217.56 67.0798 2150.48 4.01366 2146.46 549.925 42.4171 25.9821 507.508 504.637 15.5059 12.4991 1596.54 95.5309
internal_count=2171555 226701 1944854 21776 1923078 322281 36694 36436 285587 283061 17781 15097 1600797 59148
is_linear=0
shrinkage=0.05


Tree=334
num_leaves=15
num_cat=0
split_feature=2 1 1 9 17 16 16 16 18 16 4 17 14 2
split_gain=4.27052 3.52456 3.67931 6.9813 3.80413 3.63048 3.43116 3.56104 3.39483 5.37832 7.34293 6.57142 7.30195 5.95216
threshold=0.5077783763408662 169.50000000000003 228.50000000000003 0.40414325892925268 4.5900437831878671 2.2499048709869389 6.4457147121429452 6.3035306930542001 0.10990484058856965 3.8606742620468144 0.014723122119903566 6.0901775360107431 1.0000000180025095e-35 1.5781238675117495
decision_type=8 8 8 8 10 8 10 10 10 10 10 10 8 8
left_child=1 -1 3 -3 5 -4 7 8 9 11 -11 -2 -13 -14
right_child=6 2 4 -5 -6 -7 -8 -9 -10 10 -12 12 13 -15
leaf_value=0.044917916057765545 0.0038036794399673442 0.047451041196339867 0.026803614380175308 -0.026342690263905452 0.020463493691288186 -0.05695982324526614 -0.053019018996597805 0.042304772165703566 -0.0014168455686526882 0.03071352384575023 -0.029467217160143735 -0.06958064853641853 -0.019176972922193964 0.011667894472734868
leaf_weight=7.3238027998652377 504.54119099022228 4.0916308028393624 2.1352603034640696 14.791897058884452 43.987095830292013 3.281727944996172 3.0627532445510033 4.9489812944998439 1532.2897730376378 32.025217826697023 6.0217466874817154 5.1652735651103407 42.767823607858645 24.657994389465841
leaf_count=38818 144384 8434 11544 175471 850462 243035 3889 1618 660045 4236 5208 7242 15409 1134
internal_value=0.000274881 0.0119545 0.00841924 -0.0103533 0.0155946 -0.0239421 -0.000134826 -5.95748e-05 -0.000157206 0.00298031 0.0211886 0.00177994 -0.012286 -0.00789683
internal_weight=2231.09 75.6114 68.2876 18.8835 49.4041 5.41699 2155.48 2152.42 2147.47 615.179 38.047 577.132 72.5911 67.4258
internal_count=2170929 1327764 1288946 183905 1105041 254579 843165 839276 837658 177613 9444 168169 23785 16543
is_linear=0
shrinkage=0.05


Tree=335
num_leaves=15
num_cat=0
split_feature=8 15 16 17 9 0 16 9 10 0 17 15 2 9
split_gain=4.63622 7.73199 4.52336 4.27487 4.23539 6.94128 6.8025 3.98475 3.97015 3.9621 4.86799 3.89581 3.79644 4.50589
threshold=7.5000000000000009 1.0000000180025095e-35 1.7005987167358401 4.1190040111541757 0.63789328932762157 0.72143161296844494 4.5695295333862314 0.78580182790756237 0.031408416107296951 0.66994607448577892 4.7050054073333749 1.0000000180025095e-35 1.4189615249633791 0.69526246190071117
decision_type=8 8 8 10 10 10 8 10 8 8 10 10 10 10
left_child=1 3 -3 -1 5 6 11 -2 -5 -9 -11 -4 -6 -14
right_child=7 2 4 8 12 -7 -8 9 -10 10 -12 -13 13 -15
leaf_value=0.048926550111276113 -0.00040971201196275485 0.057805112151112573 -0.017557134136454683 -0.069249534041270586 0.017719320102247329 0.054137815370943802 -0.097808668869169946 -0.092565302824851661 -0.0079801975206623809 -0.054457860024046262 0.010678416211600816 0.027817253251491755 -0.041929325713972856 0.0030262313660824056
leaf_weight=1.4624564810247402 2001.3701214691005 4.7874833515584401 5.5981940324478519 5.9892291576167818 46.049983830622836 12.470076093442001 1.5165898785375969 2.0160037698353817 4.7337406525221031 4.4075333918881316 6.6547586880396921 5.4645464176567096 5.8754846510570351 108.56510544645195
leaf_count=347 2135355 167 3949 6233 13136 137 3242 4990 136 75 155 418 150 2573
internal_value=0.000135496 0.00734698 0.00981904 -0.0312648 0.00858086 0.0277025 0.00149669 -0.000589477 -0.0422017 -0.0280989 -0.0163504 0.0151105 0.00559636 0.000718172
internal_weight=2216.96 202.513 190.327 12.1854 185.54 25.0494 12.5793 2014.45 10.723 13.0783 11.0623 11.0627 160.491 114.441
internal_count=2171063 30488 23772 6716 23605 7746 7609 2140575 6369 5220 230 4367 15859 2723
is_linear=0
shrinkage=0.05


Tree=336
num_leaves=15
num_cat=0
split_feature=3 10 8 25 8 16 17 10 1 16 3 18 1 18
split_gain=3.60011 3.50224 3.95329 5.18742 4.50603 3.76478 10.2139 6.41371 5.93349 5.63512 5.85376 5.95668 5.5205 5.95716
threshold=0.10434558987617494 0.010752843692898752 150.50000000000003 1.5000000000000002 151.50000000000003 3.0201274156570439 3.7012257575988774 0.017601265572011474 67.500000000000014 2.7403194904327397 0.1022089719772339 0.20040116459131244 40.500000000000007 0.12637972086668017
decision_type=10 8 10 10 8 10 10 8 8 10 10 10 10 8
left_child=1 -1 5 4 -4 7 -7 -3 12 10 11 -10 -9 -14
right_child=-2 2 3 -5 -6 6 -8 8 9 -11 -12 -13 13 -15
leaf_value=-0.054075471097720963 0.0071916868872416266 -0.049277436806444669 0.07325799290994503 -0.047030287994871176 0.012204121494949453 -0.057473133506847164 -0.0020335945852655956 0.0021213556723665545 0.0033457711442111274 0.029430147910757511 0.06257858829894275 -0.073358856962291455 -0.044728778609481573 0.0084864468869732985
leaf_weight=3.0784014113830835 151.89480897274507 5.8782022573134318 3.2059869960203988 3.501383507774789 52.687484131946732 8.354566783793187 1486.9592961696401 390.70607210953438 42.424087995518306 38.406631778705986 3.9053993006434657 2.6916353096362391 13.265783647343314 8.7133507003103414
leaf_count=24149 1836465 1695 74 247 2932 4134 249082 18204 15531 10028 1389 1060 3967 2947
internal_value=-0.000237392 -0.000784175 -0.000704565 0.0120077 0.0157061 -0.00108184 -0.00234334 0.00264617 0.00325647 0.015089 0.00385304 -0.00123048 0.000749747 -0.0236323
internal_weight=2215.67 2063.78 2060.7 59.3949 55.8935 2001.31 1495.31 505.991 500.113 87.4278 49.0211 45.1157 412.685 21.9791
internal_count=2171904 335439 311290 3253 3006 308037 253216 54821 53126 28008 17980 16591 25118 6914
is_linear=0
shrinkage=0.05


Tree=337
num_leaves=15
num_cat=0
split_feature=2 1 1 1 1 25 17 17 1 16 16 16 2 0
split_gain=2.86081 5.26287 5.29888 3.42543 3.93574 5.79037 5.90961 5.109 3.7805 3.61124 3.47431 4.11821 3.85259 3.43273
threshold=0.5077783763408662 255.50000000000003 293.50000000000006 253.50000000000003 177.50000000000003 1.0000000180025095e-35 4.4005842208862314 6.6106951236724862 184.50000000000003 2.7403194904327397 4.1510088443756112 4.135134458541871 0.47730714082717901 0.57768201828002941
decision_type=8 10 8 10 8 8 10 10 8 10 8 10 8 10
left_child=1 3 -3 4 9 7 -7 10 -8 -1 11 12 -6 -9
right_child=-2 2 -4 -5 5 6 8 13 -10 -11 -12 -13 -14 -15
leaf_value=-0.058057483642146572 -0.00028154615592536673 -0.045924676814790316 0.039665413413103701 0.074078346260079822 0.0019605046892799279 -0.052263033942172327 -0.11999312114225552 -0.094085388686593122 0.030498455679473197 0.0503700832885896 -0.055026701351318097 0.1844544170585406 -0.06237669076603556 0.077501720572722421
leaf_weight=0.83792226561365701 2140.9597619227925 7.2765991125807155 2.406330633962563 2.354456034384639 10.96660859525244 2.4914776647145898 0.42387646985890448 0.33625854448143799 26.96084332927105 9.1922716844194898 5.4046114384290584 0.27285107755742366 2.9535173018315097 2.1889060411081189
leaf_count=8965 843739 153137 24290 8557 310495 90611 4051 4145 327665 45423 328203 4753 15374 1917
internal_value=5.26731e-05 0.00971358 -0.0246545 0.0148823 0.0126354 0.00710393 0.0214616 -0.0122857 0.0281691 0.041312 -0.0209107 -0.00791955 -0.0116903 0.0546527
internal_weight=2215.03 74.0665 9.68293 64.3836 62.0291 51.999 29.8762 22.1228 27.3847 10.0302 19.5976 14.193 13.9201 2.52516
internal_count=2171325 1327586 177427 1150159 1141602 1087214 422327 664887 331716 54388 658825 330622 325869 6062
is_linear=0
shrinkage=0.05


Tree=338
num_leaves=15
num_cat=0
split_feature=16 16 4 13 18 12 12 11 18 10 10 27 17 17
split_gain=3.09334 6.32074 3.77469 3.51908 5.89366 4.36306 4.4088 3.47954 3.14553 3.01138 3.41353 3.99115 3.15032 7.14791
threshold=5.1445789337158212 5.1029059886932382 0.0018438398838043215 0.43167701363563543 0.50045207142829906 0.19615384936332705 0.15504807978868487 inf 2.8991526365280156 0.008196996524930002 0.018857188522815708 8.9002523422241229 5.708768606185914 6.0026509761810312
decision_type=10 10 8 10 8 10 10 8 10 8 8 10 10 10
left_child=1 3 -3 5 7 6 8 -5 9 -1 11 12 -11 -14
right_child=-2 2 -4 4 -6 -7 -8 -9 -10 10 -12 -13 13 -15
leaf_value=-0.04547452436966113 0.0069714135044612498 0.011613714196109223 -0.072527464531697505 -0.026175004102901259 0.020935822124861468 0.029439790985566452 -0.043506586274613478 -0.099037738366531528 -0.080772926605143305 0.016305151310702828 -0.00023698397292472629 -0.08744039717037827 -0.052200775167027307 0.013112377807747329
leaf_weight=3.6151546615727965 163.300479556347 1.8509245686524547 4.7627734783348821 3.8672798405282398 3.7921458638429515 12.616802124418653 5.8209001292793792 2.8431012957448676 1.2025008752525526 66.198686009239623 1929.9068263698041 1.0410909449687142 5.9633962138390819 14.079230949090737
leaf_count=441272 273065 894 13655 4894 4099 5551 6218 3255 11079 175087 1179124 2592 25971 23282
internal_value=0.00034764 -0.000178063 -0.0489795 -2.06927e-05 -0.0288891 0.000127898 -5.44755e-05 -0.057046 7.06133e-05 0.00011872 0.000200431 0.00987214 0.0110469 -0.00632061
internal_weight=2220.86 2057.56 6.6137 2050.95 10.5025 2040.44 2027.83 6.71038 2022.01 2020.8 2017.19 87.2824 86.2413 20.0426
internal_count=2170038 1896973 14549 1882424 12248 1870176 1864625 8149 1858407 1847328 1406056 226932 224340 49253
is_linear=0
shrinkage=0.05


Tree=339
num_leaves=15
num_cat=0
split_feature=1 2 17 1 1 16 16 0 2 13 10 16 27 17
split_gain=5.42079 5.98308 3.06146 3.0748 5.13445 3.7391 4.30487 5.16721 3.72004 3.21435 2.98346 2.94355 3.53291 3.49813
threshold=264.50000000000006 0.5077783763408662 3.5114340782165532 177.50000000000003 228.50000000000003 3.7256208658218388 3.7726949453353886 0.64378613233566295 0.44869171082973486 0.23166368901729587 0.010752843692898752 4.1666352748870858 5.2801120281219491 6.6528596878051767
decision_type=10 8 10 8 8 10 8 10 10 8 8 10 10 8
left_child=1 2 -1 8 5 -5 -7 -8 -4 -10 -3 12 -6 -13
right_child=-2 10 3 4 11 6 7 -9 9 -11 -12 13 -14 -15
leaf_value=-0.057967249397344447 -0.045258793894315891 -0.052947690951728965 -0.063899909533914959 -0.04163472694808152 0.034684968192220764 0.07148688671725105 -0.046143519301641928 0.040493937773086935 -0.061806598374427361 0.05894178397590491 0.00034204945258643516 -0.0080739354828173026 -0.048812634495614904 0.067956246309982038
leaf_weight=1.395385876376152 6.4236294719275966 2.6296918043421282 0.7594789741959439 6.3508044071885488 26.752133519943449 2.0820339154588443 4.1577432470186251 2.9365404111231683 0.58876326297006454 8.6275712453816578 2146.1107539696277 11.371369596952253 1.3298221628812239 1.7450426181057288
leaf_count=62214 139485 28322 17434 68855 423665 3452 81076 5448 5963 27536 814812 474375 14715 4209
internal_value=0.00060635 0.000739252 0.0153306 0.0168639 0.012362 -0.0121411 0.008271 -0.0102816 0.0424631 0.0512281 0.000276832 0.021597 0.0307309 0.00204132
internal_weight=2223.26 2216.84 68.0967 66.7013 56.7255 15.5271 9.17632 7.09428 9.97581 9.21633 2148.74 41.1984 28.082 13.1164
internal_count=2171561 2032076 1188942 1126728 1075795 158831 89976 86524 50933 33499 843134 916964 438380 478584
is_linear=0
shrinkage=0.05


Tree=340
num_leaves=15
num_cat=0
split_feature=1 17 15 3 3 4 17 4 17 18 16 11 3 1
split_gain=3.05294 5.76305 8.00462 8.26464 5.5812 7.13823 6.6885 6.35317 6.21325 6.1064 11.9411 5.94779 5.92367 5.67705
threshold=71.500000000000014 5.4445774555206308 inf 0.12981405854225161 0.089800059795379653 0.013444721698760988 5.3821961879730233 0.013229221105575563 4.4005842208862314 0.26622268557548529 3.3140207529067998 inf 0.095152109861373915 129.50000000000003
decision_type=10 10 8 8 10 8 10 10 10 10 10 8 10 8
left_child=-1 2 3 -2 5 8 -6 -8 -4 10 -7 -9 -13 -14
right_child=1 -3 4 -5 6 9 7 11 -10 -11 -12 12 13 -15
leaf_value=-0.00051777814084320059 0.029195463348122536 -0.0027430978830418041 0.031992963214826496 -0.043417192232225781 -0.017463408408473418 0.055886719263342377 -0.054301188978416015 0.026558535997567224 -0.023598119039511905 -0.05854281670893146 0.27629594722547485 0.66459682474328263 -0.051073297331972439 0.2718823164126169
leaf_weight=1966.4608083262551 62.741815390561591 115.55707794554951 9.91405044772476 4.1797271535992797 35.696566071062307 4.1573833754632679 0.66199288783332777 0.6920693791384781 10.195088776362466 0.82598406608417452 0.7210893902411043 0.070829986245371512 0.18661492961362924 0.50244083129994133
leaf_count=1188871 44861 355652 4913 53940 485123 1078 3149 11823 13005 1529 401 54 1594 5037
internal_value=0.000139269 0.00538935 0.0125881 0.0246603 -0.000109819 0.0178129 -0.0123459 0.0740702 0.00380896 0.0671793 0.0884655 0.132599 0.229175 0.184417
internal_weight=2212.56 246.103 130.546 66.9215 63.6241 25.8136 37.8105 2.11395 20.1091 5.70446 4.87847 1.45196 0.759886 0.689056
internal_count=2171030 982159 626507 98801 527706 20926 506780 21657 17918 3008 1479 18508 6685 6631
is_linear=0
shrinkage=0.05


Tree=341
num_leaves=15
num_cat=0
split_feature=27 27 15 8 10 11 7 8 16 8 28 16 9 17
split_gain=2.55033 5.08649 3.71532 5.33153 7.90601 5.76867 7.24901 6.50038 5.83391 4.94357 6.16594 5.79784 4.68121 4.11261
threshold=1.0171056389808657 0.97576069831848156 1.0000000180025095e-35 33.500000000000007 0.02883220370858908 inf 27.215033531188968 80.500000000000014 5.6112999916076669 142.50000000000003 1.5000000000000002 5.2600927352905282 0.41896823048591619 5.6365721225738534
decision_type=10 10 8 8 10 8 10 8 8 10 10 10 10 10
left_child=1 2 3 4 -1 7 8 -5 -7 10 11 -9 -12 -6
right_child=-2 -3 -4 5 13 6 -8 9 -10 -11 12 -13 -14 -15
leaf_value=-0.080946734979915114 0.0039323097058971985 -0.072065495520959352 0.00031300376282695136 -0.073019378424073175 0.022384872915806819 -0.014258402799569676 0.033989821249568557 0.010292131164349967 -0.074424425402726188 -0.082406360323043049 0.061960009913141968 -0.084354256098010685 -0.080852436144539949 -0.061780161365132619
leaf_weight=5.9521793082177492 403.97411582450991 2.4766575531364188 1668.6874393933167 2.3478742155437016 4.9112768987580608 72.844411943539612 7.4730264056384064 36.77368520276039 4.264891694211598 1.3440643861219772 8.3576028492390613 1.6925468702393036 0.61610724610614021 2.0603048277488654
leaf_count=26500 317553 15050 1537263 14276 145 121476 25992 72446 13563 17398 1363 8010 202 90
internal_value=0.000338477 -0.00045931 -0.000361725 -0.00793658 -0.0386232 -0.00501436 -0.0130293 0.00824397 -0.0175862 0.012155 0.0148341 0.00612761 0.0521549 -0.00248834
internal_weight=2223.78 1819.8 1817.33 148.638 12.9238 135.714 84.5823 51.1319 77.1093 48.784 47.4399 38.4662 8.97371 6.97158
internal_count=2171327 1853774 1838724 301461 26735 274726 161031 113695 135039 99419 82021 80456 1565 235
is_linear=0
shrinkage=0.05


Tree=342
num_leaves=15
num_cat=0
split_feature=7 9 2 10 2 1 27 16 10 10 17 4 13 16
split_gain=3.69159 4.3284 3.73777 4.54563 4.09362 7.21233 3.69447 3.31493 7.63092 5.46471 4.81766 4.13756 5.05405 4.11008
threshold=28.783537864685062 0.90134188532829296 0.99623942375183117 0.015153077431023123 1.0264745354652407 34.500000000000007 1.1027093529701235 4.4716224670410165 0.030186134390532974 0.019111297093331817 6.4838688373565683 0.027628034353256229 0.1234756112098694 3.9219243526458745
decision_type=10 10 8 8 8 10 10 8 10 8 10 10 10 10
left_child=1 2 -1 -4 5 -5 -7 13 9 -9 -11 12 -12 -6
right_child=-2 -3 3 4 7 6 -8 8 -10 10 11 -13 -14 -15
leaf_value=0.0015105674489696377 0.0045441173552052535 -0.029408753133656953 -0.072248725924303842 -0.070578412470980165 -0.001637191188506642 0.0015105674489696377 -0.0791761043446461 -0.065608385326021382 -0.084577989464064515 0.0015105674489696377 -0.084902406324474655 0.0015105674489696377 0.0015105674489696377 -0.0084488341203185838
leaf_weight=371.6108519237813 288.42733285353506 13.815358006924496 2.3321583299073207 6.0273189971235963 835.10317304245609 12.466919985708756 1.5138907938236954 3.1340534079495357 2.5870121123264758 358.982193316392 4.8311546363174909 2.1505940986710783 1.9457840568848039 301.37522944768466
leaf_count=1713775 237043 1625 18731 4894 94203 9516 1330 1545 111 45943 618 383 108 41702
internal_value=-0.000729838 -0.00152298 -0.00132065 -0.00249659 -0.00239027 -0.0248582 -0.00514754 -0.00209259 0.00151057 0.00151057 0.00151057 -0.0367901 -0.057301 -0.00344353
internal_weight=2206.3 1917.88 1904.06 1532.45 1530.12 20.0081 13.9808 1510.11 373.631 371.044 367.91 8.92753 6.77694 1136.48
internal_count=2171527 1934484 1932859 219084 200353 15740 10846 184613 48708 48597 47052 1109 726 135905
is_linear=0
shrinkage=0.05


Tree=343
num_leaves=15
num_cat=0
split_feature=2 14 4 4 7 17 11 2 2 2 2 17 7 3
split_gain=2.74134 4.73562 3.50321 7.17628 3.16715 2.86659 5.56655 4.49325 5.12525 2.72538 2.67854 3.12319 3.91975 3.63687
threshold=0.39762203395366674 1.0000000180025095e-35 0.00097125768661499034 0.0044958889484405526 28.783537864685062 6.6106951236724862 0.41428571939468389 0.60151445865631115 1.7195320725440981 0.06124559976160527 0.3859186470508576 5.7761018276214608 81.19214248657228 0.11142390966415407
decision_type=8 8 8 10 10 10 10 8 10 8 10 8 10 10
left_child=1 9 -3 -4 5 -2 7 -7 -9 -1 11 13 -13 -5
right_child=4 2 3 10 -6 6 -8 8 -10 -11 -12 12 -14 -15
leaf_value=0.006824882237903564 -0.000804539793241737 0.061030415211874273 -0.065542626098048604 -0.075275793738654728 0.0047315005174239314 0.0018845385201672359 -0.39906938098831124 -0.066575980550137123 0.0018845385201672359 -0.049814484448564858 0.061409410784638942 -0.058110309917078433 0.035756001007187788 0.033558293487410608
leaf_weight=4.5253596917566048 1891.1885378193087 4.9207307500581177 2.4976121391469084 0.81352128201627749 280.1642583307198 1.9029423792825577 0.098568677910066849 6.6222238311411008 3.8991470241385286 4.0022463598557652 3.908042878215535 2.730450222815775 1.8765683239896693 13.60039018786234
leaf_count=308324 1045832 21600 59377 3159 36566 3957 130 5566 69 129869 13722 111131 5641 426879
internal_value=2.31221e-06 0.0131632 0.022414 0.0149406 -0.000231963 -0.000962423 -0.0248058 -0.0218366 -0.0397341 -0.0197576 0.0237075 0.0159613 -0.0198759 0.0274157
internal_weight=2222.75 38.8749 30.3473 25.4266 2183.88 1903.71 12.5229 12.4243 10.5214 8.52761 22.929 19.0209 4.60702 14.4139
internal_count=2171822 1079702 641509 619909 1092120 1055554 9722 9592 5635 438193 560532 546810 116772 430038
is_linear=0
shrinkage=0.05


Tree=344
num_leaves=15
num_cat=0
split_feature=11 8 9 18 4 18 18 18 16 2 18 4 4 4
split_gain=2.68116 4.35133 4.99341 3.57116 8.33438 8.09752 5.24823 3.24089 6.00539 4.68122 3.04491 3.02271 2.89927 3.8466
threshold=0.52272728085517894 12.500000000000002 0.15252223610877993 0.34923250973224645 0.012487083673477175 0.19609431922435763 0.083405800163745894 0.13403443247079852 4.0859410762786874 1.9880797863006594 0.18288511782884601 0.017738699913024906 0.012701481580734255 0.0018438398838043215
decision_type=10 8 10 10 10 8 8 10 10 10 8 10 10 8
left_child=-1 -2 3 4 5 10 -6 11 -9 -10 -3 -8 13 -5
right_child=1 2 -4 12 6 -7 7 8 9 -11 -12 -13 -14 -15
leaf_value=-0.00022049640617689822 0.057862170671706292 0.020529153171455494 -0.060112524699586049 0.058260092795664131 -0.088199646614854854 -0.07953242412328132 0.058754507115464476 -0.082232693346357633 -0.074436719799251858 0.056942671906618329 0.073506878835680356 -0.019112205904955284 0.060792079408474621 -0.079544055642096684
leaf_weight=2151.5828952619513 4.4919741418015136 25.533634181955843 2.6627035931098524 1.0348785105562437 2.8037163421690958 1.9350664892519081 2.4027049281166351 3.3082454808539907 1.0005514407351523 2.1033780165016651 3.0345735120660811 2.5896046455256894 5.4982205924912035 0.99163759730239309
leaf_count=2158118 121 2044 1802 133 1446 804 251 1300 1514 15 112 1105 1791 683
internal_value=6.87852e-05 0.0105487 0.00667742 0.010082 0.00471878 0.0194519 -0.0269113 -0.011844 -0.0353627 0.0145925 0.0261566 0.0183636 0.0419498 -0.00917178
internal_weight=2210.97 59.3909 54.8989 52.2362 44.7115 30.5033 14.2082 11.4045 6.41217 3.10393 28.5682 4.99231 7.52474 2.02652
internal_count=2171239 13121 13000 11198 8591 2960 5631 4185 2829 1529 2156 1356 2607 816
is_linear=0
shrinkage=0.05


Tree=345
num_leaves=15
num_cat=0
split_feature=8 2 17 11 16 12 16 17 17 26 2 28 17 14
split_gain=2.82352 2.81106 5.34441 6.05301 8.82015 5.37489 7.87496 7.07205 26.0163 5.1705 5.57372 5.1676 5.13959 4.54652
threshold=197.50000000000003 0.70955041050910961 5.728473663330079 0.41428571939468389 2.7403194904327397 0.045804196968674667 3.0201274156570439 5.6954128742218026 5.7021131515502939 0.24404761940240863 0.06124559976160527 1.5000000000000002 6.0026509761810312 1.0000000180025095e-35
decision_type=10 8 8 8 10 8 10 10 10 8 10 8 10 8
left_child=1 2 3 5 -5 7 9 -1 -9 10 -7 -4 -13 -6
right_child=-2 -3 11 4 13 6 -8 8 -10 -11 -12 12 -14 -15
leaf_value=0.022851910219361671 -0.066809132735679941 -0.0014155347469445934 -0.013974331646339145 -0.031921266366142231 -0.0044811389588614789 0.048409399507160694 -0.037822219967923287 2.0806413943672504 0.15058503490100339 0.032121781066364478 -0.048748779617072142 -0.017817490653501866 0.048254850038595587 0.031019234504697041
leaf_weight=8.2689764255850537 1.6252114048952524 2019.9908354871927 49.757253204879802 7.4269084828348317 10.695026328562287 2.0343200116218467 16.223328166967168 0.018545978108317707 0.29818614754849426 10.812662129211356 5.3798173373337468 4.8604352164994093 7.4617806171754353 57.547523317964419
leaf_count=142732 13096 496214 404292 46257 154972 34795 463680 390 2534 29330 63322 18715 13722 286583
internal_value=-0.000929592 -0.000880942 0.00509231 0.0113093 0.0198241 -0.00366225 -0.0124835 0.0317332 0.263598 0.0100699 -0.0220901 -0.00679545 0.022193 0.0254556
internal_weight=2202.4 2200.78 180.785 118.705 75.6695 43.0358 34.4501 8.58571 0.316732 18.2268 7.41414 62.0795 12.3222 68.2425
internal_count=2170634 2157538 1661324 1224595 487812 736783 591127 145656 2924 127447 98117 436729 32437 441555
is_linear=0
shrinkage=0.05


Tree=346
num_leaves=15
num_cat=0
split_feature=2 14 17 2 1 10 11 1 4 4 17 16 16 1
split_gain=4.78127 3.60569 5.94224 4.78743 6.60689 4.04904 7.88428 4.36176 3.6092 5.14822 4.49798 3.9191 5.17946 3.40019
threshold=0.5077783763408662 inf 4.6001451015472421 0.50386321544647228 145.50000000000003 0.012500184588134291 inf 193.50000000000003 0.01043909788131714 0.0016823410987854006 6.6528596878051767 2.9700856208801274 2.7403194904327397 296.50000000000006
decision_type=8 8 10 8 10 8 8 8 8 10 8 10 10 8
left_child=1 2 3 -1 -5 -3 -7 -8 9 -4 11 12 -11 -9
right_child=-2 5 8 4 -6 6 7 13 -10 10 -12 -13 -14 -15
leaf_value=-0.055441868800032393 -0.00018712049728849146 0.061803503836927745 0.029713671987227387 0.53773545802071421 -0.052772207142656249 -0.066582315600378625 0.13225817484713279 -0.057048372443123732 0.023080361647924891 -0.055543255122022378 0.055374335596209891 -0.042707765419215699 0.07290042641273399 0.052658687083218525
leaf_weight=4.7013841716654383 2135.553546709275 7.1667155772937088 8.195363262594034 0.082358236293314624 0.11149304602924659 2.3291934329799471 1.1224668238821507 1.0321659802435925 31.922044494599284 1.3364546669794464 1.8035098808354657 10.976197640919066 1.9016995497832438 2.2369310093983641
leaf_count=217284 843567 130122 51203 222 1091 82360 7751 25148 623755 13805 2629 158631 6667 7189
internal_value=0.000248429 0.0126639 0.00743135 -0.0454014 0.198107 0.0356588 0.0077793 0.0472191 0.0120386 -0.00251857 -0.0190098 -0.0284477 0.019889 0.0180204
internal_weight=2210.47 74.918 61.0305 4.89524 0.193851 13.8875 6.72076 4.39156 56.1353 24.2132 16.0179 14.2144 3.23815 3.2691
internal_count=2171424 1327857 1075287 218597 1313 252570 122448 40088 856690 232935 181732 179103 20472 32337
is_linear=0
shrinkage=0.05


Tree=347
num_leaves=15
num_cat=0
split_feature=27 13 18 16 18 20 7 8 27 4 0 16 4 10
split_gain=3.26804 3.33563 2.58416 4.36945 3.61797 3.5036 3.01636 5.2147 3.15811 3.17023 2.81769 3.08903 2.80631 2.6204
threshold=18.108415603637699 0.57518798112869274 1.271231532096863 3.9981586933135991 1.239155173301697 1.0000000180025095e-35 39.040815353393562 12.500000000000002 18.108415603637699 0.0050586163997650155 0.68198665976524364 4.5798392295837411 0.00073683261871337901 0.008196996524930002
decision_type=10 8 10 8 10 8 10 8 8 10 10 10 8 8
left_child=2 -2 4 -4 5 10 7 8 12 -10 -1 -12 -5 -7
right_child=1 -3 3 6 -6 13 -8 -9 9 -11 11 -13 -14 -15
leaf_value=-0.064503349876007102 -0.055015112946808879 0.033424228049006306 -0.070206545955370014 0.025737765781649727 -0.091609288803236877 -0.04357446501470448 0.043832179774565938 0.01236563552769273 -0.10138300331665298 0.019920429570278536 0.022120755241756319 -0.035635216745543326 -0.10357563693357806 -0.00050628878599791327
leaf_weight=3.8316249944949892 1.1764000392875911 11.37851944462013 1.6961756040093376 0.43401660572166945 1.0951341790841969 3.537662177589957 6.3552376642243535 55.460939769724902 0.67871585207504193 2.6094762680793782 3.4922240383814369 1.2195100408330288 2.0907591703227024 2127.1124093117378
leaf_count=19991 1153 3035 8936 100 8356 459154 4300 196525 398 1618 119 199 4456 1462752
internal_value=-0.00030017 0.0251374 -0.000444705 0.00905613 -0.000752444 -0.000705931 0.0110441 0.00764335 -0.0374115 -0.00511782 -0.0326613 -0.00676708 -0.0794698 -0.000577798
internal_weight=2222.17 12.5549 2209.61 69.3253 2140.29 2139.19 67.6291 61.2739 5.81297 3.28819 8.54336 4.71173 2.52478 2130.65
internal_count=2171092 4188 2166904 216333 1950571 1942215 207397 203097 6572 2016 20309 318 4556 1921906
is_linear=0
shrinkage=0.05


Tree=348
num_leaves=15
num_cat=0
split_feature=10 17 8 8 17 4 8 8 17 17 2 8 8 4
split_gain=2.74068 3.62272 5.70155 9.26902 5.83084 5.69709 4.02338 5.84054 3.90752 5.27056 3.98999 3.22807 3.06651 2.80774
threshold=0.018857188522815708 4.6959142684936532 75.500000000000014 35.500000000000007 4.8402345180511483 0.040507078170776374 141.50000000000003 189.50000000000003 6.6528596878051767 5.6039605140686044 -0.086816500872373567 41.500000000000007 2.5000000000000004 0.0013552904129028322
decision_type=8 8 10 8 8 8 10 8 8 10 10 8 10 10
left_child=1 5 3 8 -4 6 11 13 9 10 -3 12 -1 -8
right_child=-2 2 4 -5 -6 -7 7 -9 -10 -11 -12 -13 -14 -15
leaf_value=0.042155735382161351 -0.00045596238820691526 -0.070843414089475518 -0.07726502590211265 -0.06893558134674263 0.013484315871214379 -0.083612368211580801 0.019732711201721858 0.041403498266691451 0.051423193868923002 -0.059718930575124674 0.028876299258635631 0.043328721293142358 -0.060340180564533163 -0.072223588007015754
leaf_weight=1.3619734373459944 2102.6303433582793 1.1950473073950183 1.8328231820256962 6.6929033054554319 51.67622215504791 1.2334557223480249 1.1573071599057927 3.5511539554490037 3.1587644549865894 3.7679895224138109 6.2457038223568278 20.401109145899628 1.5720503839036861 2.9360797100414544
leaf_count=616 1332499 43503 33448 127709 375065 93971 1944 6282 5549 38731 11967 55799 19058 25282
internal_value=-5.91095e-05 0.00775523 0.00170219 -0.0203355 0.0103759 0.0217673 0.025963 -0.00551861 0.00230416 -0.0115382 0.0128605 0.0362763 -0.0127616 -0.0462251
internal_weight=2209.41 106.783 74.5695 21.0604 53.509 32.2131 30.9797 7.64454 14.3675 11.2087 7.44075 23.3351 2.93402 4.09339
internal_count=2171423 838924 635972 227459 408513 202952 108981 33508 99750 94201 55470 75473 19674 27226
is_linear=0
shrinkage=0.05


Tree=349
num_leaves=15
num_cat=0
split_feature=9 9 4 1 17 10 9 17 27 3 3 8 4 7
split_gain=3.23527 4.21379 5.2977 4.35941 4.31387 14.3616 9.09419 5.99976 10.9476 5.91294 5.85181 5.55566 7.74629 6.16212
threshold=0.62818673253059398 0.5697082281112672 0.020569622516632084 193.50000000000003 5.3775877952575692 0.026880295015871528 0.51749303936958324 5.2806591987609872 1.8081765770912173 0.052275985479354865 0.060643374919891364 41.500000000000007 0.0076526701450347909 14.768887519836428
decision_type=8 8 8 10 8 8 10 10 8 8 8 10 10 8
left_child=1 3 -3 4 6 -6 7 10 -9 -8 11 12 -1 -14
right_child=-2 2 -4 -5 5 -7 9 8 -10 -11 -12 -13 13 -15
leaf_value=-0.059773481662143024 -0.0007921547667219613 0.026503433700210657 -0.022598851593423543 0.039381505286371715 0.00069101657402173512 0.040751823717964687 -0.019644078654220645 -0.088659845402556267 0.015513558836584979 -0.081276642280932843 0.017136141010677237 0.0027310921362256831 -0.045997978287160124 0.020010260484224822
leaf_weight=9.5107351713049173 1831.6547611191349 36.177516053121067 6.4765859548224816 7.7918109729955054 126.62924389538749 27.172542575349851 17.561956692330558 5.0686828946044384 5.0196006726550975 4.9993601792714477 49.593539657211224 80.555831734670392 5.3769962527367143 10.32494541388769
leaf_count=322 1355413 11184 16256 23871 341815 817 309 28098 7462 22032 361325 2155 95 257
internal_value=9.03779e-05 0.00421136 0.0190478 0.00240123 0.00155824 0.00776866 -0.00352215 0.000538619 -0.0368266 -0.0333012 0.00296489 -0.00367983 -0.0241631 -0.0025937
internal_weight=2223.91 392.259 42.6541 349.605 341.813 153.802 188.012 165.45 10.0883 22.5613 155.362 105.769 25.2127 15.7019
internal_count=2171411 815998 27440 788558 764687 342632 422055 399714 35560 22341 364154 2829 674 352
is_linear=0
shrinkage=0.05


Tree=350
num_leaves=15
num_cat=0
split_feature=9 16 16 16 16 17 15 16 4 4 4 18 4 4
split_gain=3.48112 3.48709 4.21563 7.46998 7.08962 5.89809 6.54791 5.486 5.05811 5.17429 4.97004 4.89733 4.69131 5.15959
threshold=0.63789328932762157 5.1619205474853525 4.8789997100830087 4.8242976665496835 4.8940944671630868 6.03906273841858 inf 4.9522936344146737 0.0015761256217956545 0.0050586163997650155 0.0016823410987854006 0.41906738281250006 0.0048824250698089608 0.010312557220458986
decision_type=8 10 10 10 10 10 8 8 8 10 10 10 10 10
left_child=-1 2 3 -2 -4 6 10 -8 11 -10 -6 -9 -7 -14
right_child=1 -3 4 -5 5 12 7 8 9 -11 -12 -13 13 -15
leaf_value=0.0041178864105063375 -0.0015248208687372376 0.0069058042531690168 -0.090119010821294254 0.029474178519546337 -0.061018392823947165 -0.083686060192514025 -0.080234262637805379 0.3430376181779855 -0.076079504277274487 -0.0074210201589708404 0.02229735407463438 0.032659340071407902 0.014017004506299606 -0.049811799112684269
leaf_weight=396.52326090249346 1595.3913090750648 127.85843460774345 2.9183383864283732 19.673730904498143 1.9381998613128946 3.9425392691653203 3.3404044806243762 0.13229091494563672 3.5227877746054395 12.414642181601611 23.404778318068228 3.2337366995819354 5.7198207891402912 7.0913114164788009
leaf_count=820148 1134806 127523 3319 15014 1967 2249 9896 89 3311 25922 16075 1339 1560 7783
internal_value=-0.000125309 -0.00105458 -0.00165944 -0.00114721 -0.0138866 -0.0104503 -0.00153302 -0.0210725 -0.0108348 -0.0225972 0.0159255 0.0448578 -0.0359916 -0.021314
internal_weight=2207.11 1810.58 1682.72 1615.07 67.6589 64.7405 47.9868 22.6439 19.3035 15.9374 25.343 3.36603 16.7537 12.8111
internal_count=2171001 1350853 1223330 1149820 73510 70191 58599 40557 30661 29233 18042 1428 11592 9343
is_linear=0
shrinkage=0.05


Tree=351
num_leaves=15
num_cat=0
split_feature=3 18 2 8 8 16 27 28 17 2 16 17 17 16
split_gain=4.08498 13.1239 10.2505 8.68527 7.80025 7.8514 7.37057 6.45652 5.82805 5.95227 5.62804 6.34179 9.84494 9.59011
threshold=1.0000000180025095e-35 0.68755611777305614 1.4900426268577578 21.500000000000004 29.500000000000004 4.7317931652069101 11.243168830871584 2.5000000000000004 6.0318858623504648 1.9880797863006594 5.482717990875245 5.8333466053009042 5.7153801918029794 3.5408543348312382
decision_type=10 10 8 10 10 8 10 10 10 10 10 8 8 10
left_child=1 2 -1 6 -5 -6 8 10 9 -3 11 12 -4 -14
right_child=-2 3 7 4 5 -7 -8 -9 -10 -11 -12 -13 13 -15
leaf_value=-0.1113283101291944 0.00017184162051103052 -0.080867984554390315 -0.003834024100573145 0.049419307537511288 -0.063022271181664549 0.019132320480449452 0.059407981542822202 0.0242226244021208 0.033074115563916845 -0.036347068954561239 -0.062751361372414466 0.0067697135867149484 -0.09756347084298847 -0.02067245309229836
leaf_weight=2.1378779093892817 1715.2990826821106 11.779076378762019 247.52176736228645 5.5868406631019978 5.8901543373123753 5.7444513893637295 1.699329568689335 22.953917584121882 2.1198999909940985 20.702198235887863 3.9081417246239871 126.88832453100355 5.2047825680042221 18.360111777788177
leaf_count=51 2103409 7282 34961 350 2100 4759 157 1096 133 248 538 12663 1062 2726
internal_value=-0.000969576 -0.00504426 -0.00211861 -0.0283838 0.000858905 -0.0224594 -0.0422569 -0.00156905 -0.0472499 -0.0524922 -0.00304216 -0.00245581 -0.00677403 -0.0376554
internal_weight=2195.8 480.497 426.975 53.522 17.2214 11.6346 36.3005 424.837 34.6012 32.4813 401.883 397.975 271.087 23.5649
internal_count=2171535 68126 53097 15029 7209 6859 7820 53046 7663 7530 51950 51412 38749 3788
is_linear=0
shrinkage=0.05


Tree=352
num_leaves=15
num_cat=0
split_feature=3 16 4 4 1 1 1 0 16 2 0 2 16 18
split_gain=3.18421 5.17242 3.77993 3.9515 7.51659 6.28873 7.97528 6.43448 5.67045 5.47503 5.45891 5.35432 4.95694 6.90388
threshold=0.10434558987617494 6.4457147121429452 0.043804347515106208 0.020569622516632084 106.50000000000001 129.50000000000003 152.50000000000003 0.57987666130065929 4.1666352748870858 0.79447394609451305 0.64378613233566295 0.70955041050910961 3.9019216299057011 0.16972801834344867
decision_type=10 10 8 8 8 10 10 10 10 10 10 10 8 8
left_child=1 -1 3 4 -2 10 -7 -8 12 11 -6 -5 -9 -14
right_child=2 -3 -4 9 5 6 7 8 -10 -11 -12 -13 13 -15
leaf_value=-0.00069866778043821344 -0.023677035543408234 -0.073064473452756823 -0.018925374645192079 0.015071446045822334 0.015129241601911243 -0.054988413445860765 -0.062851682327091055 0.012836358328014445 -0.0230656436113322 0.039778513936613878 0.064093182490232894 -0.044461227277715364 -0.024455467043489887 0.091454194433152197
leaf_weight=2058.7786012555634 20.817770294230609 2.4722252018750615 13.227867510887334 27.020184268294116 20.85035414004313 6.0637172151952745 2.9890544198508158 17.511969802103383 7.7734979680867466 20.893078621803234 7.8300686798446604 4.3906018428520595 1.0538887435421873 4.8735043652789756
leaf_count=333725 54551 1783 808640 333571 349253 26627 75233 52021 58388 34837 6081 16799 5413 15149
internal_value=-0.000265291 -0.000785462 0.00663899 0.00901928 0.00265397 0.0106044 -0.00214005 0.00722952 0.0139407 0.0199434 0.0284969 0.00674996 0.0262137 0.0657357
internal_weight=2216.55 2061.25 155.296 142.068 89.7638 68.9461 40.2656 34.2019 31.2129 52.3039 28.6804 31.4108 23.4394 5.92739
internal_count=2172071 335508 1836563 1027923 642716 588165 232831 206204 130971 385207 355334 350370 72583 20562
is_linear=0
shrinkage=0.05


Tree=353
num_leaves=15
num_cat=0
split_feature=2 2 18 16 17 18 16 17 18 18 16 17 2 18
split_gain=2.45702 6.47559 5.77983 4.06744 4.24932 4.86527 4.24946 4.22976 3.8301 4.75862 3.60193 3.37713 3.33427 2.95979
threshold=0.69104450941085827 0.67399826645851146 0.034379476681351669 3.8815106153488164 4.6298508644104013 0.2632060050964356 3.5114340782165532 6.1727433204650888 0.039889827370643623 0.044814623892307288 6.4457147121429452 6.1810507774353036 0.53572013974189769 0.096807073801755919
decision_type=10 10 10 10 8 10 10 10 10 10 10 8 10 10
left_child=1 2 -1 4 -3 6 13 -5 12 -10 -2 -9 -4 -6
right_child=10 3 8 7 5 -7 -8 11 9 -11 -12 -13 -14 -15
leaf_value=-0.036629059341202426 -0.00055667222107095703 -0.059537315609399281 0.053140464085590783 -0.040838894656783975 0.02226821512386928 0.11661434966523546 -0.055994820756422072 0.25772819482286946 -0.061482935730406654 0.0034105478566830772 -0.06776539330613672 0.033656162336152921 -0.059508238709439769 0.087150812806378208
leaf_weight=9.1804641703100724 1879.9738944383621 0.81470153160998293 6.0221904443759149 2.9164552854387953 3.6898453659938046 2.7274354197736246 1.0204673287579389 0.19339188635706217 2.8520410423819262 297.98012564376018 1.9956529920641504 1.288633027089376 0.73730650986696122 3.3566984765261609
leaf_count=98068 456345 3322 11668 10506 3833 731 2363 62 12976 1564019 2001 1123 1831 2435
internal_value=7.23595e-05 0.00403277 0.00246486 0.0350599 0.0505737 0.0588842 0.0393658 -0.00588654 0.00363166 0.00279532 -0.000627941 0.0628957 0.0408531 0.0531758
internal_weight=2214.75 332.78 316.772 16.0076 11.6091 10.7944 8.06701 4.39848 307.592 300.832 1881.97 1.48202 6.7595 7.04654
internal_count=2171283 1712937 1688562 24375 12684 9362 8631 11691 1590494 1576995 458346 1185 13499 6268
is_linear=0
shrinkage=0.05


Tree=354
num_leaves=15
num_cat=0
split_feature=1 4 3 18 0 13 28 17 16 3 3 0 4 25
split_gain=3.47988 7.45878 8.48735 6.53577 5.73123 5.08406 9.39862 8.8965 5.54556 6.26961 5.13922 6.20294 6.68926 6.10017
threshold=71.500000000000014 0.012701481580734255 0.10942876338958742 0.47192865610122686 0.59022027254104625 0.078461539000272765 1.0000000180025095e-35 5.6365721225738534 3.7954261302948002 0.069535285234451308 0.056967675685882575 0.7401445508003236 0.0033160448074340825 1.0000000180025095e-35
decision_type=10 8 10 10 10 8 10 10 10 10 10 10 8 8
left_child=5 -2 3 -3 -4 6 -1 -8 -9 10 11 12 -10 -12
right_child=1 2 4 -5 -6 -7 7 8 9 -11 13 -13 -14 -15
leaf_value=-0.052208054070404901 -0.0020658921799461528 0.031552472766838174 -0.051647313384037191 -0.024222512222704242 0.004775562470608289 -0.0017835245869079999 0.015515332887680769 -0.032954139376535213 -0.064024685551536675 -0.038860747611770177 0.05173330490962505 0.014473915661446672 -0.0049492267894509405 -0.066300009209266944
leaf_weight=6.7898091990203673 143.408786805381 59.770189536420588 5.0982132544998455 5.7584315781107298 38.399754843445216 1713.5108629443168 142.50210153362076 14.062419597564526 5.832815318684907 8.9427345199846098 9.2917645323541329 36.617930837826862 26.85027069348935 1.2408225208048413
leaf_count=6838 288502 33055 386262 10795 263237 995225 124580 11406 611 44377 896 428 4442 427
internal_value=-9.83837e-05 0.00542799 0.0152851 0.0266512 -0.00183752 -0.000808103 0.00582098 0.00742694 -0.00378103 0.000840071 0.00528724 0.000341591 -0.0154922 0.037828
internal_weight=2218.08 252.435 109.027 65.5286 43.498 1965.64 252.131 245.341 102.839 88.7763 79.8336 69.301 32.6831 10.5326
internal_count=2171081 981851 693349 43850 649499 1189230 194005 187167 62587 51181 6804 5481 5053 1323
is_linear=0
shrinkage=0.05


Tree=355
num_leaves=15
num_cat=0
split_feature=2 2 1 1 2 4 3 3 0 3 11 18 1 3
split_gain=2.96616 4.68787 4.83005 4.85512 4.33561 4.80137 5.27616 10.8896 6.64556 4.11845 4.23885 6.88642 4.08498 5.76273
threshold=0.5077783763408662 0.5735996961593629 153.50000000000003 163.50000000000003 0.54387977719306957 0.02226275205612183 0.1451005041599274 0.14595508575439456 0.6531885862350465 0.11912906169891359 0.41428571939468389 0.11355889216065408 177.50000000000003 0.097626715898513808
decision_type=8 8 10 8 10 10 10 8 10 10 8 8 8 10
left_child=9 4 -3 -4 5 6 -2 8 -8 12 11 -11 -1 -14
right_child=1 2 3 -5 -6 -7 7 -9 -10 10 -12 -13 13 -15
leaf_value=0.031015579038026198 -0.03873502238737677 -0.0013492954142157473 0.042600170421842214 -0.0064666785535030039 -0.050056519442691461 0.041055787673819774 -0.050524770782046993 0.038691755585384013 1.0874901823519929 0.036785911680303977 0.030596462603742148 -0.0373097653561743 0.013544714431052429 -0.033907507095443448
leaf_weight=6.536576043578731 8.4345830168395253 2091.2356424977902 12.483400303557067 8.4569887086800524 9.3455138208095114 3.8969972529566386 0.018670960335156583 1.1554563060186971 0.040996373878442682 5.6530706499344809 27.589238020428198 7.0420876977928248 11.352420070990409 14.661073167558275
leaf_count=5678 24360 674418 14644 22748 57075 42260 175 7519 8 122162 528535 606890 17384 47360
internal_value=-0.00101546 -0.00135395 -0.00111003 0.022784 -0.0238586 -0.00578539 -0.024702 0.0727057 0.731385 0.00890689 0.0195944 -0.00431545 -0.0043201 -0.0131991
internal_weight=2207.9 2135.07 2112.18 20.9404 22.8922 13.5467 9.64971 1.21512 0.0596673 72.8345 40.2844 12.6952 32.5501 26.0135
internal_count=2171216 843207 711810 37392 131397 74322 32062 7702 183 1328009 1257587 729052 70422 64744
is_linear=0
shrinkage=0.05


Tree=356
num_leaves=15
num_cat=0
split_feature=16 16 4 27 16 27 27 18 18 3 14 8 2 2
split_gain=3.7871 2.92737 3.25967 2.94995 6.38324 3.7624 3.66102 3.74882 3.53877 3.52998 5.14712 5.06503 4.07604 4.64576
threshold=6.5909347534179696 6.3035306930542001 0.0029639303684234623 1.0171056389808657 2.2499048709869389 0.97576069831848156 1.494924068450928 0.12093443050980569 1.6004484295845034 0.052275985479354865 1.0000000180025095e-35 7.5000000000000009 0.98194503784179699 0.93039011955261242
decision_type=10 10 10 10 10 10 8 10 10 10 8 8 10 10
left_child=1 3 -3 5 6 -1 -5 9 -6 -8 11 -11 13 -13
right_child=-2 2 -4 4 8 -7 7 -9 -10 10 -12 12 -14 -15
leaf_value=-0.0011118563116070312 -0.055807944925981436 -0.081584366608884643 0.04371749639721937 0.046181581135290042 0.0017881614924558833 -0.069374274381917914 -0.019894047953574537 0.044867973728997035 -0.068559523311224072 0.053816868608580384 0.048263589133404533 -0.072578337510777746 -0.10144030449739656 0.0933824391434291
leaf_weight=1804.4994711204397 3.0693262051058801 0.56772970860274785 6.0517214751966071 11.54492787379592 355.79795540534474 2.0208211611700326 9.6477981236498813 6.9631652971866762 1.7967180501698852 1.7115754267242127 7.097789229121207 0.89623194735477196 1.8809773287427658 0.7963871716646338
leaf_count=1825577 10930 939 6940 4715 267572 14967 390 285 29125 99 6137 3530 387 48
internal_value=-0.000306952 -0.000229914 0.0329707 -0.000329599 0.00356636 -0.00118822 0.0223697 0.0128882 0.0014347 0.00278053 0.0204467 -0.0169103 -0.0507851 0.00550718
internal_weight=2214.34 2211.27 6.61945 2204.65 398.134 1806.52 40.5389 28.9939 357.595 22.0308 12.383 5.28517 3.5736 1.69262
internal_count=2171641 2160711 7879 2152832 312288 1840544 15591 10876 296697 10591 10201 4064 3965 3578
is_linear=0
shrinkage=0.05


Tree=357
num_leaves=15
num_cat=0
split_feature=8 2 16 8 18 8 3 7 0 1 16 4 16 18
split_gain=2.53367 2.99125 7.37185 4.50683 6.03478 5.10421 3.40643 3.02108 2.81852 5.34115 7.78774 6.15668 4.02237 3.55983
threshold=137.50000000000003 1.4900426268577578 3.9981586933135991 170.50000000000003 0.2545605748891831 192.50000000000003 0.069535285234451308 9.8909873962402362 0.7098187804222108 18.500000000000004 3.7256208658218388 0.0082121491432189959 3.4175922870635991 0.077855613082647337
decision_type=10 10 8 8 8 8 10 10 8 10 8 10 10 8
left_child=8 3 -3 -2 5 -5 -7 -6 -1 -10 11 -11 -13 -12
right_child=1 2 -4 4 7 6 -8 -9 9 10 13 12 -14 -15
leaf_value=-0.0018703906674535781 0.028834174362826256 0.011635584800279779 -0.042527989156097068 -0.081108389099865508 -0.033977455556669665 -0.060816359480106046 0.04942214878520728 0.030773236134038501 0.00086802290282012712 0.050887510892875125 0.068887459452671856 -5.5099126312065444e-05 0.040476032992439348 -5.5099126312065444e-05
leaf_weight=1106.6057033224688 29.766384376892621 23.37296737520219 8.5911320409764951 3.5991253015364633 2.2154146300760713 1.1319059472443491 1.8397745417800551 9.6397286556629584 974.09582714496719 19.472159609239217 1.9061055354704901 5.1790477849247036 6.2786530589419272 27.212630474702166
leaf_count=1815013 143218 717 472 35666 30602 475 12327 51052 72929 881 58 683 418 4888
internal_value=0.000210244 0.00893781 -0.0029222 0.0168041 -0.00263002 -0.0410653 0.00743257 0.018673 -0.000116544 0.00176019 0.0162328 0.0337757 0.00469449 -5.50991e-05
internal_weight=2220.91 80.1564 31.9641 48.1923 18.4259 6.57081 2.97168 11.8551 2140.75 1034.14 60.0486 30.9299 11.4577 29.1187
internal_count=2169399 274529 1189 273340 130122 48468 12802 81654 1894870 79857 6928 1982 1101 4946
is_linear=0
shrinkage=0.05


Tree=358
num_leaves=15
num_cat=0
split_feature=8 27 3 16 16 13 0 18 3 3 12 4 27 17
split_gain=4.24736 3.85142 3.77875 3.52135 7.68833 3.7739 3.5612 4.03152 3.27058 5.29855 3.41661 3.03552 4.50464 5.71478
threshold=137.50000000000003 17.454700469970707 0.10434558987617494 5.570249319076539 4.9522936344146737 0.18065268546342853 0.62170794606208812 2.3574705123901372 0.10942876338958742 0.17208911478519442 0.26794873178005224 0.0029639303684234623 4.2425630092620858 4.7492611408233651
decision_type=10 10 10 8 10 10 8 10 10 10 8 8 10 8
left_child=1 2 -1 4 5 -4 7 -5 -7 10 -10 12 13 -2
right_child=11 -3 3 6 -6 8 -8 -9 9 -11 -12 -13 -14 -15
leaf_value=-0.00087014591490097845 0.0076979074703676827 0.027169165708848277 0.0051302494421783026 -0.056346935085107942 -0.054428450774391859 0.077070542150491653 0.052957354748434105 0.025096029034544578 -0.05415368167452958 0.071121412242518139 0.076846953154994707 0.014941521983640389 0.063119439367993926 -0.074908985646555931
leaf_weight=1989.0330964156369 4.7423667252766304 12.844680541757496 124.00747108987898 2.0447017773662157 5.2273503447426029 3.4336386800487135 7.9408625495208041 2.4430399557598941 2.4945949101943095 2.3748687715567547 0.62178181830170709 73.023281731270671 1.5822113251551719 3.748596915218517
leaf_count=320416 5348 4463 1216592 93596 175463 892 19266 28288 11908 24484 567 251435 668 17516
internal_value=0.000300102 -0.00012811 -0.000291983 0.00734464 0.0050514 0.00739035 0.0328369 -0.0027653 0.0387934 0.014859 -0.0280163 0.0113922 -0.014338 -0.0287714
internal_weight=2235.56 2152.47 2139.62 150.588 138.16 132.932 12.4286 4.48774 8.92488 5.49125 3.11638 83.0965 10.0732 8.49096
internal_count=2170902 1895935 1891472 1571056 1429906 1254443 141150 121884 37851 36959 12475 274967 23532 22864
is_linear=0
shrinkage=0.05


Tree=359
num_leaves=15
num_cat=0
split_feature=2 2 2 27 4 3 18 2 3 18 0 3 3 18
split_gain=4.038 5.01338 6.14383 7.02873 4.59825 6.06293 5.50646 4.59062 6.36162 6.11981 4.58439 4.49983 4.16602 3.84835
threshold=0.69104450941085827 0.67399826645851146 0.64125162363052379 3.8887368440628056 0.013444721698760988 0.099980950355529799 0.3416601717472077 0.61093041300773632 0.1153383255004883 0.087256237864494338 0.69005811214447033 0.15225520730018618 0.078331798315048232 0.3858481645584107
decision_type=8 10 10 10 10 10 8 10 8 8 8 8 10 10
left_child=1 2 7 10 5 -3 -6 12 9 -9 -4 13 -1 -7
right_child=-2 4 3 -5 6 11 -8 8 -10 -11 -12 -13 -14 -15
leaf_value=-0.055419849287001666 -0.00028946905801948574 -0.039963025065839222 -0.04632992293772413 0.040905544574083685 0.069652701220557722 -0.0023970374509302943 -0.057223834531705958 -0.038108999129847665 -0.039101378245815888 0.046872549002946948 0.091657557971622117 0.34881915450537676 0.0055760732680502165 0.10112019791626269
leaf_weight=2.8678202300865072 2053.4740269134995 3.8263195571262427 12.858721151160042 3.3648107779270928 8.4363654293722394 2.2374046032865929 0.95162866629846377 2.3821489541592888 3.103946244725118 19.14135972589504 0.63148433821674643 0.12110703493071628 117.28128808277059 1.4995595228685372
leaf_count=6359 522179 3463 47829 1516 9771 2288 6937 1933 35800 11387 292 710 1519906 1160
internal_value=0.000337882 0.00754673 0.00482496 -0.0237451 0.0333149 0.00463352 0.0567917 0.00815111 0.0278167 0.0374671 -0.0398706 0.048863 0.00412017 0.0391421
internal_weight=2232.18 178.704 161.632 16.855 17.0724 7.68439 9.38799 144.777 24.6275 21.5235 13.4902 3.85807 120.149 3.73696
internal_count=2171530 1649351 1625022 49637 24329 7621 16708 1575385 49120 13320 48121 4158 1526265 3448
is_linear=0
shrinkage=0.05


Tree=360
num_leaves=15
num_cat=0
split_feature=10 2 18 16 26 27 18 27 4 4 2 18 18 1
split_gain=3.05762 4.12374 6.40998 2.91961 2.69634 2.73396 5.0938 5.32184 2.44457 3.93669 5.49925 3.60411 7.34631 7.24094
threshold=0.018857188522815708 -0.86096090078353871 0.10229147970676424 3.0677825212478642 0.63961037993431102 2.6236810684204106 0.12637972086668017 4.1868867874145517 0.0050586163997650155 0.0075343549251556405 0.11380246281623842 0.18710348010063174 0.13209696114063266 34.500000000000007
decision_type=8 10 8 10 10 10 10 8 8 10 8 8 8 8
left_child=1 2 3 -1 5 8 -7 -8 -3 10 -10 12 13 -11
right_child=-2 4 -4 -5 -6 6 7 -9 9 11 -12 -13 -14 -15
leaf_value=-0.079252111947829301 -0.00078792149009494251 0.022590605160369051 -0.074410670318357339 0.041545309120513546 0.045113120941089289 -0.07551031939568624 -0.070842329407786439 0.024694932639890463 0.036762982344874302 0.035174588264087057 -0.067488249754448768 0.019724549852574127 -0.085033885781707522 -0.048391351005938388
leaf_weight=0.60696144841657096 2114.9669026688312 31.895846362429516 3.7041005411105323 2.8439705628258598 5.3460935138034946 2.6247093082279624 1.8592643455514224 6.7483482000307751 1.8666480170165569 7.5791413747950802 3.9244642739801709 30.177773455255622 2.7004168914930782 3.939726241816329
leaf_count=46176 1332091 54952 356785 25008 4488 5207 10230 16749 14336 722 5022 220187 26260 52335
internal_value=-0.000372933 0.00792141 -0.0287314 0.0202991 0.0105795 0.00860105 -0.0145346 0.00405866 0.0117669 0.00488818 -0.033885 0.00994572 -0.010808 0.00659305
internal_weight=2220.78 105.817 7.15503 3.45093 98.6624 93.3163 11.2323 8.60761 82.084 50.1882 5.79111 44.3971 14.2193 11.5189
internal_count=2170548 838457 427969 71184 410488 406000 32186 26979 373814 318862 19358 299504 79317 53057
is_linear=0
shrinkage=0.05


Tree=361
num_leaves=15
num_cat=0
split_feature=16 7 16 1 4 3 28 3 28 3 17 15 4 4
split_gain=2.34799 4.66439 3.21071 12.136 9.79337 7.48122 6.64519 14.3349 5.84591 5.78475 5.64195 5.39087 4.635 6.73462
threshold=2.8029010295867924 6.1722331047058114 2.9174053668975835 112.50000000000001 0.0091766417026519793 0.071969985961914076 1.5000000000000002 1.0000000180025095e-35 2.5000000000000004 0.088315516710281386 6.1974613666534433 inf 0.0045870542526245126 0.00561434030532837
decision_type=8 8 8 10 8 10 8 10 8 8 8 8 8 10
left_child=1 -1 3 4 8 -5 7 -6 10 11 -2 -9 -7 -14
right_child=2 -3 -4 5 6 12 -8 9 -10 -11 -12 -13 13 -15
leaf_value=-0.038196063711615193 -0.068378322063901403 0.0054675343073005743 0.00053971715859686697 0.27308705499417318 -0.093668294467518329 -0.060468991276782118 0.017931274980788815 0.027163806197131463 0.0090819865775608171 -0.072390572958583935 0.036407828992023224 -0.043975550798249281 0.1450867916510751 0.024968466736930008
leaf_weight=6.2313578878474267 14.969207325628316 331.5294427812471 1833.2112261635177 0.35306363427708021 5.3595903892251426 1.0386478145406111 18.949455705386985 11.784923230705315 3.85071257868871 2.4027488967420423 1.405163907774521 3.4405010779667036 1.5273286444778422 4.9448360807482254
leaf_count=5643 5359 221336 1896392 110 1342 2405 2087 417 251 16894 275 808 440 17281
internal_value=0.000820142 0.00466198 0.000138344 -0.0103692 -0.0177726 0.0481533 -0.00399041 -0.0220611 -0.0463503 -0.00028993 -0.0593861 0.0110884 0.0375797 0.0533145
internal_weight=2241 337.761 1903.24 70.0262 62.1623 7.86388 41.9372 22.9878 20.2251 17.6282 16.3744 15.2254 7.51081 6.47216
internal_count=2171040 226979 1944061 47669 27433 20236 21548 19461 5885 18119 5634 1225 20126 17721
is_linear=0
shrinkage=0.05


Tree=362
num_leaves=15
num_cat=0
split_feature=10 4 2 12 10 4 9 16 12 9 9 18 9 26
split_gain=3.22613 2.78481 4.77346 3.70179 3.18107 6.03787 5.54478 5.21022 4.28977 2.92042 2.713 6.05971 5.2923 3.57827
threshold=0.018857188522815708 0.00097125768661499034 1.0425671339035036 0.10762548446655275 0.018121100962162021 0.0016823410987854006 0.17493252456188205 2.9700856208801274 1.0000000180025095e-35 0.17985840886831286 0.20794206857681277 2.2310096025466923 0.21214484423398974 0.24404761940240863
decision_type=8 8 10 8 8 10 10 8 8 10 10 10 10 8
left_child=1 2 3 -1 6 -6 -3 8 -7 -8 11 -11 -12 -14
right_child=-2 4 -4 -5 5 7 9 -9 -10 10 12 -13 13 -15
leaf_value=-0.065254082561073484 -0.00058911544915661032 -0.072755601141206966 -0.078901351648518997 0.049757027611845847 -0.097101733611356489 0.088809421306890735 0.055111361304393314 0.045503416769319224 -0.088778905086024942 -0.078059449942294412 0.06205044309650401 0.049076716647778955 -0.012574626414474472 0.011208905331518405
leaf_weight=0.75439272782000932 2105.980358489634 2.4385129096204272 0.89548952957949346 9.639007077732181 0.93206384077192694 0.45191605116630118 2.6797639318568534 12.724554138109793 1.3737610159564551 2.8812629202331337 3.7587969657762548 1.3891090597982785 27.66901474382324 36.912712517203317
leaf_count=6820 1332391 138899 177 19901 197 36 9991 3207 544 58355 9582 2954 412145 176022
internal_value=-0.000163616 0.00841142 0.0318655 0.0414091 0.00557089 0.0262674 0.00144851 0.0341702 -0.0448199 0.00385183 0.00196006 -0.0367033 0.00437601 0.00101923
internal_weight=2210.48 104.5 11.2889 10.3934 93.2115 15.4823 77.7292 14.5502 1.82568 75.2907 72.6109 4.27037 68.3405 64.5817
internal_count=2171221 838830 26898 26721 811932 3984 807948 3787 580 669049 659058 61309 597749 588167
is_linear=0
shrinkage=0.05


Tree=363
num_leaves=15
num_cat=0
split_feature=26 8 8 4 17 2 16 18 10 18 17 18 11 16
split_gain=3.67619 3.83918 4.73863 4.72611 5.54601 4.38109 5.16902 8.00472 4.88296 4.78559 4.39525 9.09587 5.8531 5.96712
threshold=0.45227272808551794 149.50000000000003 146.50000000000003 0.0035824179649353032 4.7492611408233651 0.71600136160850536 4.2268071174621591 0.28088767826557165 0.01985479332506657 0.54691815376281749 4.8402345180511483 0.16138784587383273 inf 2.9174053668975835
decision_type=10 10 10 8 8 8 8 10 10 8 8 10 8 8
left_child=1 2 5 4 -3 6 9 -8 -9 10 11 -1 13 -13
right_child=-2 3 -4 -5 -6 -7 7 8 -10 -11 -12 12 -14 -15
leaf_value=-0.016890168880888019 0.007201421047056792 0.011865447835591849 -0.086650620040587933 0.017119928358163946 -0.072750699093207527 -0.0016406859466332109 -0.03839920026372682 -0.0019803862520760417 0.050827872412180536 -0.053138704651086555 0.0071738202929594493 0.043200401569345966 0.052874962329517952 -0.055368668764675437
leaf_weight=8.8197740448379367 163.00965387457791 4.5309299575919022 1.6126385177201417 53.142875103778849 3.3818696338399015 1818.6485317027514 14.51214989422307 29.752049398531778 5.1325973930781883 2.7742178451935322 88.778347852747245 3.3484920237917062 22.694211321910391 2.8356620876799101
leaf_count=50749 70161 5202 12745 195405 17081 458186 128716 489896 826 78141 505689 20236 57800 80501
internal_value=-2.66909e-05 -0.000598668 -0.000975915 0.0117521 -0.0242988 -0.00090674 0.0065649 -0.0071927 0.00578932 0.0118228 0.0132477 0.0275514 0.0411244 -0.00199714
internal_weight=2222.97 2059.96 1998.91 61.0557 7.9128 1997.3 178.648 49.3968 34.8846 129.251 126.476 37.6981 28.8784 6.18415
internal_count=2171334 2101173 1883485 217688 22283 1870740 1412554 619438 490722 793116 714975 209286 158537 100737
is_linear=0
shrinkage=0.05


Tree=364
num_leaves=15
num_cat=0
split_feature=2 2 2 3 0 25 0 3 0 8 8 16 18 16
split_gain=4.11294 6.41826 5.16538 4.66633 4.35876 4.22696 3.90296 4.4023 3.56528 3.51454 4.52823 3.93219 6.3164 4.9172
threshold=0.69104450941085827 0.67399826645851146 0.64125162363052379 0.085328191518783583 0.59828969836235057 1.0000000180025095e-35 0.66994607448577892 0.076287955045700087 0.5305900275707246 150.50000000000003 151.50000000000003 4.4601275920867929 0.6493021845817567 4.7405652999877939
decision_type=8 10 10 8 10 8 8 10 8 10 8 10 8 10
left_child=1 2 8 -3 -5 -4 7 -7 -1 -2 -11 -12 -13 -14
right_child=9 3 5 4 -6 6 -8 -9 -10 10 11 12 13 -15
leaf_value=-0.047747887581927759 -0.00074451475721321167 -0.029504904259823123 -0.048623479953325194 -0.059425114431995565 0.052811323317710747 0.035749956037262026 0.087753925663130894 -0.044232580394912291 0.0084849546411852293 0.065034289776698256 0.013998473457078399 -0.08079399808866751 -0.089382303088211212 0.027764773994663774
leaf_weight=2.8758937233234922 1998.6846132870335 2.353193478279008 7.8886664428919424 0.92007070546259484 14.462477954206221 2.9237992174761951 1.1560017422507343 4.1799071992065535 141.80916054830834 3.719081463001559 46.158511796185337 3.038535249806396 1.0862785330464229 5.1075765900996304
leaf_count=759648 507457 2036 31879 10281 11972 722 520 16564 815191 300 9443 2103 532 2267
internal_value=0.000242491 0.00752151 0.00437368 0.0360671 0.0460982 -0.0224477 0.00255231 -0.0113127 0.00736722 -0.000389161 0.0116264 0.00804049 -0.0217472 0.00721952
internal_weight=2236.36 178.569 160.833 17.7357 15.3825 16.1484 8.25971 7.10371 144.685 2057.79 59.11 55.3909 9.23239 6.19386
internal_count=2170915 1648813 1624524 24289 22253 49685 17806 17286 1574839 522102 14645 14345 4902 2799
is_linear=0
shrinkage=0.05


Tree=365
num_leaves=15
num_cat=0
split_feature=9 16 9 18 16 4 4 2 2 2 2 27 18 18
split_gain=3.05384 3.00545 6.58702 5.28099 5.23023 9.43304 7.22555 4.6487 4.51355 8.43561 5.8715 5.58507 7.79134 9.44744
threshold=0.62818673253059398 4.6681339740753183 0.74277997016906749 3.4617819786071782 4.6395599842071542 0.015892624855041507 0.017738699913024906 0.53985783457756054 0.80240729451179515 0.86499536037445079 0.87517148256301891 9.0099573135375994 0.16138784587383273 0.15935160964727405
decision_type=8 10 8 8 10 10 8 8 8 8 8 8 8 8
left_child=-1 4 3 -3 8 -6 -7 -4 -2 11 -11 -10 13 -13
right_child=1 2 7 -5 5 6 -8 -9 9 10 -12 12 -14 -15
leaf_value=0.0043967444897876811 0.0059917895687467068 -0.060112125286278906 -0.040510228580148522 0.10676959738688384 -0.081731053160902012 0.077910453479944491 -0.057332447189971852 0.0062594851351829841 -0.043454826188675966 0.037638352460526901 -0.0018315675086528231 0.024205262008677522 -0.056030583102634139 0.31527794647304819
leaf_weight=391.3566156427645 195.50732840488709 5.7683610111985155 5.4173224171161598 0.51651381474962832 5.390645244474789 2.2842470859849988 1.7398177691028363 275.97215218186199 20.089480024911307 9.4904742530230202 1311.4336280240179 5.4900215103461045 3.441256707256092 0.29368626772732387
leaf_count=816583 803634 8013 139449 822 4188 338 6149 125293 34876 6437 216463 2895 6104 53
internal_value=0.000385402 -0.000466473 0.00422834 -0.0463972 -0.00133492 -0.0384892 0.0194377 0.00535907 -0.00110863 -0.00213673 -0.00154799 -0.0286657 0.00354089 0.0389854
internal_weight=2234.19 1842.83 287.674 6.28487 1555.16 9.41471 4.02406 281.389 1545.75 1350.24 1320.92 29.3144 9.22496 5.78371
internal_count=2171297 1354714 273577 8835 1081137 10675 6487 264742 1070462 266828 222900 43928 9052 2948
is_linear=0
shrinkage=0.05


Tree=366
num_leaves=15
num_cat=0
split_feature=26 18 16 16 2 1 18 11 2 13 0 17 2 13
split_gain=2.64242 3.12619 2.69803 5.91559 6.52583 7.28057 6.93866 5.7791 5.10852 8.18548 5.77751 5.61347 4.61924 4.7914
threshold=0.45227272808551794 0.031525077298283584 4.2972624301910409 4.2555875778198251 1.4189615249633791 4.5000000000000009 0.2632060050964356 0.83333334326744091 0.71600136160850536 0.089087303727865233 0.61826223134994518 4.8242976665496835 1.5781238675117495 0.13976744562387469
decision_type=10 8 8 10 10 10 10 10 8 8 8 8 8 10
left_child=2 -2 3 8 7 6 -6 -5 9 -1 -11 -12 13 -10
right_child=1 -3 -4 4 5 -7 -8 -9 12 10 11 -13 -14 -15
leaf_value=-0.037056076269173975 -0.075689810860959619 0.0069468106550271361 0.0024951834635438975 -0.065537769943697546 -0.12026338003591469 0.044213756963764214 -0.0014428369230473554 0.22843476063642976 -0.0063386193401858667 -0.000399612438073354 0.048003922181537713 0.013683849840429764 0.00084027031521114251 0.012322434493189691
leaf_weight=9.2675718094577775 1.1525205411600348 164.18704603438331 640.95779593330099 8.8390755856182128 1.8248247645886815 4.6942207333406287 3.7608772339777943 0.17040380434639857 563.22318908812122 55.197320343394331 15.315628046077817 53.651750078413897 670.59988433784997 36.635168412568646
leaf_count=106987 454 69760 861171 22262 69 267 107 155 241160 721837 11602 73408 52600 8882
internal_value=0.000288724 0.00637078 -0.000198455 -0.00141159 -0.0289125 -0.00168647 -0.040261 -0.0599776 -0.00103373 0.00827308 0.0116564 0.0213053 -0.00201119 -0.00519893
internal_weight=2229.48 165.34 2064.14 1423.18 19.2894 10.2799 5.5857 9.00948 1403.89 133.432 124.165 68.9674 1270.46 599.858
internal_count=2170721 70214 2100507 1239336 22860 443 176 22417 1216476 913834 806847 85010 302642 250042
is_linear=0
shrinkage=0.05


Tree=367
num_leaves=15
num_cat=0
split_feature=2 2 4 16 2 2 18 16 1 3 16 16 18 1
split_gain=3.3521 4.30378 7.26055 5.8219 4.59931 4.66758 6.06927 5.5842 5.09502 4.32798 3.60851 4.84661 4.57167 3.54702
threshold=0.69104450941085827 0.67399826645851146 0.013444721698760988 4.2835628986358651 0.64125162363052379 0.61093041300773632 0.087256237864494338 4.7140145301818857 108.50000000000001 0.1153383255004883 5.570249319076539 3.0677825212478642 0.081648375838994994 167.50000000000003
decision_type=8 8 10 8 8 8 8 10 10 10 10 8 10 10
left_child=1 4 -3 -4 5 -1 8 9 -7 13 11 12 -6 -8
right_child=-2 2 3 -5 10 6 7 -9 -10 -11 -12 -13 -14 -15
leaf_value=0.0021621114962890042 -0.0008670604556375223 -0.0081655586352247043 0.066101048322470782 -0.056348942822984111 -0.057206046799997357 0.1932297547152578 0.052442628893486214 -0.056667119171127038 -0.060232780014716894 -0.027954583494611523 0.075901254945383967 -0.049343118595118307 0.044248987687540271 -0.05944788501559424
leaf_weight=119.63424249400187 2052.4642479890331 7.8729053384320009 10.183517263095782 1.0729828222006741 1.6459453635361256 0.21372305182087004 18.656123882441094 1.575254016092315 2.7422715320571189 2.0645797893523996 0.88103654945498711 9.5066261239804426 3.4124138271462652 0.73625256360332869
leaf_count=1526103 522512 7620 11004 5676 3845 596 7934 8914 5745 24945 1778 39084 4990 922
internal_value=-0.000293005 0.00624552 0.0286675 0.054429 0.00358255 0.00633428 0.0255405 0.0341968 -0.041907 0.0408675 -0.0223603 -0.0283041 0.0112364 0.0481946
internal_weight=2232.66 180.198 19.1294 11.2565 161.068 145.622 25.9882 23.0322 2.95599 21.457 15.446 14.565 5.05836 19.3924
internal_count=2171668 1649156 24300 16680 1624856 1575159 49056 42715 6341 33801 49697 47919 8835 8856
is_linear=0
shrinkage=0.05


Tree=368
num_leaves=15
num_cat=0
split_feature=2 2 16 16 4 9 26 4 10 3 2 27 15 0
split_gain=3.71381 4.71199 4.30363 12.123 4.41155 7.40976 6.60858 5.73752 5.28225 5.47043 6.52189 7.23602 6.02434 5.66637
threshold=0.81066006422042858 0.81956791877746593 5.2806591987609872 4.8559212684631357 0.012214094400405886 0.22500403225421908 0.41421568393707281 0.032590746879577644 0.020161132328212265 0.066938340663909926 0.63078051805496227 6.6069424152374276 1.0000000180025095e-35 0.7098187804222108
decision_type=10 10 8 10 10 10 10 10 10 8 10 10 10 10
left_child=2 -2 3 4 8 7 -7 -6 9 12 11 -11 -1 -12
right_child=1 -3 -4 -5 5 6 -8 -9 -10 10 13 -13 -14 -15
leaf_value=0.043789391940191547 -0.051651840641899441 -0.00068360553236152281 0.018869426647348517 -0.046393974660645571 0.022237174761916226 -0.063527438563986932 0.041745266956544472 -0.012634447937616068 0.019021491595876416 0.001812026162375544 -0.02249455290322994 -0.080792050854007855 -0.057654215795124454 0.23821268886042676
leaf_weight=10.933529780974412 4.5461031032818928 1801.5812306385139 45.716260120189304 12.204424963672919 79.178692543761343 5.4353646640301481 2.0542106280516608 13.860443015615941 35.017083064492681 175.68379359106984 42.376502474165676 2.691787207474106 1.6897014840117925 0.20944981908542004
leaf_count=4578 8940 307893 249722 190330 220287 265909 6431 484831 1150 374309 50912 4850 621 98
internal_value=0.000179585 -0.000811895 0.00437285 0.00263493 0.00425596 0.0131908 -0.0346537 0.0170422 0.000911956 -0.00180287 -0.00363176 0.000565484 0.0302105 -0.0212123
internal_weight=2233.18 1806.13 427.051 381.335 369.131 100.529 7.48958 93.0391 268.602 233.585 220.962 178.376 12.6232 42.586
internal_count=2170861 316833 1854028 1604306 1413976 977458 272340 705118 436518 435368 430169 379159 5199 51010
is_linear=0
shrinkage=0.05


Tree=369
num_leaves=15
num_cat=0
split_feature=9 9 4 8 9 7 3 10 17 17 0 4 10 17
split_gain=3.08367 7.22307 6.11945 4.76357 3.07676 2.99646 2.68396 4.61878 3.71359 3.72018 3.78439 4.48357 3.38712 3.38535
threshold=0.17493252456188205 0.17985840886831286 0.011054575443267824 33.500000000000007 0.16331721842288974 6.9251251220703134 0.10434558987617494 0.011764857918024065 4.5695295333862314 4.8242976665496835 0.6106468439102174 0.0053993761539459237 0.012194680515676739 4.6298508644104013
decision_type=8 8 8 10 10 8 10 8 8 10 8 8 8 10
left_child=2 -2 4 -4 5 -1 7 -3 -8 10 11 -10 13 -9
right_child=1 6 3 -5 -6 -7 8 12 9 -11 -12 -13 -14 -15
leaf_value=-0.10038273609937827 0.053556699659202157 -0.056774626026460606 0.087424922092921423 -0.081833824873543015 -0.080829253562281919 0.018533929396594883 -0.016434572970994356 0.063516918826027544 0.017453269040546681 0.0051082317896169278 0.038286575758288408 -0.039699583672556847 -0.00037475878655901854 -0.069331406638279316
leaf_weight=0.56728241303454852 6.3366778527982497 3.6248129308653216 0.45626340795140574 4.6746718710081501 1.0291952598784782 8.0046736205598545 16.001608045268028 3.5045812342595175 3.2730072689794834 115.03450591126557 18.461094505483658 4.4589039967682753 2047.9785177439119 0.55556798798571083
leaf_count=1884 10480 21315 3900 116122 5588 15622 337103 196 26893 1106241 30691 188487 306521 561
internal_value=9.89478e-05 0.000250303 -0.0227011 -0.0667827 0.000856523 0.0106642 9.76585e-05 -0.000383922 0.00639399 0.00898055 0.025987 -0.00338004 -0.00028431 0.0453387
internal_weight=2233.96 2219.23 14.7321 5.13094 9.60115 8.57196 2212.89 2055.66 157.229 141.228 26.193 7.73191 2052.04 4.06015
internal_count=2171604 2028488 143116 120022 23094 17506 2018008 328593 1689415 1352312 246071 215380 307278 757
is_linear=0
shrinkage=0.05


Tree=370
num_leaves=15
num_cat=0
split_feature=16 16 27 3 17 18 13 16 16 17 3 0 13 16
split_gain=3.16794 2.77494 2.40793 5.04608 2.49172 2.19016 4.71563 3.92842 10.4648 5.98868 4.42208 3.84101 4.57276 3.9319
threshold=6.6466569900512704 6.3035306930542001 14.495137214660646 0.039126038551330573 5.0466406345367441 0.10792508721351625 0.31414473056793218 3.8176519870758061 3.7726949453353886 6.4838688373565683 1.0000000180025095e-35 0.72143161296844494 0.23669467866420749 3.9019216299057011
decision_type=10 10 10 10 10 8 10 8 8 10 8 10 8 10
left_child=1 2 5 -4 -5 6 7 8 9 -1 -11 12 -9 -13
right_child=-2 -3 3 4 -6 -7 -8 11 -10 10 -12 13 -14 -15
leaf_value=0.0030069983317809134 -0.051690889141416833 0.032390960543213887 0.032255950106662656 -0.092776850051739967 -0.0073529155586246593 -0.0010691623031049925 -0.06596493746234447 -0.064448951012743907 -0.070508319730800462 0.031410705031354805 -0.067998706882202165 0.056590624912929779 0.010722628296407889 0.017888140593353554
leaf_weight=494.45338622248897 2.9573006901564431 6.6307280740143133 14.719073658854063 1.0771399045564916 4.1142561608832082 1652.4275313849871 2.4982759138719066 2.2635433892374262 4.9727204421913589 1.4436658095619119 4.9697162872273788 9.7098580348247214 19.042873240766728 10.826233157798923
leaf_count=314330 9804 9028 620 2160 4265 1792367 2973 5313 3973 10 9487 84 17091 258
internal_value=2.48278e-05 9.34364e-05 -2.92097e-06 0.0173071 -0.0250772 -0.000159395 0.00257303 0.00288567 0.00166775 0.00238433 -0.0456214 0.0176092 0.00273658 0.0330397
internal_weight=2232.11 2229.15 2222.52 19.9105 5.1914 2202.61 550.18 547.682 505.839 500.867 6.41338 41.8425 21.3064 20.5361
internal_count=2171763 2161959 2152931 7045 6425 2145886 353519 350546 327800 323827 9497 22746 22404 342
is_linear=0
shrinkage=0.05


Tree=371
num_leaves=15
num_cat=0
split_feature=13 1 17 2 18 18 18 12 8 17 16 16 18 10
split_gain=2.2725 5.94115 6.96771 4.61847 4.33907 5.84679 5.92622 4.77366 3.40842 3.19926 4.23391 9.73097 3.14495 5.81728
threshold=0.17274536192417148 79.500000000000014 5.4138731956481942 0.78622725605964672 0.081648375838994994 0.14943791925907138 0.18941062688827517 0.10582306981086732 74.500000000000014 6.3180665969848642 3.6762205362319951 3.65057384967804 0.60608786344528209 0.021544498391449455
decision_type=10 10 10 8 8 8 8 8 10 8 10 10 10 10
left_child=-1 4 8 -4 7 -6 9 -2 -3 10 11 -7 -8 -14
right_child=1 2 3 -5 5 6 12 -9 -10 -11 -12 -13 13 -15
leaf_value=-0.00052109960041533227 -0.094198758883286285 -0.055087015613533574 0.041394123395404207 0.123834580673802 0.026211285754644376 -0.079661102302440168 0.0083015358029557614 -0.0072748354166109796 0.052657492562762032 0.044036956493775974 -0.090538505995944776 0.098055513800096444 -0.045784252518170199 0.031398527312461136
leaf_weight=2105.287781581801 2.2947407869472674 2.4168922557738366 7.4195363415907254 2.2033640944753889 25.146367700440319 2.0433591377631228 53.342860565962212 5.0673188361867725 1.0541596662886221 0.94171691086078535 3.7319551741231916 1.236301516238721 7.5647470825962184 3.6045447715202741
leaf_count=2094964 1096 13658 11881 630 5428 1303 21401 2003 983 180 1635 95 16128 209
internal_value=-0.000142546 0.00660751 0.0383649 0.0602706 0.00264624 0.00543799 -0.00177059 -0.0343689 -0.022365 -0.0424936 -0.0541153 -0.012669 0.00324991 -0.0208759
internal_weight=2223.36 118.068 13.094 9.6229 104.974 97.6119 72.4655 7.36206 3.47105 7.95333 7.01162 3.27966 64.5122 11.1693
internal_count=2171594 76630 27152 12511 49478 46379 40951 3099 14641 3213 3033 1398 37738 16337
is_linear=0
shrinkage=0.05


Tree=372
num_leaves=15
num_cat=0
split_feature=1 3 17 14 15 18 27 18 9 12 15 18 18 11
split_gain=3.98393 4.03651 7.66521 10.2247 9.49491 9.13125 6.41185 6.73045 6.02318 6.01905 5.95577 9.28343 18.2999 9.43242
threshold=270.50000000000006 1.0000000180025095e-35 5.4445774555206308 1.0000000180025095e-35 inf 0.5904599428176881 1.4612500667572024 1.2098333835601809 0.63789328932762157 0.15075758099555972 1.0000000180025095e-35 0.26042945683002477 0.17652358114719394 inf
decision_type=10 10 8 10 8 8 8 8 8 10 10 10 8 8
left_child=1 2 3 4 -1 10 -6 -8 -4 -7 -5 12 -12 -13
right_child=-2 -3 8 5 6 9 7 -9 -10 -11 11 13 -14 -15
leaf_value=-0.051134624803653522 -0.043470316633396233 0.0016740816795166686 0.022404061002555389 -0.044706930147414607 -0.013423879792727059 -0.11926933715171904 0.0094872783263303933 -0.05928129447038083 -0.00052135602622597631 0.064079521635873091 -0.0084590192723294367 -0.09707017040958052 -0.14275891978238658 0.047785633122944871
leaf_weight=10.184215550314839 5.1505162508628919 1748.1781465591746 32.800553444648628 19.347781000962001 65.556668284786795 3.9071885318033273 92.650028415827236 3.700078544849986 226.43937345105059 0.50553876809723863 16.229018640808142 1.2857387406659171 3.0063972998518684 8.9229916033182235
leaf_count=2525 114060 1989411 11458 4854 13333 5615 8500 1804 18240 65 678 104 363 546
internal_value=0.000453507 0.000554833 -0.00348336 -0.0102293 -0.00430667 -0.0293862 -0.00136111 0.0068464 0.0023793 -0.0982642 -0.0231569 -0.00899628 -0.0294494 0.0295418
internal_weight=2237.86 2232.71 484.536 225.296 172.091 53.2047 161.907 96.3501 259.24 4.41273 48.7919 29.4441 19.2354 10.2087
internal_count=2171556 2057496 68085 38387 26162 12225 23637 10304 29698 5680 6545 1691 1041 650
is_linear=0
shrinkage=0.05


Tree=373
num_leaves=15
num_cat=0
split_feature=2 16 1 3 1 4 18 4 18 3 26 14 2 2
split_gain=4.07261 4.56476 5.08028 4.8832 6.02317 3.99125 4.55228 5.70821 5.34229 4.48041 5.29309 5.93315 4.74643 5.05774
threshold=0.70341503620147716 4.7916412353515634 127.50000000000001 0.10536321997642518 112.50000000000001 0.017284035682678226 0.047135902568697936 0.014469802379608156 0.019874133169651035 0.10536321997642518 0.31698563694953924 1.0000000180025095e-35 0.51972642540931713 0.62072172760963451
decision_type=8 8 10 8 10 10 8 8 10 8 10 8 8 8
left_child=1 5 3 -3 -5 6 8 -8 -1 -7 11 -11 -13 -14
right_child=-2 2 -4 4 -6 9 7 -9 -10 10 -12 12 13 -15
leaf_value=0.022715729983922624 -0.00059068019181236732 -0.045641148877351517 -0.038667866934977063 -0.0081458626977322403 0.078071913766051396 0.039566477784131804 0.010075289025984599 -0.040309156098629222 -0.059942573084456365 -0.052906899106116123 0.049195715390240514 0.030817350535153637 -0.054406692237240033 0.01557214360305414
leaf_weight=3.0295867270255892 2040.7199754845594 2.979772955783313 10.910342374004882 4.6985753212340828 3.5608673491327174 20.242392322600011 102.17437560060722 5.9487225455472403 5.509859893825058 4.4206819433976401 6.8801301247668141 12.736175630491221 4.5336695994337655 5.9981360440990015
leaf_count=4795 505462 4460 142406 285069 8732 8830 364223 44512 22200 340422 35661 322555 49981 31588
internal_value=6.68541e-05 0.00699703 -0.0143637 0.00922925 0.0290249 0.00975624 0.00452752 0.00730323 -0.0306174 0.0208853 0.00994612 0.00019331 0.0102818 -0.0145519
internal_weight=2234.34 193.623 22.1496 11.2392 8.25944 171.474 116.663 108.123 8.53945 54.8112 34.5688 27.6887 23.268 10.5318
internal_count=2170896 1665434 440667 298261 293801 1224767 435730 408735 26995 789037 780207 744546 404124 81569
is_linear=0
shrinkage=0.05


Tree=374
num_leaves=15
num_cat=0
split_feature=16 16 17 17 13 0 2 16 1 1 10 13 2 9
split_gain=3.1663 10.289 6.01924 7.50895 6.61285 6.52689 5.43345 8.19716 5.64666 4.38351 6.27033 7.76312 7.31344 7.03218
threshold=4.2972624301910409 4.1666352748870858 5.708768606185914 5.7153801918029794 0.065591398626565947 0.64378613233566295 0.71600136160850536 4.1510088443756112 129.50000000000003 22.500000000000004 0.018857188522815708 0.32456140220165258 1.0264745354652407 0.45404423773288732
decision_type=8 10 10 10 8 10 8 8 8 10 8 10 10 8
left_child=1 6 5 -4 -5 -3 7 -1 -9 -2 12 13 -11 -12
right_child=9 2 3 4 -6 -7 -8 8 -10 10 11 -13 -14 -15
leaf_value=0.008066380405595406 0.0051483562180126737 -0.070044958219080508 0.078741154998647978 -0.075505962162260187 -0.0034133201512331723 -0.021371129835400939 -0.0010272722403012362 0.24223525071572319 0.045284503216729007 0.026708076485809182 -0.087868519265450487 0.04778040887135581 -0.071166850304199489 -0.010406352156666451
leaf_weight=138.42775298361775 535.97631970522241 8.6617523704378083 2.5434675267752231 3.4985705507293257 35.029011923777944 33.621701067814406 1331.4788545008366 0.61258317957896857 0.89657039906332836 22.241444382525124 3.0119159699682805 5.6089227542867368 2.0877756030962997 107.57866053838949
leaf_count=870357 484090 64999 308 4239 22152 6235 294346 756 8468 31269 2006 6292 1335 374448
internal_value=0.000232063 -0.00101037 -0.0180998 -0.00446671 -0.00995983 -0.0313419 -4.22657e-05 0.00932993 0.125229 0.00308746 -0.00477277 -0.00960553 0.0183091 -0.012516
internal_weight=2231.28 1554.77 83.3545 41.0711 38.5276 42.2835 1471.42 139.937 1.50915 676.505 140.529 116.199 24.3292 110.591
internal_count=2171300 1271860 97933 26699 26391 71234 1173927 879581 9224 899440 415350 382746 32604 376454
is_linear=0
shrinkage=0.05


Tree=375
num_leaves=15
num_cat=0
split_feature=21 16 4 18 4 3 27 4 2 17 17 2 17 3
split_gain=11.9827 2.78281 5.57923 5.85393 7.22082 6.69656 6.27842 7.37221 5.96899 8.1691 5.65411 5.54013 5.40612 6.17941
threshold=1.5000000000000002 3.0201274156570439 0.005943387746810914 0.081648375838994994 0.00037497282028198248 0.11438819766044618 1.023424029350281 0.0023414194583892827 1.7195320725440981 6.1727433204650888 5.3775877952575692 1.1870840191841128 3.7012257575988774 1.0000000180025095e-35
decision_type=10 10 8 8 8 10 8 10 10 10 10 8 10 10
left_child=1 2 3 4 10 6 7 -6 9 -9 -1 -11 13 -3
right_child=-2 12 -4 -5 5 -7 -8 8 -10 11 -12 -13 -14 -15
leaf_value=-0.062937041934243168 -0.091277545929167953 -0.094659120795585416 0.0064137187806520756 0.0023337336854112466 -0.077582654772902854 0.043921756486942493 -0.0093341245462365465 -0.067589473992274426 0.025736982920138408 0.053846519865652198 0.051941881324889909 -0.11974762068706693 -0.00071631612363810956 -0.012765238375359892
leaf_weight=1.3129387409362356 3.5948616623904845 3.1520587842254555 394.40464930262942 118.58300923729075 10.18868787852171 3.5317331771942824 25.158214807350742 8.6092860936365145 4.485129415348637 2.75411941813661 5.814530689664891 0.55167397474997448 1647.2205951811075 8.5562632990598804
leaf_count=786 6185 1168 343287 37507 2323 15292 3199 3072 44 228 939 28 1716599 40753
internal_value=-6.44924e-05 8.22628e-05 0.00307846 -0.00418961 -0.0165851 -0.0226922 -0.0272386 -0.0441797 -0.0234281 -0.041935 0.0307802 0.024877 -0.000956958 -0.0348123
internal_weight=2237.92 2234.32 575.394 180.989 62.4063 55.2788 51.7471 26.5889 16.4002 11.9151 7.12747 3.30579 1658.93 11.7083
internal_count=2171410 2165225 406705 63418 25911 24186 8894 5695 3372 3328 1725 256 1758520 41921
is_linear=0
shrinkage=0.05


Tree=376
num_leaves=15
num_cat=0
split_feature=10 17 9 18 4 9 17 17 4 27 17 9 2 2
split_gain=2.81279 3.55576 4.63015 5.99768 4.4096 4.14673 5.7287 3.98672 3.84139 3.67774 3.56487 3.46387 2.8704 5.78518
threshold=0.018857188522815708 4.7140145301818857 0.30956599116325384 0.57503539323806774 0.040507078170776374 0.52746126055717479 5.2176458835601816 4.8789997100830087 0.022764235734939579 4.1868867874145517 5.2600927352905282 0.30630193650722509 0.96726900339126598 1.0765857696533205
decision_type=8 10 10 8 8 10 8 8 8 10 10 8 8 8
left_child=1 4 7 5 12 6 9 -3 -5 -4 -7 -9 -1 -14
right_child=-2 2 3 8 -6 10 -8 11 -10 -11 -12 -13 13 -15
leaf_value=0.032923239762812133 -0.00023891060955379351 -0.077496789679690301 -0.030802184191555393 0.038747218468095812 -0.077721679580411568 -0.069671134054842737 -0.072658767586111173 0.010851372333765746 -0.066442184965948156 0.061820346665209427 0.013194835942798451 0.061302450082918208 -0.081048872588597706 0.018881529110799516
leaf_weight=25.155477500696499 2134.4119458663386 1.1705999130380742 3.8545387647565503 6.6265686287492978 1.1002024068278888 1.5624949915117996 7.5831509096778582 31.557802257541407 0.99874224227722219 1.4844928952093894 7.6634216600479075 3.8133205291917873 1.7599804194133293 8.1785141109547776
leaf_count=127760 1332053 31123 39139 31297 109605 15605 102266 305907 38411 2001 30137 4309 684 937
internal_value=0.000149647 0.00824006 0.00136039 -0.0132763 0.020845 -0.0264439 -0.0447245 0.013286 0.0249698 -0.00504892 -0.000839289 0.0162904 0.0239351 0.00118513
internal_weight=2236.92 102.509 66.3151 29.7734 36.1942 22.1481 12.9222 36.5417 7.62531 5.33903 9.22592 35.3711 35.094 9.93849
internal_count=2171234 839181 600195 258856 238986 189148 143406 341339 69708 41140 45742 310216 129381 1621
is_linear=0
shrinkage=0.05


Tree=377
num_leaves=15
num_cat=0
split_feature=16 16 8 8 17 8 3 2 0 27 16 4 8 17
split_gain=2.67189 6.12733 10.2175 6.90333 6.65832 7.86051 6.47973 12.6523 6.31209 6.28879 8.81502 7.83707 6.23356 6.08912
threshold=4.2972624301910409 4.0689902305603036 30.500000000000004 13.500000000000002 4.7664294242858896 196.50000000000003 0.039126038551330573 1.4900426268577578 0.61386394500732433 2.9596748352050786 4.1971738338470468 0.0089522302150726336 41.500000000000007 5.7541573047637948
decision_type=8 8 10 10 8 10 8 10 8 8 10 10 10 10
left_child=1 12 3 6 -4 -6 7 -3 -8 10 11 -9 -1 -11
right_child=-2 2 4 -5 5 -7 8 9 -10 13 -12 -13 -14 -15
leaf_value=-0.0011175206708249452 0.0027526802474366497 -0.072519029035479216 -0.0093966741960319292 0.031288821300599672 -0.088112863604485225 0.059170570987673657 -0.05470131909593931 -0.092268779253109834 0.0054273871359297064 -0.016451753706042582 0.0015484125980611164 -0.02301910112935824 0.0094137503268973063 0.035303061855823388
leaf_weight=1228.1982729010583 684.43058791462613 9.8666721039770078 6.9514324349870247 11.509821467615351 8.9359764635146384 1.0081045132730793 4.6725076315224374 6.6677178720856345 66.245223772947284 11.484069812126053 16.198465178596962 10.550250082611454 158.66449796394431 11.251134904305216
leaf_count=797418 898573 771 15243 5199 36514 895 69202 157 45515 260 205 202 300224 87
internal_value=0.000150175 -0.000997376 -0.0100956 -0.00590234 -0.0469382 -0.0731817 -0.00902835 -0.0203012 0.00146573 -0.0111258 -0.0249278 -0.0498363 8.73129e-05 0.00916053
internal_weight=2236.63 1552.2 165.341 148.446 16.8955 9.94408 136.936 66.0183 70.9177 56.1516 33.4164 17.218 1386.86 22.7352
internal_count=2170465 1271892 174250 121598 52652 37409 116399 1682 114717 911 564 359 1097642 347
is_linear=0
shrinkage=0.05


Tree=378
num_leaves=15
num_cat=0
split_feature=7 10 16 16 1 9 27 8 4 4 0 1 4 26
split_gain=4.90201 4.12214 3.3704 6.80926 7.89844 6.60989 5.5795 6.19359 5.59277 6.27931 4.89832 11.7241 4.66463 5.07423
threshold=121.53054046630861 0.018857188522815708 4.0163424015045175 4.1971738338470468 42.500000000000007 0.6189895272254945 2.3880039453506474 68.500000000000014 0.0015761256217956545 0.027628034353256229 0.69005811214447033 2.5000000000000004 0.016386598348617557 0.26969698071479803
decision_type=10 8 10 10 8 10 8 10 8 8 10 8 10 10
left_child=1 -1 -3 4 6 10 8 -8 -4 -10 11 -5 13 -7
right_child=-2 2 3 5 -6 12 7 -9 9 -11 -12 -13 -14 -15
leaf_value=0.0090180503644941273 0.023649183514647818 0.00019222921374861899 -0.091559764803027188 -0.058638485843144267 0.0086826919231000731 -0.051521588133457766 -0.0021474056371140683 -0.10072903340746656 -0.020733708855514472 -0.071963025570320804 0.0028704910102847212 -0.0039684253690092939 -0.0031460782634744264 0.00094689907450312607
leaf_weight=101.61762498625265 20.665012875024786 1354.5779135603125 3.5397681203223619 10.365845382663442 28.644106744182821 16.04757044487619 37.381751443552453 1.664204124790287 50.521365988172903 6.7848716831707696 381.75105126453741 181.77884410400748 19.715601236372009 6.4641804642636762
leaf_count=833008 7026 758190 461 422 79815 1151 3536 109 3789 4600 20710 455635 2476 245
internal_value=-0.000589535 -0.000817126 -0.00129322 -0.00399533 -0.0144633 -0.00181149 -0.0211004 -0.00634912 -0.0305666 -0.0267991 -0.000406695 -0.00691777 -0.0209036 -0.0364554
internal_weight=2221.52 2200.85 2099.24 744.659 128.536 616.123 99.892 39.046 60.846 57.3062 573.896 192.145 42.2274 22.5118
internal_count=2171173 2164147 1331139 572949 92310 480639 12495 3645 8850 8389 476767 456057 3872 1396
is_linear=0
shrinkage=0.05


Tree=379
num_leaves=15
num_cat=0
split_feature=10 8 16 13 4 16 17 8 3 10 27 2 28 26
split_gain=2.70042 3.1126 2.61223 7.84373 5.34887 4.7044 7.09273 6.9954 6.26965 11.1927 8.92578 6.7314 5.22159 5.42465
threshold=0.018857188522815708 194.50000000000003 4.0689902305603036 0.41885964572429663 0.020569622516632084 4.1971738338470468 5.9362151622772226 31.500000000000004 0.071969985961914076 0.022048129700124267 3.1059412956237797 1.2787532210350039 2.5000000000000004 0.76388889551162731
decision_type=8 10 8 10 8 8 10 10 8 10 10 10 8 8
left_child=-1 2 3 -2 -5 6 8 12 9 10 -4 -10 13 -8
right_child=1 -3 5 4 -6 -7 7 -9 11 -11 -12 -13 -14 -15
leaf_value=0.0076592027927287823 0.0010310908093912519 -0.083245766494165652 -0.056099684513388683 -0.10442549271032719 -0.0022149392872144718 -0.0014079365135714931 -0.011630092429675734 -0.094413840948518346 -0.013611920592776534 0.0062841684198460673 0.012965121643424711 0.058869466769295768 0.08518465579531169 0.03944781744407342
leaf_weight=104.08703855854698 1340.0851064248027 1.1383364001912912 30.678609027958203 2.9704061225602478 2.2492363649346174 690.60392206558367 13.70682565654808 1.5422683191949804 13.029800929026807 14.606846914408377 5.5198432229590244 4.2474661645373279 2.4145366506121801 8.3737114779577198
leaf_count=838960 737973 71 3209 1174 2072 524845 8347 43 49640 290 177 1475 358 1873
internal_value=-0.000204593 -0.000588664 -0.00054449 0.000792818 -0.0603812 -0.00283713 -0.0133238 0.00887122 -0.021812 -0.0306602 -0.0455681 0.004207 0.0153743 0.00774044
internal_weight=2235.25 2131.17 2130.03 1345.3 5.21964 784.724 94.1199 26.0373 68.0826 50.8053 36.1985 17.2773 24.4951 22.0805
internal_count=2170507 1331547 1331476 741219 3246 590257 65412 10621 54791 3676 3386 51115 10578 10220
is_linear=0
shrinkage=0.05


Tree=380
num_leaves=15
num_cat=0
split_feature=18 13 12 17 16 4 3 16 16 18 4 4 11 18
split_gain=3.21375 3.04611 8.00764 5.05347 4.50364 7.94568 4.44423 6.44716 4.98584 5.15956 4.19395 6.68838 4.18722 3.92834
threshold=3.8689931631088261 0.13714733719825747 0.086335405707359328 6.1974613666534433 4.5695295333862314 0.011054575443267824 0.027611553668975834 2.5249279737472539 2.6735538244247441 0.10056396201252939 0.014723122119903566 0.0098882913589477556 0.83333334326744091 0.1061050593852997
decision_type=10 10 10 10 10 10 8 10 8 8 10 8 10 8
left_child=1 2 -1 6 -5 -6 10 -8 -9 12 11 -3 -10 -11
right_child=-2 3 -4 4 5 -7 7 8 9 13 -12 -13 -14 -15
leaf_value=0.00022556405295799393 -0.052358543276134865 -0.0089142004043009839 -0.081087552867742899 0.044512892982526739 -0.065948513407593931 0.038577438660681584 -0.055320461327418663 0.073452054904927414 -0.050030206104603063 0.065510295289718204 0.015708588158753239 -0.07492845203833215 0.074329857302137051 0.0118135745839371
leaf_weight=2079.1483673190614 2.8656106117023219 34.881276598476575 3.0321895246011072 15.356958042962676 2.995321314093669 4.6261163471201625 3.5719449964997088 3.3054484416382075 5.209050967722832 3.5742320653463047 13.996833044350863 4.3111757223960003 0.77795568304936669 72.393694905312685
leaf_count=2027540 31708 424 5656 3408 1458 2276 5164 958 5297 751 289 73 47 86275
internal_value=0.000557883 0.000625363 0.000107151 0.00716481 0.0289189 -0.00250258 0.00364512 0.0104892 0.0132463 0.0108181 -0.00778536 -0.0161758 -0.0338708 0.01434
internal_weight=2250.05 2247.18 2082.18 165 22.9784 7.62144 142.022 88.8323 85.2604 81.9549 53.1893 39.1925 5.98701 75.9679
internal_count=2171324 2139616 2033196 106420 7142 3734 99278 98492 93328 92370 786 497 5344 87026
is_linear=0
shrinkage=0.05


Tree=381
num_leaves=15
num_cat=0
split_feature=10 1 1 4 2 1 16 17 17 8 2 2 8 9
split_gain=4.85253 2.71355 4.50671 3.71695 3.22592 2.65946 2.61146 2.53746 2.98876 4.68197 3.95141 4.37737 3.86687 3.66667
threshold=0.018857188522815708 193.50000000000003 98.500000000000014 0.0015761256217956545 0.5077783763408662 264.50000000000006 6.5909347534179696 3.6242519617080693 4.7140145301818857 76.500000000000014 0.96726900339126598 1.0765857696533205 40.500000000000007 0.38411962985992437
decision_type=8 10 10 8 10 10 10 8 10 10 8 10 8 10
left_child=1 2 7 4 -4 -3 -2 -1 10 12 -9 -12 -10 -11
right_child=6 5 3 -5 -6 -7 -8 8 9 13 11 -13 -14 -15
leaf_value=-0.071237014738993451 -0.00067027667159994073 0.045852434405659739 0.062394896751984896 -0.053073496846963733 -0.061034340781221476 -0.057224504449167282 -0.060724270957199449 0.038045297766676062 -0.0051911763170192108 0.017499733093073535 -0.073228597749719654 0.01417224245462971 -0.067540017094792432 -0.028935666197538391
leaf_weight=0.92902690696883516 2126.2148758569451 7.7147519924397594 1.6228602533369763 5.1685862197910337 0.78563994504578083 0.68100280591472717 1.8117972432933118 19.479934497568397 9.7745549893969095 41.787900877933026 1.7062092517923506 8.9332197621970106 3.3353944118142911 4.7326852758380644
leaf_count=17736 1325494 17876 381 25186 964 8754 6291 195561 101581 309713 6159 1510 101255 51553
internal_value=-0.000199801 0.0102078 0.00787648 -0.0291679 0.0221329 0.0374916 -0.000721407 0.0109719 0.0118229 0.0053382 0.0246612 0.000156065 -0.0210538 0.0127757
internal_weight=2234.68 106.652 98.256 7.57709 2.4085 8.39575 2128.03 90.6789 89.7499 59.6305 30.1194 10.6394 13.1099 46.5206
internal_count=2170014 838229 811599 26531 1345 26630 1331785 785068 767332 564102 203230 7669 202836 361266
is_linear=0
shrinkage=0.05


Tree=382
num_leaves=15
num_cat=0
split_feature=21 28 9 8 8 17 11 0 26 8 16 16 3 15
split_gain=2.28925 4.26505 2.18663 6.469 4.37392 4.17038 4.33017 6.38915 3.86159 3.8102 7.13751 5.69375 4.68814 3.63369
threshold=1.5000000000000002 2.5000000000000004 0.4063695371150971 81.500000000000014 142.50000000000003 5.1029059886932382 inf 0.72143161296844494 1.0000000180025095e-35 41.500000000000007 2.0126758217811589 5.1845848560333261 1.0000000180025095e-35 1.0000000180025095e-35
decision_type=10 8 8 10 8 10 8 10 8 10 10 10 8 8
left_child=2 -2 -1 9 5 6 7 -5 -8 -4 12 13 -11 -12
right_child=1 -3 3 4 -6 -7 8 -9 -10 10 11 -13 -14 -15
leaf_value=0.0050568544698145609 -0.08508432800167498 0.008222447467371859 -0.00033265072784876084 -0.083959806987814481 0.0049400105429686517 -0.083500217437921923 0.044352639824065752 0.025249566690798954 -0.038760789521764455 0.053035856631843861 -0.028809707776057597 -0.076170728065819565 -0.095760533563428007 0.023963689374912528
leaf_weight=212.35036304453183 2.2291131751224484 2.7181166418205867 1940.8147392163075 4.7576828470889421 7.781743360019127 4.2074559059810719 3.062086200105457 1.8639436489538637 2.5709042455173008 0.68559772445584111 3.5059186141841163 1.577778489208973 2.323039778471629 46.844482806468633
leaf_count=626268 5948 243 1410858 17723 21564 18862 5577 23 5064 10 5124 7470 3721 43071
internal_value=0.000155132 -0.0338195 0.000230425 -0.00027695 -0.0259493 -0.0405509 -0.0258049 -0.0532181 0.00641956 3.49111e-05 0.0130202 0.0173582 -0.0618533 0.0202891
internal_weight=2237.29 4.94723 2232.35 2020 24.2438 16.4621 12.2546 6.62163 5.63299 1995.75 54.9368 51.9282 3.00864 50.3504
internal_count=2171526 6191 2165335 1539067 68813 47249 28387 17746 10641 1470254 59396 55665 3731 48195
is_linear=0
shrinkage=0.05


Tree=383
num_leaves=15
num_cat=0
split_feature=2 4 3 2 27 18 4 3 15 3 0 18 1 16
split_gain=2.57653 5.13071 4.94489 7.7306 5.57649 5.02843 4.90541 5.40091 6.85899 4.74659 4.60609 4.21472 4.19555 4.13805
threshold=0.81066006422042858 0.012701481580734255 0.11142390966415407 0.53152126073837291 3.8887368440628056 0.81398892402648937 0.00037497282028198248 0.066938340663909926 1.0000000180025095e-35 0.078331798315048232 0.5916755497455598 0.39027863740921026 75.500000000000014 6.4457147121429452
decision_type=8 8 10 10 10 10 8 10 10 10 8 10 10 10
left_child=1 6 5 10 -5 9 -1 8 -8 -3 11 -4 -6 -2
right_child=13 2 3 4 12 -7 7 -9 -10 -11 -12 -13 -14 -15
leaf_value=0.029277291442768801 0.00012093316869769256 -0.040173005707455516 -0.055649758687110307 -0.031045235451902277 0.32199432858146104 -0.057215954854988864 0.040653589737017437 -0.0065692757163475328 -0.059186510789646068 0.026727410148014875 0.033066348673033388 0.010355416024848407 0.034609445408066881 -0.068584997211440929
leaf_weight=12.526580134053647 1989.2274230929854 2.7649644767847112 3.3797801150638263 18.620371552229408 0.13490746635955764 1.9625118743178678 11.904492647883666 128.30809792375209 2.0108155367619558 64.513372889942247 17.855943082846586 4.7395505449546311 2.1664889517672519 2.1939465512875804
leaf_count=22869 378932 1888 450164 245662 333 5499 4769 497499 760 39699 130660 382983 7786 1710
internal_value=0.000667576 0.00524265 0.0131858 0.000649485 -0.0219701 0.0216767 -0.000718577 -0.00336052 0.0262263 0.023978 0.0188684 -0.0123555 0.0514559 4.52399e-05
internal_weight=2262.31 270.888 116.138 46.897 20.9218 69.2408 154.75 142.223 13.9153 67.2783 25.9753 8.11933 2.3014 1991.42
internal_count=2171213 1790571 1264674 1217588 253781 47086 525897 503028 5529 41587 963807 833147 8119 380642
is_linear=0
shrinkage=0.05


Tree=384
num_leaves=15
num_cat=0
split_feature=10 1 1 18 26 18 16 15 7 26 9 0 2 16
split_gain=2.98804 3.0947 3.42071 4.13646 3.06504 2.88767 3.29324 2.63754 2.68549 2.49062 4.18786 3.30957 6.06984 4.48061
threshold=0.018857188522815708 193.50000000000003 98.500000000000014 2.2310096025466923 0.63961037993431102 3.155902743339539 7.5847010612487802 1.0000000180025095e-35 13.13931465148926 0.45227272808551794 0.11351593583822252 0.70199033617973339 1.7195320725440981 2.8617925643920903
decision_type=8 10 10 10 10 10 8 10 10 10 8 10 10 8
left_child=1 2 -1 4 -4 9 -7 8 -3 -2 -11 12 -12 -14
right_child=5 7 3 -5 -6 6 -8 -9 -10 10 11 -13 13 -15
leaf_value=0.0084854333187808408 -0.00064485055479510274 -0.053824695604435258 -0.058422491588883102 0.044674332396914783 0.078636266932645249 -0.064415489462343878 0.045998444421229301 -0.057765050557603351 0.053251043711060292 -0.12761348990279039 0.0057297694144194059 0.014791865763094204 0.0073703215066342007 -0.051010581401652745
leaf_weight=88.63250091736036 1989.416892725551 0.63560761087208106 5.1443060744762352 1.5538032692091448 0.44303858938848595 3.3091509739687339 0.84848945168651013 0.67925537244774759 7.4387104981514325 0.58441727029274559 71.763976859361804 67.133483553616429 4.4119787717299888 9.0594723464949141
leaf_count=786130 1265814 7805 25291 1094 266 17113 1508 2383 16462 13 45896 1474 80 311
internal_value=0.00014906 0.00840419 0.00580322 -0.0274871 -0.0475547 -0.000252931 -0.0418823 0.0368616 0.0448221 -0.000172142 0.00597623 0.00648862 -5.12227e-05 -0.0308472
internal_weight=2251.06 104.527 95.7736 7.14115 5.58734 2146.53 4.15764 8.75357 8.07432 2142.37 152.953 152.369 85.2354 13.4715
internal_count=2171640 839431 812781 26651 25557 1332209 18621 26650 24267 1313588 47774 47761 46287 391
is_linear=0
shrinkage=0.05


Tree=385
num_leaves=15
num_cat=0
split_feature=3 16 2 0 18 16 3 16 12 11 26 1 4 1
split_gain=2.54367 3.32944 3.72717 4.75589 4.20905 3.62969 4.56105 3.48149 5.06853 7.27353 4.72646 3.23977 6.4007 5.7097
threshold=0.10434558987617494 5.570249319076539 0.88535809516906749 0.62170794606208812 2.2310096025466923 4.9522936344146737 0.29910251498222357 4.930863857269288 1.0000000180025095e-35 1.0000000180025095e-35 inf 163.50000000000003 0.00037497282028198248 154.50000000000003
decision_type=10 8 8 10 10 8 8 8 8 8 8 10 10 10
left_child=11 5 3 4 -3 7 -7 -2 9 10 -9 13 -13 -1
right_child=1 2 -4 -5 -6 6 -8 8 -10 -11 -12 12 -14 -15
leaf_value=-1.0022881995076295e-05 0.0051045189798663536 -0.05658909610761681 -0.060856357781310412 0.062201247902002391 0.031537360638493071 -0.05352649182370648 0.068345906507072937 -0.050856402469719758 0.063512081802732739 -0.054456629070955553 1.2190542181829118 0.043761794729982345 -0.026241296020454254 0.035314803357941328
leaf_weight=2063.356470962718 140.14154752893739 2.005139823148534 1.0520785394662127 7.6844397807602967 3.3654653831339107 4.9069584349168469 0.91008944765047495 0.0094917172595037624 1.1590870736638004 0.034234596878114906 0.032128125910794836 3.7694534966808453 24.418259859084184 11.502914272781707
leaf_count=285254 1437845 108888 7948 15808 37702 158387 55475 1048 11412 959 165 2531 42533 5183
internal_value=0.00042119 0.0064723 0.0296763 0.0369721 0.000873473 0.00424841 -0.0344593 0.00584107 0.0894252 0.485389 0.929442 -4.29217e-05 -0.01688 0.000185816
internal_weight=2264.35 161.301 14.1071 13.055 5.37061 147.194 5.81705 141.376 1.23494 0.0758544 0.0416198 2103.05 28.1877 2074.86
internal_count=2171138 1835637 170346 162398 146590 1665291 213862 1451429 13584 2172 1213 335501 45064 290437
is_linear=0
shrinkage=0.05


Tree=386
num_leaves=15
num_cat=0
split_feature=18 18 16 4 18 15 15 8 13 16 11 2 18 26
split_gain=2.96658 6.90304 9.74467 6.88107 6.6208 6.57248 5.53155 4.36246 3.95486 3.7244 3.76219 5.98099 5.86955 5.63638
threshold=0.22268056869506839 0.21520161628723147 3.9981586933135991 0.0048824250698089608 0.2278353422880173 1.0000000180025095e-35 1.0000000180025095e-35 4.5000000000000009 0.20169491320848468 2.2499048709869389 0.52272728085517894 0.44869171082973486 0.2837966531515122 0.45227272808551794
decision_type=8 8 10 8 8 8 10 8 8 8 8 8 10 10
left_child=1 -1 5 -4 -2 -3 8 -7 -5 -6 11 -11 13 -13
right_child=4 2 3 6 9 7 -8 -9 -10 10 -12 12 -14 -15
leaf_value=-0.001185697354081249 0.025598940329273363 0.038302214591041217 -0.077694413610460672 0.027315407914896051 0.037651035102778563 0.0069664785445532305 0.044810806335557146 -0.078504079921695183 -0.082154101002811869 -0.060062365603399837 0.0031892804683960811 0.0024476515685669148 -0.0067664811277181047 0.034721790665197115
leaf_weight=1174.3900431022544 28.633513276463194 1.6770267292998144 2.1087365022917242 1.5071272889761955 6.9644380934648824 1.7257945801409462 7.5084043751034741 11.064211648739692 1.8230831281288991 4.5763560633589586 651.35807586141459 83.022574184700588 238.52082917687665 16.161272537520134
leaf_count=785762 16880 1487 1665 1650 1971 93 1885 13627 4874 452213 573107 63235 250449 2335
internal_value=-7.73948e-05 -0.00176467 -0.0265669 0.00494423 0.00189278 -0.0547679 0.0210222 -0.0669713 -0.0326123 0.00121439 0.000959009 -0.00328518 -0.00251577 0.00770648
internal_weight=2231.04 1201.8 27.4144 12.9474 1029.24 14.467 10.8386 12.79 3.33021 1000.6 993.639 342.281 337.705 99.1838
internal_count=2171233 811043 25281 10074 1360190 15207 8409 13720 6524 1343310 1341339 768232 316019 65570
is_linear=0
shrinkage=0.05


Tree=387
num_leaves=15
num_cat=0
split_feature=8 0 1 18 18 3 3 18 18 18 7 3 18 9
split_gain=2.73049 1.71907 5.79439 5.22325 5.40122 6.72675 6.81119 4.49005 6.49433 4.42703 4.0858 3.98952 5.07555 3.98356
threshold=198.50000000000003 0.70199033617973339 18.500000000000004 0.2837966531515122 0.27502913773059851 0.046789705753326423 0.063951820135116591 0.064129706472158446 0.12822470813989642 0.10056396201252939 inf 0.069535285234451308 0.16972801834344867 0.54752457141876232
decision_type=10 8 10 8 10 10 10 10 10 10 8 10 10 10
left_child=1 -1 13 4 5 7 -7 -4 -9 -8 -11 12 -12 -3
right_child=-2 2 3 -5 -6 6 9 8 -10 10 11 -13 -14 -15
leaf_value=-0.00099855046754892618 -0.066232722942846864 0.00038684622519352349 0.071060759326444262 0.00038684622519352349 0.087262967047147172 0.00038684622519352349 0.00038684622519352349 0.00038684622519352349 0.051635919261222685 0.00038684622519352349 0.1341862992809949 0.035872554505202554 0.023729709138262996 0.0088027223290656174
leaf_weight=1062.6845188843422 1.5357043035332925 947.70660291796241 8.3252108488231631 21.543703984325902 2.9331416891120616 19.224716851596895 10.602881504651011 2.0080221256939677 7.7829501864034683 1.0324436677414066 2.5238489134935693 15.390833982883633 1.1704704194471558 142.67043003925562
leaf_count=2065936 8729 79824 72 4498 168 1530 1676 141 210 136 171 2892 191 5056
internal_value=0.000415442 0.000461021 0.00177224 0.0137845 0.0208294 0.0179664 0.00849949 0.0440661 0.0211127 0.0261024 0.0398832 0.0470726 0.0937328 0.000752785
internal_weight=2247.14 2245.6 1182.92 92.5382 70.9945 68.0614 49.9452 18.1162 9.79097 30.7205 20.1176 19.0852 3.69432 1090.38
internal_count=2171230 2162501 96565 11685 7187 7019 6596 423 351 5066 3390 3254 362 84880
is_linear=0
shrinkage=0.05


Tree=388
num_leaves=15
num_cat=0
split_feature=2 14 1 16 18 1 2 1 1 4 3 26 18 18
split_gain=3.78777 3.31841 4.26885 3.3201 4.09243 4.03181 3.86312 3.77769 5.13794 3.42808 4.61777 5.68311 4.634 7.702
threshold=0.5077783763408662 inf 157.50000000000003 2.4414010047912602 0.05161907151341439 254.50000000000003 0.46631458401679998 193.50000000000003 192.50000000000003 0.0014740526676177981 0.11912906169891359 0.88194444775581371 0.098603028804063811 0.11913710087537767
decision_type=8 8 8 10 10 8 10 8 10 10 8 10 10 10
left_child=1 2 -1 -4 5 6 7 8 -5 -6 11 -11 -12 -14
right_child=-2 -3 3 4 9 -7 -8 -9 -10 10 12 -13 13 -15
leaf_value=0.056572508709279372 6.9775504398128125e-05 0.033342746875162213 -0.039836764842143733 -0.088721691098140446 0.032014819092437349 -0.0563967013062334 -0.058738703743824019 0.072506868125780249 0.60786238143747784 -0.034342409075461044 -0.057056713658132578 0.075613183100307166 0.079668967114549058 0.0031006038117710731
leaf_weight=3.9870872493505645 2171.3372701912426 13.97897060048774 4.1798790118903488 0.040917974727726292 7.9366268055190679 0.81099965530447882 0.56520583075576958 4.146004650597364 0.074979089798225651 14.386259678801439 2.4312952646355965 1.2796756182369797 3.907794789810441 20.585221090039497
leaf_count=15992 844054 252312 92078 448 45752 22157 1771 3482 27 43117 74015 282 35769 740647
internal_value=0.000459405 0.0112627 0.00646484 0.00315415 0.00635359 0.0467574 0.0640883 0.0803774 0.36193 0.00184508 -0.00377701 -0.0253607 0.00878146 0.0153169
internal_weight=2249.65 78.3109 64.3319 60.3449 56.165 5.63811 4.82711 4.2619 0.115897 50.5269 42.5902 15.6659 26.9243 24.493
internal_count=2171903 1327849 1075537 1059545 967467 27885 5728 3957 475 939582 893830 43399 850431 776416
is_linear=0
shrinkage=0.05


Tree=389
num_leaves=15
num_cat=0
split_feature=10 10 3 11 11 8 8 3 2 3 3 16 3 18
split_gain=3.72741 3.98969 4.81096 3.53124 3.21773 3.64043 3.34616 3.04823 3.04655 2.94666 5.12883 4.95376 2.94168 5.57408
threshold=0.018857188522815708 0.01936847344040871 0.052275985479354865 1.0000000180025095e-35 0.52272728085517894 12.500000000000002 5.5000000000000009 0.17661041021347049 0.89588564634323131 0.10536321997642518 0.076287955045700087 4.2696731090545663 0.1433810889720917 0.13595480471849444
decision_type=8 8 10 8 10 10 10 10 8 10 10 10 10 10
left_child=-1 2 -2 -4 7 6 8 12 -6 10 -10 -11 -3 -14
right_child=1 4 3 -5 5 -7 -8 -9 9 11 -12 -13 13 -15
leaf_value=0.0095414057441023919 -0.096247988527808137 -0.00037395549245971963 0.029883808838643146 -0.073715100479831763 -0.054799001478070798 -0.052755831168483008 0.076725303508448389 -0.059559357237692283 0.015757408264049019 0.030667418158427773 -0.062025164505168234 0.26385189295510064 0.046312906087658499 -0.0047930207867229232
leaf_weight=106.53466019158522 2.364628254790432 2062.5535088694924 2.4507544232918863 1.2380681408511769 1.6568322398816002 2.0965656833556059 2.0707673949567598 2.1636906329886179 46.920004044443878 0.85729962056546927 2.2195613423464229 0.31015879155424386 9.6962751831164784 11.863346859383062
leaf_count=838680 234 600455 1611 1006 7876 130 22 470329 1114 792 885 344 64574 181884
internal_value=0.000412498 -4.01726e-05 -0.0405747 -0.00488677 7.43592e-05 0.0118878 0.014396 -0.000243482 0.0119122 0.0141093 0.0122441 0.0926176 -0.000181901 0.0181915
internal_weight=2255 2148.46 6.05345 3.68882 2142.41 56.1312 54.0346 2086.28 51.9639 50.307 49.1396 1.16746 2084.11 21.5596
internal_count=2169936 1331256 2851 2617 1328405 11163 11033 1317242 11011 3135 1999 1136 846913 246458
is_linear=0
shrinkage=0.05


Tree=390
num_leaves=15
num_cat=0
split_feature=11 9 8 16 16 17 8 8 7 4 14 26 4 9
split_gain=3.26925 3.55805 9.89826 3.98205 3.38334 3.25534 6.92389 5.72494 8.31728 5.28892 5.70262 6.6354 4.56214 4.72138
threshold=0.52272728085517894 0.42375834286212927 80.500000000000014 3.3497501611709599 5.0072908401489267 5.4049246311187753 14.500000000000002 96.500000000000014 22.088567733764652 0.0061343610286712655 1.0000000180025095e-35 0.1702898591756821 0.039880454540252692 0.31293278932571417
decision_type=10 8 10 8 8 10 10 8 8 8 8 8 10 10
left_child=1 5 -3 -4 -2 6 -1 8 -7 10 11 -8 13 -11
right_child=4 2 3 -5 -6 7 9 -9 -10 12 -12 -13 -14 -15
leaf_value=-0.064556163786397155 0.007501420611150774 -0.00069480221074131167 -0.011943428372187365 -0.059040195854918945 0.046703262661313416 -0.095780306475469631 -0.061490601000204981 0.0096380094579133664 -0.0091837348787329048 0.0079148916962146609 0.013302643592064912 0.0010954557718182128 -0.024830773467027608 0.031920026285600665
leaf_weight=3.0018660211561317 52.463469203820154 1941.2215064091886 8.1708579808902968 9.9577384006172807 6.1490197351633062 2.987226138733817 7.0890582327848266 50.578348620995129 38.630616880523831 35.009822782256435 24.186707208422899 10.519027942299488 5.5522906062880102 49.366202588972712
leaf_count=7068 11197 1448015 15990 41928 1902 14590 15381 163552 91270 89941 33833 8053 176019 52798
internal_value=-3.93667e-05 -0.000351788 -0.00103823 -0.0378129 0.0116141 0.00557531 0.0105294 -0.00166402 -0.0153994 0.0122405 -0.00245581 -0.0241018 0.0190708 0.0219597
internal_weight=2244.88 2186.27 1959.35 18.1286 58.6125 226.921 134.725 92.1962 41.6178 131.723 41.7948 17.6081 89.9283 84.376
internal_count=2171537 2158438 1505933 57918 13099 652505 383093 269412 105860 376025 57267 23434 318758 142739
is_linear=0
shrinkage=0.05


Tree=391
num_leaves=15
num_cat=0
split_feature=10 8 0 2 17 8 4 17 15 2 16 25 16 8
split_gain=2.34224 2.86062 6.81786 5.70399 5.35023 4.60714 7.38703 4.69154 4.24914 3.492 3.32027 3.13179 2.66262 2.65097
threshold=0.0065147271379828462 96.500000000000014 0.60356685519218456 0.83750057220458995 3.8176519870758061 82.500000000000014 0.0028241276741027836 4.6681339740753183 1.0000000180025095e-35 1.5781238675117495 3.0677825212478642 2.5000000000000004 6.1235833168029794 61.500000000000007
decision_type=8 10 8 10 10 10 8 10 10 10 8 10 10 10
left_child=-1 5 -3 8 -5 13 -7 9 10 -8 -4 -9 -10 -2
right_child=1 2 3 4 -6 6 7 11 12 -11 -12 -13 -14 -15
leaf_value=-0.042510065413239768 -0.00046917139686226115 -0.058827774083264762 -0.024885151345366115 -0.024885151345366115 0.0072643098122686022 0.022718488068607129 -0.077046734501790309 -0.086715094163326553 -0.024885151345366115 0.017298449582848881 0.047054257669026579 0.029764949624359695 0.04768916446450739 0.011120724946540341
leaf_weight=3.2367210807575955 2034.8688710286312 3.8065707709249121 0.7330507785784367 5.0584201194153584 104.57699707500531 5.2214575551675528 1.3943132632268218 6.1182361032593722 1.6233398522176252 3.3069965550689773 17.136942747886948 0.63717000352118969 1.2654231780425105 50.56444078438858
leaf_count=420169 1564604 24514 1044 809 8833 4068 12241 32276 2193 118 7653 759 29 91667
internal_value=-7.16603e-06 5.43504e-05 0.00713192 0.00905747 0.00450701 -0.000397488 -0.0265722 -0.0490367 0.0330903 -0.0106824 0.0421855 -0.0757287 -0.0231731 -0.000188157
internal_weight=2239.55 2236.31 134.201 130.394 109.635 2102.11 16.6782 11.4567 20.7588 4.70131 17.87 6.75541 2.88876 2085.43
internal_count=2170977 1750808 45075 20561 9642 1705733 49462 45394 10919 12359 8697 33035 2222 1656271
is_linear=0
shrinkage=0.05


Tree=392
num_leaves=15
num_cat=0
split_feature=13 28 26 11 13 26 13 26 7 14 4 11 26 9
split_gain=2.92791 6.06318 4.59668 5.52874 4.80576 4.43362 7.66739 5.07887 4.28899 4.51024 5.71579 6.31128 4.25629 4.20152
threshold=0.27525253593921667 1.0000000180025095e-35 0.24404761940240863 0.83333334326744091 0.26875001192092901 0.17519181966781619 0.16472868621349337 0.15192308276891711 12.180283069610597 1.0000000180025095e-35 0.0034263432025909428 0.83333334326744091 0.12771739065647128 0.69526246190071117
decision_type=8 10 10 10 10 10 10 10 8 10 10 8 10 10
left_child=1 -1 3 4 5 7 -7 12 -4 13 11 -11 -3 -10
right_child=-2 2 8 -5 -6 6 -8 -9 9 10 -12 -13 -14 -15
leaf_value=-0.030053613866523228 -0.00067172001386512259 0.0022742773298272366 -0.057750822355544108 0.05457554903927922 0.064663530622044274 -0.06886736228096095 0.029419000033830217 0.046406455142860709 0.044605543209088522 -0.017744244248774393 -0.017744244248774393 0.051443726047649269 -0.073173069864522725 -0.0065534358181335885
leaf_weight=12.870685192902782 1782.0777581310883 378.3541302053315 1.7376777351274078 5.1318719752292159 3.0697972987454696 5.5292748855366787 3.0949450478415619 6.5204087258616701 22.245167444570711 1.7363485046234686 9.3121658554916724 8.1220794494276518 1.878600757248363 4.8967396910351111
leaf_count=17121 1699204 394395 3932 1413 380 8685 813 5514 12028 2475 20206 553 4445 389
internal_value=0.000249827 0.00378539 0.00474974 0.0030092 0.00234504 0.00186119 -0.0335957 0.00265184 0.0193688 0.0222623 0.00369613 0.0306642 0.00190152 0.0353758
internal_weight=2246.58 464.5 451.629 403.579 398.447 395.377 8.62422 386.753 48.0502 46.3125 19.1706 9.85843 380.233 27.1419
internal_count=2171553 472349 455228 415645 414232 413852 9498 404354 39583 35651 23234 3028 398840 12417
is_linear=0
shrinkage=0.05


Tree=393
num_leaves=15
num_cat=0
split_feature=16 4 4 18 8 8 2 16 16 15 27 10 27 11
split_gain=2.66483 3.88752 5.35967 10.7962 4.30492 8.62216 5.78325 5.19615 3.30303 2.96464 2.92943 3.07793 3.15744 3.05679
threshold=2.8029010295867924 0.015269100666046144 0.0106484591960907 0.060018761083483703 33.500000000000007 65.500000000000014 1.5781238675117495 1.8688347935676577 2.7403194904327397 1.0000000180025095e-35 3.5361655950546269 0.026880295015871528 3.0757136344909672 inf
decision_type=8 10 10 10 10 8 8 10 8 8 8 10 8 8
left_child=1 2 -1 -4 10 -6 7 -7 9 -5 11 12 -3 -13
right_child=-2 4 3 8 5 6 -8 -9 -10 -11 -12 13 -14 -15
leaf_value=0.003430044161084553 -0.00053855434203677825 0.01546572620007537 -0.066565282031920164 -0.074148706834663083 -0.083314487636945295 0.048962380153446387 0.030925431267388215 -0.087300227783063178 -0.086141570986062746 0.0096404755409877224 0.024878719041918188 -0.0012999283516611892 -0.039572442395945165 -0.071833883096283732
leaf_weight=193.10284724196649 1914.5374918919883 45.427108535749909 8.6111590647923517 1.1201997749172543 3.4036569160761427 0.99040123556676452 7.8896545775130376 2.3830221498416253 1.0521038284202777 18.332001100225035 45.131110075295737 5.1038720848144399 2.7644109802258319 2.1973899940813482
leaf_count=60094 1944963 78644 6511 611 8610 6022 227 31696 1004 5605 26272 360 704 100
internal_value=0.000183595 0.00428003 0.00041484 -0.0195829 0.01173 -0.0135769 0.00749751 -0.047295 0.000148162 0.00481528 0.0154187 0.00772509 0.0123086 -0.0225278
internal_weight=2252.05 337.509 222.218 29.1155 115.291 14.6667 11.2631 3.37342 20.5043 19.4522 100.624 55.4928 48.1915 7.30126
internal_count=2171423 226460 73825 13731 152635 46555 37945 37718 7220 6216 106080 79808 79348 460
is_linear=0
shrinkage=0.05


Tree=394
num_leaves=15
num_cat=0
split_feature=13 4 1 17 16 17 3 9 9 17 17 11 4 4
split_gain=2.77792 5.0205 3.57732 4.57276 4.03111 5.41185 3.65123 3.19692 7.61984 7.22484 8.53383 7.18695 5.07104 6.92043
threshold=0.17274536192417148 0.00057461857795715343 79.500000000000014 5.4138731956481942 5.482717990875245 6.5020375251770028 0.074239313602447524 0.42375834286212927 0.4664009958505631 5.7761018276214608 4.7050054073333749 0.14835165441036227 0.008381843566894533 0.02226275205612183
decision_type=10 8 10 10 10 10 10 8 8 10 8 8 8 10
left_child=7 -2 4 6 -3 -6 -4 -1 9 10 12 -11 -9 -14
right_child=1 2 3 -5 5 -7 -8 8 -10 11 -12 -13 13 -15
leaf_value=0.005892359921369399 -0.063914998820263913 0.0083242672874601509 0.057089213840827283 0.048223052380044061 -0.079249956139527289 0.039748724434671021 -0.056386680251555493 -0.044426433100241386 -6.6563057956083136e-05 -0.054145508928026886 -0.06871386002746048 0.043931679023941864 0.03832503602040524 -0.068733817993353055
leaf_weight=217.62757216321953 2.3759577549852713 97.04837598515175 1.0513423401744093 11.055303855129059 2.9555381150906888 1.411841316859167 2.176223688026139 6.6682511863623004 1866.9398924852085 2.6375576934578819 11.585768732518426 6.400906591477578 6.5793530989320121 1.9589098857704135
leaf_count=624103 1587 43826 205 12081 4749 97 14099 3532 1421545 4386 25494 4130 4178 8252
internal_value=0.000567326 0.00803154 0.00950902 0.0329367 0.00620958 -0.0407813 -0.0194232 0.00015168 -0.000504905 -0.0233444 -0.0363851 0.0153113 -0.0117539 0.0137628
internal_weight=2238.47 118.075 115.699 14.2829 101.416 4.36738 3.22757 2120.4 1902.77 35.8307 26.7923 9.03846 15.2065 8.53826
internal_count=2172264 76644 75057 26385 48672 4846 14304 2095620 1471517 49972 41456 8516 15962 12430
is_linear=0
shrinkage=0.05


Tree=395
num_leaves=15
num_cat=0
split_feature=1 1 13 17 1 18 7 0 18 3 18 27 16 16
split_gain=2.84335 5.40397 4.76369 7.57877 5.84273 5.10405 6.83691 4.68231 4.62369 4.49484 4.09077 4.88553 4.04017 3.96293
threshold=71.500000000000014 61.500000000000007 0.18065268546342853 5.3205649852752694 79.500000000000014 0.50818184018135082 13.78011989593506 0.59678432345390331 0.014604464638978245 0.1603394150733948 0.10056396201252939 3.2151653766632085 2.9174053668975835 2.7403194904327397
decision_type=10 10 10 10 10 10 10 8 8 8 8 8 8 10
left_child=1 -1 3 4 7 9 -7 -2 -9 -6 11 -3 -13 -5
right_child=2 10 -4 13 5 6 -8 8 -10 -11 -12 12 -14 -15
leaf_value=-0.00039810941799386191 -0.05534334517273444 -0.022712896420981628 0.03053437416271762 -0.035906657897308042 0.013834078080132482 -0.043296811971223849 0.039659438948138809 0.40907741840360412 0.04862904188749665 -0.067295995801955069 -0.035090543413131017 -0.013206711428493161 0.099144481051228625 -0.0027549109407717562
leaf_weight=1933.4032470309451 1.1224989060267878 5.616729348049085 16.827797733412325 9.7346320812018075 89.923702879436064 9.4187686486564708 3.3732264745263985 0.089594317058628081 12.76344967536434 1.740263072995744 19.609910574713329 1.3422832530553752 1.9812572147246497 121.86512387960234
leaf_count=1145447 9909 5115 28188 23099 151252 176364 7454 13 9530 194257 37172 735 692 382257
internal_value=-5.83529e-05 -0.000716988 0.00478395 0.00305087 0.0122271 0.00816494 -0.0214214 0.0425889 0.0511416 0.0122938 -0.0223113 0.00571922 0.053769 -0.0052072
internal_weight=2228.81 1961.95 266.859 250.031 118.432 104.456 12.792 13.9755 12.853 91.664 28.5502 8.94027 3.32354 131.6
internal_count=2171484 1189161 982323 954135 548779 529327 183818 19452 9543 345509 43714 6542 1427 405356
is_linear=0
shrinkage=0.05


Tree=396
num_leaves=15
num_cat=0
split_feature=13 17 8 16 13 20 18 25 16 4 18 8 16 4
split_gain=3.23289 5.79231 5.03908 4.97625 4.86111 4.65942 5.21416 7.55085 6.47959 4.69093 4.31684 4.91962 4.36211 4.22575
threshold=0.13714733719825747 5.3589394092559823 4.5000000000000009 2.5249279737472539 0.091966174542903914 1.0000000180025095e-35 0.22268056869506839 2.5000000000000004 3.113268375396729 0.012214094400405886 0.11541344597935678 15.500000000000002 3.2769666910171513 0.00561434030532837
decision_type=10 10 8 10 10 8 10 10 8 10 8 10 10 10
left_child=4 2 -2 -3 -1 -6 8 -8 -7 10 12 13 -10 -12
right_child=1 3 -4 -5 5 6 7 -9 9 -11 11 -13 -14 -15
leaf_value=-0.00024245148504082592 0.030552652238534646 -0.094790640181429062 -0.013866347645261437 0.01404136978823416 0.23092934482248886 -0.091570771547562047 -0.061994018005155742 0.059557107276528624 0.032832065600294828 -0.041486340104103771 0.016865608557247634 -0.087238181176530205 -0.091492549446518148 0.08414414025897593
leaf_weight=2040.777005540722 7.4917176919576072 1.0602488287496914 43.217320131946813 112.3701076452334 0.18410936895582264 1.9715388158573148 10.57077403004268 1.4533283484009043 1.2715272211427719 4.3070460215266015 6.0903682206893306 0.7871451625249869 1.5850517559160244 3.7840735101304075
leaf_count=2030488 714 749 53096 53379 484 2075 20466 623 155 6295 890 919 836 565
internal_value=-1.07845e-05 0.00674399 -0.00730392 0.0130241 -0.000545681 -0.0198809 -0.0213321 -0.0473024 -0.0055583 0.00395502 0.0184332 0.0330585 -0.0361529 0.042648
internal_weight=2236.92 164.139 50.709 113.43 2072.78 32.005 31.8209 12.0241 19.7968 17.8252 13.5182 10.6616 2.85658 9.87444
internal_count=2171734 107938 53810 54128 2063796 33308 32824 21089 11735 9660 3365 2374 991 1455
is_linear=0
shrinkage=0.05


Tree=397
num_leaves=15
num_cat=0
split_feature=10 9 18 4 1 1 18 4 2 4 12 18 15 0
split_gain=2.95519 3.39282 2.48813 3.62165 4.90131 3.67319 3.27902 3.09874 3.46904 3.42314 2.49892 4.74769 4.4453 5.13854
threshold=0.008196996524930002 0.092690791934728636 1.271231532096863 0.0026761889457702641 176.50000000000003 117.50000000000001 1.239155173301697 0.0044958889484405526 1.1162037849426272 0.0050586163997650155 0.099019609391689314 0.10056396201252939 inf 0.7098187804222108
decision_type=8 10 10 8 8 10 10 8 8 8 10 10 8 10
left_child=1 -1 6 4 -4 7 10 8 -5 -9 -2 12 -12 -14
right_child=2 -3 3 5 -6 -7 -8 9 -10 -11 11 -13 13 -15
leaf_value=0.21292150043867056 -0.00089092565393141606 -0.048839046324472224 -0.051643009606682125 -0.059145239209997293 0.042419696598408496 -0.055097827544970834 -0.092592317671061367 -0.084832346652783538 0.057229969800617578 0.01297237735614154 -0.044136960366724987 0.011212956166733172 -0.054566297416183629 0.060900207417651189
leaf_weight=0.12748188859366738 2055.9438265004073 4.2767901562916224 4.904473818391959 0.70883012786523991 1.9298300278735672 1.8944073473011815 0.96731945596456981 0.9115350119081983 6.6299717713045538 48.246841599300836 7.939415070932875 88.334038382286252 1.5017547806490412 2.68848963864707
leaf_count=22935 1434940 527083 3564 3401 6420 47946 5660 1157 277 74127 2663 38152 2871 56
internal_value=-0.000346151 -0.0412624 -0.000265072 0.00935612 -0.0250821 0.0133869 -0.000555959 0.0156832 0.0459897 0.0111588 -0.000514673 0.00718517 -0.0221471 0.0195178
internal_weight=2227.01 4.40427 2222.6 65.2259 6.8343 58.3916 2157.37 56.4972 7.3388 49.1584 2156.41 100.464 12.1297 4.19024
internal_count=2171252 550018 1621234 136892 9984 126908 1484342 78962 3678 75284 1478682 43742 5590 2927
is_linear=0
shrinkage=0.05


Tree=398
num_leaves=15
num_cat=0
split_feature=9 9 9 4 17 17 18 8 8 9 16 1 8 27
split_gain=3.05108 3.98056 7.17947 6.3223 9.33627 9.20583 6.59206 5.29941 4.46789 4.33027 4.46282 3.79691 3.63455 3.02844
threshold=0.42375834286212927 0.4664009958505631 0.45996260643005377 0.0045870542526245126 4.5695295333862314 5.8707075119018564 0.15544642508029941 72.500000000000014 11.500000000000002 0.42930524051189428 2.0126758217811589 193.50000000000003 43.500000000000007 4.9750335216522226
decision_type=8 8 10 8 8 10 10 8 8 8 8 10 8 10
left_child=11 2 3 8 6 -6 -5 -8 -2 -10 -11 -1 -7 -3
right_child=1 13 -4 4 5 12 7 -9 9 10 -12 -13 -14 -15
leaf_value=0.0044838310404790105 -0.12646653829989882 -0.00077794272786819334 -0.071450199877942447 -0.07544453919930609 -0.082386192431690597 0.04055359910361761 0.058561380288908949 -0.037888876713453597 -0.077999630595600611 -0.10154891587063707 0.043420790632528301 0.041789178020860726 -0.081472926319334601 0.005939706593944747
leaf_weight=222.92877012507375 0.49409907346709736 1778.6426894857595 5.1320099632368033 1.6971293737344568 8.3454068280438118 2.7724828326052542 5.5347428437063018 1.9175871985778261 0.90506639017830237 0.56002923289890649 10.198969882447159 7.0359596521257961 0.78242161010375122 185.24780950649233
leaf_count=634557 350 1399836 7148 726 24147 1895 3668 5850 934 121 4446 18950 3009 64946
internal_value=0.000170692 -0.000455783 -0.0164116 -0.0079058 -0.0244863 -0.0536842 0.0134902 0.0337434 0.0208004 0.0270388 0.0358748 0.00562522 0.013696 -0.000144287
internal_weight=2232.2 2002.23 38.3399 33.2079 21.0498 11.9003 9.14946 7.45233 12.1582 11.6641 10.759 229.965 3.5549 1963.89
internal_count=2170583 1517076 52294 45146 39295 29051 10244 9518 5851 5501 4567 653507 4904 1464782
is_linear=0
shrinkage=0.05


Tree=399
num_leaves=15
num_cat=0
split_feature=3 2 17 4 4 18 10 14 17 18 17 9 18 4
split_gain=3.2724 9.35044 6.30511 6.63843 11.7645 8.08312 5.97724 5.58293 9.94101 5.61446 5.55185 5.50118 5.23129 5.12716
threshold=1.0000000180025095e-35 1.4900426268577578 5.9648630619049081 0.015269100666046144 0.013229221105575563 0.1245209611952305 0.02883220370858908 1.0000000180025095e-35 4.5900437831878671 0.68755611777305614 4.1190040111541757 0.17493252456188205 0.039889827370643623 0.034004479646682746
decision_type=10 8 10 10 10 10 8 10 8 10 10 8 8 10
left_child=1 -1 7 4 5 -4 -7 9 -9 -3 -11 -2 -10 -14
right_child=11 2 3 -5 -6 6 -8 8 12 10 -12 -13 13 -15
leaf_value=-0.10263035428569554 -0.036883368789271072 0.003077588470024803 0.022189337399731817 0.030936011451587211 -0.10544424866551222 -0.08505920537254294 -0.0070140945488592291 -0.088491996839858297 -0.12963805681102586 0.0083508132273616021 -0.032342613277877096 0.00078289326120520471 -0.012067714846386073 0.028961617550195308
leaf_weight=2.3945518910115879 9.7483828754881046 172.8526422225807 31.569448848804015 23.980824877962277 2.5350390211679033 2.6899354995749887 27.886452960442284 4.2198095931384989 0.9222045073615196 12.775020521521958 24.372095578434731 1728.9295317071451 171.54056094104232 7.9679381227242621
leaf_count=61 138404 25954 4341 336 20 2573 3368 3144 307 2470 5383 1964130 19898 233
internal_value=-0.000441914 -0.00407036 -0.00358205 0.00846667 0.00013602 0.00444283 -0.0138801 -0.0062889 -0.0126309 -0.000712411 -0.018348 0.000571707 -0.0108567 -0.0102465
internal_weight=2224.38 485.707 483.312 88.6617 64.6809 62.1458 30.5764 394.65 184.651 210 37.1471 1738.68 180.431 179.508
internal_count=2170622 68088 68027 10638 10302 10282 5941 57389 23582 33807 7853 2102534 20438 20131
is_linear=0
shrinkage=0.05


end of trees

feature_importances:
log_doc_tokens=544
len_ratio=535
gap_top1=524
z_cos=411
q_margin=341
rrf_prior=341
rank_dense=337
rank_lex=336
cos=301
log_q_tokens=297
symbol_idf=296
bm25_norm=242
tc_loop_expected=164
io_shape_compat=138
symbol_coverage=134
numeric_literal_overlap=124
const_jaccard=122
out_literal_recall=120
n_channels=119
bm25=106
symbol_hits=48
parse_ok=12
dup_cluster_size=8

parameters:
[boosting: gbdt]
[objective: lambdarank]
[metric: ndcg]
[tree_learner: serial]
[device_type: cpu]
[data_sample_strategy: bagging]
[data: ]
[valid: ]
[num_iterations: 400]
[learning_rate: 0.05]
[num_leaves: 15]
[num_threads: 0]
[seed: 0]
[deterministic: 1]
[force_col_wise: 0]
[force_row_wise: 1]
[histogram_pool_size: -1]
[max_depth: -1]
[min_data_in_leaf: 50]
[min_sum_hessian_in_leaf: 0.001]
[bagging_fraction: 0.9]
[pos_bagging_fraction: 1]
[neg_bagging_fraction: 1]
[bagging_freq: 1]
[bagging_seed: 7719]
[bagging_by_query: 0]
[feature_fraction: 0.8]
[feature_fraction_bynode: 1]
[feature_fraction_seed: 2437]
[extra_trees: 0]
[extra_seed: 11797]
[early_stopping_round: 0]
[early_stopping_min_delta: 0]
[first_metric_only: 0]
[max_delta_step: 0]
[lambda_l1: 0]
[lambda_l2: 0]
[linear_lambda: 0]
[min_gain_to_split: 0]
[drop_rate: 0.1]
[max_drop: 50]
[skip_drop: 0.5]
[xgboost_dart_mode: 0]
[uniform_drop: 0]
[drop_seed: 21238]
[top_rate: 0.2]
[other_rate: 0.1]
[min_data_per_group: 100]
[max_cat_threshold: 32]
[cat_l2: 10]
[cat_smooth: 10]
[max_cat_to_onehot: 4]
[top_k: 20]
[monotone_constraints: 1,0,0,0,0,0,0,1,0,0,0,0,0,0,0,0,0,0,0,0,0,0,1,0,0,0,0,0,0]
[monotone_constraints_method: basic]
[monotone_penalty: 0]
[feature_contri: ]
[forcedsplits_filename: ]
[refit_decay_rate: 0.9]
[cegb_tradeoff: 1]
[cegb_penalty_split: 0]
[cegb_penalty_feature_lazy: ]
[cegb_penalty_feature_coupled: ]
[path_smooth: 0]
[interaction_constraints: ]
[verbosity: -1]
[saved_feature_importance_type: 0]
[use_quantized_grad: 0]
[num_grad_quant_bins: 4]
[quant_train_renew_leaf: 0]
[stochastic_rounding: 1]
[linear_tree: 0]
[max_bin: 255]
[max_bin_by_feature: ]
[min_data_in_bin: 3]
[bin_construct_sample_cnt: 200000]
[data_random_seed: 38]
[is_enable_sparse: 1]
[enable_bundle: 1]
[use_missing: 1]
[zero_as_missing: 0]
[feature_pre_filter: 1]
[pre_partition: 0]
[two_round: 0]
[header: 0]
[label_column: ]
[weight_column: ]
[group_column: ]
[ignore_column: ]
[categorical_feature: ]
[forcedbins_filename: ]
[precise_float_parser: 0]
[parser_config_file: ]
[objective_seed: 8855]
[num_class: 1]
[is_unbalance: 0]
[scale_pos_weight: 1]
[sigmoid: 1]
[boost_from_average: 1]
[reg_sqrt: 0]
[alpha: 0.9]
[fair_c: 1]
[poisson_max_delta_step: 0.7]
[tweedie_variance_power: 1.5]
[lambdarank_truncation_level: 20]
[lambdarank_norm: 1]
[label_gain: ]
[lambdarank_position_bias_regularization: 0]
[eval_at: 10]
[multi_error_top_k: 1]
[auc_mu_weights: ]
[num_machines: 1]
[local_listen_port: 12400]
[time_out: 120]
[machine_list_filename: ]
[machines: ]
[gpu_platform_id: -1]
[gpu_device_id: -1]
[gpu_device_id_list: ]
[gpu_use_dp: 0]
[num_gpu: 1]

end of parameters

pandas_categorical:null
