tree
version=v4
num_class=1
num_tree_per_iteration=1
label_index=0
max_feature_idx=33
objective=lambdarank
feature_names=cos rank_dense z_cos gap_top1 q_margin cos_prf rank_prf bm25 rank_lex bm25_norm rrf_prior out_literal_recall numeric_literal_overlap const_jaccard io_shape_compat tc_loop_expected log_doc_tokens log_q_tokens len_ratio is_truncated parse_ok dup_cluster_size cos2 rank_dense2 z_cos2 symbol_hits symbol_coverage symbol_idf n_channels mix_zsum mix_zdiff mix_lograt mix_logmin mix_poolrank
monotone_constraints=1 0 0 0 0 0 0 1 0 0 0 0 0 0 0 0 0 0 0 0 0 0 1 0 0 0 0 0 0 0 0 0 0 0
feature_infos=[0.11400707811117172:0.8746979832649231] [1:300] [-5.0770583152770996:5.540245532989502] [0:0.67348700761795044] [0:0.31374979019165039] none none [0.87487566471099854:1520.79345703125] [1:200] [0.0051117236725986004:1] [0.0038461538497358561:0.032786883413791656] [0:1] [0:1] [0:1] [0:1] [0:1] [0.69314718246459961:9.2121391296386719] [2.0794415473937988:7.6680936813354492] [0.00046772684436291456:357.75] none [0:1] [1:2] [-0.065258175134658813:0.91746211051940918] [1:8765] [-3.7792181968688965:6.7666187286376953] [0:19] [0:1] [0:93.123489379882812] [1:4] [-7.6510610580444336:11.966679573059082] [-4.305631160736084:3.5555939674377441] [-8.2715482711791992:7.9731554985046387] [0:9.0778369903564453] [1:500]
tree_sizes=1783 1780 1799 1793 1794 1791 1798 1797 1801 1789 1796 1791 1801 1780 1795 1799 1796 1791 1801 1791 1797 1798 1794 1794 1794 1806 1785 1786 1806 1791 1797 1793 1800 1808 1794 1791 1809 1791 1798 1792 1778 1806 1792 1805 1798 1784 1788 1801 1782 1794 1791 1792 1797 1792 1790 1794 1791 1808 1791 1796 1804 1793 1799 1801 1797 1806 1796 1799 1807 1795 1793 1801 1781 1775 1799 1800 1809 1801 1799 1804 1793 1811 1794 1802 1797 1820 1793 1811 1808 1788 1815 1815 1807 1809 1807 1797 1809 1802 1805 1811 1818 1806 1816 1817 1826 1817 1818 1826 1811 1808 1829 1824 1806 1815 1816 1808 1809 1791 1835 1824 1803 1820 1816 1814 1833 1810 1805 1804 1811 1816 1801 1841 1813 1808 1823 1814 1804 1821 1799 1792 1846 1813 1811 1843 1806 1798 1810 1794 1815 1816 1830 1813 1817 1824 1836 1796 1817 1809 1792 1816 1819 1801 1802 1811 1810 1807 1824 1821 1790 1799 1808 1822 1794 1811 1831 1816 1793 1787 1781 1794 1802 1804 1825 1780 1829 1795 1827 1799 1818 1794 1823 1793 1820 1828 1796 1793 1794 1780 1810 1777 1797 1775 1808 1797 1814 1789 1804 1776 1831 1809 1807 1832 1808 1793 1824 1812 1774 1799 1793 1797 1805 1787 1808 1796 1814 1809 1809 1798 1786 1797 1819 1794 1794 1784 1806 1807 1814 1815 1831 1803 1820 1823 1813 1791 1799 1784 1791 1818 1819 1804 1809 1787 1821 1788 1791 1799 1816 1786 1794 1776 1821 1818 1782 1825 1797 1800 1808 1822 1787 1779 1810 1812 1800 1808 1794 1768 1763 1800 1814 1801 1802 1798 1799 1766 1811 1821 1815 1811 1795 1822 1808 1805 1812 1800 1805 1774 1810 1807 1780 1801 1812 1796 1817 1784 1815 1814 1813 1804 1803 1793 1797 1811 1828 1817 1822 1822 1813 1809 1811 1771 1811 1808 1789 1789 1826 1804 1816 1789 1820 1817 1789 1805 1799 1806 1793 1760 1765 1812 1808 1801 1804 1809 1796 1806 1833 1805 1780 1828 1825 1782 1811 1808 1795 1784 1811 1777 1819 1794 1812 1803 1740 1747 1797 1808 1780 1792 1797 1807 1789 1774 1784 1786 1806 1796 1801 1763 1761 1799 1817 1795 1802 1763 1777 1818 1786 1813 1787 1779 1804 1792 1759 1787 1755 1784 1799 1825 1792 1848 1795 1796

Tree=0
num_leaves=15
num_cat=0
split_feature=33 24 32 23 3 4 29 15 3 4 24 3 4 23
split_gain=60244.9 3795.85 458.21 402.48 298.394 232.084 211.332 130.444 98.1283 86.25 69.3135 69.4073 66.0534 65.5175
threshold=12.500000000000002 1.3159175515174868 1.2424533367156985 7.5000000000000009 0.027705729007720951 0.056913852691650398 2.4479967355728154 1.0000000180025095e-35 0.12980490922927859 0.039184510707855232 1.1941305398941042 0.16417610645294192 0.054951041936874397 9.5000000000000018
decision_type=10 8 10 8 10 10 10 10 10 10 10 10 10 8
left_child=1 4 8 9 -1 13 10 -8 -3 -2 -5 -12 -10 -4
right_child=3 2 5 6 -6 -7 7 -9 12 -11 11 -13 -14 -15
leaf_value=0.040100292833594592 0.048499102569940264 0.098470788823226879 0.069280936416545688 -0.09884079434085899 -0.095811502308513138 -0.088682508065930976 -0.070637934135485067 0.032494903752159 0.055808849313846901 -0.10000000000000001 -0.053937221677340864 -0.095877767579171602 -0.10000000000000001 0.026226418428732003
leaf_weight=47.039873295507277 58.26913299869193 8334.7959925734322 274.54726325297815 7872.9284202354975 285.44293755925173 30.010527908976655 88.198133403231623 46.997437351550616 25.604657879346632 11.749735641002188 175.39042678328406 225.44130776829843 9.263079896103589 130.29527944019355
leaf_count=2253 4663 14688 8840 1995870 73145 8428 21316 4648 1636 3005 40439 56463 2710 10210
internal_value=0.00018492 0.0892581 0.0955207 -0.0958009 -0.0765826 0.045479 -0.0967949 -0.0347863 0.0981206 0.0235797 -0.0978082 -0.077526 0.0144161 0.0554242
internal_weight=17616 9137 8804.52 8478.97 332.483 434.853 8408.96 135.196 8369.66 70.0189 8273.76 400.832 34.8677 404.843
internal_count=2248314 121910 46512 2126404 75398 27478 2118736 25964 19034 7668 2092772 96902 4346 19050
is_linear=0
shrinkage=0.05


Tree=1
num_leaves=15
num_cat=0
split_feature=32 23 22 22 3 32 3 3 4 29 15 22 4 14
split_gain=63198.9 4263.92 2063.78 1645.85 551.014 394.739 330.225 199.404 163.383 143.648 95.8296 92.3582 79.0305 76.9752
threshold=1.7005987167358401 2.5000000000000004 0.63311594724655162 0.64971026778221141 0.061365693807601936 1.0000000180025095e-35 0.11280322074890138 0.057563573122024543 0.040150046348571784 2.3231714963912968 inf 0.7193230688571931 0.034177929162979133 1.0000000180025095e-35
decision_type=10 10 10 10 10 10 8 10 10 10 8 10 8 10
left_child=1 5 9 4 -3 -1 13 -5 -7 -2 -9 -10 -11 -4
right_child=2 3 6 7 -6 8 -8 10 11 12 -12 -13 -14 -15
leaf_value=0.090148448607596438 -0.089774000508840088 -0.00418949323851576 -0.024043426427088958 0.056171772862884696 -0.084673324173202058 0.06343979437157142 -0.04549306333664014 0.036720703793881836 -0.053821678502858211 -0.049154813611298379 -0.00418949323851576 0.03879008757507986 -0.088141347147339941 0.025534946322753313
leaf_weight=10287.624291325454 10842.132130094658 276.47750796136097 96.213134169724071 881.45948479510844 459.96614741289522 778.72219340014271 371.90115314567811 239.48117637063842 47.956124920630828 213.61851471372938 200.41519082267769 61.372176818316802 147.38452915369999 420.2678855813283
leaf_count=4949 2028440 8622 6158 4221 75090 2811 49498 3141 1521 19398 5098 525 23516 16806
internal_value=-0.000292317 0.0752088 -0.082924 0.00906747 -0.0508293 0.0873876 -0.00956874 0.0424503 0.055404 -0.0887409 0.0149553 -0.00183344 -0.057713 0.0162992
internal_weight=25325 13233.5 12091.5 2057.8 736.444 11175.7 888.382 1321.36 888.05 11203.1 439.896 109.328 361.003 516.481
internal_count=2249794 105978 2143816 96172 83712 9806 72462 12460 4857 2071354 8239 2046 42914 22964
is_linear=0
shrinkage=0.05


Tree=2
num_leaves=15
num_cat=0
split_feature=23 33 22 22 3 23 22 33 3 18 10 15 23 3
split_gain=56831.3 3713.55 1044.47 909.303 261.441 250.263 159.398 149.465 118.263 115.083 68.9424 64.9439 59.3142 52.7878
threshold=14.500000000000002 5.5000000000000009 0.61300817131996166 0.63311594724655162 0.10913655161857606 2.5000000000000004 0.7193230688571931 15.500000000000002 0.10397109389305116 0.16103282570838931 0.025005836039781574 1.0000000180025095e-35 35.500000000000007 0.15273362398147586
decision_type=10 10 10 10 10 10 10 8 10 8 10 10 10 8
left_child=1 5 13 7 10 -1 9 -2 -7 -4 12 -10 -5 -3
right_child=3 2 6 4 -6 8 -8 -9 11 -11 -12 -13 -14 -15
leaf_value=0.082566843284093638 -0.051360559347547942 -0.047924507052036325 0.024117026446117362 0.011699883282370907 -0.051360559347547942 0.060503220685685991 0.047522152550455166 -0.083565065012903658 -0.061926001055135932 -0.022516207670980837 0.074464751950345173 0.052002818989360447 -0.039726461609418687 -0.082948680988747789
leaf_weight=10857.322237680492 184.43304531935428 167.79433211256401 170.14258170156972 254.87669843010372 245.79344488086645 952.60228138952516 383.91257141009555 10999.588352026127 31.539381863549352 175.40850730394595 34.748645295505412 20.730500417761505 71.882890003500506 299.7957915054867
leaf_count=8016 19812 23317 6363 10255 39526 8312 6333 2045792 3903 13494 263 366 7764 55973
internal_value=3.89509e-05 0.0718875 -0.0120452 -0.0795355 -0.0199501 0.0803574 0.0253479 -0.082771 0.0564852 0.0007119 0.00750723 -0.0167413 0.000386751 -0.0703803
internal_weight=24850.6 13059.2 1197.05 11791.3 607.302 11862.2 729.464 11184 1004.87 345.551 361.508 52.2699 326.76 467.59
internal_count=2249489 126077 105480 2123412 57808 20597 26190 2065604 12581 19857 18282 4269 18019 79290
is_linear=0
shrinkage=0.05


Tree=3
num_leaves=15
num_cat=0
split_feature=32 23 22 32 3 3 3 23 4 16 29 4 18 3
split_gain=49915.3 3284.02 862.118 634.709 327.348 247.323 216.416 149.046 109.635 107.708 96.6381 86.4945 57.5092 51.774
threshold=2.0126758217811589 28.500000000000004 0.63311594724655162 1.0000000180025095e-35 0.12657713890075686 0.10913655161857606 0.027705729007720951 4.5000000000000009 0.056016713380813606 3.65057384967804 2.3808401823043828 0.048604339361190803 0.25731605291366583 0.073213517665863051
decision_type=10 10 10 8 10 10 10 8 10 10 10 10 10 8
left_child=1 3 10 -1 7 -4 9 13 -6 -3 -2 12 -9 -5
right_child=2 6 5 4 8 -7 -8 11 -10 -11 -12 -13 -14 -15
leaf_value=0.077907692057382169 -0.078572596730930269 0.048092566408771409 0.0065228168994613499 0.067344165013473553 0.0071719676865457981 -0.049080056262708914 -0.077628634143881742 0.046790345185556054 -0.081930162473002346 -0.082541449897387834 -0.049080056262708914 -0.068788740037384305 0.011017503453925014 0.045253214261192255
leaf_weight=10286.56620727072 10774.410155589052 58.273603992769495 385.20329507958377 1200.0103157954291 142.49609852419235 305.33000795508269 388.54675101244356 376.88704767334275 45.562097087269649 21.637823656434193 235.796571710438 20.390984133817255 160.06409909279319 340.48522433347534
leaf_count=5535 2030409 1620 20577 3727 6435 46363 75961 5701 8267 2881 31737 2338 4764 3981
internal_value=0.000497927 0.0677685 -0.0744776 0.0726118 0.0487801 -0.0202835 -0.0622165 0.0544452 -0.0144154 0.0127205 -0.0778766 0.0322881 0.0361265 0.0624616
internal_weight=24741.7 13040.9 11700.7 12572.5 2285.9 690.533 468.458 2097.84 188.058 79.9114 11010.2 557.342 536.951 1540.5
internal_count=2250296 121210 2129086 40748 35213 66940 80462 20511 14702 4501 2062146 12803 10465 7708
is_linear=0
shrinkage=0.05


Tree=4
num_leaves=15
num_cat=0
split_feature=32 24 23 22 3 3 9 33 22 32 22 33 18 26
split_gain=44279.4 2903.05 658.203 646.446 301.739 179.193 110.996 103.158 92.96 82.5037 82.0688 75.9278 65.3731 60.0702
threshold=2.0126758217811589 1.1453781723976137 2.5000000000000004 0.63311594724655162 0.12657713890075686 0.10913655161857606 0.90752768516540538 2.5000000000000004 0.60369744896888744 1.0000000180025095e-35 0.68421930074691784 20.500000000000004 0.41483098268508917 0.17914438992738727
decision_type=10 8 10 10 10 10 10 8 10 10 10 10 10 8
left_child=1 6 9 11 7 -5 -1 -4 13 -3 -6 -2 -10 -9
right_child=3 2 4 5 10 -7 -8 8 12 -11 -12 -13 -14 -15
leaf_value=-0.073015682624937989 -0.048533493579162708 0.073669342076602251 0.062221782369875168 0.00030370430061022813 -0.065124919649667906 -0.048533493579162708 0.072654529780601301 -0.086165015958765134 0.04387298640950088 0.056890313423814592 0.0080217402950157769 -0.07446092087501878 0.0044905264523776552 0.0044905264523776552
leaf_weight=389.48960707621882 230.68588624789845 10142.047231766162 508.00292726326734 367.5997265954793 78.766605554963462 301.64459750411334 13.531288960715754 25.861103956238367 653.47109139326494 789.66378302825615 74.726868307392579 10698.842682065209 100.61029407038586 29.458180013753008
leaf_count=75515 32271 4956 2433 20453 11635 46377 215 3167 9604 5311 3354 2029844 3596 1330
internal_value=-0.000157015 0.0639407 0.0682322 -0.0709241 0.036831 -0.0232219 -0.0681249 0.044561 0.0334765 0.0724573 -0.0295141 -0.0738451 0.038066 -0.029085
internal_weight=24404.4 12805.6 12402.6 11598.8 1470.9 669.244 403.021 1317.4 809.401 10931.7 153.493 10929.5 754.081 55.3193
internal_count=2250061 121116 45386 2128945 35119 66830 75730 20130 17697 10267 14989 2062115 13200 4497
is_linear=0
shrinkage=0.05


Tree=5
num_leaves=15
num_cat=0
split_feature=32 24 22 32 3 3 10 4 29 22 31 22 33 22
split_gain=40149.8 2512 984.067 363.011 214.557 180.653 158.872 122.866 94.6409 67.613 59.7317 55.0561 40.1644 40.0858
threshold=1.7005987167358401 1.2709692716598513 0.63311594724655162 1.0000000180025095e-35 0.10660597681999208 0.10397109389305116 0.031269090250134475 0.054951041936874397 2.3808401823043828 0.7193230688571931 -1.0000000180025095e-35 0.69876605272293102 10.500000000000002 0.75462436676025402
decision_type=10 8 10 8 8 10 10 10 10 10 10 10 10 10
left_child=1 6 8 10 11 9 -1 -7 -2 -5 -3 12 -4 -6
right_child=2 3 4 5 13 7 -8 -9 -10 -11 -12 -13 -14 -15
leaf_value=-0.067843495668167428 -0.071201126027936198 0.054882452622375615 0.011442694090547217 0.03925217176147254 -0.042402152762775265 0.023569555925193719 0.071629883841108813 -0.068193313774843001 -0.042402152762775265 0.059713760900428049 0.071066349769808787 0.029005680891970084 -0.023091681896815677 0.032712886091163823
leaf_weight=383.16673608779092 10627.547904543986 606.4946000140626 109.58586628531339 615.0847864196403 368.71686947351554 216.37308087258134 21.566810536663979 43.875459601986222 279.90999450522941 1174.936609428958 9510.4679683451541 194.61319962900598 151.79713017310132 17.789111625868827
leaf_count=74034 2034669 1158 3647 8702 51435 6394 153 6879 37178 4288 4362 4915 11714 649
internal_value=2.65759e-05 0.0621319 -0.0664236 0.0662083 -0.0143592 0.0470236 -0.0604115 0.0080992 -0.0704451 0.0526828 0.0700962 0.00887101 -0.00612029 -0.0417661
internal_weight=24321.9 12572 11750 12167.2 842.502 2050.27 404.734 260.249 10907.5 1790.02 10117 455.996 261.383 386.506
internal_count=2250177 105970 2144207 31783 72360 26263 74187 13273 2071847 12990 5520 20276 15361 52084
is_linear=0
shrinkage=0.05


Tree=6
num_leaves=15
num_cat=0
split_feature=33 23 3 22 33 4 22 31 23 22 28 22 3 18
split_gain=36766.3 2320.49 709.91 619.267 296.892 171.061 99.0797 80.641 68.4762 65.6013 60.3061 97.6615 57.9832 46.6018
threshold=12.500000000000002 7.5000000000000009 0.067805409431457533 0.67294281721115123 2.5000000000000004 0.056016713380813606 0.61300817131996166 0.39231012761592871 7.5000000000000009 0.69876605272293102 2.5000000000000004 0.65644097328186046 0.12980490922927859 0.3614740669727326
decision_type=10 10 10 10 10 10 10 10 10 10 10 10 10 10
left_child=1 4 10 6 -1 9 -2 -4 13 -6 11 -3 -8 -5
right_child=3 2 7 8 5 -7 12 -9 -10 -11 -12 -13 -14 -15
leaf_value=0.067264898102168444 -0.068249906948830805 -0.028541757623852373 -0.067072237880554539 0.034599453702285669 0.020221538504886678 -0.075217894398392826 -0.033665325691814151 -0.010690685467217039 -0.020757708437741357 0.050003767482531061 0.052243322664653438 0.033639283504324706 -0.057160767618725419 -0.033665325691814151
leaf_weight=10594.568332178285 10572.112910826807 91.185583708662307 414.62202364508994 140.7012532587396 240.1438052849262 31.440546331461519 229.98243941279361 74.871462962881196 188.74414587084902 803.76416081748903 164.81946656457148 205.3553732582368 298.78504049615003 25.876058586756699
leaf_count=8670 2023783 7964 77836 2463 5908 4978 27203 5688 19381 4879 2460 3725 53744 1278
internal_value=-0.000262682 0.0586043 -0.0165051 -0.0651137 0.0647241 0.0396917 -0.0671935 -0.0584483 -0.000137161 0.0431526 0.0279957 0.0145188 -0.0460716 0.0232274
internal_weight=24077 12620.8 950.854 11456.2 11669.9 1075.35 11100.9 489.493 355.321 1043.91 461.36 296.541 528.767 166.577
internal_count=2249960 122108 97673 2127852 24435 15765 2104730 83524 23122 10787 14149 11689 80947 3741
is_linear=0
shrinkage=0.05


Tree=7
num_leaves=15
num_cat=0
split_feature=32 23 29 32 3 3 3 30 22 22 16 11 22 3
split_gain=34223.6 2066.15 827.932 378.551 191.047 164.501 159.287 115.729 95.3693 73.2492 66.8865 58.9413 57.9722 48.463
threshold=1.7005987167358401 28.500000000000004 2.3231714963912968 1.0000000180025095e-35 0.11515697836875917 0.027705729007720951 0.12657713890075686 -0.055448556318879121 0.63311594724655162 0.75462436676025402 3.5972183942794804 0.41428571939468389 0.68421930074691784 0.061365693807601936
decision_type=10 10 10 8 8 10 10 10 10 10 10 8 8 8
left_child=1 3 8 -1 7 10 9 11 -2 13 -3 -4 -8 -5
right_child=2 5 4 6 -6 -7 12 -9 -10 -11 -12 -13 -14 -15
leaf_value=0.065385821692896237 -0.066184386424079575 0.047145324201155525 -0.011611606934136154 0.044189062289633513 -0.053721458420660721 -0.065354951777009618 -0.054925079351384846 -0.031148444244423614 -0.040316715875327855 0.056039116148397454 -0.070745801893479385 0.029999919026225438 0.01341753750143841 0.021137048802033178
leaf_weight=10062.652021389687 10410.112420130405 51.929231497342698 122.12987691993476 667.96742570307106 203.57805539344554 350.8737853555358 47.662152869044803 176.73177982098423 368.94303822005168 879.36688265018165 15.659546719281932 280.67752713919617 88.918544564046897 346.151713474188
leaf_count=5545 2028455 1201 8260 5103 30397 71760 6802 18055 50273 2638 2467 8466 3202 7609
internal_value=0.000321963 0.0576326 -0.0616926 0.0614124 -0.0120534 -0.0515959 0.0417167 0.00258353 -0.065299 0.0454782 0.0198313 0.0173834 -0.0104318 0.0363207
internal_weight=24073.4 12511.2 11562.2 12092.7 783.117 418.463 2030.07 579.539 10779.1 1893.49 67.5888 402.807 136.581 1014.12
internal_count=2250233 106327 2143906 30899 65178 75428 25354 34781 2078728 15350 3668 16726 10004 12712
is_linear=0
shrinkage=0.05


Tree=8
num_leaves=15
num_cat=0
split_feature=23 33 22 33 23 22 3 4 3 22 3 16 16 33
split_gain=31410.2 2165.29 507.262 432.94 215.598 109.38 105.313 79.1917 72.9066 84.0606 51.9753 47.2416 47.056 45.7758
threshold=14.500000000000002 5.5000000000000009 0.61653393507003795 15.500000000000002 2.5000000000000004 0.63311594724655162 0.073213517665863051 0.039184510707855232 0.070694327354431166 0.65644097328186046 0.11280322074890138 3.1567740440368657 4.1666352748870858 18.500000000000004
decision_type=10 10 10 8 10 10 8 10 10 10 10 10 10 10
left_child=1 4 13 6 -1 -5 11 12 -6 -10 -7 -2 -4 -3
right_child=3 2 7 5 8 10 -8 -9 9 -11 -12 -13 -14 -15
leaf_value=0.062761209143319202 0.038557778892889416 -0.022236327524116056 0.029681343361804526 -0.064225825264958958 0.043787014985127187 -0.015198383353605247 -0.047147613368778693 -0.018440243587102691 -0.073716376628436053 0.024123929008141434 -0.050577062870347245 -0.0064921998831769176 -0.0012598393734462841 -0.060730796979739946
leaf_weight=10401.414006509935 95.617984879005235 98.610673646442592 461.59976227011066 10355.776127345802 855.49041557253804 160.43766037700698 113.49518455000361 67.647511130780913 27.47152369748801 109.28731359611265 220.01364852680126 148.68272324040299 167.45823545579333 356.17050466942601
leaf_count=7928 2580 9941 11029 2046920 6027 13396 15237 7402 3882 2601 37462 8911 7084 70091
internal_value=-0.000166377 0.0540332 -0.0113087 -0.0614554 0.0606369 -0.0632585 -0.00734913 0.0155035 0.0383681 0.00447019 -0.0369283 0.0111401 0.0214447 -0.052384
internal_weight=23639.2 12545.1 1151.49 11094 11393.7 10736.2 357.796 696.706 992.249 136.759 380.451 244.301 629.058 454.781
internal_count=2250491 125985 105547 2124506 20438 2097778 26728 25515 12510 6483 50858 11491 18113 80032
is_linear=0
shrinkage=0.05


Tree=9
num_leaves=15
num_cat=0
split_feature=32 24 22 32 3 3 33 22 10 22 4 33 27 22
split_gain=29601.9 1804.46 627.88 435.47 154.555 119.053 84.3963 77.1198 76.5811 52.9895 50.1512 33.0381 29.8207 31.7838
threshold=1.7005987167358401 1.1941305398941042 0.65644097328186046 1.0000000180025095e-35 0.12657713890075686 0.11280322074890138 15.500000000000002 0.7193230688571931 0.031269090250134475 0.68421930074691784 0.051866054534912116 15.500000000000002 3.1240557432174687 0.55437785387039196
decision_type=10 8 10 8 10 8 10 10 10 8 10 10 8 8
left_child=1 8 6 -3 7 11 -2 10 -1 -6 12 -4 13 -5
right_child=2 3 5 4 9 -7 -8 -9 -10 -11 -12 -13 -14 -15
leaf_value=-0.060352270636116007 -0.034294107702523002 0.061644054264901105 0.01900983345332867 -0.080809760492316182 -0.053396496281046646 -0.034294107702523002 -0.062129336117976532 0.047468218705863971 0.061387317036775482 0.0095889243049511724 -0.033155245290128463 -0.015017630446135626 0.036953882161605237 0.021216414345979883
leaf_weight=350.02041497739265 247.735968860914 9786.0950420765439 266.48347843275405 7.8172465449897572 53.120542962336913 196.75655201531481 10378.066532984201 1240.9112447021762 13.413106841733677 89.914354480803013 33.540843102848157 97.409063409781083 306.08131429227069 324.7201737909345
leaf_count=72336 27130 5588 7487 725 8049 26367 2075696 5067 130 3259 2442 7258 3135 5511
internal_value=3.42592e-05 0.0538812 -0.0587186 0.0572491 0.0363314 -0.00714859 -0.0614396 0.0400798 -0.0558593 -0.0138027 0.0264395 0.00990115 0.0295695 0.018818
internal_weight=23392.1 12205.6 11186.5 11842.2 2056.11 560.649 10625.8 1913.07 363.434 143.035 672.16 363.893 638.619 332.537
internal_count=2250180 106242 2143938 33776 28188 41112 2102826 16880 72466 11308 11813 14745 9371 6236
is_linear=0
shrinkage=0.05


Tree=10
num_leaves=15
num_cat=0
split_feature=32 23 33 3 4 33 4 31 32 3 1 23 32 4
split_gain=27572.6 1928.03 519.952 327.98 192.761 118.335 110.232 97.9093 72.1497 70.0174 47.3308 42.3511 38.7658 35.1952
threshold=1.7005987167358401 14.500000000000002 2.5000000000000004 0.057563573122024543 0.054951041936874397 29.500000000000004 0.021557152271270755 -0.48862095177173609 1.0000000180025095e-35 0.07760676741600038 4.5000000000000009 45.500000000000007 1.2424533367156985 0.040150046348571784
decision_type=8 8 10 8 10 8 8 10 10 8 8 10 10 10
left_child=2 3 8 -2 7 9 -5 -4 -1 11 -7 -3 -9 -10
right_child=1 5 4 6 -6 10 -8 12 13 -11 -12 -13 -14 -15
leaf_value=0.060577425095226282 0.049912170074141865 -0.00055527581873163407 -0.0042598334805499204 0.0088613251749480992 -0.066540769678376299 0.048360984776739169 -0.041101274644054386 0.041098942650740461 0.047432757522703664 -0.051015964088227818 -0.060871425674096959 -0.053345881777134091 0.019157548917012879 0.0082734987145018386
leaf_weight=9349.6497562786099 414.58075661666226 154.07867649546824 179.8343652432668 270.94143235357478 54.069469477282837 9.9265833108220232 186.3097009594203 804.13598882150836 631.42265840061009 320.53292993310606 10290.623355275253 50.425608931924216 268.53184414340649 63.114540074486285
leaf_count=4693 2481 9801 9137 13005 8717 279 21910 4651 2144 50899 2106387 9403 5366 1609
internal_value=4.61173e-05 -0.0538253 0.0555628 0.0177052 0.0258919 -0.0595859 -0.0114962 0.0298822 0.0594224 -0.0364314 -0.0607662 -0.0135721 0.0356061 0.0438742
internal_weight=23048.2 11697.4 11350.8 871.832 1306.57 10825.6 457.251 1252.5 10044.2 525.037 10300.5 204.504 1072.67 694.537
internal_count=2250482 2214165 36317 37396 27871 2176769 34915 19154 8446 70103 2106666 19204 10017 3753
is_linear=0
shrinkage=0.05


Tree=11
num_leaves=15
num_cat=0
split_feature=32 24 22 32 3 8 3 33 4 22 31 22 18 31
split_gain=25737.7 1559.8 574.467 417.171 136.5 126.2 99.6505 92.8323 74.829 52.7257 49.3353 37.436 48.5861 36.0252
threshold=1.7005987167358401 1.2709692716598513 0.65644097328186046 1.0000000180025095e-35 0.10259878635406496 3.5000000000000004 0.11515697836875917 20.500000000000004 0.054951041936874397 0.69876605272293102 -1.0000000180025095e-35 0.7193230688571931 0.25452208518981939 -0.3297347873449325
decision_type=10 8 10 8 8 8 8 10 10 10 10 10 8 8
left_child=1 5 7 10 9 -1 -4 -2 11 13 -3 12 -6 -5
right_child=2 3 6 4 8 -7 -8 -9 -10 -11 -12 -13 -14 -15
leaf_value=0.056126714909533693 -0.03360796435552766 0.04430292123493345 0.00859283601576122 -0.001333137274884363 0.0096129953358056776 -0.056616184743371024 -0.032662821566525453 -0.059582255759706021 -0.057856987904544313 0.043980180791102885 0.059533866788820146 0.029060434176564311 -0.067342805274082138 0.032190323399191555
leaf_weight=26.695958741242066 356.41252804157557 565.58643139328342 368.85837100830395 108.73592294362606 80.072888872236945 353.43023666460067 190.69871781294933 9873.2206763259019 44.329580034594983 1245.8030668125721 8866.6638865477871 145.83388488425408 27.371799381100573 304.73137330432655
leaf_count=461 43627 1176 15312 3361 2934 73933 25853 2059558 6942 5236 4357 1909 2247 3599
internal_value=-0.000198735 0.0509364 -0.0559789 0.0542619 0.0332528 -0.0486983 -0.00664836 -0.0586773 0.00207172 0.0388454 0.0586206 0.0125606 -0.00983444 0.0233741
internal_weight=22558.4 11769.3 10789.2 11389.1 1956.88 380.126 559.557 10229.6 297.608 1659.27 9432.25 253.279 107.445 413.467
internal_count=2250505 106155 2144350 31761 26228 74394 41165 2103185 14032 12196 5533 7090 5181 6960
is_linear=0
shrinkage=0.05


Tree=12
num_leaves=15
num_cat=0
split_feature=32 23 22 32 29 29 4 32 29 31 18 23 18 10
split_gain=24326.4 1456.28 560.277 405.931 148.467 131.15 94.4429 56.5386 53.6836 53.6388 46.9631 45.5497 44.0519 40.4767
threshold=1.7005987167358401 21.500000000000004 0.63311594724655162 1.0000000180025095e-35 2.6978409290313725 2.1724883317947392 0.054951041936874397 1.2424533367156985 2.3808401823043828 -1.0000000180025095e-35 0.10042754560709001 2.5000000000000004 0.34922629594802862 0.031269090250134475
decision_type=10 10 10 10 10 10 10 10 10 10 10 8 10 10
left_child=1 3 8 9 13 -4 7 -5 -2 -1 -6 -8 -7 -3
right_child=2 4 5 6 10 12 11 -9 -10 -11 -12 -13 -14 -15
leaf_value=0.045782613512308369 -0.058746789292813809 -0.059280136715207259 -0.036298184727512582 0.037620476126972661 0.049062511154323862 0.0088350222537439144 0.012940264673928826 0.014098302211137746 -0.036416004742315274 0.058425253800321444 -0.023255224126417087 -0.065417803642467229 -0.025924868124439577 0.058789834859751866
leaf_weight=928.12772040278651 9516.1022279206081 324.34436351479962 282.28502008819487 1099.3692343898001 48.614092389121652 394.63110319210682 37.61171001708135 332.79775720409816 276.97029367057257 8733.051763051888 41.711420679464936 36.587684952886775 118.523446073581 7.4250032142736009
leaf_count=3953 2034336 72686 44844 7233 764 18277 1338 6674 36953 4361 3480 5541 9191 72
internal_value=-5.20443e-05 0.0500008 -0.0548373 0.0534465 -0.041165 -0.0144811 0.0293049 0.0321545 -0.0581152 0.0572107 0.0156669 -0.0256981 0.000806521 -0.0566377
internal_weight=22178.2 11589.6 10588.5 11167.5 422.095 795.44 1506.37 1432.17 9793.07 9661.18 90.3255 74.1994 513.155 331.769
internal_count=2249703 106102 2143601 29100 77002 72312 20786 13907 2071289 8314 4244 6879 27468 72758
is_linear=0
shrinkage=0.05


Tree=13
num_leaves=15
num_cat=0
split_feature=32 24 29 23 3 3 30 4 10 32 11 23 10 16
split_gain=23070.1 1350.59 534.226 460.327 136.361 124.117 98.8286 83.4864 82.809 82.2039 40.3845 36.9991 35.8008 32.6622
threshold=1.7005987167358401 1.1941305398941042 2.2198599576950078 2.5000000000000004 0.11280322074890138 0.057563573122024543 -0.055448556318879121 0.054178506135940559 0.031269090250134475 1.0000000180025095e-35 inf 7.5000000000000009 0.027814932167530063 2.6020033359527592
decision_type=10 8 10 10 8 10 10 10 10 10 8 10 10 10
left_child=1 8 -2 9 6 -5 10 11 -1 -3 13 -7 -8 -4
right_child=2 3 4 5 -6 7 12 -9 -10 -11 -12 -13 -14 -15
leaf_value=-0.055172484920998216 -0.057316001508010819 0.056955230041298446 0.029407366994851181 0.034374357276916123 -0.04659450000961296 0.014001567606209943 -0.040284314240856954 -0.0633058388856204 0.055851236572073776 0.039106901197775767 0.021108512032927056 -0.039405422636361452 0.039731293165567561 -0.02581453305564764
leaf_weight=320.26601335802115 9495.2797720777453 9178.3238063164754 35.953849426005036 824.03175711771473 259.75540829222882 322.71315058681648 170.12885529047344 45.435409484431148 17.724741534795612 693.88629035640042 279.69766199891455 36.051940705045126 15.230713787837884 104.90978107292904
leaf_count=72263 2063020 5024 1365 6423 40121 6512 21308 7273 139 4845 9334 3582 536 8134
internal_value=0.000157185 0.0491113 -0.0538879 0.0521093 -0.0162861 0.0232424 -0.00329296 0.000548048 -0.0493502 0.0557007 0.0101129 0.00863475 -0.0337096 -0.0117198
internal_weight=21799.4 11438.4 10361 11100.4 865.676 1228.23 605.921 404.201 337.991 9872.21 420.561 358.765 185.36 140.864
internal_count=2249879 106061 2143818 33659 80798 23790 40677 17367 72402 9869 18833 10094 21844 9499
is_linear=0
shrinkage=0.05


Tree=14
num_leaves=15
num_cat=0
split_feature=32 23 22 33 3 3 4 32 29 23 18 3 24 4
split_gain=21605.8 1313.57 476.603 415.414 207.549 116.024 103.338 87.8392 61.5859 55.1228 66.829 47.6024 31.5445 30.5448
threshold=1.7005987167358401 14.500000000000002 0.63311594724655162 2.5000000000000004 0.027705729007720951 0.11515697836875917 0.054951041936874397 1.0000000180025095e-35 2.4479967355728154 2.5000000000000004 0.35719624161720281 0.027705729007720951 1.3159175515174868 0.060690492391586311
decision_type=10 10 10 10 10 8 10 8 10 8 8 8 10 10
left_child=1 3 8 7 -3 12 9 -1 -2 -5 -11 -9 -4 -13
right_child=2 4 5 6 -6 -7 -8 11 -10 10 -12 13 -14 -15
leaf_value=0.056585276946961111 -0.056915550078602564 0.021324864819937644 -0.026497789073596234 0.037037622715055306 -0.055462503447584521 -0.035837266161475541 -0.062844933552680088 0.0503491052791529 -0.035837266161475541 0.023258911970989778 -0.019885790231591496 0.031762783066577809 0.0068394307733955443 -0.024432514849502984
leaf_weight=8505.428957358934 9069.508282585477 119.34574553434504 87.490063394769095 541.73474263958633 335.04800871573389 312.69810241868254 34.009595083771273 579.91502226376906 247.44048352946993 453.40711918805027 111.9052356723696 405.28765460930299 375.53776660817675 25.715455180499703
leaf_count=4525 2039792 4402 9826 2114 74664 48498 5363 1133 31304 6173 3366 2697 14144 1647
internal_value=-0.000139581 0.0479612 -0.0530974 0.0515109 -0.0352944 -0.0154419 0.0230029 0.0549292 -0.0562326 0.0256403 0.0147183 0.0409954 0.000540294 0.0284099
internal_weight=21204.5 11111.8 10092.7 10657.4 454.394 775.726 1141.06 9516.35 9316.95 1107.05 565.312 1010.92 463.028 431.003
internal_count=2249648 106084 2143564 27018 79066 72468 17016 10002 2071096 11653 9539 5477 23970 4344
is_linear=0
shrinkage=0.05


Tree=15
num_leaves=15
num_cat=0
split_feature=32 23 22 32 3 4 3 33 33 3 31 3 10 22
split_gain=20551.5 1275.64 490.621 426.051 146.47 94.4138 76.8154 68.3284 55.5948 54.3016 38.8837 36.6013 33.9467 30.7498
threshold=1.7005987167358401 17.500000000000004 0.65644097328186046 1.0000000180025095e-35 0.027705729007720951 0.040150046348571784 0.11515697836875917 20.500000000000004 2.5000000000000004 0.10259878635406496 -1.0000000180025095e-35 0.083792626857757582 0.028953939676284794 0.7193230688571931
decision_type=10 10 10 10 10 10 8 10 10 10 10 10 10 10
left_child=1 3 7 9 12 8 -4 -2 -5 10 -1 -7 -3 -10
right_child=2 4 6 5 -6 11 -8 -9 13 -11 -12 -13 -14 -15
leaf_value=0.045123035982972091 -0.033333352493364367 -0.0065426585155743781 0.0060410418284910852 0.041208601600565005 -0.054892637403068184 0.011272209947281259 -0.03100715761349639 -0.055970365673846313 0.0079099407184612218 0.026858556923882001 0.056324790910483029 -0.040343287407002798 0.054829553857050434 0.028864942225524562
leaf_weight=857.52489119640086 346.26950254378607 65.951887646748219 376.76751827046974 573.24623078887817 318.53940815536771 70.119852868840098 182.10077469312819 8935.7851939461543 294.13607828662498 171.75736173591577 8021.2653672555462 67.321038250229321 34.223977807443589 432.47353519115131
leaf_count=1840 43601 4078 15352 2022 74001 1331 25975 2059339 6070 1843 4006 7116 178 3643
internal_value=1.8668e-06 0.0472715 -0.0523865 0.0506882 -0.0383088 0.0253998 -0.00688843 -0.0551259 0.0295668 0.0547042 0.0552429 -0.01401 0.0144245 0.0203822
internal_weight=20747.5 10906.6 9840.92 10487.8 418.715 1437.3 558.868 9282.05 1299.86 9050.55 8878.79 137.441 100.176 726.61
internal_count=2250395 106128 2144267 27871 78257 20182 41327 2102940 11735 7689 5846 8447 4256 9713
is_linear=0
shrinkage=0.05


Tree=16
num_leaves=15
num_cat=0
split_feature=32 22 32 23 24 22 3 4 32 3 31 3 4 22
split_gain=19418.7 1393.76 541.037 178.528 129.199 106.196 105.127 100.392 52.7989 52.6466 42.2058 36.7384 32.8503 26.9421
threshold=1.7005987167358401 0.67294281721115123 1.0000000180025095e-35 2.5000000000000004 1.1941305398941042 0.7193230688571931 0.11280322074890138 0.051866054534912116 1.2424533367156985 0.079801529645919814 -1.0000000180025095e-35 0.07760676741600038 0.026768505573272709 0.65644097328186046
decision_type=8 10 10 10 10 10 10 10 10 8 10 10 10 10
left_child=2 4 10 -3 -2 7 -6 8 -4 -5 12 -12 -1 -10
right_child=1 3 5 9 6 -7 -8 -9 13 -11 11 -13 -14 -15
leaf_value=0.027870093430793996 -0.055552713266925124 0.051298619847650245 0.020049562370942214 0.017206800486016385 -0.017953034831183916 0.03335098907976599 -0.050052818153042411 -0.055496343544609611 -0.031539083257332713 -0.016227230968044504 0.055856661517084905 0.038009951862671143 0.052632503433741373 0.0068308654323585918
leaf_weight=258.57096476480365 8665.6624281871482 258.38635345455259 407.40849930525292 223.63438054325525 325.74244780055596 879.9740785859758 461.87329353479436 58.940223819343373 79.1708134925575 248.66123526665615 7670.1692253255751 299.63086713966914 277.86154407006688 108.37615708366502
leaf_count=1484 2064328 223 6475 5304 27769 6068 93141 9491 5756 22491 3816 543 344 2282
internal_value=-8.88907e-07 -0.0486479 0.0493432 0.0178844 -0.0537905 0.0220101 -0.0344016 0.00674814 0.0129145 -0.000396047 0.054272 0.0551857 0.0406965 -0.00936657
internal_weight=20224.1 10184 10040.1 730.682 9453.28 1533.87 787.616 653.896 594.955 472.296 8506.23 7969.8 536.433 187.547
internal_count=2249515 2213256 36259 28018 2185238 30072 120910 24004 14513 27795 6187 4359 1828 8038
is_linear=0
shrinkage=0.05


Tree=17
num_leaves=15
num_cat=0
split_feature=32 23 22 33 33 22 33 33 18 33 32 22 18 27
split_gain=18368 1219.55 440.568 415.046 105.91 87.9107 87.4677 85.774 50.7507 46.7925 33.0623 29.1268 27.0133 23.5654
threshold=1.7005987167358401 2.5000000000000004 0.63311594724655162 15.500000000000002 2.5000000000000004 0.65644097328186046 2.5000000000000004 15.500000000000002 0.41483098268508917 18.500000000000004 1.0000000180025095e-35 0.66414529085159313 0.76844698190689098 3.1240557432174687
decision_type=10 10 10 8 10 10 10 10 10 10 10 10 10 8
left_child=1 4 9 6 10 -5 -3 12 11 -2 -1 13 -4 -8
right_child=2 3 7 5 -6 -7 8 -9 -10 -11 -12 -13 -14 -15
leaf_value=0.054681760483109791 -0.034536168609297077 0.035948243703676684 0.0067861940796071357 -0.053493289834783221 0.031730698139372848 -0.0013651457421500473 -0.025658140593308322 -0.030134387902388739 -0.027623676921353452 -0.054945464888993149 0.039968401150021461 0.021272929314128788 -0.034536168609297077 0.0077977479529143939
leaf_weight=7979.526404248958 239.22401787497802 468.48594613047317 336.18019566976 299.92809214192675 571.45026717759902 110.74221317318734 75.785291216918267 415.67632237792714 90.198378510656767 8290.0743331388803 400.99924896960147 337.0103730201954 15.45222776615992 66.92179154814221
leaf_count=4355 32008 2564 12389 73414 3658 3471 5625 58662 4692 2038618 1835 4304 1482 2209
internal_value=2.16946e-05 0.0456692 -0.0510488 0.00311462 0.0525576 -0.0394363 0.0199428 -0.0147589 0.00678587 -0.0543135 0.0539777 0.0132557 0.00341703 -0.00567743
internal_weight=19697.7 10401 9296.61 1449.07 8951.98 410.67 1038.4 767.309 569.916 8529.3 8380.53 479.717 351.632 142.707
internal_count=2249286 106127 2143159 96279 9848 76885 19394 72533 16830 2070626 6190 12138 13871 7834
is_linear=0
shrinkage=0.05


Tree=18
num_leaves=15
num_cat=0
split_feature=32 22 32 3 29 23 33 18 24 3 18 30 22 16
split_gain=17359.3 1593.72 293.404 210.775 101.718 66.8142 59.1223 48.6847 43.9296 41.3824 37.5641 37.0822 24.3987 24.0673
threshold=1.2424533367156985 0.65644097328186046 1.0000000180025095e-35 0.057563573122024543 2.3808401823043828 7.5000000000000009 2.5000000000000004 0.32513827085495001 1.6612914204597475 0.12657713890075686 0.34559865295886999 0.52668017148971569 0.62031766772270214 3.4811217784881596
decision_type=8 10 10 8 10 10 10 10 10 10 8 10 10 8
left_child=2 4 6 8 12 10 -1 -6 -3 11 -5 -4 -2 -14
right_child=1 3 9 5 7 -7 -8 -9 -10 -11 -12 -13 13 -15
leaf_value=0.053923517385770108 -0.054510301364709239 0.0028087775823164973 0.030356069911622152 0.017986009624054857 -0.021502138335269441 -0.021502138335269441 0.032529566184474001 -0.055727355432905114 0.041098795959704199 -0.013068604584621338 -0.021502138335269441 -0.0096392768560326723 -0.021502138335269441 -0.046414656954713203
leaf_weight=7697.1874554815004 8178.9754145965562 91.622030136408284 980.92057960858801 230.54075798939448 297.76043280860176 349.36840266932268 337.07233622693457 123.4313701193023 410.61649898532778 65.196926181670278 62.756641750456765 61.593418012140319 80.305982360849157 159.17838078131899
leaf_count=4678 2082162 2812 7198 4495 30426 36267 1506 18863 1868 3832 2931 3967 12991 35917
internal_value=-8.092e-05 -0.0456608 0.0496999 0.00984571 -0.05285 -0.0091195 0.0530259 -0.0288711 0.0341137 0.0255763 0.00858907 0.0279931 -0.0540497 -0.038319
internal_weight=19126.5 9984.56 9141.97 1144.9 8839.65 642.666 8034.26 421.192 502.239 1107.71 293.297 1042.51 8418.46 239.484
internal_count=2249913 2228732 21181 48373 2180359 43693 6184 49289 4680 14997 7426 11165 2131070 48908
is_linear=0
shrinkage=0.05


Tree=19
num_leaves=15
num_cat=0
split_feature=32 23 22 22 33 3 3 18 33 29 32 22 4 33
split_gain=16446.4 1143.38 394.365 378.603 124.55 92.5229 87.8177 54.1914 40.6611 40.2505 34.8187 31.2819 27.5302 26.051
threshold=1.7005987167358401 2.5000000000000004 0.63311594724655162 0.57510966062545787 2.5000000000000004 0.11515697836875917 0.10397109389305116 0.28456890583038336 15.500000000000002 2.3808401823043828 1.0000000180025095e-35 0.7193230688571931 0.054178506135940559 2.5000000000000004
decision_type=10 10 10 10 10 8 10 8 8 10 10 10 10 8
left_child=1 4 9 8 10 -4 7 13 -3 -2 -1 -9 -6 -5
right_child=2 3 5 6 12 -7 -8 11 -10 -11 -12 -13 -14 -15
leaf_value=0.053560857909604687 -0.053954655832443459 -0.014536862696300413 -0.0013966704961599688 0.040771378737885972 0.029574789338111182 -0.034392891981344424 -0.014536862696300413 -0.014536862696300413 -0.055271221691073652 -0.034392891981344424 0.038311561637668412 0.018290828302107251 -0.063282476011908048 0.021052084643050292
leaf_weight=7498.0381911687437 7709.7863298892044 70.716131437220611 460.27348515111953 303.13808803935535 542.78144587489078 294.18142187997 158.34972798032686 119.46309638104867 244.25200771715026 258.27650579065084 393.99867045122664 157.07745587057434 8.1012343901675177 374.28101645084098
leaf_count=4361 2034149 5405 23988 1139 2678 48504 12543 4028 65992 37050 1817 1376 1011 5793
internal_value=-8.9199e-06 0.0441981 -0.0500326 0.00280821 0.0511951 -0.0154818 0.0165116 0.0222621 -0.0455853 -0.053304 0.0527996 0.00361038 0.0282092 0.0298763
internal_weight=18592.7 9870.2 8722.52 1427.28 8442.92 754.455 1112.31 953.96 314.968 7968.06 7892.04 276.541 550.883 677.419
internal_count=2249834 106143 2143691 96276 9867 72492 24879 12336 71397 2071199 6178 5404 3689 6932
is_linear=0
shrinkage=0.05


Tree=20
num_leaves=15
num_cat=0
split_feature=32 33 22 22 32 22 3 16 33 31 16 3 31 9
split_gain=15601.8 1031.67 507.213 375.802 97.5265 94.7491 84.0072 49.1702 42.0426 36.6121 35.573 28.8025 38.2975 28.2282
threshold=1.7005987167358401 2.5000000000000004 0.61653393507003795 0.63311594724655162 1.0000000180025095e-35 0.75462436676025402 0.11515697836875917 3.1567740440368657 20.500000000000004 -1.0000000180025095e-35 2.8029010295867924 0.085554122924804701 0.88090619444847118 0.28020195662975317
decision_type=10 8 8 10 10 10 10 8 10 10 8 8 8 10
left_child=1 4 10 8 9 7 -5 -4 -2 -1 -3 12 -9 -7
right_child=3 2 5 6 -6 13 -8 11 -10 -11 -12 -13 -14 -15
leaf_value=0.039189236160131202 -0.034258949669165192 -0.011735533291685148 0.022944580684262569 -0.0030680266147664059 0.032146711536557855 0.028422484048631277 -0.034258949669165192 -0.010630888563834947 -0.053510880455014134 0.053837912331255081 -0.051547407966158969 -0.010630888563834947 0.022944580684262569 0.049631313622473985
leaf_weight=455.00442267511971 258.0869524498703 69.526778800413013 271.35989052907098 480.8185802140506 612.46348872163799 444.81538805528544 267.39594907232095 105.3231340154307 7422.3271891344339 6820.4041775739752 290.75046230491716 179.94050578924362 167.81105021468829 242.37430881266482
leaf_count=908 38010 9329 3654 25848 3811 2484 46513 2875 2033697 3774 69383 7931 1605 444
internal_value=0.000187823 0.0435641 0.00908805 -0.0495243 0.0513087 0.0226027 -0.0156983 0.00998625 -0.0528196 0.0529218 -0.0438645 -0.000289093 0.0103701 0.0359029
internal_weight=18088.4 9659.77 1771.9 8428.63 7887.87 1411.62 748.215 724.435 7680.41 7275.41 360.277 453.075 273.134 687.19
internal_count=2250266 106198 97705 2144068 8493 18993 72361 16065 2071707 4682 78712 12411 4480 2928
is_linear=0
shrinkage=0.05


Tree=21
num_leaves=15
num_cat=0
split_feature=32 23 22 32 10 3 29 33 33 4 31 4 4 4
split_gain=14775.3 850.023 615.031 292.232 95.1496 82.441 76.7084 73.3314 64.6136 44.4344 41.4102 31.6723 30.3992 26.8589
threshold=1.2424533367156985 26.500000000000004 0.65644097328186046 1.0000000180025095e-35 0.028953939676284794 0.027705729007720951 2.1724883317947392 15.500000000000002 2.5000000000000004 0.040150046348571784 -1.0000000180025095e-35 0.031070381402969364 0.024898648262023929 0.039702206850051887
decision_type=10 10 10 8 10 8 10 10 10 10 10 10 10 10
left_child=1 3 6 8 -3 -5 -2 13 10 -7 12 -8 -1 -4
right_child=2 4 7 5 -6 9 11 -9 -10 -11 -12 -13 -14 -15
leaf_value=0.022649698477862738 -0.053000230229105653 -0.048434532603755437 0.0090860699526189564 0.040781854302561787 0.048957619602592171 0.021005198739287918 -0.028519856251389971 -0.026165736569042999 0.029187003485069581 -0.011718456040088475 0.053503658704911111 -0.049090926264229839 0.04947665890346091 -0.028519856251389971
leaf_weight=191.65896362066269 7177.0248250209261 264.29040102928411 475.80322071339469 577.40771124721505 27.707502299570478 674.49814204196446 310.25574059371138 276.47859821037855 309.85423948650714 122.5921624742914 6553.1455379086547 214.15173508564476 235.17329433059786 40.030466417549178
leaf_count=585 2034774 70315 10886 1953 323 6787 37347 32451 863 6030 3746 40434 259 3112
internal_value=-9.09067e-05 0.0447139 -0.0473359 0.0475417 -0.0391931 0.0263945 -0.0516514 -0.00538835 0.051529 0.0159723 0.0525208 -0.0331909 0.0374306 0.005748
internal_weight=17450.1 8956.33 8493.74 8664.33 291.998 1374.5 7701.43 792.312 7289.83 797.09 6979.98 524.407 426.832 515.834
internal_count=2249865 90861 2159004 20223 70638 14770 2112555 46449 5453 12817 4590 77781 844 13998
is_linear=0
shrinkage=0.05


Tree=22
num_leaves=15
num_cat=0
split_feature=33 24 22 32 3 22 3 33 22 3 31 31 4 4
split_gain=14040.9 839.769 609.564 310.983 123.755 89.8175 66.5294 52.0281 50.9015 48.3852 38.9195 37.0118 25.3639 24.9024
threshold=5.5000000000000009 1.5027571320533755 0.63311594724655162 1.0000000180025095e-35 0.027705729007720951 0.7193230688571931 0.064819753170013442 18.500000000000004 0.66414529085159313 0.10913655161857606 -0.04864396154880523 -1.0000000180025095e-35 0.019898116588592533 0.025816768407821659
decision_type=10 8 10 8 10 10 8 10 10 8 8 10 10 10
left_child=1 4 7 11 -1 9 10 -2 13 -4 -5 12 -3 -8
right_child=2 3 5 6 -6 -7 8 -9 -10 -11 -12 -13 -14 -15
leaf_value=0.02199479779949047 -0.03124448818803216 0.022607249420552578 -0.0080292081005011728 0.011988795808809969 -0.051815577809587648 0.0091473220692444394 -0.0073256462934618381 -0.052658516280621917 0.016692881628351419 -0.03124448818803216 0.036607317492022916 0.052704028234828219 0.047539614426330243 -0.060937129951611282
leaf_weight=73.653967154561542 271.36656029336154 171.34690976084676 336.55626372864936 195.28672097087838 248.02570081746671 367.45441491855308 33.65936335537117 6932.4250460069743 271.36749083339237 324.69793033809401 902.28546885214746 6537.9407902868697 252.07098240155028 35.551987362210639
leaf_count=1331 36761 617 18911 2378 69445 8386 964 2044203 3970 50130 3895 4065 321 4568
internal_value=0.000157823 0.044367 -0.0466757 0.0474033 -0.0349155 -0.0106719 0.0262365 -0.0518171 0.00693094 -0.0216853 0.032227 0.0517762 0.0374501 -0.0313442
internal_weight=16953.7 8721.19 8232.5 8399.51 321.68 1028.71 1438.15 7203.79 340.579 661.254 1097.57 6961.36 423.418 69.2114
internal_count=2249945 91554 2158391 20778 70776 77427 15775 2080964 9502 69041 6273 5003 938 5532
is_linear=0
shrinkage=0.05


Tree=23
num_leaves=15
num_cat=0
split_feature=32 22 32 33 29 33 4 3 33 31 18 27 22 18
split_gain=13174.3 1239.09 346.427 175.418 86.566 71.8356 52.2293 48.494 35.222 34.6257 34.1081 30.3878 40.0337 27.1261
threshold=1.2424533367156985 0.65644097328186046 1.0000000180025095e-35 5.5000000000000009 2.3808401823043828 2.5000000000000004 0.054178506135940559 1.0000000180025095e-35 15.500000000000002 -1.0000000180025095e-35 0.28456890583038336 2.3535244464874272 0.75462436676025402 0.15902552753686908
decision_type=8 10 10 10 10 10 10 8 10 10 10 8 10 8
left_child=2 4 5 7 -2 9 11 -3 -5 -1 -6 12 13 -4
right_child=1 3 6 8 10 -7 -8 -9 -10 -11 -12 -13 -14 -15
leaf_value=0.037960098103481804 -0.052019222465146411 0.051918971313947272 0.015296776943864755 -0.00070975647073557029 -0.022138160299538766 0.027261517806652948 -0.027296183720680458 0.017944214935330976 -0.022138160299538766 0.052788603308515682 -0.049360240909796432 0.031842093288166916 0.029086980093280004 -0.013767195720842857
leaf_weight=421.03130216570571 6985.2360473304288 147.40693527646363 140.35891027469188 306.8363359378418 258.24057145917322 311.96462018147577 55.840044620679691 365.35053238645196 266.57075420959154 6060.200253411429 132.09652623051079 457.81407929369016 244.59023866592906 144.38619797676802
leaf_count=925 2131088 98 1772 10532 27795 1518 5105 5395 32241 3753 21418 3423 1234 3421
internal_value=-0.00013588 -0.0433963 0.0465779 0.00646241 -0.0507387 0.0506973 0.019748 0.0277112 -0.0125389 0.0518253 -0.0278239 0.0224091 0.0142507 0.00150657
internal_weight=16297.9 8461.74 7836.19 1086.16 7375.57 6793.2 1042.99 512.757 573.407 6481.23 390.337 987.149 529.335 284.745
internal_count=2249718 2228567 21151 48266 2180301 6196 14955 5493 42773 4678 49213 9850 6427 5193
is_linear=0
shrinkage=0.05


Tree=24
num_leaves=15
num_cat=0
split_feature=33 32 22 22 32 22 33 31 30 8 16 4 1 15
split_gain=12525.6 754.594 600.791 381.334 80.7676 69.6701 48.5858 44.7881 37.7447 35.9915 32.5837 29.8574 29.4032 24.9251
threshold=5.5000000000000009 1.0000000180025095e-35 0.63311594724655162 0.59037905931472789 2.6020033359527592 0.7193230688571931 18.500000000000004 -1.0000000180025095e-35 0.71771973371505748 18.500000000000004 3.7726949453353886 0.025816768407821659 1.5000000000000002 1.0000000180025095e-35
decision_type=10 8 10 8 10 10 10 10 8 8 10 8 8 10
left_child=1 7 6 8 10 9 -2 11 -3 -5 13 -1 -7 -4
right_child=2 3 4 5 -6 12 -8 -9 -10 -11 -12 -13 -14 -15
leaf_value=0.02112910669652196 -0.03058981286814353 -0.010123903072799896 -0.001080589644973538 0.020381432252902534 -0.029202874696038938 0.053176610911496974 -0.052123755652656895 0.052085024805225345 -0.053434302952348037 0.00054982683461096173 -0.011879961578116287 0.047654578644179282 0.027981982552242293 0.025336802744012211
leaf_weight=198.29626566043589 261.78103368380107 50.775161991012283 204.35303296952043 122.33713118953165 353.57059996842872 136.76648528128862 6384.1106053749099 6055.193139815121 199.79007034189999 404.92455559084192 296.52038488700055 228.1451397103956 755.49752158683259 158.57610129145905
leaf_count=923 36764 2958 7585 1145 53482 79 2044269 4057 63785 13756 13427 349 4541 2911
internal_value=0.000122619 0.04326 -0.0457905 0.0132909 -0.00992176 0.0233288 -0.0512579 0.050982 -0.0435766 0.00891904 0.000416012 0.0353202 0.0318438 0.0104621
internal_weight=15810.6 8151.73 7658.91 1670.09 1013.02 1419.53 6645.89 6481.63 250.565 527.262 659.45 426.441 892.264 362.929
internal_count=2250031 91593 2158438 86264 77405 19521 2081033 5329 66743 14901 23923 1272 4620 10496
is_linear=0
shrinkage=0.05


Tree=25
num_leaves=15
num_cat=0
split_feature=23 32 29 29 3 3 3 22 8 22 15 31 24 3
split_gain=11816.3 953.63 395.662 288.051 75.5281 70.9872 63.2269 53.3122 49.7141 45.1787 41.5481 35.2559 34.8059 33.9836
threshold=7.5000000000000009 1.0000000180025095e-35 2.3231714963912968 1.8588006496429446 0.079801529645919814 0.07551178336143495 0.057563573122024543 0.63311594724655162 9.5000000000000018 0.65644097328186046 1.0000000180025095e-35 -0.68914487957954396 1.2129694223403933 0.070694327354431166
decision_type=10 10 10 10 10 10 10 10 8 10 10 8 10 10
left_child=1 6 7 -3 8 -5 11 -2 -4 -7 -6 -1 -10 -9
right_child=2 3 4 5 10 9 -8 13 12 -11 -12 -13 -14 -15
leaf_value=0.035712023333850478 -0.051968337829835731 -0.049549656869700393 0.044090521585664844 0.022770287424269391 -0.045228816479498224 -0.032678292746262369 0.032261095169410864 0.0094858127550713055 -0.042652252454030738 0.00647209281157497 -0.0015158224601275238 0.052247815184824957 -0.0015371757751246201 -0.037498897781503733
leaf_weight=341.77347059472231 6075.2277713295771 201.1635736405151 53.272511774324812 893.82585607824149 209.64728159806691 92.54213811759837 469.7526099368697 45.211804802063853 59.388170918973628 361.70556415629108 73.387064384878613 5670.812341005425 386.27813918801257 258.68313369504176
leaf_count=731 2035833 61110 642 7992 36461 11863 1478 2747 9726 8433 5576 3856 14965 48684
internal_value=-0.000132473 0.0415049 -0.0468311 0.00626241 -0.013263 0.0145909 0.0499276 -0.050946 -0.00155932 -0.00150386 -0.0338946 0.0513079 -0.00701605 -0.0305088
internal_weight=15192.7 8031.58 7161.1 1549.24 781.973 1348.07 6482.34 6379.12 498.939 454.248 283.034 6012.59 445.666 303.895
internal_count=2250097 95463 2154634 89398 67370 28288 6065 2087264 25333 20296 42037 4587 24691 51431
is_linear=0
shrinkage=0.05


Tree=26
num_leaves=15
num_cat=0
split_feature=33 22 33 1 24 22 31 22 3 4 3 3 4 4
split_gain=11191.8 1089.51 343.918 167.952 82.1869 72.8634 63.933 52.8392 38.2402 38.0695 31.8793 30.8293 30.4373 27.8321
threshold=5.5000000000000009 0.65644097328186046 2.5000000000000004 3.5000000000000004 1.399136006832123 0.75462436676025402 -1.0000000180025095e-35 0.69876605272293102 0.027705729007720951 0.067336261272430434 0.16614201664924624 0.027705729007720951 0.030667155981063846 0.026768505573272709
decision_type=8 10 10 8 10 10 10 10 10 10 10 10 8 10
left_child=2 4 6 -3 -2 -5 11 12 -8 -10 -6 13 -4 -1
right_child=1 3 7 5 10 -7 8 -9 9 -11 -12 -13 -14 -15
leaf_value=0.024511195787971566 -0.051046244403918743 0.048468448210092059 0.0042700825900857308 -0.01308795573724628 -0.022407777863727406 0.019222927243656266 0.051999525805053903 0.022233723124614926 0.042501647214381044 -0.017893346859713655 -0.052491543074994443 -0.025316371621997596 -0.036141593785863173 0.048457146200827
leaf_weight=287.45893458346836 6191.8794873403967 183.33691425691359 180.74569879216142 632.31270179059356 225.57396777975373 240.97899578197394 5022.4907690417022 502.1702483817935 839.26137763657607 26.929751761024818 90.222057990729809 22.422180648078211 62.77766361751128 209.98655683774268
leaf_count=1271 2131182 347 3896 44253 24879 2848 3763 3784 1911 767 24478 781 5427 282
internal_value=0.000270766 -0.042131 0.0451029 0.00496172 -0.0497773 -0.00417198 0.0488424 0.0129651 0.0503262 0.040624 -0.0248964 0.0320344 -0.00614761 0.0346195
internal_weight=14718.5 7564.3 7154.24 1056.63 6507.68 873.292 6408.55 745.694 5888.68 866.191 315.796 519.868 243.523 497.445
internal_count=2249869 2227987 21882 47448 2180539 47101 8775 13107 6441 2678 49357 2334 9323 1553
is_linear=0
shrinkage=0.05


Tree=27
num_leaves=15
num_cat=0
split_feature=32 32 33 24 22 33 3 3 22 16 31 30 31 4
split_gain=10546.1 678.419 517.216 310.495 100.341 82.1595 77.6987 44.8195 37.011 55.5974 36.2362 33.412 32.1966 24.4849
threshold=1.2424533367156985 1.0000000180025095e-35 29.500000000000004 1.2129694223403933 0.67294281721115123 2.5000000000000004 0.027705729007720951 0.11280322074890138 0.75462436676025402 3.8176519870758061 -1.0000000180025095e-35 0.20776376128196719 -0.28282572329044336 0.024898648262023929
decision_type=10 8 10 8 10 10 8 10 10 10 10 10 8 10
left_child=1 5 4 -3 7 10 12 11 9 -8 13 -2 -5 -1
right_child=2 3 -4 6 -6 -7 8 -9 -10 -11 -12 -13 -14 -15
leaf_value=0.021932162299133383 -0.012864043265057665 -0.047249573940072676 -0.050954188787871904 0.013823432942224349 0.0022008932622821316 0.022967456337869927 0.012145233661725279 -0.04794273333355753 0.023406452696013144 -0.025189697949759223 0.05177444351505537 -0.044779190219606135 0.04271046686648923 0.047229636872782553
leaf_weight=173.1109070146922 299.21900921710767 196.43546896288171 5682.8211890437524 129.17951383127365 526.54220845550299 281.18758188362699 304.42732857906958 188.87565350427758 309.30953006423078 140.16419493494323 5170.2073680597823 93.401322454505134 380.8236747966148 213.75897768314462
leaf_count=632 25983 67860 2051695 1356 17081 1514 7066 45043 1922 5771 3748 18763 814 283
internal_value=-1.47492e-05 0.0417117 -0.0448611 0.0112318 -0.0136112 0.0493358 0.0203209 -0.027929 0.0101245 0.000884015 0.05067 -0.0183011 0.0353936 0.0359099
internal_weight=14089.5 7298.6 6790.86 1460.34 1108.04 5838.26 1263.9 581.496 753.901 444.592 5557.08 392.62 510.003 386.87
internal_count=2249531 90966 2158565 84789 106870 6177 16929 89789 14759 12837 4663 44746 2170 915
is_linear=0
shrinkage=0.05


Tree=28
num_leaves=15
num_cat=0
split_feature=32 23 32 3 33 29 4 23 4 31 15 27 14 33
split_gain=9844.43 990.029 365.362 173.861 87.7124 69.3018 58.5617 55.0186 47.4668 43.9641 42.4684 28.8467 35.7875 28.2136
threshold=1.2424533367156985 19.500000000000004 1.0000000180025095e-35 0.057563573122024543 2.5000000000000004 2.2198599576950078 0.040150046348571784 2.5000000000000004 0.040150046348571784 -1.0000000180025095e-35 1.0000000180025095e-35 3.4248991012573247 1.0000000180025095e-35 2.5000000000000004
decision_type=8 8 10 8 10 10 10 10 10 10 10 10 10 10
left_child=2 3 4 7 9 -3 11 -2 13 -1 -7 12 -5 -4
right_child=1 5 8 6 -6 10 -8 -9 -10 -11 -12 -13 -14 -15
leaf_value=0.033861525740427036 0.048202422577572089 -0.051110582249953997 0.028369548716606709 -0.028887143544909285 0.020886831401084258 -0.039961587491444683 -0.041943917870043146 0.011798844285689428 -0.015595129243587455 0.051511650297484085 -0.0011900723942315625 0.027597523231366206 -0.00073085321600299821 0.010272013719372822
leaf_weight=380.05448986688862 169.26204297831282 5519.1698830484529 439.98220387462061 173.22000543173635 267.21156561444513 213.73336026957259 150.27792702184524 268.33372947957832 108.39419563254341 4921.8269660238875 105.48686399642611 55.067332742619328 323.84155995084438 421.83008061279543
leaf_count=950 139 2108778 1855 16878 1503 42533 27441 4775 6308 3743 10222 1934 16387 6808
internal_value=-0.000173642 -0.0414786 0.0439048 0.00114108 0.0488377 -0.0498005 -0.014271 0.0258797 0.0155892 0.0502464 -0.0271495 -0.00673899 -0.010543 0.0195114
internal_weight=13517.7 6978.39 6539.3 1140 5569.09 5838.39 702.407 437.596 970.206 5301.88 319.22 552.129 497.062 861.812
internal_count=2250254 2229087 21167 67554 6196 2161533 62640 4914 14971 4693 52755 35199 33265 8663
is_linear=0
shrinkage=0.05


Tree=29
num_leaves=15
num_cat=0
split_feature=32 23 32 3 33 23 33 4 31 4 18 17 0 23
split_gain=9352.17 925.46 362.353 180.29 79.8466 71.9072 66.86 45.2785 39.8629 36.8743 32.6702 30.5709 26.9509 24.4993
threshold=1.2424533367156985 19.500000000000004 1.0000000180025095e-35 0.067805409431457533 2.5000000000000004 2.5000000000000004 29.500000000000004 0.040150046348571784 -1.0000000180025095e-35 0.040150046348571784 0.34559865295886999 4.8559212684631357 0.69487303495407116 2.5000000000000004
decision_type=8 8 10 8 10 10 8 10 10 10 10 8 10 8
left_child=2 3 4 5 8 -2 12 10 -1 13 -5 -7 -3 -4
right_child=1 6 9 7 -6 11 -8 -9 -10 -11 -12 -13 -14 -15
leaf_value=0.03427362893996598 0.047246636755532409 -0.036851118333119548 0.026852681858911542 -0.003469848424814253 0.022071733691822498 -0.026897108158022539 -0.050906363952746198 -0.043269886857761675 0.051302950505592609 -0.012061266076208142 -0.035397271584707624 0.014757464045745031 -0.0056291355276985901 0.0098919182116308998
leaf_weight=370.59376414830331 182.90378544456325 247.46164688584395 451.16832575656008 353.82956851262134 268.14109886519145 52.216601905063726 5233.1866620141664 139.17462997918483 4726.3656806851504 108.77108889294323 103.57958833727753 281.55586106423289 95.905210945638828 403.18003002158366
leaf_count=925 167 54140 2277 22019 1516 1957 2098075 27261 3766 6262 11124 4906 9559 6420
internal_value=2.32093e-05 -0.0411948 0.0435964 0.000427504 0.0486657 0.0220489 -0.049504 -0.0182979 0.0500648 0.0153578 -0.0106998 0.00824087 -0.0281306 0.0188486
internal_weight=13018 6689.81 6328.22 1113.26 5365.1 516.676 5576.55 596.584 5096.96 963.119 457.409 333.772 343.367 854.348
internal_count=2250374 2229208 21166 67434 6207 7030 2161774 60404 4691 14959 33143 6863 63699 8697
is_linear=0
shrinkage=0.05


Tree=30
num_leaves=15
num_cat=0
split_feature=32 32 29 22 33 22 3 31 18 22 33 3 3 7
split_gain=8734.69 646.045 471.707 267.832 79.519 69.8911 66.6212 50.6192 40.2678 37.2418 31.5868 28.8052 26.7881 25.7107
threshold=1.2424533367156985 1.0000000180025095e-35 2.2198599576950078 0.59037905931472789 2.5000000000000004 0.67294281721115123 0.027705729007720951 -1.0000000180025095e-35 0.16305252164602282 0.63311594724655162 2.5000000000000004 0.12657713890075686 0.047111183404922492 21.867147445678714
decision_type=10 8 10 8 10 10 8 10 10 10 10 10 10 10
left_child=1 4 9 12 7 8 10 13 -4 -2 -5 -8 -3 -1
right_child=2 3 5 6 -6 -7 11 -9 -10 -11 -12 -13 -14 -15
leaf_value=0.018412781480748538 -0.05102962998711652 -0.012390184977969093 -0.012447588066461998 0.038188343549266139 0.021480218487108502 0.00077662045659673178 0.012622304155121798 0.051163148009924914 -0.038581001387622431 -0.030505805345136652 -0.00019889189271964937 -0.012390184977969093 -0.052244721511387086 0.045219655662700996
leaf_weight=181.53332367015537 4744.6574051175849 36.380356374138501 223.66553593461867 412.84987044578884 262.89158329041675 500.3434323144611 614.6503432476311 4477.5043540667975 275.12477794429287 231.8312328690663 61.582072468940169 76.528711509890854 165.83225596498232 176.32742087752558
leaf_count=673 2018573 2401 26762 1174 1499 16881 8088 3748 49021 47552 1112 6508 65467 256
internal_value=-0.000199412 0.0400746 -0.043779 0.00956217 0.0482608 -0.012427 0.0187776 0.0497169 -0.0256718 -0.0500735 0.0332056 0.008874 -0.0435579 0.0316212
internal_weight=12441.7 6466.08 5975.62 1367.82 5098.26 999.134 1165.61 4835.37 498.79 4976.49 474.432 691.179 202.213 357.861
internal_count=2249715 90926 2158789 84750 6176 92664 16882 4677 75783 2066125 2286 14596 67868 929
is_linear=0
shrinkage=0.05


Tree=31
num_leaves=15
num_cat=0
split_feature=33 32 24 3 4 22 18 33 22 18 33 1 16 24
split_gain=8208.07 695.558 460.423 253.237 74.9606 61.5122 52.9921 36.1889 33.2539 29.479 28.1732 27.5532 24.8665 23.5713
threshold=5.5000000000000009 1.0000000180025095e-35 1.3159175515174868 0.10397109389305116 0.056016713380813606 0.7193230688571931 0.4194773137569428 2.5000000000000004 0.66414529085159313 0.21488787233829501 20.500000000000004 1.5000000000000002 3.0201274156570439 1.7414228320121767
decision_type=10 8 10 10 10 8 10 10 10 8 10 8 8 10
left_child=1 7 10 5 6 9 13 -1 -5 -3 -2 -7 -10 -4
right_child=2 3 4 8 -6 11 -8 -9 12 -11 -12 -13 -14 -15
leaf_value=0.049633310023980304 -0.028704236295322816 0.014190749136396692 -0.010022335577057642 -0.052038622611197696 -0.05225580795018895 0.050160823715845682 -0.033974295095421519 0.026246355751405295 0.033247683485447835 -0.011650923565698676 -0.050567413858668087 0.022840319907089929 -0.0299230961442154 0.0082145099479285656
leaf_weight=4604.006054159312 152.24176217132481 265.41881278104847 377.35287224390777 161.11429312289692 103.29827501362888 107.26045100856572 152.10266578552546 171.57664153841324 22.652356777340174 188.90663664898602 4585.5332688747148 661.02510998951038 35.064617365365848 334.02282534877304
leaf_count=4628 26178 7147 40443 63853 29694 82 18794 661 354 8856 2034203 4081 1897 9238
internal_value=-0.000136543 0.0396049 -0.0434481 0.00916378 -0.0120024 0.0180301 -0.00718687 0.0487931 -0.0403726 0.00344589 -0.0498649 0.0266545 -0.00780757 -0.00145932
internal_weight=11921.6 6217.02 5704.55 1441.44 966.777 1222.61 863.478 4775.58 218.831 454.325 4737.78 768.286 57.717 711.376
internal_count=2250109 91559 2158550 86270 98169 20166 68475 5289 66104 16003 2060381 4163 2251 49681
is_linear=0
shrinkage=0.05


Tree=32
num_leaves=15
num_cat=0
split_feature=23 32 33 3 3 3 8 31 22 23 18 18 31 24
split_gain=7783.22 842.458 327.825 174.898 72.2972 70.2654 56.2218 44.2852 40.4827 38.0081 34.1335 29.3862 28.4533 24.5072
threshold=7.5000000000000009 1.0000000180025095e-35 29.500000000000004 0.12657713890075686 0.11280322074890138 0.10259878635406496 8.5000000000000018 -1.0000000180025095e-35 0.63311594724655162 2.5000000000000004 0.28456890583038336 0.31814187765121466 3.9654691219329838 1.0268613100051882
decision_type=10 10 8 10 10 10 8 10 10 8 8 8 10 8
left_child=1 5 4 9 6 7 -2 -1 -4 -3 -11 13 -5 -8
right_child=2 3 8 12 -6 -7 11 -9 -10 10 -12 -13 -14 -15
leaf_value=0.034498368712885162 0.040692537415105791 0.023017215682996431 -0.050869915349055217 -0.046877812582455464 -0.046468919340990233 0.011299852801886074 -0.0521350468540141 0.050488780872097773 -0.028472941649779877 0.011652395201040628 -0.012933447872328158 -0.029065816921408263 -0.010431475092145899 -0.0019956232920333543
leaf_weight=482.27821259587654 54.296199952601455 442.07778349507134 4254.2612163921876 165.30199235095643 150.38779651990626 127.92842987808399 25.983009672636399 4236.8880117833032 211.80284658883465 458.84543127875077 203.90936954692006 184.28417128624278 79.211747277295217 392.83760316722328
leaf_count=1186 1106 2605 2011318 58437 42640 851 8005 4044 46921 12569 10239 20918 5568 23584
internal_value=0.0001386 0.0381361 -0.0445061 0.00319377 -0.0151944 0.0478635 -0.00804 0.0488546 -0.0498077 0.0116622 0.00408808 -0.0124273 -0.0350708 -0.0051062
internal_weight=11470.3 6196.44 5273.85 1349.35 807.789 4847.09 657.401 4719.17 4466.06 1104.83 662.755 603.105 244.514 418.821
internal_count=2249991 95499 2154492 89418 96253 6081 53613 5230 2058239 25413 22808 52507 64005 31589
is_linear=0
shrinkage=0.05


Tree=33
num_leaves=15
num_cat=0
split_feature=23 32 24 32 0 33 31 22 10 26 14 18 28 9
split_gain=7207.22 790.671 329.467 153.953 71.7128 63.7187 45.6065 43.7929 40.3372 39.3835 32.3646 31.4856 39.8823 27.3994
threshold=7.5000000000000009 1.0000000180025095e-35 1.1941305398941042 2.7403194904327397 0.63151901960372936 2.5000000000000004 -1.0000000180025095e-35 0.7193230688571931 0.030047404579818252 0.12132352963089944 1.0000000180025095e-35 0.31113496422767645 2.5000000000000004 0.28020195662975317
decision_type=10 10 10 10 8 8 10 10 10 8 10 8 10 10
left_child=1 5 8 7 -4 6 -1 9 -2 10 -3 12 -6 -7
right_child=2 3 4 -5 11 13 -8 -9 -10 -11 -12 -13 -14 -15
leaf_value=0.029453963119018101 -0.050598166840604808 -0.033021418335675352 -0.034662245893065956 -0.049154892872607422 -0.0069178558798264804 0.019815114074960106 0.050597194469459428 0.017005669378353596 0.037304381529023538 0.0073505390941122134 0.0029281359091357885 -0.020367876342588177 0.030794576073593306 0.045653731078019871
leaf_weight=273.21597267655306 4081.5483174412511 137.46679150295677 359.76038707533735 125.849831715459 308.88534899486694 281.52678134955931 3835.8212946710992 704.36909374489915 13.092822395323308 251.04249777313089 114.96654602140188 162.4774539238424 90.688041197776329 161.42996804579161
leaf_count=644 2011747 9450 102869 61418 21451 1344 3727 7102 485 7254 4022 15605 2836 330
internal_value=-0.000202243 0.0373294 -0.0442373 0.00347293 -0.017231 0.0472491 0.0491913 0.00895642 -0.0503171 -0.00230459 -0.0166488 -0.00607351 0.00164144 0.0292317
internal_weight=10902.1 5885.69 5016.45 1333.69 921.811 4551.99 4109.04 1207.84 4094.64 503.476 252.433 562.051 399.573 442.957
internal_count=2250284 95291 2154993 89246 142761 6045 4371 27828 2012232 20726 13472 39892 24287 1674
is_linear=0
shrinkage=0.05


Tree=34
num_leaves=15
num_cat=0
split_feature=23 32 29 32 33 22 31 33 8 4 10 4 27 4
split_gain=6800.38 759.407 302.358 145.368 70.375 55.7684 44.762 41.765 38.4596 38.1584 33.834 29.3059 24.3505 23.2907
threshold=7.5000000000000009 1.0000000180025095e-35 2.3808401823043828 2.7403194904327397 2.5000000000000004 0.63311594724655162 -1.0000000180025095e-35 5.5000000000000009 6.5000000000000009 0.048048734664916999 0.010752825997769834 0.020770788192749027 4.1806299686431894 0.040150046348571784
decision_type=10 10 10 10 8 10 10 10 8 10 10 8 10 10
left_child=1 4 5 7 6 -2 -1 11 -4 12 -6 -3 -10 -9
right_child=2 3 8 -5 10 -7 -8 13 9 -11 -12 -13 -14 -15
leaf_value=0.02953244902039617 -0.050403253047956204 0.021770354318069153 0.034505914689119906 -0.048921218518477388 0.01599276214220818 -0.026177879262887421 0.050501752604685958 -0.0010119235440557012 -0.014116415968246854 -0.047919460097764294 0.045223511244654964 0.0020584470410533523 0.020379276809777698 -0.042655444981007679
leaf_weight=273.39585677467403 3881.2986303389189 551.19034705986269 41.675974641228095 119.48885617830092 253.11183461011387 253.05679153517121 3681.468689305766 320.70411766762845 460.984211905743 77.423024628020357 162.58321543817874 286.5957985810237 57.54472530412022 37.502151848573703
leaf_count=657 2041342 4002 1292 61408 1293 53237 3763 10344 36196 19719 367 6789 2330 6867
internal_value=3.38237e-05 0.0369704 -0.0439778 0.00366392 0.0469952 -0.0489205 0.0490522 0.00891758 -0.0119297 -0.0151771 0.0274253 0.0150272 -0.0102882 -0.00537176
internal_weight=10458 5686.04 4771.98 1315.48 4370.56 4134.36 3954.86 1195.99 637.628 595.952 415.695 837.786 518.529 358.206
internal_count=2249606 95490 2154116 89410 6080 2094579 4420 28002 59537 58245 1660 10791 38526 17211
is_linear=0
shrinkage=0.05


Tree=35
num_leaves=15
num_cat=0
split_feature=33 22 32 23 31 4 3 4 3 26 22 33 33 9
split_gain=6352.37 700.984 390.235 165.489 80.9386 44.6348 40.444 39.2572 35.8522 29.541 28.978 28.852 27.4927 21.1789
threshold=5.5000000000000009 0.61653393507003795 1.0000000180025095e-35 2.5000000000000004 -1.0000000180025095e-35 0.026768505573272709 0.027705729007720951 0.020770788192749027 0.12657713890075686 0.080128207802772536 0.69876605272293102 20.500000000000004 2.5000000000000004 0.38836288452148443
decision_type=8 10 10 10 10 10 8 10 8 10 10 8 10 10
left_child=2 11 4 6 5 9 -3 13 -5 -1 -9 -2 -6 -4
right_child=1 3 7 8 12 -7 -8 10 -10 -11 -12 -13 -14 -15
leaf_value=-0.0092187480785036191 -0.030174041484141725 0.048591575072930701 0.013575295050258658 -0.0086249199306303332 0.05036662861695701 0.042850946631458546 0.011545773958530207 -0.024321615775792081 -0.027064073494949083 0.034579002994356546 0.0084547848693875462 -0.050251157000528006 0.026708402070535195 0.034049717602625318
leaf_weight=111.74555269489065 187.95055192607106 124.96111600275617 508.59520255355164 552.33075612742687 3513.7349124546163 156.50863454196951 179.50870086916257 104.7544265773613 289.44018077297369 58.736811635550112 189.28854433679953 3733.4881414207048 127.24525821337011 168.03423076483887
leaf_count=799 38701 114 5669 41763 3790 302 1418 7347 71414 187 2443 2074649 283 1068
internal_value=9.28516e-05 -0.039235 0.0404482 -0.00483927 0.0473998 0.0235708 0.0267502 0.0120313 -0.0162652 0.00587103 -0.00322199 -0.0492889 0.0495398 0.0186599
internal_weight=10006.3 5067.68 4938.64 1146.24 3967.97 326.991 304.47 970.672 841.771 170.482 294.043 3921.44 3640.98 676.629
internal_count=2249947 2228059 21888 114709 5361 1288 1532 16527 113177 986 9790 2113350 4073 6737
is_linear=0
shrinkage=0.05


Tree=36
num_leaves=15
num_cat=0
split_feature=32 23 29 33 23 32 4 18 18 9 10 8 30 22
split_gain=5914.53 577.583 393.902 139.453 110.188 61.7631 53.7715 36.5696 34.7317 32.6084 25.5248 24.8767 24.5599 23.6484
threshold=1.2424533367156985 2.5000000000000004 2.1724883317947392 2.5000000000000004 55.500000000000007 1.0000000180025095e-35 0.048604339361190803 0.26330947875976568 0.35334102809429174 0.90752768516540538 0.027814932167530063 6.5000000000000009 -0.16339918226003644 0.60369744896888744
decision_type=10 10 10 10 10 10 10 8 10 10 10 8 10 10
left_child=1 3 13 5 7 -1 8 10 11 -6 -3 -4 -13 -2
right_child=2 4 6 -5 9 -7 -8 -9 -10 -11 -12 12 -14 -15
leaf_value=0.049281495661523525 -0.050374355721112866 0.0094536919408761827 0.045584932419280154 0.016152519786336431 -0.050229612920954292 0.024489962598585845 -0.044351847254463804 -0.0093646044168851431 -0.027309486377420741 0.048029883078402349 0.04171385860657878 0.0023450762790153614 -0.019566127795594124 -0.034882221501800849
leaf_weight=3565.9693051415961 3302.6839608553419 335.15726727651781 25.931741903652437 389.97952690953389 124.43454207776813 270.26519624108914 115.98079537006561 235.50228171539493 179.61343161042896 9.0580865626689029 75.044168617110699 413.1641482434934 185.22266956421663 266.18428501675953
leaf_count=4346 1958355 8262 477 3190 65276 1781 34704 7254 22696 168 470 21249 22148 99440
internal_value=-2.58489e-05 0.0373461 -0.041699 0.0446391 -0.00220967 0.0475349 -0.0125253 0.00633955 -0.00793381 -0.0435623 0.0153555 -0.00235952 -0.00443725 -0.0492189
internal_weight=9494.19 5005.41 4488.78 4226.21 779.196 3836.23 919.913 645.704 803.932 133.493 410.201 624.319 598.387 3568.87
internal_count=2249816 90747 2159069 9317 81430 6127 101274 15986 66570 65444 8732 43874 43397 2057795
is_linear=0
shrinkage=0.05


Tree=37
num_leaves=15
num_cat=0
split_feature=23 29 32 22 32 3 18 29 4 3 23 18 16 9
split_gain=5444.58 639.393 331.115 109.114 98.9096 75.5667 50.9639 35.2385 33.4856 33.1206 32.904 29.28 24.7131 23.5331
threshold=4.5000000000000009 2.4479967355728154 1.0000000180025095e-35 0.63311594724655162 1.0000000180025095e-35 0.10259878635406496 0.32864509522914892 4.0631101131439218 0.048048734664916999 0.064819753170013442 2.5000000000000004 0.3776515424251557 4.7405652999877939 0.69662168622016918
decision_type=8 10 10 10 10 10 10 10 10 8 10 10 10 10
left_child=2 3 5 -2 7 10 8 11 13 -4 -1 -3 -7 -6
right_child=1 4 9 -5 6 12 -8 -9 -10 -11 -12 -13 -14 -15
leaf_value=0.048588784635436408 -0.049723943156536665 0.010665315859068639 0.019589952682992535 -0.019002569270699425 -0.0015520165052701593 0.013158331546922711 -0.032839284503754861 0.042647257051355192 -0.039705518612402034 -0.0010224074183979399 0.018537065890081163 -0.09349548922993231 -0.065217282946541111 0.041978650903293432
leaf_weight=3372.0443591437943 3387.1001657275774 63.980641009053215 462.89828697708435 315.99048494416638 486.44724934158148 93.979404781479388 185.68255271032103 143.39840847277083 55.282085522834677 336.60156939225271 93.614466461236589 7.5422038587275884 11.26328004139941 33.164371189079247
leaf_count=4372 2112114 660 2938 57785 24416 457 23103 283 13532 9237 367 261 101 489
internal_value=-0.000130664 -0.0376155 0.0399975 -0.0471024 -0.00160196 0.0465095 -0.0100653 0.0283488 -0.00270969 0.0109118 0.047777 -0.000318616 0.00477042 0.00122634
internal_weight=9048.99 4678.59 4370.4 3703.09 975.498 3570.9 760.576 214.921 574.894 799.5 3465.66 71.5228 105.243 519.612
internal_count=2250115 2232643 17472 2169899 62744 5297 61540 1204 38437 12175 4739 921 558 24905
is_linear=0
shrinkage=0.05


Tree=38
num_leaves=15
num_cat=0
split_feature=23 32 29 3 3 22 22 23 27 10 18 3 1 14
split_gain=5080.9 651.81 273.964 114.776 95.6438 53.3611 46.7219 46.4991 45.8471 43.6207 26.8518 24.6667 23.1935 21.3533
threshold=7.5000000000000009 1.0000000180025095e-35 2.3808401823043828 0.16417610645294192 0.073213517665863051 0.63311594724655162 0.75462436676025402 2.5000000000000004 2.0270251035690312 0.027814932167530063 0.2075573727488518 0.11280322074890138 4.5000000000000009 1.0000000180025095e-35
decision_type=10 10 10 10 10 10 10 10 8 10 8 8 8 10
left_child=1 4 5 6 7 -2 8 -1 10 11 13 -4 -7 -3
right_child=2 3 9 -5 -6 12 -8 -9 -10 -11 -12 -13 -14 -15
leaf_value=0.04879376021211343 -0.049808626860550057 -0.018308713376205946 -0.010778282741607068 -0.044969381605382462 0.014027786338843906 0.04963416750560435 0.021450087961141701 0.019901811538488301 0.010660436711708779 0.03111173298951855 -0.028122036214535451 -0.03973847538537989 -0.028285228935643558 0.010660436711708779
leaf_weight=3185.3304818058677 3060.2909508610028 97.431479212013073 450.63500921591185 114.11883009166922 227.58121095731622 9.9797134932596219 395.17128491494805 145.62837849266361 316.58806434186408 55.342868810519576 155.11958843667526 87.863485219539143 221.92292086000089 117.59932692960138
leaf_count=4308 2041701 6286 33238 49894 1193 66 3058 566 12085 1872 13791 24581 53155 4204
internal_value=-7.71543e-06 0.0346553 -0.0424179 0.00272223 0.045388 -0.0480563 0.0077527 0.0475306 -0.000129215 -0.0111592 -0.0122664 -0.0155035 -0.024932 -0.000828373
internal_weight=8640.6 4754.57 3886.03 1196.03 3558.54 3292.19 1081.91 3330.96 686.738 593.841 370.15 538.498 231.903 215.031
internal_count=2249998 95385 2154613 89318 6067 2094922 39424 4874 36366 59691 24281 57819 53221 10490
is_linear=0
shrinkage=0.05


Tree=39
num_leaves=15
num_cat=0
split_feature=32 32 24 22 29 0 1 31 4 8 31 18 28 16
split_gain=4714.27 447.682 363.449 148.496 81.2889 57.1616 45.2912 34.3013 31.8909 27.8106 26.3993 25.1705 24.659 25.0213
threshold=1.2424533367156985 1.0000000180025095e-35 1.1941305398941042 0.59037905931472789 4.0631101131439218 0.59868362545967113 1.5000000000000002 -1.0000000180025095e-35 0.033254861831665046 6.5000000000000009 -1.7989253997802732 0.17784745991230014 2.5000000000000004 3.6762205362319951
decision_type=10 8 10 8 10 8 8 10 10 8 10 10 10 8
left_child=1 4 -2 -3 10 -4 -5 -6 12 -7 -1 -11 13 -8
right_child=2 3 5 6 7 9 8 -9 -10 11 -12 -13 -14 -15
leaf_value=-0.0080883045336618484 -0.049307130086548162 -0.040708888352563588 -0.036440275337401594 0.049200291606821871 0.029098519527441264 0.038262799128004316 0.020413016920014695 0.04992110194554493 -0.011127673753535626 -0.00030152028392537583 0.030070060765456472 -0.01896973388826504 0.028333819242757026 -0.0019049470484919725
leaf_weight=50.626264366554096 2876.8111726337956 136.19761927783838 219.20278538492857 88.195768334437162 214.469766668597 31.887315192725509 249.4572540789668 2541.4668629347289 131.16472592245555 368.41105785546824 432.98450495942961 354.12028034267132 252.38977471887483 252.90913863413152
leaf_count=1060 2007127 67787 82562 121 627 954 3505 3323 5581 27550 1143 39748 1851 5838
internal_value=-7.59593e-05 0.0355921 -0.0403704 0.008193 0.0449828 -0.0139647 0.0150303 0.0483007 0.0116286 -0.00743427 0.0260755 -0.00945101 0.0155833 0.00917736
internal_weight=8200.29 4349.86 3850.43 1110.31 3239.55 973.621 974.117 2755.94 885.921 754.419 483.611 722.531 754.756 502.366
internal_count=2248777 90836 2157941 84683 6153 150814 16896 3950 16775 68252 2203 67298 11194 9343
is_linear=0
shrinkage=0.05


Tree=40
num_leaves=15
num_cat=0
split_feature=23 33 29 23 33 3 1 3 4 28 4 11 22 16
split_gain=4379.7 569.829 286.233 114.624 81.739 55.0624 43.1304 42.2888 41.1853 36.2153 34.6303 32.8334 32.6936 34.4903
threshold=7.5000000000000009 2.5000000000000004 2.1724883317947392 2.5000000000000004 87.500000000000014 0.039519160985946662 4.5000000000000009 0.11280322074890138 0.056016713380813606 2.5000000000000004 0.067336261272430434 inf 0.75462436676025402 3.6242519617080693
decision_type=10 10 10 10 10 10 8 10 10 10 10 8 10 8
left_child=1 3 6 5 8 -1 -2 9 12 11 -7 -4 13 -3
right_child=2 4 7 -5 -6 10 -8 -9 -10 -11 -12 -13 -14 -15
leaf_value=0.048447063946728874 0.0275642629372666 0.0080660683000554623 -0.034114760768889064 0.012575060294861294 -0.048180057217671705 0.031748920277865272 -0.048872588900587405 -0.041408423306123238 -0.052739288573602217 0.014970450906494731 -0.02941096429037093 -0.0043756083004070608 0.018002434613337018 -0.016311262163401671
leaf_weight=2764.9592958014109 18.57711948150245 276.00353659311077 137.56277734547621 278.00960634881631 81.194553808774799 324.85342573432717 2811.1361159270891 103.63587380346144 30.623513228318188 144.14735520794056 24.920893407892436 285.29055492214684 350.6726574607892 229.002603097877
leaf_count=4442 2170 8727 20659 2542 54363 1158 2061164 39680 10051 8545 603 22267 2708 10835
internal_value=0.000244543 0.0336845 -0.0414102 0.0433369 -0.000163898 0.0460826 -0.0483708 -0.0120403 0.00423488 -0.00667246 0.0273914 -0.0140504 0.00627391 -0.0018703
internal_weight=7860.59 4360.24 3500.35 3392.74 967.497 3114.73 2829.71 670.637 886.302 567.001 349.774 422.853 855.679 505.006
internal_count=2249914 95429 2154485 8745 86684 6203 2063334 91151 32321 51471 1761 42926 22270 19562
is_linear=0
shrinkage=0.05


Tree=41
num_leaves=15
num_cat=0
split_feature=23 32 24 3 32 3 31 10 3 23 18 28 18 15
split_gain=4041.07 564.196 263.132 105.875 89.2186 53.4096 51.223 48.7462 36.2177 24.7172 22.9842 22.6776 21.6488 21.2201
threshold=7.5000000000000009 1.0000000180025095e-35 1.1941305398941042 0.057563573122024543 2.7403194904327397 0.079801529645919814 -0.68914487957954396 0.030047404579818252 0.07551178336143495 2.5000000000000004 0.34559865295886999 2.5000000000000004 0.29427438974380499 1.0000000180025095e-35
decision_type=10 10 10 10 10 10 8 10 8 8 10 10 10 10
left_child=1 3 7 6 8 11 -1 -2 9 -3 -10 -4 -13 -7
right_child=2 4 5 -5 -6 13 -8 -9 10 -11 -12 12 -14 -15
leaf_value=0.024332509594521424 -0.04945696195247383 0.024808991437028999 -0.0095188027110808399 0.016358052410681851 -0.048327088801092266 -0.036396489725339973 0.049232845193831178 0.042472060860995274 0.00090681325916812123 0.0050220903646082914 -0.028124476591498401 0.031371214065070818 -0.02112047198974212 -0.0094772971963286504
leaf_weight=225.15701319009531 2539.564169469093 281.58908828615677 278.54092035425128 310.53216783152311 80.315653079247568 262.1620691447315 2497.2893813005066 14.502675464842467 307.53821340299328 359.09883838437963 87.595368390902877 76.704115287284367 26.40382295998279 101.57308117349748
leaf_count=726 2010981 1465 17194 1457 61470 102925 3895 469 13913 5675 6905 1675 1684 19081
internal_value=-8.06504e-06 0.0328336 -0.041307 0.0440184 0.00243989 -0.0151696 0.0471735 -0.048935 0.00637627 0.0137186 -0.005529 -0.00210334 0.0179292 -0.0288793
internal_weight=7448.57 4149.12 3299.45 3032.98 1116.14 745.384 2722.45 2554.07 1035.82 640.688 395.134 381.649 103.108 363.735
internal_count=2249515 95506 2154009 6078 89428 142559 4621 2011450 27958 7140 20818 20553 3359 122006
is_linear=0
shrinkage=0.05


Tree=42
num_leaves=15
num_cat=0
split_feature=23 33 22 23 3 3 3 22 33 4 18 10 3 30
split_gain=3727.72 553.27 226.048 107.981 79.6054 60.6808 40.3385 37.8701 31.6442 31.4046 30.5529 27.7657 21.693 21.3019
threshold=9.5000000000000018 2.5000000000000004 0.61300817131996166 2.5000000000000004 0.16227272152900699 0.039519160985946662 0.11280322074890138 0.7193230688571931 20.500000000000004 0.048604339361190803 0.28456890583038336 0.028953939676284794 0.1053421199321747 -0.44098287820816034
decision_type=10 10 10 10 10 10 10 10 8 10 10 10 10 8
left_child=1 3 8 5 7 -1 11 10 -2 13 -3 -4 -11 -7
right_child=2 4 6 -5 -6 9 -8 -9 -10 12 -12 -13 -14 -15
leaf_value=0.047658659515335218 -0.030822053491556225 0.001008363973777536 -0.007780598059438518 0.013299389513996528 -0.039157178872612955 0.037831906133754527 -0.030822053491556225 0.013187725881564333 -0.049900698278169175 0.0075357147031056759 -0.030984255279909407 0.048125693678748568 -0.067114015229314261 0.00027571206975618494
leaf_weight=2446.217529316229 136.8821545985993 275.44360431618406 369.60125861720007 298.81620264891535 119.1122885858058 233.44336431485135 162.82128897945222 514.50823711347766 2321.4570380596488 42.578949082264444 102.35882807045709 23.628718230989762 12.615447288146241 45.041835629148409
leaf_count=4430 33669 19628 34635 3062 53773 689 74822 5931 2002563 396 15694 210 459 246
internal_value=0.000227555 0.03132 -0.0419609 0.0418603 -0.000763946 0.0449303 -0.0131714 0.00436107 -0.0484727 0.0249288 -0.00765947 -0.00442126 -0.00952652 0.0317576
internal_weight=7104.53 4090.14 3014.39 3078.71 1011.42 2779.9 556.051 892.311 2458.34 333.68 377.802 393.23 55.1944 278.485
internal_count=2250207 104308 2145899 9282 95026 6220 109667 41253 2036232 1790 35322 34845 855 935
is_linear=0
shrinkage=0.05


Tree=43
num_leaves=15
num_cat=0
split_feature=23 32 22 29 32 27 22 4 31 24 0 18 4 33
split_gain=3409.68 638.013 129.448 100.616 72.4946 41.5793 37.8012 33.9723 33.5113 33.1988 30.6688 27.0755 21.6991 21.2575
threshold=14.500000000000002 1.0000000180025095e-35 0.61300817131996166 4.0631101131439218 2.7403194904327397 2.9892170429229741 0.75462436676025402 0.040150046348571784 -1.0000000180025095e-35 1.9989223480224612 0.66627684235572826 0.28456890583038336 0.025816768407821659 38.500000000000007
decision_type=10 10 10 10 10 10 10 10 10 10 8 8 8 8
left_child=1 3 13 9 5 6 7 11 12 -1 -4 -3 -5 -2
right_child=2 4 10 8 -6 -7 -8 -9 -10 -11 -12 -13 -14 -15
leaf_value=0.0040994129869308081 -0.032728082509119731 0.0033612318383070654 -0.031561409324099753 0.0064275016143964057 -0.048552093520086263 0.024726973302269219 0.01360743665022511 -0.034983897755709252 0.049306367924775912 0.031216882478549337 -0.0030367831444188895 -0.01811848585410512 0.041266739557993065 -0.04993497560624463
leaf_weight=155.20123632100876 172.459257973067 449.3895175330108 183.48396462775418 75.430115977709647 71.671255407680292 189.56122301524738 322.63679910695646 93.979654574941378 2001.3356838327018 413.77289615757763 193.72020863331272 200.57055208619568 109.68127502777497 2096.2908801838275
leaf_count=2014 81359 15785 76388 368 61446 4507 3814 21029 3362 1293 20805 12161 217 1944995
internal_value=0.000179002 0.0288297 -0.0440347 0.0425498 0.00035829 0.00314896 -0.000686069 -0.00688497 0.0474238 0.0238199 -0.0169121 -0.00282207 0.0270703 -0.0485441
internal_weight=6729.18 4083.23 2645.95 2755.42 1327.81 1256.14 1066.58 743.94 2186.45 568.974 377.204 649.96 185.111 2268.75
internal_count=2249543 125996 2123547 7254 118742 57296 52789 48975 3947 3307 97193 27946 585 2026354
is_linear=0
shrinkage=0.05


Tree=44
num_leaves=15
num_cat=0
split_feature=33 23 24 3 3 4 4 32 15 27 27 17 31 32
split_gain=3146.17 414.639 326.706 102.035 79.7506 41.9379 39.2676 30.3049 29.8162 27.8758 25.1503 26.3325 24.9301 24.249
threshold=5.5000000000000009 2.5000000000000004 1.1941305398941042 0.027705729007720951 0.10259878635406496 0.056016713380813606 0.054951041936874397 1.0000000180025095e-35 1.0000000180025095e-35 3.1240557432174687 3.2206757068634038 4.8322978019714364 -0.22275535762310025 1.0000000180025095e-35
decision_type=10 10 10 10 10 10 10 8 10 10 10 10 8 10
left_child=1 3 -2 12 10 8 7 -5 9 -4 11 -3 -1 -14
right_child=2 4 5 6 -6 -7 -8 -9 -10 -11 -12 -13 13 -15
leaf_value=0.024223306760702088 -0.048349348157211557 -0.017993005783932741 -0.02049697071702139 0.03678152690026909 -0.04050348849096734 -0.047660377497271866 -0.020983718704075335 0.013559219329260555 0.0041572050679268687 0.015936950555565484 0.028469078431250308 0.0080839130926268331 0.049919264658579043 0.026001351803027595
leaf_weight=111.52823641774012 2100.6114242028052 126.08385151147377 421.27499098751287 358.70057565637399 105.24498745099118 73.924513791294885 44.576180477801245 230.93885081226472 298.55314405092213 59.973594468465308 107.79818715143483 416.96174987137783 1827.9792232197942 112.49233168666251
leaf_count=380 2011113 4575 75530 847 65345 44521 1281 1714 22445 4861 1484 12055 3269 514
internal_value=0.00010181 0.0325874 -0.0377494 0.0417939 -0.000121439 -0.0116679 0.0242655 0.0276863 -0.00825584 -0.0159565 0.00640856 0.0020294 0.0472115 0.0485327
internal_weight=6396.64 3442.3 2954.34 2686.22 756.089 853.726 634.216 589.639 779.802 481.249 650.844 543.046 2052 1940.47
internal_count=2249934 91464 2158470 8005 83459 147357 3842 2561 102836 80391 18114 16630 4163 3783
is_linear=0
shrinkage=0.05


Tree=45
num_leaves=15
num_cat=0
split_feature=33 32 23 23 31 8 4 33 22 18 4 4 22 18
split_gain=2894.95 382.715 308.589 92.997 64.4042 47.4668 40.6471 39.7461 31.9594 30.429 27.562 22.8293 20.1078 15.9785
threshold=5.5000000000000009 1.0000000180025095e-35 43.500000000000007 53.500000000000007 -1.0000000180025095e-35 9.5000000000000018 0.056016713380813606 2.5000000000000004 0.7193230688571931 0.4194773137569428 0.024898648262023929 0.027163028717041019 0.67294281721115123 0.23286247253417972
decision_type=10 8 8 10 10 8 10 10 8 10 8 10 8 8
left_child=1 4 6 5 10 -3 9 -6 11 -2 12 -7 -1 -9
right_child=2 3 -4 -5 7 8 -8 13 -10 -11 -12 -13 -14 -15
leaf_value=-0.039548813467109728 -0.004536838218908692 0.034979021780752372 -0.048495540557291578 -0.050665947466940836 0.048189825275625459 0.00046449663206563806 -0.047576094451410623 0.033868490420391285 0.013666699666904368 -0.031139763806849075 0.03589191127072365 -0.0317303541445682 0.012510164269099089 -0.0058556025140663517
leaf_weight=22.662300852593035 645.57727023322514 166.13452220230829 1942.8256594409395 66.056073495739838 1873.9537310042942 247.84387883835007 74.745348550277413 56.974337579333223 488.47738375584595 128.96259036659467 131.00013297477562 70.790138972530258 102.18745116959326 45.55521720595425
leaf_count=397 80682 1586 1996588 62871 3753 7929 50503 145 4702 30158 377 9296 535 140
internal_value=-0.000108455 0.0318072 -0.0375054 0.00674417 0.0434757 0.0106407 -0.0123643 0.0465313 0.00563095 -0.00896628 0.0198709 -0.00668815 0.0030606 0.0162186
internal_weight=6063.75 3271.64 2792.11 1039.3 2232.33 973.246 849.285 1976.48 807.111 774.54 255.85 318.634 124.85 102.53
internal_count=2249662 91731 2157931 86384 5347 23513 161343 4038 21927 110840 1309 17225 932 285
is_linear=0
shrinkage=0.05


Tree=46
num_leaves=15
num_cat=0
split_feature=23 32 22 3 31 3 27 11 7 0 15 30 29 33
split_gain=2637.01 533.97 121.804 105.795 69.0906 64.3797 36.6661 39.9379 28.7332 25.1135 22.4928 24.0045 20.246 20.245
threshold=14.500000000000002 1.0000000180025095e-35 0.61300817131996166 0.073213517665863051 -1.0000000180025095e-35 0.16614201664924624 2.9543005228042607 inf 20.825801849365238 0.66627684235572826 1.0000000180025095e-35 -1.188952565193176 1.8588006496429446 2.5000000000000004
decision_type=10 10 10 10 10 10 10 8 10 8 10 8 10 10
left_child=1 3 12 4 8 6 7 -3 -1 -4 11 -5 -2 -6
right_child=2 5 9 10 13 -7 -8 -9 -10 -11 -12 -13 -14 -15
leaf_value=0.010748735651730889 -0.049756379269365242 -0.013701831349305416 -0.030126420309756818 0.0095947244351996461 0.049012087220847933 -0.038738853425375211 0.023898335643697699 0.0074180017370734132 0.039563636253241587 -0.0032626842153137049 0.026776437717312002 -0.036303176648116962 -0.032029332895753604 0.01459677583808517
leaf_weight=190.97488771853386 1691.1025836259578 358.66714213669184 164.6676024550834 79.72058301983634 1713.6541876035044 98.422662130178651 183.24502727360232 595.48163753969129 158.16636018297868 184.44946670309582 83.370759988611098 44.326365568966139 164.75981067930843 43.824874381301925
leaf_count=1025 1924452 27890 76428 273 3651 60172 4271 26221 390 20791 494 1293 102433 145
internal_value=-8.32528e-05 0.0265919 -0.0430282 0.0407633 0.044118 5.61226e-05 0.00341319 -0.000521001 0.0238023 -0.0159335 0.0066922 -0.00680622 -0.0481252 0.0481539
internal_weight=5754.83 3549.85 2204.98 2314.04 2106.62 1235.82 1137.39 954.149 349.141 349.117 207.418 124.047 1855.86 1757.48
internal_count=2249929 125825 2124104 7271 5211 118554 58382 54111 1415 97219 2060 1566 2026885 3796
is_linear=0
shrinkage=0.05


Tree=47
num_leaves=15
num_cat=0
split_feature=32 32 24 29 23 31 4 8 18 17 22 29 18 31
split_gain=2453.97 291.799 280.235 88.4286 79.2837 37.7671 32.0063 31.6875 26.4378 23.4043 20.8715 20.2271 18.4506 17.7641
threshold=1.2424533367156985 1.0000000180025095e-35 1.1941305398941042 4.0631101131439218 53.500000000000007 -1.0000000180025095e-35 0.056913852691650398 9.5000000000000018 0.18668776750564578 4.7405652999877939 0.67294281721115123 2.9576396942138676 0.15902552753686908 -1.7989253997802732
decision_type=10 8 10 10 10 10 10 8 10 8 10 10 10 10
left_child=1 3 -2 11 7 9 8 -3 -4 -5 -10 -1 -9 -13
right_child=2 4 6 5 -6 -7 -8 12 10 -11 -12 13 -14 -15
leaf_value=-0.0062051725381803884 -0.048136103400694297 0.033185569554806088 -0.00054449190796135066 -0.010420253780001854 -0.045420601812219262 0.048466985913675639 -0.046775644825547302 0.015943917428305917 -0.034589682273400639 0.033668923153907911 -0.0092289816342543598 -0.0079172670996568387 -0.00041380836330787781 0.028870760329386597
leaf_weight=65.640684041194618 1700.1965643435178 136.31447670795023 397.73576166854764 38.671421398525126 66.939069210173329 1509.6657391152112 61.649570726192906 309.45381188963074 137.25396356999408 135.80771692411508 198.39631164673483 37.37668465700699 389.19668349150743 268.86222500051372
leaf_count=795 2008076 1279 45716 213 65274 3344 45444 6754 45636 412 14323 572 11435 842
internal_value=-0.000158816 0.0306477 -0.0366778 0.0410489 0.00693656 0.0459215 -0.0121741 0.011134 -0.00926542 0.023897 -0.0195995 0.018982 0.00683153 0.0243808
internal_weight=5453.16 2957.93 2495.23 2056.02 901.904 1684.14 795.036 834.965 733.386 174.479 335.65 371.88 698.65 306.239
internal_count=2250115 90920 2159195 6178 84742 3969 151119 19468 105675 625 59959 2209 18189 1414
is_linear=0
shrinkage=0.05


Tree=48
num_leaves=15
num_cat=0
split_feature=23 33 24 23 33 1 4 0 4 18 28 9 16 15
split_gain=2269.33 369.5 212.823 84.2043 50.8257 37.9656 37.2886 37.1395 28.7192 23.9828 22.9667 21.9439 21.5734 22.9016
threshold=7.5000000000000009 2.5000000000000004 1.087995767593384 2.5000000000000004 87.500000000000014 1.5000000000000002 0.049829006195068366 0.61373496055603038 0.051866054534912116 0.34922629594802862 2.5000000000000004 0.57472455501556408 4.7833075523376474 inf
decision_type=10 10 10 10 10 8 10 8 10 8 10 10 10 8
left_child=1 3 -2 5 8 -1 -7 -4 11 10 -9 12 13 -3
right_child=2 4 7 -5 -6 6 -8 9 -10 -11 -12 -13 -14 -15
leaf_value=0.048092329778113035 -0.048804784987635776 0.014222201617279155 -0.034329425010478858 0.011046791834180069 -0.049418406534116527 0.036599658968550733 -0.0099042216870150589 -0.0079264501284153112 -0.049290299603594753 -0.021339973001357589 0.022849442532400895 0.030316834602019744 -0.025124611300481898 -0.005716020084779041
leaf_weight=1178.8953094161116 1520.1929852884532 297.62711421074346 188.89648767997642 239.86456251342315 50.315934425510932 732.2463507062057 45.802354976040078 308.17138631174021 25.833169321951573 122.70858127607789 75.464624003885547 73.175418780941982 68.401505118701607 279.06451117387041
leaf_count=2889 1951665 5926 133951 2528 54213 2495 835 40262 10971 24318 5036 1031 3018 11457
internal_value=3.15072e-05 0.0284397 -0.0383246 0.0390074 -0.000783212 0.0424346 0.0338621 -0.015409 0.00250548 -0.00835052 -0.00187256 0.00436837 0.00142493 0.00457398
internal_weight=5206.66 2991.23 2215.43 2196.81 794.418 1956.94 778.049 695.241 744.102 506.345 383.636 718.269 645.093 576.692
internal_count=2250595 95363 2155232 8747 86616 6219 3330 203567 32403 69616 45298 21432 20401 17383
is_linear=0
shrinkage=0.05


Tree=49
num_leaves=15
num_cat=0
split_feature=23 32 23 29 32 0 10 9 28 28 18 0 18 23
split_gain=2072.74 345.617 204.107 73.8276 52.0153 33.3605 28.2233 25.1742 25.0958 21.0646 21.5452 18.9862 18.7378 20.3347
threshold=7.5000000000000009 1.0000000180025095e-35 53.500000000000007 4.0631101131439218 2.7403194904327397 0.58837208151817333 0.030047404579818252 0.4957911372184754 3.5000000000000004 2.5000000000000004 0.29747970402240759 0.63789770007133495 0.16305252164602282 2.5000000000000004
decision_type=10 10 10 10 10 8 10 10 10 10 10 8 8 8
left_child=1 3 5 7 8 -2 -4 11 12 -7 -11 -1 -3 -14
right_child=2 4 6 -5 -6 9 -8 -9 -10 10 -12 -13 13 -15
leaf_value=-0.001731142325492493 -0.038858872331194803 0.01192789015186045 -0.049067963043740587 0.045295797266181922 -0.04740821566849588 -0.014836509040033505 0.040359664296918819 0.046737455693778435 0.039056904517968283 0.022863509633791579 -0.024344155247480296 0.023598578380733121 0.0093113779899256285 -0.011960008112156084
leaf_weight=103.31399113856605 120.69401495967759 357.90187136127497 1415.4594448423086 1467.7484847495944 49.136228794115596 435.74764574760775 8.8781049458193575 84.252294518315466 52.264054920407943 82.100361859971599 31.95501289863023 260.5621211740945 189.66515707364306 275.6302931009559
leaf_count=856 104819 9547 1952847 3896 61323 83519 416 218 565 6339 6433 1100 2478 15294
internal_value=-7.06609e-05 0.0277563 -0.0378024 0.0398724 0.00265016 -0.0150549 -0.0485105 0.0221092 0.00545974 -0.00982944 0.00930004 0.0164068 0.00332668 -0.0032893
internal_weight=4935.31 2840.47 2094.83 1915.88 924.598 670.497 1424.34 448.128 875.461 549.803 114.055 363.876 823.197 465.295
internal_count=2249650 95277 2154373 6070 89207 201110 1953263 2174 27884 96291 12772 1956 27319 17772
is_linear=0
shrinkage=0.05


Tree=50
num_leaves=15
num_cat=0
split_feature=32 23 23 3 3 3 31 32 28 27 18 8 10 4
split_gain=1859.33 255.061 250.62 129.569 52.421 35.7386 32.5134 31.075 27.067 25.8632 25.4944 24.0001 21.3172 19.2211
threshold=1.2424533367156985 45.500000000000007 2.5000000000000004 0.039519160985946662 0.12657713890075686 0.15849518775939944 -0.5076753795146941 1.0000000180025095e-35 2.5000000000000004 3.2206757068634038 0.31113496422767645 8.5000000000000018 0.032654678449034698 0.054951041936874397
decision_type=10 8 10 10 10 10 8 10 8 10 10 8 10 10
left_child=2 5 3 6 9 10 -1 -8 13 12 11 -2 -4 -5
right_child=1 -3 4 8 -6 -7 7 -9 -10 -11 -12 -13 -14 -15
leaf_value=0.014856563862719219 0.046928464157242458 -0.047669984223712311 -0.0036709066122454699 0.0097191094203793391 -0.043884284548653493 -0.03789630015592723 0.048425831742952327 0.023644742153194974 0.030347756053375963 0.028664655057296831 -0.024916459471695639 -0.0041015480172899499 0.056683859727403488 -0.040567128796968339
leaf_weight=89.333228290764964 24.215572587942006 1360.0952640244141 378.42470707307075 314.34592270042049 64.434279297449393 110.1571898424445 1271.601389149233 140.48146384378197 189.04179824321182 87.864987571687379 153.66819361082162 475.02662573567068 15.218462384305893 20.225594430055935
leaf_count=427 680 1984690 22240 2242 57205 86915 3448 787 1450 1837 31569 54241 32 974
internal_value=-6.13073e-05 -0.0346893 0.0285352 0.0366409 -0.00153048 -0.0115525 0.0441098 0.0459605 0.0152243 0.00413721 -0.00710789 -0.00162635 -0.00133756 0.00667919
internal_weight=4694.13 2123.16 2570.97 2025.03 545.942 763.068 1501.42 1412.08 523.613 481.508 652.91 499.242 393.643 334.572
internal_count=2248737 2158095 90642 9328 81314 173405 4662 4235 4666 24109 86490 54921 22272 3216
is_linear=0
shrinkage=0.05


Tree=51
num_leaves=15
num_cat=0
split_feature=23 32 24 3 29 0 3 9 1 16 10 23 3 27
split_gain=1683.13 391.503 123.654 62.2201 60.6438 29.7782 27.157 26.7496 23.0307 20.4475 18.7129 18.3533 17.8471 15.3922
threshold=14.500000000000002 1.0000000180025095e-35 1.1151043772697451 0.07551178336143495 4.0631101131439218 0.63151901960372936 0.20398572087287906 0.47278562188148504 4.5000000000000009 4.2268071174621591 0.027814932167530063 2.5000000000000004 0.057563573122024543 4.1546871662139901
decision_type=10 8 10 8 10 8 10 10 8 10 10 10 10 8
left_child=1 4 8 7 -1 -4 9 -3 -2 -5 -7 12 -6 -14
right_child=2 3 5 6 11 10 -8 -9 -10 -11 -12 -13 13 -15
leaf_value=0.019845528216673455 0.0031409274707181246 0.0061253899940924917 -0.034353015204449965 -0.0020653626117555714 0.04704705541778665 -0.0090622871297279962 -0.051588392572436595 0.028427651349932404 -0.048748865791861391 -0.026739530469175432 0.042685032265532045 0.02066738404749965 -0.012457836938181836 0.045248949082134685
leaf_weight=312.86916088822181 21.761951121530728 569.35216451869928 134.2008578325258 346.07087695627706 1178.1140795093525 229.64570612975513 38.865695227592369 176.01462170830928 1230.356511749218 110.86184973528725 18.909075666306308 76.892107127700001 23.943147180601954 22.334482408710755
leaf_count=1348 5612 11604 117192 44018 3522 37775 42370 1732 1962912 21070 555 328 63 47
internal_value=0.000211581 0.0233755 -0.0402443 0.00226159 0.0396105 -0.0153732 -0.0114647 0.011392 -0.047847 -0.00805185 -0.00512555 0.0443626 0.0458506 0.0153926
internal_weight=4490.19 2855.32 1634.87 1241.17 1614.15 382.756 495.798 745.367 1252.12 456.933 248.555 1301.28 1224.39 46.2776
internal_count=2250148 126102 2124046 120794 5308 155522 107458 13336 1968524 65088 38330 3960 3632 110
is_linear=0
shrinkage=0.05


Tree=52
num_leaves=15
num_cat=0
split_feature=24 33 33 32 31 22 18 9 9 17 15 4 4 26
split_gain=1549.27 345.034 96.9766 88.1025 57.728 53.0086 40.6045 30.8492 23.1244 22.5902 20.4705 18.5526 16.8025 16.4664
threshold=1.4645188450813296 2.5000000000000004 48.500000000000007 1.0000000180025095e-35 -1.0000000180025095e-35 0.75462436676025402 0.16305252164602282 0.69662168622016918 0.28020195662975317 4.7405652999877939 1.0000000180025095e-35 0.056016713380813606 0.026768505573272709 0.24404761940240863
decision_type=8 8 8 10 10 10 8 10 10 8 10 10 10 10
left_child=2 3 7 4 9 6 -3 10 -7 -2 -1 -11 -8 -5
right_child=1 5 -4 13 -6 8 12 -9 -10 11 -12 -13 -14 -15
leaf_value=-0.030867481631676675 -0.020519048823170905 0.0044509257437848736 -0.047885380898095686 0.0069273220011358038 0.045975575847093025 0.0089130320065415099 -0.011990861539511618 0.044536568102782351 0.037524031189154622 0.015993992224125626 -0.0030390507772077337 0.060201744082670074 -0.03578767925518149 0.036403696744841778
leaf_weight=173.47270817304161 34.27053029340459 348.75154063019727 1171.4153238174513 254.44392275786959 1173.908504355757 291.54888679500436 312.40791587374406 19.653135260508861 93.198379115900025 125.69991670030868 106.74826633639532 29.256483096629381 97.274861824364052 58.220879688626155
leaf_count=112124 206 41591 1968712 3296 3768 3718 42589 1639 581 540 24606 50 46511 406
internal_value=0.000199335 0.021906 -0.0413905 0.0363538 0.0418445 0.000726866 -0.0069417 -0.0160194 0.0158436 0.0162162 -0.0202664 0.0243406 -0.0176412 0.0124161
internal_weight=4290.27 2818.98 1471.29 1675.8 1363.14 1143.18 758.434 299.874 384.747 189.227 280.221 154.956 409.683 312.665
internal_count=2250337 143256 2107081 8266 4564 134990 130691 138369 4299 796 136730 590 89100 3702
is_linear=0
shrinkage=0.05


Tree=53
num_leaves=15
num_cat=0
split_feature=23 23 29 3 29 8 28 18 18 0 3 18 9 29
split_gain=1413.49 294.085 119.434 117.98 39.3684 31.4855 27.3233 23.4645 22.0864 20.7318 19.5643 16.8826 16.8356 16.2788
threshold=14.500000000000002 2.5000000000000004 1.8588006496429446 0.039519160985946662 1.5880948901176455 9.5000000000000018 2.5000000000000004 0.18668776750564578 0.21241230517625811 0.69487303495407116 0.18318298459053042 0.28751130402088171 0.30795112252235418 4.0631101131439218
decision_type=10 8 10 10 8 8 8 8 8 10 10 10 10 8
left_child=1 3 -2 13 -3 11 10 -7 12 -9 -5 -6 -4 -1
right_child=2 4 8 6 5 7 -8 9 -10 -11 -12 -13 -14 -15
leaf_value=0.024794337949260652 -0.04756263910738262 -0.044977366173453472 -0.0082197644270989283 0.0069186186236731353 0.041363724592304925 0.0071481753474296307 0.030381688390967367 -0.020145369013791145 -0.027650513447388517 0.0029704722686250706 -0.073249295332481965 -0.0066857512353786066 0.034553206845793681 0.044751202634882283
leaf_weight=112.75299210639787 1106.1987442101927 46.856062284663494 158.22972539651528 308.16162405483192 71.526984683383489 411.44107240106678 158.43211648063152 219.52642410615226 153.51447529833604 173.78159492916893 7.8030084993806659 24.557671251706779 26.919317814426904 1089.963272095556
leaf_count=572 1983630 60647 55847 2509 1042 21913 1324 28737 81137 3834 484 935 3543 3859
internal_value=0.000108013 0.0219706 -0.0396086 0.0345515 -0.000293557 0.00203063 0.0134358 -0.00119935 -0.0136277 -0.00993173 0.00493881 0.0290831 -0.00200089 0.0428803
internal_weight=4069.67 2624.8 1444.86 1677.11 947.69 900.834 474.397 804.749 338.664 393.308 315.965 96.0847 185.149 1202.72
internal_count=2250013 125856 2124157 8748 117108 56461 4317 54484 140527 32571 2993 1977 59390 4431
is_linear=0
shrinkage=0.05


Tree=54
num_leaves=15
num_cat=0
split_feature=33 32 22 33 31 3 9 3 4 24 18 4 24 26
split_gain=1287.03 312.87 96.3549 51.9021 50.0372 49.5481 37.3564 27.888 31.9407 22.8885 21.3457 20.3724 19.7735 16.5068
threshold=15.500000000000002 1.0000000180025095e-35 0.60077372193336498 2.5000000000000004 -1.0000000180025095e-35 0.11515697836875917 0.29708679020404821 0.047111183404922492 0.054951041936874397 1.7414228320121767 0.21241230517625811 0.051111668348312385 1.7414228320121767 0.18465909361839297
decision_type=10 8 10 10 10 10 10 10 10 8 8 10 10 10
left_child=1 3 -2 4 11 6 9 -6 -9 -3 -4 -1 -7 -8
right_child=2 5 10 -5 7 12 13 8 -10 -11 -12 -13 -14 -15
leaf_value=0.0078627813677526037 -0.04741133111789847 -0.011218139764858876 -0.0032071706743266588 0.0097505288011448948 0.047621336430346634 -0.049315818492176977 0.013065164208823444 0.032572198016835079 -0.042228796725161694 0.0063640358301026469 -0.030102334376193203 0.047700854996905108 -0.0091622976088852025 0.03940710163811776
leaf_weight=144.9892310933792 1017.4290226446137 285.42162351674779 166.50320148602987 154.37319073377876 923.53225379616197 57.527189616062969 183.24023865983327 87.63554543236387 17.047720483504236 526.64391634464846 132.46709094194011 41.213129980038502 65.649390444828896 88.047672354397946
leaf_count=837 1985630 32132 56991 1117 3410 70332 6008 320 41 10540 72701 84 9159 1163
internal_value=0.000139082 0.0206966 -0.0400784 0.0370587 0.04053 0.00213418 0.00555077 0.044849 0.0203908 0.000184321 -0.0151238 0.0166803 -0.0279152 0.0216146
internal_weight=3891.72 2575.32 1316.4 1368.79 1214.42 1206.53 1083.35 1028.22 104.683 812.066 298.97 186.202 123.177 271.288
internal_count=2250465 135143 2115322 5809 4692 129334 49843 3771 361 42672 129692 921 79491 7171
is_linear=0
shrinkage=0.05


Tree=55
num_leaves=15
num_cat=0
split_feature=24 33 33 23 8 22 3 17 8 18 1 30 30 3
split_gain=1199.3 281.265 92.8314 53.0976 42.3766 35.7222 33.9503 31.2462 29.1266 27.4052 19.1034 17.8282 17.5411 17.3559
threshold=1.4645188450813296 2.5000000000000004 48.500000000000007 2.5000000000000004 5.5000000000000009 0.7193230688571931 0.039519160985946662 4.3630783557891855 6.5000000000000009 0.28456890583038336 88.500000000000014 -0.32860140502452845 -0.46162120997905726 0.1053421199321747
decision_type=8 8 8 10 8 10 10 8 8 10 8 10 10 10
left_child=2 3 8 6 -3 9 -2 -5 -1 11 -11 -6 -8 -10
right_child=1 4 -4 7 5 -7 12 -9 13 10 -12 -13 -14 -15
leaf_value=0.046725028699488448 0.042477410018684714 0.038594781275927664 -0.047485386879090957 -0.062093391999965844 -0.0020884053030513121 0.0073779184895016933 0.024289357308922392 0.017006133578320894 -0.011829482063896116 -0.017984772600976081 -0.05899739276989531 -0.026473208143956723 -0.027163474923697514 -0.043205748134847961
leaf_weight=18.173583510411845 1024.7433933573775 69.659158831083914 951.19310136971399 13.286773793748578 272.48922207117357 517.24805900710635 165.19425176543882 206.90294567222008 198.76013205371783 88.663408626256569 41.769229952686146 77.757432722719386 18.410623112664325 56.632226090332551
leaf_count=1439 4293 1939 1968478 258 41828 10236 1202 2139 61739 17332 39738 23865 417 75129
internal_value=0.000421488 0.0203055 -0.0401031 0.0348149 0.000890396 -0.00174151 0.0389298 0.0122331 -0.0144349 -0.0115547 -0.0311185 -0.00426914 0.01913 -0.018787
internal_weight=3720.88 2496.12 1224.76 1428.54 1067.59 997.927 1208.35 220.19 273.566 480.679 130.433 350.247 183.605 255.392
internal_count=2250032 143247 2106785 8309 134938 132999 5912 2397 138307 122763 57070 65693 1619 136868
is_linear=0
shrinkage=0.05


Tree=56
num_leaves=15
num_cat=0
split_feature=29 32 24 29 23 3 31 30 27 14 16 8 31 31
split_gain=1061.81 278.397 79.6548 68.2728 44.1362 37.9237 30.2114 28.1729 16.9673 38.4423 18.2057 16.8439 16.9675 16.366
threshold=2.4479967355728154 1.0000000180025095e-35 1.1941305398941042 4.0631101131439218 70.500000000000014 0.027705729007720951 -1.0000000180025095e-35 -0.16339918226003644 2.6893538236618046 1.0000000180025095e-35 4.0517470836639413 5.5000000000000009 -1.7989253997802732 0.95960077643394481
decision_type=8 8 10 10 10 8 10 8 8 10 8 8 10 8
left_child=2 3 -1 11 5 13 -5 8 9 -7 -10 -2 -13 -3
right_child=1 4 -4 6 -6 7 -8 -9 10 -11 -12 12 -14 -15
leaf_value=-0.046476525136862651 0.056060422501141585 0.011668672102089524 -0.014136358596566548 0.020343053642344223 -0.05131039671697521 -0.026277643683919535 0.045710737400916288 -0.016292305455932729 0.022356078663760933 0.0084802234865828507 -0.0085112840813261741 -0.026050063076697612 0.014687316576963018 0.038022956725990306
leaf_weight=896.81039434449485 21.541976338659879 219.39512196078431 241.71905191655242 137.1568363525148 37.98938970528252 119.04262948100222 813.47127999170334 243.68377510955906 177.71501037794224 239.79306312432163 65.329560808517272 28.896773840504466 221.40207392827142 80.532262170134345
leaf_count=1998758 61 3814 104081 621 64496 16175 3360 37174 6825 8292 4337 803 955 353
internal_value=0.000171706 0.0189972 -0.0396104 0.035732 0.00171107 0.00346948 0.0420507 -0.00194883 0.00385843 -0.00305059 0.014059 0.0136355 0.00998422 0.018745
internal_weight=3544.48 2405.95 1138.53 1222.47 1183.48 1145.49 950.628 845.564 601.88 358.836 243.045 271.841 250.299 299.927
internal_count=2250105 147266 2102839 5800 141466 76970 3981 72803 35629 24467 11162 1819 1758 4167
is_linear=0
shrinkage=0.05


Tree=57
num_leaves=15
num_cat=0
split_feature=33 23 3 22 18 28 31 32 28 3 22 25 12 3
split_gain=976.314 248.848 95.7576 84.0415 34.175 37.1306 30.7566 30.9799 22.532 21.8896 21.1184 19.6624 16.572 16.542
threshold=15.500000000000002 2.5000000000000004 0.039519160985946662 0.56555882096290599 0.41483098268508917 2.5000000000000004 -0.19414126127958295 1.0000000180025095e-35 2.5000000000000004 0.15273362398147586 0.5954401195049287 1.0000000180025095e-35 0.081356864422559752 0.064819753170013442
decision_type=10 10 10 8 10 10 8 10 8 10 10 10 8 10
left_child=1 2 6 -2 5 10 11 -8 -4 12 -3 -1 -5 -7
right_child=3 4 8 9 -6 13 7 -9 -10 -11 -12 -13 -14 -15
leaf_value=-0.0072843757804105921 -0.048961688413374539 -0.033291375359344774 0.0024594785047807252 -0.034336361595871896 -0.024280227930845617 0.028643716929678695 0.046108243915132102 0.019240729052498531 0.026752948847220827 -0.034336361595871896 -0.0012810169576245975 0.047131577141946691 -0.0034818747509954987 -0.0079868590563477709
leaf_weight=53.382398763875244 724.11204290416208 57.694677651525126 264.17464009470132 43.186959226834006 149.49425618053647 149.40460538151092 788.25683412187209 124.19604738237103 149.43935770173266 143.89527085794907 481.83958038469427 24.092883830773644 184.48868237828356 38.830857371642196
leaf_count=417 1796365 53202 3658 31562 38769 2591 3488 825 1679 192059 23753 107 94982 6848
internal_value=-0.000250867 0.0183842 0.0314412 -0.0390421 -0.00250594 0.00196681 0.0398831 0.0424512 0.0112367 -0.019711 -0.00470402 0.00963763 -0.0100578 0.0210872
internal_weight=3376.49 2280.81 1403.54 1095.68 877.264 727.77 989.928 912.453 413.614 371.571 539.534 77.4753 227.676 188.235
internal_count=2250305 135337 10174 2114968 125163 86394 4837 4313 5337 318603 76955 524 126544 9439
is_linear=0
shrinkage=0.05


Tree=58
num_leaves=15
num_cat=0
split_feature=24 3 31 29 23 29 28 18 10 18 15 3 4 27
split_gain=898.351 219.435 83.744 81.3091 45.5234 26.5783 25.2878 24.7194 22.4075 22.2094 19.1166 18.1619 17.6241 16.743
threshold=1.4645188450813296 0.027705729007720951 -0.036490375176072114 1.468139708042145 2.5000000000000004 1.5880948901176455 2.5000000000000004 0.28751130402088171 0.027814932167530063 0.3614740669727326 1.0000000180025095e-35 1.0000000180025095e-35 0.023597419261932377 1.336820185184479
decision_type=8 8 8 10 8 10 8 8 10 8 10 10 10 10
left_child=3 2 9 -1 6 -6 10 -7 -5 12 -3 -4 13 -2
right_child=1 4 11 8 5 7 -8 -9 -10 -11 -12 -13 -14 -15
leaf_value=-0.04809321208650455 -0.0043310632556584653 -0.0039165452325875469 0.048520138023798162 -0.02089570677320067 -0.035194117027539246 0.0044281518027351604 0.028187899942882372 -0.018520572717478919 0.035213359510708094 -0.016074542293180165 0.019909770576000366 0.032376511513715317 0.041421396596512235 0.036839766058829722
leaf_weight=709.46567093049089 85.555193813153892 205.19678247238335 511.61139592139807 294.08694850494794 67.956271478113194 410.70966217371461 199.49054674064973 164.28080486770341 18.93964894162491 63.664900758420117 142.75177691713907 264.18425229986315 56.431742444998235 34.71381112432573
leaf_count=1829583 1174 2482 2589 276143 65101 37110 1648 29228 1679 927 883 1468 199 238
internal_value=1.44543e-05 0.0179672 0.035033 -0.0387276 0.00339903 -0.00562341 0.0139956 -0.00212854 -0.0175008 0.00924592 0.0058586 0.0430227 0.0183688 0.00755227
internal_weight=3229.04 2206.55 1016.16 1022.49 1190.39 642.947 547.439 574.99 313.027 240.366 347.949 775.796 176.701 120.269
internal_count=2250452 143047 6595 2107405 136452 131439 5013 66338 277822 2538 3365 4057 1611 1412
is_linear=0
shrinkage=0.05


Tree=59
num_leaves=15
num_cat=0
split_feature=24 33 32 8 31 22 8 18 18 29 31 4 0 4
split_gain=821.911 266.566 67.0399 45.2274 36.0021 31.6826 25.2767 20.422 19.7562 14.9789 14.7942 27.8781 14.4639 13.9216
threshold=1.1941305398941042 2.5000000000000004 1.0000000180025095e-35 8.5000000000000018 -1.0000000180025095e-35 0.75462436676025402 3.5000000000000004 0.21241230517625811 0.013429259881377222 1.5355888009071352 0.68749740719795238 0.056016713380813606 0.59868362545967113 0.014582753181457521
decision_type=8 8 10 8 10 10 8 8 8 8 10 10 10 10
left_child=6 2 4 -3 -2 7 8 9 -1 -5 -6 -12 -9 -4
right_child=1 3 13 5 10 -7 -8 12 -10 -11 11 -13 -14 -15
leaf_value=0.57213715229770068 0.017027100127792277 0.034267925125074108 0.019237650575516154 -0.041108982001690803 0.048731355541346277 0.0087368876523049224 -0.046129581995131792 -0.037820305079050917 0.020590224470355346 -0.00087539550264950888 0.037432320761297017 -0.040365273368461178 -0.013600810465870687 -0.0036977080059775475
leaf_weight=0.16471248830202689 161.21701140946243 79.57565182383405 169.28982727817493 24.498497834647424 450.7841456594324 309.34397005997016 749.96512621875263 81.582144635249279 11.364993169077934 415.21543837912031 265.56047575002594 12.037138905405298 252.24226289952639 108.61220391502138
leaf_count=13 865 3797 1373 37025 2528 4194 2002229 78874 9766 58986 1172 37 46649 2606
internal_value=9.62922e-05 0.014835 0.0317106 -0.00211375 0.0384073 -0.00478726 -0.0450001 -0.0101957 0.0284696 -0.00311699 0.0431394 0.0340589 -0.0195197 0.0102738
internal_weight=3091.45 2329.96 1167.5 1162.46 889.599 1082.88 761.495 773.538 11.5297 439.714 728.382 277.598 333.824 277.902
internal_count=2250114 238106 8581 229525 4602 225728 2012008 221534 9779 96011 3737 1209 125523 3979
is_linear=0
shrinkage=0.05


Tree=60
num_leaves=15
num_cat=0
split_feature=22 29 8 29 29 23 23 1 15 31 18 13 27 14
split_gain=757.273 221.744 59.739 50.5418 41.9269 37.8824 22.1293 19.1144 16.7144 15.1511 14.9203 13.1944 12.6793 16.7146
threshold=0.61653393507003795 4.0631101131439218 7.5000000000000009 1.8588006496429446 2.9576396942138676 2.5000000000000004 4.5000000000000009 1.5000000000000002 1.0000000180025095e-35 -1.0000000180025095e-35 0.28456890583038336 0.17752101272344592 2.8625483512878422 1.0000000180025095e-35
decision_type=8 10 8 10 8 10 10 10 10 10 10 8 10 8
left_child=3 2 -2 -1 8 7 12 9 -4 -3 -5 -10 13 -6
right_child=1 5 4 10 6 -7 -8 -9 11 -11 -12 -13 -14 -15
leaf_value=-0.047553284610090063 0.046286693297856389 0.020762859656230193 -0.012890692597816351 -0.012890692597816351 -0.0081018352725906479 0.0092381505777825394 -0.0053886955013415574 0.028589097791013381 -0.012890692597816351 0.047996503469656872 -0.041861819363688275 0.0070656591313624784 0.0355499412470726 0.015803746421110969
leaf_weight=643.50564059003955 71.708473743623472 58.134750076394994 265.86423727938381 117.44577505916823 94.841275343394955 129.09527323310613 236.28667616349412 300.01666918827686 35.922757387252204 420.30930563439324 46.982137913973929 188.89551152286003 56.648313079596846 319.27032169613813
leaf_count=1934673 1720 263 124679 68957 1941 2558 13606 2099 11411 2566 51411 30654 548 3255
internal_value=0.000108177 0.0154504 0.00195774 -0.0412318 -0.00069625 0.0343232 0.00709691 0.0384832 -0.0119258 0.0446874 -0.016492 0.00081688 0.0133638 0.0103288
internal_weight=2984.93 2176.99 1269.44 807.934 1197.73 907.556 707.047 778.461 490.683 478.444 164.428 224.818 470.76 414.112
internal_count=2250341 195300 187814 2055041 186094 7486 19350 4928 166744 2829 120368 42065 5744 5196
is_linear=0
shrinkage=0.05


Tree=61
num_leaves=15
num_cat=0
split_feature=29 29 32 8 22 18 31 22 8 4 27 4 28 0
split_gain=658.178 218.181 61.2324 53.7511 41.8435 30.9384 24.2273 21.3592 16.3073 14.7507 20.4292 13.2424 13.114 12.6912
threshold=1.7821518182754519 4.0631101131439218 1.0000000180025095e-35 6.5000000000000009 0.7193230688571931 0.21241230517625811 -1.0000000180025095e-35 0.5954401195049287 2.5000000000000004 0.025816768407821659 2.1038601398468022 0.06634229421615602 2.5000000000000004 0.7205985188484193
decision_type=8 10 10 8 10 8 10 10 8 8 10 10 8 10
left_child=7 3 6 -2 5 11 9 -1 -9 10 13 -5 -6 -3
right_child=1 2 -4 4 12 -7 -8 8 -10 -11 -12 -13 -14 -15
leaf_value=-0.047751144883184299 0.040755160324796105 -0.074497656191643322 0.0061823410932407181 -0.0019183085740493259 0.0038822402107476675 -0.024329748731712196 0.043277454985285374 0.41242696853421673 -0.020649687796339734 0.034246108183178872 0.04002185508038316 -0.050389487406481318 0.023654077734056339 -0.0057511511597095827
leaf_weight=571.33522121727583 76.723849163514387 9.2468071889161347 178.18000534686144 375.92130093815649 491.7490962054726 263.40546068839831 576.28845784973237 0.21799845590430678 74.914775445802661 66.164797624311177 19.19373042229563 14.099809211009413 101.10865424512303 24.503665706550237
leaf_count=1866439 3480 113 4656 86024 9500 153916 3359 45 91241 234 78 29581 1269 197
internal_value=-0.000109836 0.0129413 0.0323339 0.000136481 -0.00236409 -0.0110908 0.0390346 -0.0444554 -0.0193931 0.0185063 -0.00116389 -0.00214978 0.00725422 -0.024586
internal_weight=2843.05 2196.59 873.577 1323.01 1246.28 653.427 695.397 646.468 75.1328 119.109 52.9442 390.021 592.858 33.7505
internal_count=2250132 292407 8637 283770 280290 269521 3981 1957725 91286 622 388 115605 10769 310
is_linear=0
shrinkage=0.05


Tree=62
num_leaves=15
num_cat=0
split_feature=23 33 32 3 31 30 3 8 27 27 22 18 16 3
split_gain=630.569 212.669 53.4579 38.9201 32.0799 30.3302 26.2896 19.3837 19.0371 16.8779 16.8656 17.7241 15.9392 14.2898
threshold=53.500000000000007 2.5000000000000004 1.0000000180025095e-35 0.18408051133155826 -1.0000000180025095e-35 -1.1128952503204343 0.10259878635406496 3.5000000000000004 2.8706151247024541 2.0491256713867192 0.75462436676025402 0.16305252164602282 3.5408543348312382 0.027705729007720951
decision_type=10 8 10 10 10 10 10 8 10 10 8 8 10 10
left_child=1 2 4 5 -1 8 13 -2 9 10 11 -3 -7 -6
right_child=7 3 -4 -5 6 12 -8 -9 -10 -11 -12 -13 -14 -15
leaf_value=0.015202414466369366 0.027833197811337258 0.0094002671681761435 0.0097389292441664044 -0.038925916121177406 0.046200635453563947 0.0020793601956631772 -0.04279446383445059 -0.046739637451344629 0.040309224579612585 -0.085248240205246087 0.021255118506551422 -0.020878299464157021 -0.012942702916038773 0.027251363700373444
leaf_weight=151.07548326098185 8.845980607915406 86.570212193786574 264.65921500374679 68.259434005609364 474.49795141893992 330.0519542256734 9.2318792431033199 583.92834758092795 50.650599048305594 4.8569784742212496 141.72270308414591 72.755241807662969 379.7608123901191 125.88593138530268
leaf_count=883 9625 9248 3964 121128 3133 56244 34 1944137 1857 423 2107 13767 83145 610
internal_value=5.39155e-05 0.0125903 0.0290943 -0.00232411 0.0358283 1.88098e-05 0.0409399 -0.0456268 0.0119165 0.00721533 0.0087071 -0.00245458 -0.00595768 0.0422274
internal_weight=2752.75 2159.98 1025.35 1134.63 760.691 1066.37 609.616 592.774 356.556 305.905 301.048 159.325 709.813 600.384
internal_count=2250305 296543 8624 287919 4660 166791 3777 1953762 27402 25545 25122 23015 139389 3743
is_linear=0
shrinkage=0.05


Tree=63
num_leaves=15
num_cat=0
split_feature=24 24 3 32 7 15 30 27 3 27 4 13 3 2
split_gain=581.301 187.729 55.7519 41.2282 32.8953 23.5858 26.1882 21.4476 20.8965 22.6949 15.8798 14.2424 14.0547 13.8812
threshold=1.087995767593384 2.3125263452529912 0.057563573122024543 1.0000000180025095e-35 13.730702400207521 1.0000000180025095e-35 -0.20442432165145871 2.8706151247024541 0.039519160985946662 4.1546871662139901 0.048048734664916999 0.057983193546533592 0.20398572087287906 1.8220039606094363
decision_type=8 10 10 10 10 10 8 10 10 8 10 8 10 10
left_child=13 2 4 8 -2 6 7 11 -3 10 -10 -4 -13 -1
right_child=1 3 5 -5 -6 -7 -8 -9 9 -11 -12 12 -14 -15
leaf_value=-0.04700169290961731 0.0045484890755011472 0.041316517577046297 -0.044769340297014862 0.0081940001519223409 0.031753830739964406 0.001473296050017522 -0.046382896195649802 0.023541200490408157 0.010624965992843781 0.04119370710622635 -0.055003977583362985 -0.0086704490454113242 -0.051689572898316972 0.0077296519195104111
leaf_weight=536.2550752555544 481.13873246902222 502.26540624206973 38.79176145733436 161.08187727764016 144.47881850485282 267.28401357765324 66.472779147006804 37.649565333682403 69.549465124247945 68.016331967402948 10.625206563738173 230.3522154037455 20.69172505910683 11.840775046457564
leaf_count=1947306 18397 3321 22535 4828 2613 42284 61788 10274 327 243 94 76740 55378 4311
internal_value=3.18903e-05 0.0120081 0.000131817 0.0308404 0.0108312 -0.00999117 -0.0177693 -0.0119614 0.0364486 0.0199498 0.00192744 -0.0165731 -0.0122162 -0.0458193
internal_weight=2646.49 2098.4 1286.86 811.538 625.618 661.242 393.958 327.485 650.456 148.191 80.1747 289.836 251.044 548.096
internal_count=2250439 298822 290009 8813 21010 268999 226715 164927 3985 664 421 154653 132118 1951617
is_linear=0
shrinkage=0.05


Tree=64
num_leaves=15
num_cat=0
split_feature=24 29 23 8 3 23 33 16 16 32 31 26 17 27
split_gain=536.59 169.603 45.5392 44.7458 32.4937 23.1806 22.9885 20.0299 19.8923 15.8312 18.4445 19.8078 15.7038 15.0239
threshold=1.1941305398941042 4.0631101131439218 2.5000000000000004 5.5000000000000009 0.18408051133155826 4.5000000000000009 48.500000000000007 3.2384861707687382 3.5408543348312382 1.0000000180025095e-35 -1.0000000180025095e-35 0.051315790042281158 4.7050054073333749 3.1240557432174687
decision_type=8 10 10 8 10 8 8 10 10 10 10 10 10 10
left_child=6 3 9 -2 5 13 7 -1 -7 10 11 -3 -10 -5
right_child=1 2 -4 4 -6 8 -8 -9 12 -11 -12 -13 -14 -15
leaf_value=0.019824052078467148 0.042242709810758811 -0.0096179215592483835 0.0031908821478314146 0.0049336193709687394 -0.040531608985128739 0.0030431159217216785 -0.047298569652881449 -0.038055837220297289 -0.060270853124581504 0.01809972483478773 0.042793869864005685 0.053482265045331989 -0.012641223158529788 0.033032324380404987
leaf_weight=24.78504048168179 61.560583055153984 35.962629358036793 125.54731283697765 498.94967002884368 50.974153479655797 274.37902830462554 489.00563428029272 37.658228407442948 18.422905544401146 101.82114774541697 475.56100621581572 19.011850393144414 285.3777893128572 52.585641035955632
leaf_count=25802 2201 196 3574 7878 92709 51195 1921611 65085 12605 1502 3370 71 62225 664
internal_value=1.75025e-05 0.0120569 0.0306972 0.000684366 -0.00148247 0.00027948 -0.0436505 -0.0150821 -0.00671577 0.0361583 0.0396241 0.012204 -0.0155296 0.00761267
internal_weight=2551.6 2000.15 757.904 1242.25 1180.69 1129.72 551.449 62.4433 578.18 632.357 530.535 54.9745 303.801 551.535
internal_count=2250688 238190 8713 229477 227276 134567 2012498 90887 126025 5139 3637 267 74830 8542
is_linear=0
shrinkage=0.05


Tree=65
num_leaves=15
num_cat=0
split_feature=24 29 28 32 3 15 8 27 30 31 27 22 27 4
split_gain=496.712 165.19 49.4262 41.0483 30.1851 21.385 19.9163 19.2371 18.6241 17.7474 15.7622 20.0463 14.6381 18.1765
threshold=1.1453781723976137 4.0631101131439218 2.5000000000000004 1.0000000180025095e-35 0.18408051133155826 1.0000000180025095e-35 3.5000000000000004 2.9543005228042607 -0.21482259035110471 -1.0000000180025095e-35 2.0270251035690312 0.66414529085159313 2.1038601398468022 0.025816768407821659
decision_type=8 10 10 10 10 10 8 10 10 10 8 8 10 8
left_child=6 2 4 9 5 10 -1 -4 -7 12 11 -2 13 -3
right_child=1 3 7 -5 -6 8 -8 -9 -10 -11 -12 -13 -14 -15
leaf_value=0.033390513858807182 -0.040084694188671881 -0.021589797155382687 0.010826683368823593 0.0083960759243539382 -0.042352949546086954 0.011060638636728154 -0.045770919212305965 0.040994071496012321 -0.013026000340913006 0.041463678166402729 0.0012708513605510171 -0.0097117887902912221 0.046923360455854581 0.027326656076398472
leaf_weight=8.0759202055778569 70.533277690865361 32.032636238247505 160.50885280621151 162.88978485079133 50.099030890207359 343.27258307906959 492.0781272528202 78.783232855377719 104.74080145941116 441.34990240072511 202.85343882921006 236.41095209858031 33.385878468980081 46.643292782464414
leaf_count=9721 44505 303 17395 4654 99894 20632 1977075 4169 9673 3363 31920 26974 143 186
internal_value=-9.50539e-06 0.0113215 0.000330789 0.0304582 -0.00451912 -0.00254019 -0.0444927 0.0207588 0.00542944 0.0369519 -0.00954395 -0.0166912 0.0191823 0.00741049
internal_weight=2463.66 1963.5 1247.2 716.301 1007.91 957.811 500.154 239.292 448.013 553.412 509.798 306.944 112.062 78.6759
internal_count=2250607 263811 255162 8649 233598 133704 1986796 21564 30305 3995 103399 71479 632 489
is_linear=0
shrinkage=0.05


Tree=66
num_leaves=15
num_cat=0
split_feature=24 29 28 32 4 31 18 29 2 30 28 3 18 18
split_gain=440.481 155.979 40.2133 35.7019 25.1408 22.4016 20.519 30.0834 18.6654 17.9844 17.4866 16.2269 15.0186 14.0627
threshold=1.1017062664031985 4.0631101131439218 2.5000000000000004 1.0000000180025095e-35 0.056016713380813606 -1.0000000180025095e-35 0.3614740669727326 3.1427326202392583 1.688286364078522 0.036902006715536124 3.5000000000000004 0.027705729007720951 0.27829030156135565 0.10543674230575563
decision_type=8 10 10 10 10 10 10 10 10 10 10 10 10 10
left_child=8 2 4 5 6 12 -2 -8 -1 -9 13 -7 -3 -4
right_child=1 3 10 -5 -6 11 7 9 -10 -11 -12 -13 -14 -15
leaf_value=-0.04642776434646334 -0.00010041612988412433 0.031537555562678114 0.032878876019748253 0.0083749169816439966 -0.049854221076106237 0.04539479664855 -0.03833473395238314 0.011846410083463866 0.0079806597994350331 -0.055874940128553291 0.049892529071753872 0.020076065815145653 -0.0055145296952335667 0.0032963564926638562
leaf_weight=442.32643955206913 785.21402190363006 62.927162762483931 57.555609329945582 159.45732370465703 30.273229783826537 339.76985119914752 94.038692007976351 73.173417480589706 16.345763356388488 11.320221318281254 36.766235984483501 77.76852794073784 48.37300167552894 133.02103936573258
leaf_count=1951105 119994 334 4225 4644 77467 2994 57767 1871 8666 961 1292 361 307 17589
internal_value=-0.000490203 0.0100776 -0.000649693 0.029113 -0.00498855 0.035366 -0.00357923 -0.0188796 -0.0444888 0.00277329 0.0183213 0.0406791 0.0154341 0.0122305
internal_weight=2368.33 1909.66 1221.36 688.296 994.02 528.839 963.746 178.532 458.672 84.4936 227.343 417.538 111.3 190.577
internal_count=2249577 289806 281166 8640 258060 3996 180593 60599 1959771 2832 23106 3355 641 21814
is_linear=0
shrinkage=0.05


Tree=67
num_leaves=15
num_cat=0
split_feature=22 29 7 28 23 24 18 3 12 16 18 3 1 18
split_gain=411.915 137.346 37.8535 35.1405 34.6932 22.094 17.544 14.4528 12.3784 12.2036 11.8538 11.336 11.1244 11.0126
threshold=0.60077372193336498 4.0631101131439218 47.667390823364265 2.5000000000000004 2.5000000000000004 1.9989223480224612 0.17584312707185748 0.027705729007720951 0.13270440697669986 2.6735538244247441 0.28751130402088171 0.14875653386116031 161.50000000000003 0.28456890583038336
decision_type=8 10 10 10 10 10 8 10 10 8 10 8 10 10
left_child=3 2 5 9 7 6 -2 -3 -8 11 12 -1 -7 -6
right_child=1 4 -4 -5 13 10 8 -9 -10 -11 -12 -13 -14 -15
leaf_value=-0.014749516006418793 0.0015884559064148194 0.039468106276979033 0.04394263614871468 -0.014749516006418793 0.01585757335383613 0.017298577812793477 -0.014749516006418793 0.019869738258412123 0.021378954881918957 -0.048213811052521573 -0.0053049547762058077 -0.047677021859571192 -0.014749516006418793 -0.014749516006418793
leaf_weight=22.232946471211108 371.09123816549254 406.4275453158225 48.506968585716095 47.289596717047971 73.134473315469222 244.76662456753547 359.00125814220155 122.40093207913014 14.34554057374771 396.35423729050672 103.91270820556383 28.771116392712429 13.067303680072653 39.272632097505266
leaf_count=36897 77578 3558 3136 48009 1429 3785 140763 1398 3095 1775705 2941 150613 363 1304
internal_value=-0.000112595 0.0110151 0.000711011 -0.0405141 0.02957 -0.00118473 -0.00611058 0.0349319 -0.0137631 -0.0452514 0.00895217 -0.0222303 0.0146981 0.00434426
internal_weight=2290.58 1795.93 1154.69 494.648 641.236 1106.18 744.438 528.828 373.347 447.358 361.747 51.0041 257.834 112.407
internal_count=2250574 239350 231661 2011224 7689 228525 221436 4956 143858 1963215 7089 187510 4148 2733
is_linear=0
shrinkage=0.05


Tree=68
num_leaves=15
num_cat=0
split_feature=24 29 27 32 14 16 14 24 8 1 7 28 10 16
split_gain=370.955 134.827 39.6969 30.1687 28.8832 25.4979 22.8321 22.1528 19.1832 18.8157 13.2729 12.0145 11.7609 15.1544
threshold=1.0618115067481997 4.0631101131439218 2.9543005228042607 1.0000000180025095e-35 1.0000000180025095e-35 2.4414010047912602 1.0000000180025095e-35 1.8449382185935976 5.5000000000000009 3.5000000000000004 47.667390823364265 3.5000000000000004 0.011907716281712057 3.3140207529067998
decision_type=8 10 10 10 10 8 10 10 8 8 10 10 10 10
left_child=8 2 4 11 5 -2 -4 10 -1 -7 -6 -3 13 -9
right_child=1 3 6 -5 7 9 -8 12 -10 -11 -12 -13 -14 -15
leaf_value=0.024996245234883186 0.014393671342053164 0.029959897164508243 0.04078086039179505 0.0087746609802050509 -0.0073017829981144979 0.0056352751481698986 -0.0047326023602799073 0.026142302473122454 -0.045941756324400181 -0.029148110351949648 0.050191402036906169 0.048833324717095464 0.039649608781756177 0.0012125170768799269
leaf_weight=9.7720619360788969 55.802508643035253 361.84768508456909 85.133883153677743 152.47614586583222 415.39001358668429 47.501606541787623 40.742553271818906 84.605689810137847 385.11948475432473 214.18610638636528 10.287244901490338 109.94266193901422 32.917560496061924 218.1145431256009
leaf_count=16940 20324 2899 10843 4688 118771 1720 8403 982 1917095 141130 1329 1070 414 3953
internal_value=-0.000238165 0.00925076 -0.000521757 0.0281093 -0.00362212 -0.016291 0.0260495 0.00166116 -0.0441863 -0.0228342 -0.00591236 0.034358 0.0112664 0.00818001
internal_weight=2223.84 1828.95 1204.68 624.266 1078.81 317.49 125.876 761.315 394.892 261.688 425.677 471.79 335.638 302.72
internal_count=2250561 316526 307869 8657 288623 163174 19246 125449 1934035 142850 120100 3969 5349 4935
is_linear=0
shrinkage=0.05


Tree=69
num_leaves=15
num_cat=0
split_feature=24 24 7 15 1 31 1 27 16 14 27 17 31 27
split_gain=348.821 117.935 38.8625 25.5426 23.8394 19.0086 18.7335 16.2633 16.0596 16.9641 24.2103 15.2605 14.9303 14.4814
threshold=1.1017062664031985 2.3125263452529912 13.192097187042238 1.0000000180025095e-35 1.5000000000000002 -0.68914487957954396 12.500000000000002 2.1038601398468022 2.5249279737472539 1.0000000180025095e-35 2.9543005228042607 4.8162329196929941 -2.8187901973724361 3.1843570470809941
decision_type=8 10 10 10 8 8 8 10 8 10 10 8 8 8
left_child=6 2 3 8 5 7 -1 -3 -2 10 -10 -11 -5 -6
right_child=1 4 -4 12 13 -7 -8 -9 9 11 -12 -13 -14 -15
leaf_value=0.0034011387565597707 0.008601058814127675 -0.0094324267733850442 0.020968821514932033 -0.092689508906326226 0.0095982652004889951 0.045726424918652607 -0.045656269234009839 0.050520415387265774 -0.032474015376552624 -0.059696724657717859 0.008601058814127675 -0.003182624678019959 0.0057108712006735726 0.029284602592364518
leaf_weight=20.570567589535131 61.095235493063228 32.679692162433639 189.62068370939232 3.8880689376528608 193.46251252368529 203.94167735235169 360.5559338737803 17.299836125224829 175.39287191022777 12.565222261830057 29.433245517779142 242.1127818653149 452.20254157218733 180.64087452807144
leaf_count=24978 21599 221 35910 685 3793 2345 1935110 78 109187 12447 6559 52037 42677 2334
internal_value=0.0004338 0.00966118 0.000254838 -0.0037667 0.0271298 0.0389541 -0.0430085 0.0113196 -0.011335 -0.0145865 -0.0252991 -0.0059709 0.00487203 0.0191041
internal_weight=2175.46 1794.34 1166.31 976.69 628.025 253.921 381.127 49.9795 520.599 459.504 204.826 254.678 456.091 374.103
internal_count=2249960 289872 281101 245191 8771 2644 1960088 299 201829 180230 115746 64484 43362 6127
is_linear=0
shrinkage=0.05


Tree=70
num_leaves=15
num_cat=0
split_feature=24 24 3 7 3 23 14 27 27 8 31 9 1 24
split_gain=306.268 116.353 40.75 33.5553 26.6248 23.006 20.315 27.4756 16.5013 14.135 14.6279 13.2484 11.9515 11.8515
threshold=0.94427591562271129 2.3125263452529912 0.16417610645294192 13.192097187042238 0.027705729007720951 2.5000000000000004 1.0000000180025095e-35 2.6893538236618046 3.1524651050567631 3.5000000000000004 2.5993386507034306 0.18542770296335223 3.5000000000000004 1.7414228320121767
decision_type=8 10 10 10 10 10 10 10 8 8 10 10 10 8
left_child=9 2 3 6 5 -3 7 12 -6 10 -1 13 -2 -8
right_child=1 4 -4 -5 8 -7 11 -9 -10 -11 -12 -13 -14 -15
leaf_value=0.023926434559861133 -0.0070832249602870243 0.038092842073636751 -0.035634216635779856 0.021006349817550504 0.00071208288169518177 -0.0078742468905227247 -0.0054722381873810854 0.0091283356810631083 0.026947918464213988 -0.046606399015483219 1.0422247279595436 -0.12672892335757063 -0.033028771568697837 0.0078881302900986033
leaf_weight=6.1394708255356809 69.003721525823494 329.92619134195047 80.930253065836951 177.7991351270648 129.79564729810227 29.667603772366419 296.46062110703861 37.524289452427183 111.34905139450711 316.84106389955014 0.0354711399268125 2.0044107149224137 124.40725125926474 377.15807699701691
leaf_count=9332 21374 3327 213906 16938 3216 440 69812 5435 1793 1829707 80 603 58898 15715
internal_value=-0.00038171 0.00780597 -0.00140885 0.00114553 0.0256805 0.0343004 -0.00274968 -0.015552 0.0128265 -0.0451462 0.0297759 0.00162628 -0.0237721 0.00200821
internal_weight=2089.04 1766.03 1165.29 1084.36 600.738 359.594 906.558 230.935 241.145 323.016 6.17494 675.623 193.411 673.619
internal_count=2250576 411457 402681 188775 8776 3767 171837 85707 5009 1839119 9412 86130 80272 85527
is_linear=0
shrinkage=0.05


Tree=71
num_leaves=15
num_cat=0
split_feature=29 22 9 16 3 3 18 22 22 17 4 8 18 24
split_gain=298.534 101.001 53.0542 41.307 18.6622 16.5351 14.7326 13.8769 13.034 12.915 12.9269 12.5367 11.0147 10.2323
threshold=1.5355888009071352 0.75462436676025402 0.2723978608846665 3.1984648704528813 0.027705729007720951 0.047111183404922492 0.21241230517625811 0.56555882096290599 0.65644097328186046 5.4049246311187753 0.0010876357555389406 2.5000000000000004 0.29747970402240759 1.2709692716598513
decision_type=8 8 10 8 8 8 10 10 10 8 8 8 10 10
left_child=7 3 5 12 8 -3 -6 -1 -5 10 13 -12 -2 -9
right_child=1 2 -4 4 6 -7 -8 9 -10 -11 11 -13 -14 -15
leaf_value=-0.048181852592281249 0.0097113871654830909 0.022799845443523301 0.039165521394285557 -0.021522361388192576 -0.0061396080469881811 0.0097113871654830909 -0.024126234481481379 0.24268487946096187 0.0097113871654830909 -0.034150220854209989 0.79243647568352005 -0.0021023291861155076 -0.034613499833289062 -0.034150220854209989
leaf_weight=271.08927696057981 305.58407505810101 259.7046245928359 283.30640447971018 38.422888385328406 225.50025587333766 251.78443351070018 229.92973631602763 0.98188434232725075 128.98768433664009 29.246011188457487 0.049759208057369331 22.0395087229208 15.152450470717666 0.28104213538608747
leaf_count=1708484 85549 2517 3836 4536 91038 11670 184813 2429 1804 80705 33 63944 8251 288
internal_value=0.000466765 0.00867609 0.0218078 -0.00238505 -0.009973 0.0121936 -0.0152204 -0.0436217 0.00430221 -0.0201186 0.00858261 -0.000312518 0.00971139 0.164163
internal_weight=2062.06 1738.37 794.795 943.577 622.841 511.489 455.43 323.687 167.411 52.5982 23.3522 22.0893 320.737 1.26293
internal_count=2249897 394014 18023 375991 282191 14187 275851 1855883 6340 147399 66694 63977 93800 2717
is_linear=0
shrinkage=0.05


Tree=72
num_leaves=15
num_cat=0
split_feature=24 29 27 22 22 16 16 8 17 8 8 11 27 16
split_gain=276.162 98.4886 29.4996 25.1578 22.5663 18.4664 16.8909 16.0575 15.978 13.1128 12.6338 10.8069 10.4266 10.1725
threshold=1.0153639912605288 4.0631101131439218 2.9892170429229741 0.7193230688571931 0.75462436676025402 3.1984648704528813 4.6395599842071542 5.5000000000000009 4.5163240432739267 1.5000000000000002 170.50000000000003 inf 4.3521587848663339 3.2384861707687382
decision_type=8 10 10 8 10 8 10 8 8 8 8 8 10 8
left_child=7 2 4 12 5 -2 -4 -1 -7 -5 -6 -10 -3 -13
right_child=1 3 6 9 10 8 -8 -9 11 -11 -12 13 -14 -15
leaf_value=0.022615835239175389 -0.00016970651018521633 -0.0088264024473103577 0.029866939516406704 0.048555138032543528 0.032706885964338725 -0.052883480079091008 -0.040602156221796193 -0.045926178929551892 -0.023356938799717238 0.026374587296330677 0.0039169702109563614 -0.090469468041458806 0.016377078155997989 -0.0057768499604512174
leaf_weight=8.7998705273148499 220.13234486328656 71.171155670475855 102.32495676898543 81.582001624803524 43.915149466673029 24.766664731425408 9.2741395777629787 294.86125723597252 138.82180383630475 363.64683587019317 288.07227748676087 3.5847992350027189 25.638287096749991 323.30893026564445
leaf_count=16773 87536 3034 14547 1126 320 30625 5330 1883000 102455 4000 3962 1241 503 96324
internal_value=-2.65232e-05 0.00783486 -0.000421601 0.0254159 -0.00303682 -0.0080647 0.0240108 -0.0439399 -0.0137502 0.0304389 0.00772529 -0.0116691 0.00231529 -0.00670561
internal_weight=1999.9 1696.24 1154.2 542.038 1042.6 710.615 111.599 303.661 490.482 445.229 331.987 465.716 96.8094 326.894
internal_count=2250776 351003 342340 8663 322463 318181 19877 1899773 230645 5126 4282 200020 3537 97565
is_linear=0
shrinkage=0.05


Tree=73
num_leaves=15
num_cat=0
split_feature=24 28 22 3 31 3 16 16 11 16 2 2 28 1
split_gain=253.015 80.2861 34.2159 26.635 17.4337 17.3702 15.1014 14.9724 12.533 11.858 13.1758 11.1894 10.2716 9.94316
threshold=1.0268613100051882 2.5000000000000004 0.75462436676025402 0.027705729007720951 -0.29797194898128504 0.047111183404922492 3.113268375396729 3.1984648704528813 inf 8.1175711154937762 -0.25054924190044398 0.76989135146141063 3.5000000000000004 1.5000000000000002
decision_type=8 10 10 10 8 8 8 8 8 10 8 8 10 10
left_child=9 2 7 4 6 -4 -3 -2 -9 -1 -11 -10 -5 -8
right_child=1 3 5 12 -6 -7 13 8 11 10 -12 -13 -14 -15
leaf_value=-0.043905349170366183 0.0020429725192572744 0.042594778862061561 0.021249929258059644 0.0050244601326251545 0.040503596187234127 0.0020429725192572744 0.011058001917651312 -0.023452410263560375 -0.023600542347999853 0.66665597221961526 -0.050449150559605409 -0.0013677427193686232 0.03528907897385529 -0.037175427937603235
leaf_weight=285.22590611227315 215.23023389181253 32.411461342155235 210.87546119907347 178.12973622162826 219.08926465246986 214.5827813267897 49.14124929587706 157.77011454169951 72.729329063033219 0.12399658625508891 0.13250487188997695 255.06356243990558 33.271928224276053 13.653548719012177
leaf_count=1905261 82150 309 1787 25278 3373 3533 512 118742 68567 18 1008 35149 1576 547
internal_value=-0.000134849 0.00737656 -0.000154252 0.0235106 0.0327408 0.0110307 0.014877 -0.00694472 -0.0118736 -0.0435998 0.29621 -0.00630066 0.00978773 0.000570549
internal_weight=1937.43 1651.95 1126.25 525.697 314.296 425.458 95.2063 700.793 485.563 285.482 0.256501 327.793 211.402 62.7948
internal_count=2247810 341523 309928 31595 4741 5320 1368 304608 222458 1906287 1026 103716 26854 1059
is_linear=0
shrinkage=0.05


Tree=74
num_leaves=15
num_cat=0
split_feature=29 22 9 27 18 11 22 29 15 16 29 17 4 16
split_gain=227.928 85.2144 46.1535 34.5654 19.5592 16.109 13.3488 10.739 8.72238 8.41918 7.80727 7.7271 13.8767 8.51375
threshold=1.5006251335144045 0.75462436676025402 0.2723978608846665 2.0270251035690312 0.31113496422767645 inf 0.55613553524017345 4.0631101131439218 1.0000000180025095e-35 3.4811217784881596 2.3231714963912968 5.4049246311187753 0.014052361249923708 2.3502402305603032
decision_type=8 8 10 10 10 8 10 10 8 10 10 8 10 8
left_child=6 3 7 4 8 -6 -1 -3 -2 -10 -11 12 13 -8
right_child=1 2 -4 -5 5 -7 11 -9 9 10 -12 -13 -14 -15
leaf_value=-0.047739224370706303 -0.022988645485951253 0.0082997804022912746 0.037250510298302161 0.0082997804022912746 -0.042212749719878977 -0.011120033925781527 0.14014049988725877 0.022115413111213525 0.0036937512476464783 -0.026706325672127048 -0.0041108221751509537 -0.033503520084473874 -0.033503520084473874 0.021065642242316614
leaf_weight=220.21520728920405 53.314510718082602 325.66241223210818 249.4365593580369 148.4920668588602 66.377693275898309 111.85665188093299 1.7341639557234891 155.81328663484601 299.73384658186933 49.353752627421272 169.60290611841629 27.877288210884217 9.8512222812278178 11.171441753085674
leaf_count=1666689 25605 13073 3824 34421 73123 68089 1965 1524 111105 64472 16424 93947 46390 29804
internal_value=5.69075e-05 0.00711607 0.0197944 -0.00319486 -0.00823682 -0.0226995 -0.0424166 0.010751 -0.0037303 -0.0017508 -0.00920394 -0.0192678 0.00254904 0.0370661
internal_weight=1900.49 1629.64 730.912 898.731 750.239 178.234 270.849 481.476 572.005 518.691 218.957 50.6341 22.7568 12.9056
internal_count=2250455 411660 18421 393239 358818 141212 1838795 14597 217606 192001 80896 172106 78159 31769
is_linear=0
shrinkage=0.05


Tree=75
num_leaves=15
num_cat=0
split_feature=24 24 7 18 3 0 31 3 27 15 7 1 27 14
split_gain=208.756 73.973 31.9107 23.4588 22.8889 18.6478 17.2522 15.5453 13.2279 20.5159 13.1508 11.3863 11.3309 11.0395
threshold=0.9274963140487672 2.3125263452529912 34.481418609619148 0.4194773137569428 0.027705729007720951 0.68972954154014599 -0.12483134493231772 0.16417610645294192 2.0270251035690312 1.0000000180025095e-35 31.339350700378422 8.5000000000000018 9.1692051887512225 1.0000000180025095e-35
decision_type=8 10 10 10 10 8 8 10 10 8 10 10 8 10
left_child=-1 2 3 7 6 -5 10 8 9 13 12 -6 -3 -2
right_child=1 4 -4 5 11 -7 -8 -9 -10 -11 -12 -13 -14 -15
leaf_value=-0.043983935431583909 -0.058499746271982803 0.0057991114707867447 0.030678277979640973 -0.037294286124402144 -0.00205084349793252 -0.0028929686196686238 0.036469604750596352 -0.0262282817926793 0.013465169387920079 0.0013757834796336388 0.034566251506593169 0.020488607119784785 -0.05743695196518226 -0.013329367423035208
leaf_weight=241.19946286732738 20.993335587219917 21.002424854203131 72.06674521824425 85.397221467728741 109.70212913143041 73.124298315611668 238.58570166038407 54.953506231431675 89.52472588560795 658.4138889251517 22.331585539970547 114.52952113509673 10.689365589933002 38.029913896489234
leaf_count=1822137 8357 220 12116 108230 2528 7136 3279 151495 10620 113241 146 2499 129 7175
internal_value=-0.000605286 0.00589606 -0.00147702 -0.00374794 0.0214814 -0.0214253 0.0306924 -0.000496755 0.00125554 -0.00115576 0.00517831 0.0094615 -0.0155299 -0.0293955
internal_weight=1850.54 1609.34 1092.5 1020.44 516.841 158.522 292.609 861.915 806.962 717.437 54.0234 224.232 31.6918 59.0232
internal_count=2249308 427171 418370 406254 8801 115366 3774 290888 139393 128773 495 5027 349 15532
is_linear=0
shrinkage=0.05


Tree=76
num_leaves=15
num_cat=0
split_feature=29 8 22 3 18 22 8 27 3 31 17 4 31 12
split_gain=201.034 84.0256 45.8892 21.0996 19.3322 14.5567 17.2558 14.4022 12.4831 10.3729 9.56382 11.2926 9.37545 8.81154
threshold=1.5006251335144045 8.5000000000000018 0.75462436676025402 0.047111183404922492 0.34922629594802862 0.56555882096290599 3.5000000000000004 2.0270251035690312 0.083792626857757582 -1.0000000180025095e-35 5.4049246311187753 0.0010876357555389406 -0.23732578009366986 0.32843138277530676
decision_type=8 8 8 8 8 10 8 8 8 8 8 8 8 10
left_child=5 -2 4 12 7 -1 -7 -3 9 -6 11 -8 -4 -13
right_child=1 2 3 -5 8 6 10 -9 -10 -11 -12 13 -14 -15
leaf_value=-0.047485971295497732 0.03605187899453316 -0.0080594284048760515 0.0052222995994166592 0.0037023375119993908 -0.02794314727931211 0.48563653187769945 0.13889955011522004 0.0037023375119993908 -0.038340429255530196 0.0027016540931362448 -0.031593328368409092 -0.0042189103120216119 0.026204540514029647 0.59807776757099373
leaf_weight=200.82035731004453 213.91960819952874 372.92118290976759 67.712164153359481 269.22605578699586 48.097200944746874 0.17097053069301082 1.5335869769041917 237.78319397625091 61.532294756646479 64.83991711041017 23.548266427240378 18.580019489127157 249.07250389781439 0.060924568795598044
leaf_count=1696258 8124 175650 1068 13105 18762 95 2663 64484 121093 6494 77919 61844 2413 34
internal_value=0.000394692 0.0069065 0.00235951 0.0129473 -0.00554267 -0.0417847 -0.0157007 -0.00134922 -0.0202212 -0.0103492 -0.0176611 0.00847924 0.0217196 -0.00225041
internal_weight=1829.82 1585.1 1371.18 586.011 785.174 244.714 43.8938 610.704 174.469 112.937 43.7228 20.1745 316.785 18.6409
internal_count=2250006 411193 403069 16586 386483 1838813 142555 240134 146349 25256 142460 64541 3481 61878
is_linear=0
shrinkage=0.05


Tree=77
num_leaves=15
num_cat=0
split_feature=29 9 24 23 18 15 22 18 10 33 13 16 8 16
split_gain=184.351 69.4214 28.3732 24.9035 23.9229 17.4389 11.6663 11.0183 16.6775 14.4799 36.5749 13.0043 10.5805 13.6707
threshold=1.5006251335144045 0.29708679020404821 1.9989223480224612 2.5000000000000004 0.28456890583038336 1.0000000180025095e-35 0.56555882096290599 0.69916975498199474 0.0039920320268720397 98.500000000000014 0.48999999463558203 6.5419692993164071 20.500000000000004 3.3842465877532963
decision_type=8 10 8 8 10 10 10 10 8 10 10 10 8 8
left_child=6 2 7 -3 -5 -4 -1 -2 11 -10 -11 -9 13 -8
right_child=1 3 5 4 -6 -7 12 8 9 10 -12 -13 -14 -15
leaf_value=-0.047287956724606332 -0.0056851708902144506 0.033575245702331412 0.0011322978380328304 0.021152047480499678 -0.021603742744403586 0.020341086491116211 0.43243781493462125 -0.050199812263840439 -0.036964487217036872 -0.050788496850220625 3.2621713910904888 1.7069390584780095 -0.021056659406897785 -0.032738429473680365
leaf_weight=188.72654965357833 614.36047639243952 248.57719076423564 301.92492214802405 105.96082827561804 47.329673355701743 194.12877157698676 0.29517109122389129 0.018496685017452275 34.628913339532119 0.028748301032463952 0.011730091930076014 0.024446482406347059 41.58897852127393 0.24964412212648313
leaf_count=1696087 300490 3535 16573 17758 21425 3661 99 136 47829 191 5 4 141657 621
internal_value=-0.000298421 0.00592136 -0.000353253 0.0238009 0.00795085 0.00864959 -0.0419772 -0.00723367 -0.03464 -0.0358597 0.909263 0.950096 -0.0181889 0.200724
internal_weight=1777.85 1546.99 1145.13 401.868 153.291 496.054 230.86 649.073 34.7123 34.6694 0.0404784 0.0429432 42.1338 0.544815
internal_count=2250071 411607 368889 42718 39183 20234 1838464 348655 48165 48025 196 140 142377 720
is_linear=0
shrinkage=0.05


Tree=78
num_leaves=15
num_cat=0
split_feature=23 9 29 22 9 15 9 26 22 16 18 18 33 4
split_gain=177.18 60.5042 31.004 26.18 20.6819 20.4007 12.9365 12.6663 15.0281 12.0355 10.8268 9.60174 9.39705 12.2984
threshold=53.500000000000007 0.29708679020404821 2.9576396942138676 0.7193230688571931 0.99919417500495922 1.0000000180025095e-35 0.72848835587501537 0.24404761940240863 0.75462436676025402 3.0201274156570439 0.43423065543174749 0.73252111673355114 20.500000000000004 0.00011849403381347658
decision_type=10 10 8 8 10 10 10 10 10 10 10 8 10 8
left_child=1 2 5 11 7 10 -2 8 9 -3 -1 -4 -12 -14
right_child=6 4 3 -5 -6 -7 -8 -9 -10 -11 12 -13 13 -15
leaf_value=-0.016563355503700191 -0.042507696613937385 0.011841713795816861 -0.0058467584351590829 0.012697871128199523 0.045347992507430657 0.0013068113331639734 0.021007183138997659 0.03523348369353782 0.02459077750341691 -0.01557630187518827 -0.081298512018737931 -0.052610609742339137 0.31734407640776285 -0.030254324865163124
leaf_weight=181.88078436026626 226.34612198120521 52.510177937158005 189.29817871811974 518.92312275898439 84.153879313078505 191.1761590704009 8.3112371655224688 74.87982821395417 113.18741966362177 65.55172963829682 12.834713503249079 11.652304664945403 0.25819110341763263 17.649888129064493
leaf_count=136576 1931457 6147 20535 7377 1725 39660 22572 3560 1417 20056 7833 3376 119 48218
internal_value=0.000168739 0.00643474 0.000543917 0.00676425 0.0233951 -0.0105454 -0.0402581 0.0173604 0.011573 -0.00090735 -0.021202 -0.0085584 -0.0486453 -0.0252428
internal_weight=1748.61 1513.96 1123.67 719.874 390.283 403.8 234.657 306.129 231.249 118.062 212.624 200.95 30.7428 17.9081
internal_count=2250628 296599 263694 31288 32905 232406 1954029 31180 27620 26203 192746 23911 56170 48337
is_linear=0
shrinkage=0.05


Tree=79
num_leaves=15
num_cat=0
split_feature=29 28 3 22 22 3 10 16 22 18 31 16 32 31
split_gain=158.453 62.3139 22.1639 18.8949 16.6012 13.7352 13.2889 12.5284 14.691 10.9969 17.4494 10.3867 9.67268 9.60916
threshold=1.468139708042145 2.5000000000000004 0.027705729007720951 0.75462436676025402 0.55096912384033214 0.047111183404922492 0.015847115777432922 3.1984648704528813 0.58352768421173107 0.15104664862155917 -0.29797194898128504 3.1984648704528813 5.0530509948730478 3.2219190597534184
decision_type=8 10 10 8 10 10 10 8 10 8 8 8 10 8
left_child=4 3 9 7 -1 -5 -6 -2 -9 -3 -11 -8 -4 -10
right_child=1 2 12 5 6 -7 11 8 13 10 -12 -13 -14 -15
leaf_value=-0.047882220817929019 0.00075847976764994475 0.04456112114863961 0.0083058309737366141 0.016513803519642305 -0.016360975949386635 0.00075847976764994475 0.41848830717309649 -0.041258922945829946 -0.0043481498424614955 0.0010979173819789542 0.035063385717789712 -0.030710027370593113 0.26905551532161248 -0.023826218350718797
leaf_weight=162.67960216948177 198.04579109176757 95.499644443418219 194.88321662877388 218.08329708882593 44.417979318533071 206.76897370208462 0.31362432586683908 36.937960028584712 313.81806250775298 57.87991801753742 109.06925379511631 0.16479219620669028 0.35631378191101148 79.324102907115957
leaf_count=1638009 90843 1511 42333 2465 183134 11905 35 178669 82651 1555 2427 410 13 13782
internal_value=0.000507381 0.00613575 0.0215387 -0.000559296 -0.0404539 0.00758469 -0.0135378 -0.00606773 -0.0111108 0.0310287 0.0232878 0.248573 0.0087817 -0.00827823
internal_weight=1718.24 1510.67 457.688 1052.98 207.576 424.852 44.8964 628.126 430.08 262.449 166.949 0.478417 195.24 393.142
internal_count=2249742 428154 47839 380315 1821588 14370 183579 365945 275102 5493 3982 445 42346 96433
is_linear=0
shrinkage=0.05


Tree=80
num_leaves=15
num_cat=0
split_feature=29 8 29 15 1 22 22 26 16 24 18 24 18 8
split_gain=139.91 69.2573 35.8168 18.0844 21.4582 15.2893 14.2712 14.1646 11.0071 10.5107 9.96775 9.48191 10.0666 9.36
threshold=1.468139708042145 5.5000000000000009 3.4348374605178837 1.0000000180025095e-35 3.5000000000000004 0.66414529085159313 0.56555882096290599 0.62019231915473949 4.2696731090545663 1.8449382185935976 0.29427438974380499 1.4287154674530032 0.73252111673355114 115.50000000000001
decision_type=8 8 10 10 8 8 10 10 8 8 10 10 10 8
left_child=6 10 3 4 -3 8 -1 11 -4 13 -2 -6 -13 -5
right_child=1 2 5 9 7 -7 -8 -9 -10 -11 -12 12 -14 -15
leaf_value=-0.047258321399626831 0.043681034399548124 0.021142231900858947 -0.0066106970940205054 -0.080988708583685565 -0.03441084388820121 0.012410779490304849 -0.013447373798376584 0.0284452603205494 -0.0722829889043166 0.013057589886608725 0.017366650289069679 -0.012814854539558601 -0.055258093747621174 -0.0037373870069034535
leaf_weight=158.48847142980139 109.02784539134154 39.177630083315307 44.996034580923151 3.9986963668661692 85.139789730478697 518.08603281617798 38.862033162939952 15.8334517739313 7.4346314466893082 126.86833913976443 53.718642083935265 247.69996401665412 14.805366368260364 201.96447336565052
leaf_count=1683769 2974 3755 4908 3389 274302 8574 137934 4163 1460 3707 2880 43337 6790 68144
internal_value=-0.00107293 0.00423822 0.000405456 -0.00688723 -0.0140154 0.0098069 -0.0406003 -0.0178049 -0.015923 0.00173639 0.0349953 -0.0199114 -0.0152087 -0.00523719
internal_weight=1666.1 1468.75 1306 735.488 402.656 570.517 197.351 363.479 52.4307 332.832 162.746 347.645 262.505 205.963
internal_count=2250086 428383 422529 407587 332347 14942 1821703 328592 6368 75240 5854 324429 50127 71533
is_linear=0
shrinkage=0.05


Tree=81
num_leaves=15
num_cat=0
split_feature=22 8 29 29 22 16 12 27 14 14 26 14 16 1
split_gain=132.127 56.7951 31.1143 19.3144 13.4849 14.7844 10.6434 9.41826 14.153 10.1758 8.33046 9.72479 7.74172 7.3382
threshold=0.56555882096290599 9.5000000000000018 3.4348374605178837 1.468139708042145 0.75462436676025402 3.2384861707687382 0.19543650746345523 3.1240557432174687 1.0000000180025095e-35 1.0000000180025095e-35 0.18465909361839297 1.0000000180025095e-35 4.5798392295837411 1.5000000000000002
decision_type=8 8 8 10 8 10 10 10 10 10 10 10 10 10
left_child=3 10 6 -1 5 -4 7 8 -3 -9 11 13 -10 -2
right_child=1 2 4 -5 -6 -7 -8 9 12 -11 -12 -13 -14 -15
leaf_value=-0.046784444967826015 0.029555146229078913 -0.015992276690104921 0.0081336619808945985 -0.015992276690104921 0.015708334520046083 -0.01099844287953587 0.059684194147520089 0.038313818264766319 -0.00061763478104952165 -0.012337764516957306 0.045682097525007369 0.051943874580930804 -0.015992276690104921 0.00047239121313968424
leaf_weight=150.40887698270944 45.469398844230454 130.07961437913946 102.90532655694551 55.631181575417941 374.29603101937391 138.87488770498931 6.1295656247748402 23.35308061341857 392.92548185066244 17.232752571220772 67.575973654715199 23.483173529612941 84.767981397091717 41.474017178705253
leaf_count=1690237 1451 126325 5061 183245 4140 12757 1495 5769 143771 9563 1525 1075 62537 1994
internal_value=7.52594e-05 0.00540401 0.0016983 -0.0373886 0.00976295 0.000558989 -0.00589303 -0.006513 -0.00807027 0.0168071 0.031855 0.0233934 -0.00358594 0.015682
internal_weight=1654.61 1448.57 1270.56 206.04 616.076 241.78 654.488 648.359 607.773 40.5858 178.003 110.427 477.693 86.9434
internal_count=2250945 377463 371418 1873482 21958 17818 349460 347965 332633 15332 6045 4520 206308 3445
is_linear=0
shrinkage=0.05


Tree=82
num_leaves=15
num_cat=0
split_feature=24 9 29 22 12 18 16 22 18 18 8 15 24 32
split_gain=124.239 52.0268 24.6771 18.8627 14.6808 16.787 13.7207 13.7191 14.3435 12.9734 11.1259 9.93376 9.62659 8.23754
threshold=0.90148466825485241 0.29708679020404821 2.9576396942138676 0.7193230688571931 0.037386443465948112 0.34922629594802862 5.059420347213746 0.75462436676025402 0.15902552753686908 0.73252111673355114 3.5000000000000004 inf 2.3125263452529912 1.0000000180025095e-35
decision_type=8 10 10 8 8 10 8 10 10 10 8 8 8 8
left_child=10 2 4 9 6 11 12 8 -3 -4 -1 -6 -2 -7
right_child=1 7 3 -5 5 13 -8 -9 -10 -11 -12 -13 -14 -15
leaf_value=0.03582341347299365 -0.050985110638347132 0.020948684394718399 -0.0065017651488998088 0.010569042235930935 0.0044989200290570155 -0.11897535169493163 0.012823785682681627 0.030770830195923152 -0.0031425091396528972 -0.083354575880829257 -0.043888360370980317 -0.012744204808740577 0.015074108838215619 -0.027693591031217154
leaf_weight=4.5012310062056704 46.496236265319567 87.761318633920382 158.76558346794991 460.14158877205591 214.96424973036574 2.5953840438596663 13.815742960778151 176.17903424921678 91.59862297005202 5.6880184878245919 159.28592555065461 136.60487186576393 6.2571748543014101 51.800033342961797
leaf_count=9339 48446 9884 15943 6975 70603 71 13120 2812 26443 2179 1787338 152863 7158 96671
internal_value=-0.000415783 0.00423872 -0.00114788 0.00537448 -0.00976915 -0.00620037 -0.031533 0.0208608 0.0111265 -0.0091599 -0.0416977 -0.00220103 -0.0431497 -0.0320489
internal_weight=1616.46 1452.67 1097.13 624.595 472.534 405.965 66.5692 355.539 179.36 164.454 163.787 351.569 52.7534 54.3954
internal_count=2249845 453168 414029 25097 388932 320208 68724 39139 36327 18122 1796677 223466 55604 96742
is_linear=0
shrinkage=0.05


Tree=83
num_leaves=15
num_cat=0
split_feature=29 27 22 15 3 22 18 0 16 7 8 16 7 22
split_gain=116.113 57.9034 40.6742 23.298 17.8743 17.236 13.0697 14.7048 11.6408 12.7339 11.4404 11.9457 9.35865 9.21845
threshold=1.5006251335144045 2.9892170429229741 0.75462436676025402 1.0000000180025095e-35 0.047111183404922492 0.55096912384033214 0.16103282570838931 0.59868362545967113 3.0201274156570439 13.730702400207521 20.500000000000004 1.8688347935676577 19.084865570068363 0.66414529085159313
decision_type=8 10 8 8 8 10 10 10 8 10 8 8 10 10
left_child=5 2 3 -2 12 -1 -5 -8 -3 -10 11 -7 -4 -9
right_child=1 8 4 6 -6 10 7 13 9 -11 -12 -13 -14 -15
leaf_value=-0.047113602468706009 -0.034102569702594711 0.045526626994679353 0.014758648318614837 0.0020699980756259647 0.0020699980756259647 0.97849840997215731 -0.042976535758824229 -0.022469219836062437 0.0041421943239091609 0.033590584513812652 -0.015388619276461658 0.10854718096312695 0.036094959919253426 -0.0017381560587765299
leaf_weight=131.74756990968308 72.27380199145864 69.719975737398272 204.63047441896924 319.50667306651485 236.87011387890379 0.040756332100498782 33.35853828735344 75.387367066887236 64.963066051488568 84.406313762905484 42.729476307747518 1.2411288535067797 68.631523390326038 185.74462430762833
leaf_count=1649454 44275 4033 2537 115369 12584 10 91568 101427 17363 6323 188181 1107 1102 14595
internal_value=0.000265969 0.0050253 0.000697767 -0.00725072 0.0113907 -0.0380638 -0.00408998 -0.0117164 0.0286571 0.020783 -0.0109732 0.136206 0.0201174 -0.0077231
internal_weight=1591.25 1415.49 1196.4 686.271 510.132 175.759 613.997 294.491 219.089 149.369 44.0114 1.28189 273.262 261.132
internal_count=2249928 411176 383457 367234 16223 1838752 322959 207590 27719 23686 189298 1117 3639 116022
is_linear=0
shrinkage=0.05


Tree=84
num_leaves=15
num_cat=0
split_feature=29 27 22 15 29 14 16 22 16 11 31 7 16 32
split_gain=115.14 49.2796 36.8855 16.7929 16.4749 13.4388 12.6857 12.8106 11.0995 15.4309 11.5341 9.38936 8.67192 17.8614
threshold=1.5006251335144045 2.9892170429229741 0.75462436676025402 1.0000000180025095e-35 4.0631101131439218 1.0000000180025095e-35 8.1175711154937762 0.52916494011878978 3.1984648704528813 inf 3.2219190597534184 46.804056167602546 1.8688347935676577 5.3913497924804696
decision_type=8 10 8 8 10 10 10 10 10 8 8 10 8 10
left_child=6 2 3 -2 11 -3 7 -1 -5 -10 -11 -4 13 -9
right_child=1 5 4 8 -6 -7 -8 12 9 10 -12 -13 -14 -15
leaf_value=-0.048210525149927706 -0.029232976182702288 0.034667769005730466 0.0029773521661357154 0.0025614027818348633 0.023100244856901753 0.00658606802446243 0.35962619178137456 0.092949411019475375 -0.023642349581299987 0.0025614027818348633 -0.024993842847794302 0.051196889924695115 -0.020685842627605852 1.3344754963795895
leaf_weight=117.04726987787853 71.533170704728946 159.19525124611846 311.69186954743054 227.68503558041357 190.10766047051948 58.172533844146528 0.19958693730040877 0.91542069240949686 122.35309492971919 218.6250861661747 45.7603039465248 10.433480242245421 47.899922051644353 0.029916368712292751
leaf_count=1570303 44331 16310 13349 94472 2739 11319 878 3742 121655 85451 21535 166 263943 88
internal_value=0.000628355 0.00524939 0.00127587 -0.00630502 0.0114278 0.0271525 -0.0387554 -0.0392347 -0.00363568 -0.00896093 -0.00216661 0.00453916 -0.0177262 0.132239
internal_weight=1581.65 1415.56 1198.19 685.957 512.233 217.368 166.092 165.893 614.424 386.738 264.385 322.125 48.8453 0.945337
internal_count=2250281 411327 383698 367444 16254 27629 1838954 1838076 323113 228641 106986 13515 267773 3830
is_linear=0
shrinkage=0.05


Tree=85
num_leaves=15
num_cat=0
split_feature=24 27 29 14 16 31 3 14 0 30 33 12 16 0
split_gain=106.102 47.3592 20.0061 17.8663 27.0169 13.7331 14.8796 13.4808 12.3404 11.5804 11.3121 13.38 11.1133 10.1111
threshold=0.9098639488220216 2.8625483512878422 4.0631101131439218 1.0000000180025095e-35 2.4414010047912602 -1.0000000180025095e-35 0.027705729007720951 1.0000000180025095e-35 0.73909938335418712 -0.14283683896064756 5.5000000000000009 0.037386443465948112 6.3198683261871347 0.57393860816955578
decision_type=8 10 10 10 8 10 8 10 8 10 8 8 10 8
left_child=12 2 3 4 -2 8 -7 -3 -4 10 -5 -12 -1 -13
right_child=1 7 5 9 -6 6 -8 -9 -10 -11 11 13 -14 -15
leaf_value=-0.042296122179967241 0.017921922193555064 0.033239780187607322 -0.033447666880878545 0.013186559956126373 -0.022890329414763041 0.030974741438037447 0.0032098870422503467 0.0053000743904680556 0.0093603420121914829 -0.012092131352685727 -0.025623987742882277 -0.026753433320743265 0.063821098961529349 0.0059594753286999341
leaf_weight=142.52556500331821 51.074393805887667 161.17658780330567 26.339626124674396 220.1930285859853 196.79374743470453 114.62336202470578 83.339429876228678 58.968449507157857 46.655689624079969 131.27889665275688 48.857282043610212 26.143511148797188 2.5107063438090327 244.8105255666469
leaf_count=1791356 28811 16907 1307 3000 199623 2041 2439 12042 537 39168 31081 50804 13913 57445
internal_value=0.000263643 0.00445174 0.000510939 -0.00300884 -0.0144808 0.0124508 0.0192861 0.0257558 -0.0060865 0.00122712 0.00446512 -0.00153967 -0.0404591 0.00280311
internal_weight=1555.29 1410.25 1190.11 919.151 247.868 270.958 197.963 220.145 72.9953 671.283 540.004 319.811 145.036 270.954
internal_count=2250474 445205 416256 409932 228434 6324 4480 28949 1844 181498 142330 139330 1805269 108249
is_linear=0
shrinkage=0.05


Tree=86
num_leaves=15
num_cat=0
split_feature=24 27 22 15 14 29 8 16 17 22 22 14 16 2
split_gain=89.8457 44.8211 24.1792 17.713 15.7419 15.5065 13.3276 12.019 17.1372 10.3461 8.73323 12.4247 8.32274 8.18168
threshold=0.90148466825485241 2.8625483512878422 0.75462436676025402 1.0000000180025095e-35 1.0000000180025095e-35 4.0631101131439218 3.5000000000000004 3.1984648704528813 4.6001451015472421 0.63311594724655162 0.64355045557022106 inf 2.5249279737472539 0.84619706869125377
decision_type=8 10 10 8 10 10 8 10 10 8 8 8 8 8
left_child=6 2 3 -2 12 -4 -1 -5 -9 -10 -8 -12 -3 -6
right_child=1 4 5 7 13 -7 10 8 9 -11 11 -13 -14 -15
leaf_value=0.039234246596463303 -0.028670226732297965 0.060279030598326115 0.002630574548022715 0.0022980930975712971 -0.069344606259883187 0.021682993452753999 -0.041406080008307103 -0.048151686362355291 -0.027317547414993787 -0.0023465470231696663 0.090710544778941679 0.95724113491527874 0.028763603381912081 0.0081897737554428186
leaf_weight=5.4226321827900383 71.488747375217827 24.871556437296022 289.02085563489163 239.12420103162822 3.6266422514008809 169.38391845807018 132.91150732019196 25.213472229814215 47.588598879230176 323.17988399653768 0.32241730909299704 0.047456079548283014 132.82350655606751 55.043523678210477
leaf_count=9323 50000 1389 4258 114181 7825 2516 1785557 44793 130218 77970 882 56 15804 4430
internal_value=0.000756941 0.00460886 0.000727467 -0.0050744 0.0255079 0.00967058 -0.0376047 -0.00241841 -0.00826409 -0.00555161 -0.0407309 0.20189 0.0337342 0.00339706
internal_weight=1520.07 1381.36 1165 706.595 216.365 458.405 138.704 635.106 395.982 370.768 133.281 0.369873 157.695 58.6702
internal_count=2249202 453384 423936 417162 29448 6774 1795818 367162 252981 208188 1786495 938 17193 12255
is_linear=0
shrinkage=0.05


Tree=87
num_leaves=15
num_cat=0
split_feature=24 27 15 3 31 15 8 14 3 16 8 7 24 30
split_gain=82.8667 48.3665 23.0398 22.3255 16.1882 13.2619 13.1554 12.9958 11.5324 11.3649 11.354 10.5273 10.1133 9.90682
threshold=0.81712183356285106 2.9892170429229741 1.0000000180025095e-35 0.057563573122024543 -1.0000000180025095e-35 1.0000000180025095e-35 4.5000000000000009 1.0000000180025095e-35 1.0000000180025095e-35 2.3502402305603032 1.5000000000000002 34.481418609619148 1.8449382185935976 -2.2323697805404659
decision_type=8 10 8 8 8 10 8 10 10 8 8 10 8 8
left_child=10 2 -2 4 11 6 -5 -3 -6 -8 -1 -4 -7 -11
right_child=1 7 3 5 8 12 9 -9 -10 13 -12 -13 -14 -15
leaf_value=0.04500682193434663 -0.02202534353207844 0.03385509722654325 -0.0068592505043237068 0.043455776871730946 0.035049582354972457 -0.006458104983055323 0.013809567449193759 0.0056984020276627644 0.011471060728338383 0.023282363038083256 -0.041646702008662217 0.0285218484970589 0.013316515693248163 -0.021345327505147497
leaf_weight=3.9034345363043021 108.84140427197417 149.72551464500248 165.2639327627212 9.9866122243456612 63.731129193733068 135.82107768342667 30.228131754073729 56.424624801733444 278.4000412815185 13.189365926567914 119.76286888824143 24.088466197663365 123.40132477708903 217.58548460966858
leaf_count=2568 61709 17586 12111 1747 1448 71485 30619 13381 5225 8134 1698723 512 9547 315691
internal_value=0.000294683 0.00381654 -0.000116465 0.00212956 0.00937142 -0.00512967 -0.0128637 0.0261484 0.0158632 -0.0150187 -0.0389115 -0.00235824 0.00295549 -0.0187947
internal_weight=1500.35 1376.69 1170.54 1061.7 531.484 530.212 270.99 206.15 342.131 261.003 123.666 189.352 259.222 230.775
internal_count=2250486 549195 518228 456519 19296 437223 356191 30967 6673 354444 1701291 12623 81032 323825
is_linear=0
shrinkage=0.05


Tree=88
num_leaves=15
num_cat=0
split_feature=32 28 22 29 22 16 16 14 26 9 17 32 16 32
split_gain=76.6293 44.0196 24.5871 15.8723 14.4804 15.1588 13.1247 7.74902 17.8405 7.40868 7.34345 7.69859 24.9972 31.7054
threshold=3.979637980461121 3.5000000000000004 0.75462436676025402 4.0631101131439218 0.55096912384033214 3.6242519617080693 3.1984648704528813 1.0000000180025095e-35 0.16228070110082629 0.4957911372184754 5.7021131515502939 5.1149907112121591 3.5694335699081425 5.1209788322448739
decision_type=10 10 8 10 10 8 10 8 10 10 8 10 10 10
left_child=1 2 6 9 -2 10 -1 8 -8 -4 11 -6 -13 -14
right_child=4 -3 3 -5 5 -7 7 -9 -10 -11 -12 12 13 -15
leaf_value=0.0025093042736439048 -0.045020233221996955 0.038858477805174318 0.0025093042736439048 0.020270480829767252 0.048880526972842953 -0.025072959971165328 -0.034202404458887649 -0.0061793859707995405 0.0025093042736439048 0.033779415300891943 -0.019390576891310584 0.12905425858401565 3.8285875557655729 0.69476317353327621
leaf_weight=267.81122662556072 102.70724262996328 83.701582700648942 306.08357384671035 210.15298170047754 7.4109563056799743 17.241971767607083 78.807359712716334 356.66790825976614 27.591205209639156 18.947334968441282 3.6934043547253177 0.8026784061530633 0.0094023420406301739 0.056996366678504273
leaf_count=119229 1597902 3252 15361 3184 41287 126337 107351 203706 10573 514 16163 4837 18 343
internal_value=0.00018604 0.00374088 0.0014192 0.00956187 -0.0361852 -0.00512569 -0.00454327 -0.00971209 -0.0215544 0.00263808 0.0392385 0.0653907 0.206179 1.13853
internal_weight=1481.69 1349.76 1266.06 535.184 131.923 29.2154 730.878 463.066 106.399 325.031 11.9734 8.28003 0.869077 0.0663987
internal_count=2250057 463170 459918 19059 1786887 188985 440859 321630 117924 15875 62648 46485 5198 361
is_linear=0
shrinkage=0.05


Tree=89
num_leaves=15
num_cat=0
split_feature=24 8 24 8 18 1 12 30 31 17 27 2 15 1
split_gain=72.8417 41.1931 19.3041 17.3893 14.9625 12.2441 11.8867 11.4676 11.5106 12.5134 10.5899 10.4896 8.91972 8.46525
threshold=0.9357820749282838 7.5000000000000009 1.9989223480224612 3.5000000000000004 0.29427438974380499 157.50000000000003 0.19543650746345523 -1.3013975024223325 3.2919197082519536 5.3399362564086923 2.6893538236618046 0.63096946477890026 1.0000000180025095e-35 290.50000000000006
decision_type=8 8 10 8 10 8 10 8 10 10 10 10 10 10
left_child=3 4 6 -1 -2 7 10 -4 -9 -10 -3 13 -11 -7
right_child=1 2 5 -5 -6 11 -8 8 9 12 -12 -13 -14 -15
leaf_value=0.045985856687206741 0.040377361938225623 -0.0079137104774091999 0.028431818729794431 -0.040018489990214658 0.0054433227560241638 -0.012514149810488269 0.050859530416802058 0.0091148082178120742 -0.074883511324767324 -0.048627617720164586 0.01441763396942302 -0.084143919117043997 0.030646619592562638 0.070176681366994398
leaf_weight=6.1727470219211673 94.856707127992195 605.4318618928346 73.75739412216717 122.81935052305062 45.283693525901981 51.038010640540961 9.3355414309826283 368.59323648697682 8.6207853013365838 5.7101247308091816 58.191211216502779 4.8637728396570301 9.3726656212238595 3.2948375387531987
leaf_count=9378 3414 372047 1701 1821587 3108 2269 1606 10033 133 108 24898 179 63 40
internal_value=-1.91258e-05 0.0034394 0.000439459 -0.0359029 0.0290891 0.00762302 -0.00516738 0.0103437 0.00694289 -0.0268307 -0.00595554 -0.013797 0.000634548 -0.00749964
internal_weight=1467.34 1338.35 1198.21 128.992 140.14 525.251 672.959 466.054 392.297 23.7036 663.623 59.1966 15.0828 54.3328
internal_count=2250564 419599 413077 1830965 6522 14526 398551 12038 10337 304 396945 2488 171 2309
is_linear=0
shrinkage=0.05


Tree=90
num_leaves=15
num_cat=0
split_feature=24 27 7 29 31 18 8 14 18 14 1 17 0 0
split_gain=70.0092 36.7537 20.7146 16.3607 12.563 13.5599 12.5002 10.831 16.1379 10.3848 10.7093 9.90602 9.02947 8.837
threshold=0.90148466825485241 3.0573540925979619 46.804056167602546 3.4348374605178837 -1.0000000180025095e-35 0.34559865295886999 3.5000000000000004 1.0000000180025095e-35 0.10212016478180887 1.0000000180025095e-35 4.5000000000000009 4.6681339740753183 0.56883686780929577 0.73909938335418712
decision_type=8 10 10 8 10 10 8 8 8 10 8 10 8 8
left_child=6 2 3 7 5 -5 -1 8 -2 -3 -11 -10 -9 -7
right_child=1 9 -4 4 -6 13 -8 12 11 10 -12 -13 -14 -15
leaf_value=0.039113446223831637 0.0068923422394132367 0.030522051688339075 0.028973071730471589 0.0030071941140937318 0.011810075141569501 -0.049383280637352742 -0.039939914810616844 -0.029323624254592385 -0.013468950900055711 0.028894206758308207 -0.01614836592643687 -0.05131376632121825 -0.0019902161797257113 -0.0052866454358197774
leaf_weight=5.2319572774176768 33.732331767002051 144.70468974100913 59.349842845362218 137.15660065304837 297.80150173775837 23.961434943927088 113.05729428170844 32.369414663131465 30.191616612820326 24.535327693010913 28.554499816255884 40.467953839610345 453.84519127790281 21.60610702286067
leaf_count=9365 35581 15282 6417 10814 7987 5221 1786846 108154 43019 444 10930 72759 136679 458
internal_value=0.000416181 0.0036987 0.000219718 -0.00137346 0.00547733 -0.0048437 -0.0364434 -0.00694736 -0.0215603 0.0235826 0.00466794 -0.0351433 -0.00380992 -0.0284746
internal_weight=1446.57 1328.28 1130.48 1071.13 480.526 182.724 118.289 590.607 104.392 197.795 53.0898 70.6596 486.215 45.5675
internal_count=2249956 453745 427089 420672 24480 16493 1796211 396192 151359 26656 11374 115778 244833 5679
is_linear=0
shrinkage=0.05


Tree=91
num_leaves=15
num_cat=0
split_feature=24 8 24 33 18 18 0 3 30 26 3 27 14 1
split_gain=60.5863 37.6895 19.4911 13.7101 12.8398 12.4246 11.6373 10.8885 9.16611 8.66298 11.3707 8.54591 9.5265 19.0903
threshold=0.81712183356285106 7.5000000000000009 2.3125263452529912 32.500000000000007 0.29427438974380499 0.4194773137569428 0.68972954154014599 0.20593088865280154 -0.29640902578830713 0.40454545617103582 0.027705729007720951 2.8625483512878422 1.0000000180025095e-35 2.5000000000000004
decision_type=8 8 10 8 10 10 8 10 10 8 8 10 10 10
left_child=3 4 5 -1 -2 7 -7 11 -8 10 -4 12 13 -3
right_child=1 2 9 -5 -6 6 8 -9 -10 -11 -12 -13 -14 -15
leaf_value=0.035837477653573951 0.038354902612163469 0.010798606716286312 0.019078277249052839 -0.041360610990665077 0.0053786160893768038 -0.032151946007346027 0.01869494607821582 -0.043992777348124172 -0.017321580127082715 0.022499534271147273 -0.0066955125544643892 0.015416181779833053 0.00091584035373652609 -0.026113344709403814
leaf_weight=6.1074234447655718 91.270099011080674 53.81235425062323 75.225953718039818 98.635997182311257 43.629006208460851 69.006759783204416 28.431894961709986 14.688243039591269 35.068667797912894 106.75873350415714 99.254144778904447 75.621906986863905 522.53445885416113 100.34906413659382
leaf_count=11599 3622 46880 1148 1689547 3397 140213 3308 132076 5391 1918 3244 14885 113953 78869
internal_value=-0.000261103 0.0026526 -0.000207849 -0.0368593 0.0276897 -0.0037999 -0.0179378 -0.00135745 -0.00249121 0.011281 0.00441669 -0.000525034 -0.00230649 -0.0132287
internal_weight=1420.39 1315.65 1180.75 104.743 134.899 899.513 132.507 767.006 63.5006 281.239 174.48 752.318 676.696 154.161
internal_count=2250050 548904 541885 1701146 7019 535575 148912 386663 8699 6310 4392 254587 239702 125749
is_linear=0
shrinkage=0.05


Tree=92
num_leaves=15
num_cat=0
split_feature=29 8 3 22 30 4 15 27 17 0 27 16 23 22
split_gain=53.5092 39.9952 19.4808 14.0061 13.4643 11.4646 10.2163 15.3083 14.8377 9.31722 9.25754 9.28357 16.7933 9.81356
threshold=1.3237561583518984 5.5000000000000009 0.027705729007720951 0.55613553524017345 -0.16339918226003644 0.024898648262023929 1.0000000180025095e-35 2.9892170429229741 5.4402484893798837 0.7205985188484193 0.87021994590759288 2.2499048709869389 103.50000000000001 0.5954401195049287
decision_type=8 8 8 10 8 10 10 10 10 8 10 8 10 8
left_child=3 -2 5 -1 6 -3 7 10 -9 -8 11 12 -4 -14
right_child=1 2 4 -5 -6 -7 9 8 -10 -11 -12 -13 13 -15
leaf_value=-0.043613078538190755 0.029657402098094279 0.0054112270510674118 0.01702521457260435 -0.0031021764078090594 -0.016918293420046207 0.029359489438729222 0.0011091660109431715 0.033019518741924235 -0.029544338749293804 0.022908930755589724 -0.035690751054165186 -0.010477010092200766 0.34773386512553106 1.3662283682148784
leaf_weight=84.868873581335038 121.86129908465227 270.62414432636888 27.515631138796383 28.501191788599499 172.61215068265801 61.293218466220424 219.92585422193179 40.711147632832763 12.352122295573279 63.070685519202016 32.759880764827358 277.00796321141661 0.12030342326761356 0.02943839608997223
leaf_count=1593516 6154 9018 9464 143180 297732 1148 33997 6117 3645 1790 18362 126467 209 16
internal_value=-0.000484598 0.00238864 -0.000432199 -0.0334287 -0.00445936 0.00983361 -0.00126621 -0.00650864 0.0184558 0.00596762 -0.0104344 -0.00771877 0.019899 0.547964
internal_weight=1413.25 1299.88 1178.02 113.37 846.105 331.917 673.493 390.496 53.0633 282.997 337.433 304.673 27.6654 0.149742
internal_count=2250815 514119 507965 1736696 497799 10166 200067 164280 9762 35787 154518 136156 9689 225
is_linear=0
shrinkage=0.05


Tree=93
num_leaves=15
num_cat=0
split_feature=22 7 22 16 29 8 18 22 4 29 16 31 3 30
split_gain=55.85 40.2496 23.1617 21.2836 11.677 11.0238 8.02912 6.58323 5.98924 4.3702 5.06585 4.10767 5.02289 3.78097
threshold=0.44908341765403753 35.154649734497077 0.7193230688571931 3.6242519617080693 4.0631101131439218 1.5000000000000002 0.28456890583038336 0.67294281721115123 0.0064927339553833016 2.9576396942138676 3.4175922870635991 0.85548827052116405 1.0000000180025095e-35 -1.4047859907150266
decision_type=8 10 10 8 10 10 10 10 8 8 10 10 10 8
left_child=-1 2 3 6 9 -3 -2 -5 -9 -4 -11 12 -7 -12
right_child=1 5 4 7 -6 11 -8 8 -10 10 13 -13 -14 -15
leaf_value=-0.046556031305164863 -0.0015893109183321931 0.047421522711383245 -0.0015893109183321931 -0.022293327082329468 0.012910532244454981 0.032770425208492056 -0.022293327082329468 -0.0015893109183321931 -0.01574219414948384 0.012910532244454981 0.012910532244454981 0.033572545939815505 0.012910532244454981 -0.0015893109183321931
leaf_weight=62.044939601144506 270.95320214768935 44.976750612355318 122.57941431904328 149.42869361246176 197.8159394013619 32.494065962748209 19.177918307884283 39.280347967654961 71.872335092775756 107.06512603533338 18.065723708336009 29.202573380568083 38.049871142397933 197.31732270536304
leaf_count=1255684 318393 1788 6706 562510 3164 1003 52111 4139 12865 1381 182 10162 16640 3577
internal_value=-0.000180665 0.00196938 -0.00105005 -0.00857536 0.00539674 0.0268711 -0.00158931 -0.0191204 -0.00919106 0.00078002 0.00486288 0.0176047 0.0129105 0.000430181
internal_weight=1400.32 1338.28 1193.56 550.712 642.844 144.723 290.131 260.581 111.153 445.028 322.448 99.7465 70.5439 215.383
internal_count=2250305 994621 965028 950018 15010 29593 370504 579514 17004 11846 5140 27805 17643 3759
is_linear=0
shrinkage=0.05


Tree=94
num_leaves=15
num_cat=0
split_feature=29 8 29 22 22 18 32 12 18 31 22 16 18 23
split_gain=49.284 37.4998 15.5967 13.5813 12.5429 11.5508 11.7011 11.5556 10.4991 10.1127 18.7602 10.025 9.9328 9.68829
threshold=1.2098796367645266 5.5000000000000009 2.9576396942138676 0.68421930074691784 0.56555882096290599 0.4194773137569428 1.2424533367156985 0.037386443465948112 0.29092867672443395 -4.823300600051879 0.48776075243949896 4.9870197772979745 0.35719624161720281 4.5000000000000009
decision_type=8 8 10 8 10 10 8 8 10 8 10 10 8 10
left_child=4 8 5 11 -1 7 -7 12 -2 10 -8 -4 -3 -10
right_child=1 2 3 -5 -6 6 9 -9 13 -11 -12 -13 -14 -15
leaf_value=-0.043420568184247568 0.0407609870571441 -0.039110970588691021 -0.0078539841090303555 0.0079904404707892267 -1.8560718523283835e-05 -0.080101771385901868 -0.050449820301608252 -0.00093412884723367308 0.018878193124144949 -0.018929737502984864 1.7687222309904727 -0.083298063241462994 0.016610879349644482 -0.053186483514360408
leaf_weight=76.293387009085109 76.720060559488957 37.282455472908168 108.85995029417427 587.6397007678479 21.291992558947186 9.0708997776746383 0.038043113568164699 365.52571270203043 34.524090210637951 47.176077542739222 0.022585710403291159 4.5888738374742379 10.181745223288088 5.392261685748962
leaf_count=1555759 3191 48418 17900 12525 102070 1528 475 338689 984 156684 11 1271 8753 2236
internal_value=0.000307124 0.00290464 0.000210359 0.00493272 -0.0339508 -0.00684442 -0.0280885 -0.00394797 0.0299404 -0.0181004 0.627236 -0.0109056 -0.0271578 0.00914305
internal_weight=1384.61 1287.02 1170.39 701.089 97.5854 469.298 56.3076 412.99 116.636 47.2367 0.0606288 113.449 47.4642 39.9164
internal_count=2250494 592665 586254 31696 1657829 554558 158698 395860 6411 157170 486 19171 57171 3220
is_linear=0
shrinkage=0.05


Tree=95
num_leaves=15
num_cat=0
split_feature=24 27 22 25 15 28 33 2 16 28 14 16 28 32
split_gain=47.9977 35.5186 17.7492 15.5639 13.7839 12.3336 10.7079 9.82779 9.51188 18.4079 15.8583 9.06839 12.3509 8.86282
threshold=0.81712183356285106 2.6893538236618046 0.75462436676025402 1.5000000000000002 1.0000000180025095e-35 2.5000000000000004 32.500000000000007 0.56711935997009288 6.5419692993164071 2.5000000000000004 1.0000000180025095e-35 1.2424533367156985 1.5000000000000002 3.9415346384048466
decision_type=8 10 10 10 8 8 8 8 10 10 8 8 10 10
left_child=6 2 4 13 7 -4 -1 -2 11 -10 -11 12 -8 -3
right_child=1 3 5 -5 -6 -7 8 -9 9 10 -12 -13 -14 -15
leaf_value=0.03140726712326055 0.00084181588967382212 0.040203577194736918 0.002243360522796496 0.012227948896053019 -0.0033775197791386944 0.021804965264968945 -0.05089519422328917 -0.038692888575295736 0.055447466099873312 2.4613802795529987 -0.051050290274835645 -0.042968276310424498 0.6479330329787597 0.22196508959956854
leaf_weight=5.6744431350020923 16.398974003664534 66.196156388528834 304.25879787440135 126.65094258394856 605.59209834016519 109.60631304152412 0.14467151090730013 49.481676642885304 1.7476975112767821 0.014895106537551217 0.010859973350306973 81.852173489929328 0.1123096189712669 0.67753288823314406
leaf_count=11597 37902 5412 4774 26356 445369 2010 3375 22851 9327 10 191 1676084 782 3988
internal_value=0.000320095 0.00279814 -0.000720476 0.0225315 -0.00574034 0.00742397 -0.035066 -0.02746 -0.0395628 0.0750026 1.40198 -0.0420372 0.254517 0.0420451
internal_weight=1368.42 1278.86 1085.34 193.525 671.473 413.865 89.5571 65.8807 83.8826 1.77345 0.0257551 82.1092 0.256981 66.8737
internal_count=2250028 548662 512906 35756 506122 6784 1701366 60753 1689769 9528 201 1680241 4157 9400
is_linear=0
shrinkage=0.05


Tree=96
num_leaves=15
num_cat=0
split_feature=24 28 22 18 7 22 29 32 4 22 32 24 22 18
split_gain=51.1032 33.307 18.4978 13.0354 10.9661 8.08021 8.34703 7.87691 9.30196 13.6963 7.07695 6.92616 9.1307 7.00893
threshold=0.90148466825485241 3.5000000000000004 0.75462436676025402 0.16519498825073245 22.044772148132328 0.64355045557022106 1.4078273177146914 1.0000000180025095e-35 0.040150046348571784 0.68421930074691784 4.7749040126800546 1.4287154674530032 0.67294281721115123 0.17160739749670031
decision_type=8 10 10 10 10 8 10 8 10 8 10 10 10 10
left_child=5 2 3 -2 -4 6 -1 8 9 -5 -7 12 -9 -13
right_child=1 -3 4 7 -6 10 -8 11 -10 -11 -12 13 -14 -15
leaf_value=-0.044228333163747718 0.0018053771499934746 0.036224185699065291 0.0049276537229787547 -0.073249621007409088 0.026342186122530049 0.074869325422947539 -0.004482876137600878 -0.030510710259915565 0.0018053771499934746 -0.019444847715357524 0.39645078598508166 -0.067901948806773318 0.0018053771499934746 -0.0016180728230550435
leaf_weight=75.500915914702773 377.9999673628181 68.537395691691017 389.31451027446747 16.981378780244999 70.627856555802282 0.18320145964025769 16.011183194274508 59.24339891280124 11.53007343149511 38.972462168161655 0.22013088309176965 4.0709503425259745 19.38352123477307 196.17692381491815
leaf_count=1653510 168953 3057 6055 454 1389 701 142452 219070 138 462 239 1073 7615 45627
internal_value=-0.000304804 0.00233529 0.000374085 -0.00460527 0.00821603 -0.0362902 -0.0372744 -0.0116124 -0.0269405 -0.035774 0.187013 -0.00790317 -0.0204782 -0.00296559
internal_weight=1344.75 1252.84 1184.3 724.359 459.942 91.9154 91.5121 346.359 67.4839 55.9538 0.403332 278.875 78.6269 200.248
internal_count=2250795 453893 450836 443392 7444 1796902 1795962 274439 1054 916 940 273385 226685 46700
is_linear=0
shrinkage=0.05


Tree=97
num_leaves=15
num_cat=0
split_feature=24 10 18 26 1 30 30 1 4 0 18 2 0 18
split_gain=42.039 30.6062 14.6957 14.3203 12.656 12.4888 10.5759 9.91335 9.55707 9.42364 8.7236 9.87606 7.98547 11.5729
threshold=0.81712183356285106 0.012049691751599314 0.29092867672443395 0.24404761940240863 2.5000000000000004 -0.15292856097221372 -0.99640655517578114 15.500000000000002 0.055502980947494514 0.69487303495407116 1.8089061975479128 1.299266576766968 0.70960751175880443 0.10910894721746446
decision_type=8 10 10 10 8 10 8 8 10 10 10 10 8 10
left_child=7 4 3 -3 -2 8 -4 10 12 -7 -1 -12 -6 -14
right_child=1 2 6 -5 5 9 -8 -9 -10 -11 11 -13 13 -15
leaf_value=0.011040955083605435 0.010331409137858566 0.01509949127677997 0.030864338323174929 0.044700064811358547 -0.0047400206635718565 -0.040494360523007457 -0.0074525084131252754 -0.040513633895574705 -0.044419166107845895 -0.010181991358048353 1.0419370175918889 0.17669709696141311 0.028902313421832294 0.0018746201382129708
leaf_weight=6.7048897172362549 156.14017711732959 150.14521765935842 22.721128176103321 56.13553016235528 517.77065895948408 39.006118892408267 86.826305826442876 74.716218618794983 13.436127992129057 74.825306413942144 0.039031597054417833 0.21271403278569778 48.369024310180976 97.931253924843077
leaf_count=24514 3576 16180 1692 2013 265974 92390 17144 1675857 125055 12960 33 644 3089 9288
internal_value=-0.000432349 0.00181527 0.015295 0.0231547 -0.00267799 -0.00524489 0.000494752 -0.0351983 -0.00267021 -0.020569 0.0218903 0.310847 -0.0018255 0.00848926
internal_weight=1344.98 1263.31 315.828 206.281 947.479 791.338 109.547 81.6729 677.507 113.831 6.95664 0.251746 664.071 146.3
internal_count=2250409 549361 37029 18193 512332 508756 18836 1701048 403406 105350 25191 677 278351 12377
is_linear=0
shrinkage=0.05


Tree=98
num_leaves=15
num_cat=0
split_feature=29 27 22 15 22 16 17 3 27 7 24 7 0 16
split_gain=42.4602 30.8232 16.2805 11.7522 10.4978 10.4939 9.71128 13.2216 22.2527 8.77519 8.41953 8.39662 7.61225 6.92353
threshold=1.2098796367645266 2.8625483512878422 0.75462436676025402 1.0000000180025095e-35 0.56555882096290599 2.3502402305603032 5.3399362564086923 0.10259878635406496 1.66561496257782 46.804056167602546 1.5480935573577883 13.412578105926515 0.52826255559921276 3.1984648704528813
decision_type=8 10 8 8 10 8 8 8 10 10 10 10 8 8
left_child=4 2 3 10 -1 -3 7 8 -6 -4 -2 -7 -9 -5
right_child=1 5 9 13 6 11 -8 12 -10 -11 -12 -13 -14 -15
leaf_value=-0.043849532178551774 -0.0040333168647720963 0.058813496055917104 0.005019567683257958 0.00048249794861628185 -0.023048102468881948 0.0060559356525342507 -0.023048102468881948 -0.011396824455155103 2.4410150937463748 0.035139209696266382 -0.042300470149839259 0.028394902480424106 0.080225898325784362 -0.0079564296218766466
leaf_weight=64.165923614126768 24.054689735570037 17.102021119616438 409.96064339534587 185.3023716652267 0.021657141376636768 80.644217133288748 10.743848933235311 4.6605031779654373 0.015296563200536184 25.698107081996568 35.716213863723169 87.929624020165647 4.4140885282258759 371.35128330384237
leaf_count=1554613 59611 1405 20648 123716 169 29723 59812 20743 3 763 4344 8619 21257 343935
internal_value=0.000377541 0.00271239 -0.000602308 -0.00583123 -0.0340182 0.0214942 -0.00224667 0.0370141 0.980859 0.00679623 -0.0268999 0.0177081 0.0331706 -0.00356897
internal_weight=1321.78 1237.76 1052.08 616.425 84.0213 185.676 19.8554 9.11155 0.0369537 435.659 59.7709 168.574 9.07459 556.654
internal_count=2249361 592764 553017 531606 1656597 39747 101984 42172 172 21411 63955 38342 42000 467651
is_linear=0
shrinkage=0.05


Tree=99
num_leaves=15
num_cat=0
split_feature=22 27 22 29 16 14 25 29 31 29 16 16 24 8
split_gain=40.6414 29.4996 15.7055 10.7015 9.71258 11.7614 9.31029 8.62038 8.04721 7.59862 6.56003 6.33172 6.18901 6.11651
threshold=0.48285964131355291 2.8891348838806157 0.75462436676025402 4.0631101131439218 3.1984648704528813 1.0000000180025095e-35 1.5000000000000002 0.87320399284362804 -1.8982323408126829 0.67544862627983104 4.0517470836639413 4.7916412353515634 1.2129694223403933 142.50000000000003
decision_type=8 10 10 10 8 10 10 8 10 10 10 10 8 10
left_child=-1 2 4 13 -2 -6 7 9 -7 -3 -9 -8 -10 -4
right_child=1 6 3 -5 5 8 11 10 12 -11 -12 -13 -14 -15
leaf_value=-0.04074870568564349 0.00024703374681734962 -0.019413129292382324 0.00024703374681734962 0.017545625082130041 -0.019413129292382324 -0.019413129292382324 0.016320274562492337 0.042184118137180107 -0.019413129292382324 0.38513657039976473 -0.009065095531499116 -0.019413129292382324 0.00024703374681734962 0.042630624858760929
leaf_weight=58.390497043277492 221.71883956451347 0.14610161250493547 259.25224597884517 142.32020893716617 116.46513257532979 37.084629856889478 115.89469137132846 48.709607083351784 32.458509095938552 0.32568723877921002 7.1622543231455884 10.178794736838425 257.90076337857772 8.5286761673341953
leaf_count=1439986 174054 2267 4193 2515 233848 32003 26564 4082 255428 498 2321 7773 65303 80
internal_value=2.99135e-05 0.00192245 -0.00123034 0.00646653 -0.00597247 -0.0103691 0.0205147 0.0374116 -0.00524681 0.250242 0.0356144 0.0129632 -0.00222003 0.000578218
internal_weight=1316.54 1258.15 1075.73 410.101 665.628 443.909 182.417 56.3437 327.444 0.471789 55.8719 126.073 290.359 267.781
internal_count=2250915 810929 767424 6788 760636 586582 43505 9168 352734 2765 6403 34337 320731 4273
is_linear=0
shrinkage=0.05


Tree=100
num_leaves=15
num_cat=0
split_feature=10 22 18 22 24 14 26 26 13 16 17 24 7 26
split_gain=34.7637 30.9139 15.2359 10.8387 10.7803 10.9934 16.5263 10.0911 9.36418 8.87831 6.94146 6.69052 13.6512 19.1352
threshold=0.015384959522634746 0.48616641759872442 0.10382096469402315 0.75462436676025402 2.3125263452529912 1.0000000180025095e-35 0.054093567654490478 0.26969698071479803 0.053342817351222045 2.2499048709869389 4.7140145301818857 1.7414228320121767 74.226421356201186 0.96153846383094799
decision_type=10 8 8 10 10 10 10 8 8 8 10 8 10 10
left_child=1 -1 -2 7 5 6 9 -4 -7 10 -3 12 -10 -14
right_child=2 4 3 -5 -6 8 -8 -9 11 -11 -12 -13 13 -15
leaf_value=-0.042304746393583274 0.036150769643446004 0.028167201737573783 -0.015756413273393284 0.019235562652192326 0.0085255925246638959 -0.016781321164911166 0.00726124085946998 0.0085238658204424226 -0.0058943566885888733 -0.02255248604662681 -0.02255248604662681 0.0057959635196027266 0.45297835048261109 2.2930894380709934
leaf_weight=52.253210980017457 64.112178146451242 16.227007828075788 65.472115291952832 119.67521043959096 171.96979912853385 91.821001200274395 54.21370978885443 51.052521437024552 230.158601984607 101.03589610333393 4.4401948584109041 277.60555079871756 0.023878402327226378 0.016648380362312309
leaf_count=1423328 7599 9471 38409 2567 3727 91554 54697 16449 302825 259967 10930 28623 284 3
internal_value=-0.000383838 -0.00486495 0.0145342 0.00866674 -0.00280023 -0.00531163 -0.0163022 -0.00218783 -0.00208725 -0.0225525 0.0118006 0.000569725 -0.00573279 0.911851
internal_weight=1300.08 999.765 300.312 236.2 947.512 775.542 175.917 116.525 599.626 121.703 20.6672 507.805 230.199 0.0405268
internal_count=2250433 2185409 65024 57425 762081 758354 335065 54858 423289 280368 20401 331735 303112 287
is_linear=0
shrinkage=0.05


Tree=101
num_leaves=15
num_cat=0
split_feature=28 22 16 8 31 30 17 16 8 10 30 29 15 16
split_gain=40.2534 33.1497 12.4221 12.8236 11.7099 8.91304 14.7809 8.06888 7.76678 7.32041 7.89125 7.26553 7.11024 11.3037
threshold=2.5000000000000004 0.56555882096290599 3.113268375396729 1.5000000000000002 1.0000000180025095e-35 -0.92136338353157032 4.8789997100830087 2.6735538244247441 4.5000000000000009 0.014286078978329899 -0.21482259035110471 1.0586931109428408 1.0000000180025095e-35 2.2499048709869389
decision_type=10 8 8 8 10 8 8 8 8 8 8 8 10 8
left_child=1 7 4 -4 -2 -5 -7 -1 -3 -6 -11 -8 13 -10
right_child=2 8 3 5 9 6 11 -9 12 10 -12 -13 -14 -15
leaf_value=-0.018318361862235091 0.042595659636599351 0.058050976500268872 0.038724040601864768 0.023684208082279376 -0.087571179883609962 -0.029821452256070233 0.24777366616702215 -0.042426569278253751 0.019829884727374378 0.019757056841000105 -0.058275088691143964 0.0060431017248965936 0.0021971604391700364 -0.0090913110464837989
leaf_weight=13.965477523339585 64.071187026023381 5.3135351768269166 29.547918283011313 41.687223940904914 1.8482024063459892 37.032772864976778 0.3117353921729773 73.898335966572631 36.671613078532573 43.104642806872107 3.503275524743457 108.87818978970017 412.7190128928446 429.26274805933235
leaf_count=176407 7846 612 1292 3008 3084 16874 2879 1655650 10543 3313 893 26538 93035 248188
internal_value=-5.50648e-06 -0.00512879 0.0150829 0.00810444 0.0285688 0.00328966 -0.00252471 -0.0344193 -0.00221739 0.0100218 0.0138918 0.00673324 -0.00258186 -0.00681505
internal_weight=1301.82 971.831 329.985 217.458 112.527 187.91 146.223 87.8638 883.967 48.4561 46.6079 109.19 878.653 465.934
internal_count=2250162 2184435 65727 50591 15136 49299 46291 1832057 352378 7290 4206 29417 351766 258731
is_linear=0
shrinkage=0.05


Tree=102
num_leaves=15
num_cat=0
split_feature=29 10 18 15 16 0 16 8 24 24 18 24 2 32
split_gain=36.3168 21.0627 15.3879 9.88866 13.0394 9.69562 12.2039 9.52957 9.49401 9.18768 8.4411 8.73507 8.40954 8.12535
threshold=1.468139708042145 0.010752825997769834 0.29092867672443395 1.0000000180025095e-35 2.3502402305603032 0.68972954154014599 4.6681339740753183 20.500000000000004 -0.073475494980812059 1.9989223480224612 0.47890022397041326 2.3125263452529912 1.0242829322814944 4.5053346157073983
decision_type=8 10 8 10 8 10 8 8 10 8 8 8 10 10
left_child=7 3 -3 4 13 10 -7 8 -1 -5 -6 -12 -4 -2
right_child=1 2 12 9 5 6 -8 -9 -10 -11 11 -13 -14 -15
leaf_value=-0.051041712437419763 0.016971970271413638 0.022404467575199441 0.034611113488998528 -0.0015688112957103935 -0.011113605604367083 -0.0075012244324278929 0.020078853352613033 -0.034354276458006525 0.067461583235919456 0.013767297920853822 -0.048634424549867016 -0.0075012244324278929 -0.0059501098503240268 0.27481882979671379
leaf_weight=2.6361593236470071 46.368516053111307 190.92863014125305 14.650559268393406 263.84459752989051 216.1910348870847 115.20195592209348 53.222369635810992 87.501366084825804 4.7098918067090372 155.05025332615151 32.837824196016754 11.693961295282859 100.02196514582556 0.30755969754318258
leaf_count=56607 19383 22455 10820 70386 185029 11087 5964 1749319 15566 3577 80529 2326 15956 952
internal_value=2.27727e-05 0.00237633 0.0137093 -0.00149458 -0.0064266 -0.00915634 0.000194315 -0.0297622 0.0249362 0.00410771 -0.0151968 -0.0350195 -0.000768009 0.018671
internal_weight=1295.17 1200.32 305.601 894.718 475.823 429.147 168.424 94.8474 7.34605 418.895 260.723 44.5318 114.673 46.6761
internal_count=2249956 428464 49231 379233 305270 284935 17051 1821492 72173 73963 267884 82855 26776 20335
is_linear=0
shrinkage=0.05


Tree=103
num_leaves=15
num_cat=0
split_feature=29 10 22 18 26 18 32 17 8 12 1 24 31 3
split_gain=35.3327 29.95 12.9956 12.7816 9.88455 9.16112 9.42254 8.92708 8.05025 7.89063 7.62848 6.83407 6.72458 6.32003
threshold=0.69829478859901439 0.010752825997769834 0.7193230688571931 0.29092867672443395 0.36038962006568914 0.21241230517625811 1.0000000180025095e-35 6.4990344047546396 1.5000000000000002 0.10102041065692903 2.5000000000000004 1.399136006832123 -0.29797194898128504 0.15273362398147586
decision_type=8 10 8 10 10 8 8 8 10 10 8 8 8 10
left_child=-1 2 5 4 8 7 -7 9 -3 -2 -4 -10 -5 -8
right_child=1 3 10 12 -6 6 13 -9 11 -11 -12 -13 -14 -15
leaf_value=-0.042316204816035284 -0.0035903484443926062 0.046174206204928341 0.014333747540598119 -0.019076511617720324 0.047661427917784688 -0.055430513900976211 -0.010974249401410549 -0.076786240725349744 0.04411515685159733 -0.082682787947002304 -0.00064932616495466428 0.0097867654793102627 0.0090792420386945107 -0.044350081977532978
leaf_weight=47.310211986353352 241.18521840200765 21.667027105337183 106.62894673444771 29.835720532164942 32.846345937416118 16.125548967163922 118.17187208723249 4.1659878044115422 16.283121027364359 3.2053734458945646 417.89230396349376 132.25779104655157 73.323047357905125 16.118554253872844
leaf_count=1246336 370531 892 1410 21202 1511 605 238099 11494 24080 5639 36872 8380 18845 264363
internal_value=8.55282e-05 0.00171684 -0.00277643 0.0152679 0.022549 -0.00957725 -0.0193168 -0.00368329 0.0177029 -0.00359035 0.00239655 0.0135499 0.000935996 -0.0149803
internal_weight=1277.02 1229.71 923.494 306.213 203.054 398.973 150.416 248.557 170.208 244.391 524.521 148.541 103.159 134.29
internal_count=2250259 1003923 929013 74910 34863 890731 503067 387664 33352 376170 38282 32460 40047 502462
is_linear=0
shrinkage=0.05


Tree=104
num_leaves=15
num_cat=0
split_feature=33 27 22 16 14 7 30 18 30 27 10 4 17 22
split_gain=30.1589 22.7615 16.6737 13.5567 12.0942 9.90442 8.28145 8.37005 7.19315 7.09241 5.7949 5.69049 5.34643 5.17596
threshold=235.50000000000003 7.3520045280456552 0.75462436676025402 3.1984648704528813 1.0000000180025095e-35 28.65839767456055 -1.3013975024223325 0.0986185558140278 -1.3013975024223325 2.0270251035690312 0.015847115777432922 0.025816768407821659 4.5163240432739267 0.64971026778221141
decision_type=10 10 8 8 10 10 10 10 8 10 10 8 8 10
left_child=1 2 3 -1 9 8 7 -6 -4 12 -2 -9 -5 -14
right_child=10 -3 5 4 6 -7 -8 11 -10 -11 -12 -13 13 -15
leaf_value=0.0013537265002439424 -0.045201348542057582 0.031805451088323278 0.016226134202438413 -0.053905776764412619 -0.086831927637597894 0.027587175162391366 -0.0019170660311878457 -0.0091652475640329172 0.0016786334503282965 0.0013537265002439424 0.034497074935504413 -0.062999152148332169 -0.039065496533084547 -0.013945926966942508
leaf_weight=237.46826541734526 40.693160324573 60.164519567661046 82.042572650319926 17.50886673397099 4.9346660802043507 54.009367629634653 284.71764055700692 31.535891238667318 346.09467087645135 22.935267425639722 2.4162228222862714 5.8137940511383013 33.335307024531403 53.290334386654649
leaf_count=264151 1143013 9730 2625 81814 3234 1879 336699 23942 33118 29792 12500 17190 280552 9564
internal_value=0.000374446 0.00181074 0.000273178 -0.00470294 -0.0100703 0.00741039 -0.00498348 -0.0256309 0.00486509 -0.0231606 -0.0407344 -0.0175449 -0.0287059 -0.0236124
internal_weight=1276.96 1233.85 1173.69 691.54 454.072 482.147 327.002 42.2844 428.137 127.07 43.1094 37.3497 104.135 86.6256
internal_count=2249803 1094290 1084560 1046938 782787 37622 381065 44366 35743 401722 1155513 41132 371930 290116
is_linear=0
shrinkage=0.05


Tree=105
num_leaves=15
num_cat=0
split_feature=28 24 18 0 30 18 30 31 9 0 23 18 18 30
split_gain=32.4093 24.8499 14.5753 8.81073 11.0272 11.3136 9.57692 12.564 8.61078 7.76079 7.52622 6.96145 6.87601 6.73427
threshold=2.5000000000000004 0.61814880371093761 0.10543674230575563 0.68972954154014599 -0.23556271195411679 0.4194773137569428 -1.188952565193176 3.2219190597534184 0.99919417500495922 0.64778989553451549 28.500000000000004 0.57171070575714122 0.066714018583297743 -0.83563312888145436
decision_type=10 8 8 10 10 10 8 10 8 8 10 10 8 8
left_child=1 -1 10 4 5 -3 -7 9 13 -8 -2 -10 -6 -4
right_child=2 3 8 -5 12 6 7 -9 11 -11 -12 -13 -14 -15
leaf_value=-0.040935274997532231 0.025848545572959236 -0.0030414170089393591 0.01829162172086992 0.0019687104142480142 -0.0030414170089393591 -0.0030414170089393591 -0.055614477117415684 -0.11030438347841319 0.032679458824786324 -0.0062853703188717348 0.072157880725648826 -0.018781572875787335 -0.038345070422024383 -0.0036482179257874628
leaf_weight=47.126395832594199 66.621905786583739 387.79769182451673 46.715646704784831 389.10425811088726 8.2977937681634995 25.383848732003571 14.882186693667562 5.6084809819103603 43.817107297919392 17.175120316771199 10.104299725799136 7.7313431685415699 43.791259228246645 139.17225712473896
leaf_count=1419452 3687 407101 4100 27598 15117 44508 96775 997 4026 6094 5775 1680 167063 46652
internal_value=-0.000899877 -0.00555014 0.0130018 -0.00368075 -0.00805154 -0.005535 -0.0252464 -0.0412644 0.00687968 -0.0291858 0.0319472 0.0249612 -0.0298331 0.0018655
internal_weight=1253.33 939.167 314.163 892.041 502.936 450.847 63.0496 37.6658 237.436 32.0573 76.7262 51.5485 52.0891 185.888
internal_count=2250625 2184705 65920 765253 737655 555475 148374 103866 56458 102869 9462 5706 182180 50752
is_linear=0
shrinkage=0.05


Tree=106
num_leaves=15
num_cat=0
split_feature=27 33 22 29 18 32 18 22 9 7 29 14 18 7
split_gain=26.9728 20.1508 12.285 10.7253 9.85591 7.19217 10.2913 8.61929 6.34468 5.90615 6.3062 5.36795 5.12202 5.03264
threshold=2.9892170429229741 235.50000000000003 0.75462436676025402 4.0631101131439218 0.49719092249870306 1.0000000180025095e-35 0.32146584987640386 0.64971026778221141 0.7892451584339143 17.836140632629398 4.0631101131439218 1.0000000180025095e-35 0.051675658673048026 31.890859603881839
decision_type=10 10 8 8 8 10 10 10 10 10 8 10 8 10
left_child=1 2 5 12 11 6 7 9 -3 10 -1 -2 -4 -8
right_child=4 8 3 -5 -6 -7 13 -9 -10 -11 -12 -13 -14 -15
leaf_value=-0.10235574474938872 0.028375851413649879 -0.044756870489101486 0.028362465695462281 0.014014667586440164 -0.013581666624752284 -0.003949580520733526 -0.052804054015024353 -0.002552890075913008 0.04315157290205561 -0.020647961012439833 -0.040053962191572798 0.0078780026404691346 -0.0012025283805037522 -0.0012025283805037522
leaf_weight=5.4472173312824461 106.19179255848258 35.176794641759898 15.012577975277052 171.58059488076469 22.022477322490204 485.63321900959363 24.003938766747527 81.653452252521674 2.1797091674334288 6.3234693709491685 8.8333099205588042 45.678752480945604 233.67483221460134 3.867770081505113
leaf_count=418 46023 1044414 1779 2968 75596 934626 25296 1910 10404 8282 28075 37083 31239 2091
internal_value=-0.000590114 -0.00354958 -0.00224871 0.00434174 0.0176778 -0.0067468 -0.0171858 -0.00984489 -0.0396275 -0.038743 -0.05946 0.0222106 -0.00120253 -0.0441187
internal_weight=1247.28 1073.39 1036.03 420.268 173.893 615.762 130.129 102.257 37.3565 20.604 14.2805 151.871 248.687 27.8717
internal_count=2250204 2091502 1036684 35986 158702 1000698 66072 38685 1054818 36775 28493 83106 33018 27387
is_linear=0
shrinkage=0.05


Tree=107
num_leaves=15
num_cat=0
split_feature=10 33 18 7 24 14 3 1 33 31 12 1 31 26
split_gain=29.8476 25.2577 11.2476 11.0344 8.99096 8.03248 7.42264 9.91727 8.17344 7.0307 7.02384 12.5527 6.93817 6.81568
threshold=0.015384959522634746 235.50000000000003 0.16519498825073245 39.760946273803718 2.3125263452529912 1.0000000180025095e-35 0.1917570233345032 3.5000000000000004 233.50000000000003 -0.29797194898128504 0.0014045193674974146 53.500000000000007 -1.8982323408126829 0.19523809850215915
decision_type=10 10 8 10 8 8 8 10 10 8 8 10 10 10
left_child=1 4 13 -4 5 6 7 8 12 -6 11 -7 -1 -2
right_child=2 -3 3 -5 9 10 -8 -9 -10 -11 -12 -13 -14 -15
leaf_value=-0.052150195251719149 0.018186515149699472 -0.045409526270783152 -0.0029141766921813154 0.024313736350893358 -0.020974865968397774 -0.0062726484281173146 -0.066659423803886828 -0.024636926962929996 0.50320227409675178 0.01067034693247699 -0.00054841456615611081 -0.052580583676263559 0.013002143121686861 0.044675405329990925
leaf_weight=4.6292414112604083 75.669065003164405 35.816337264972617 111.38032745156352 55.877985843941588 19.654953720080812 72.697155022144216 7.0545598376752414 73.702160877548522 0.082617000251956507 164.03179959335557 524.73110496447725 18.322388395493135 34.837204225456162 35.760495373953518
leaf_count=4359 13133 1139523 35335 14922 12406 61043 153407 189331 444 20327 500480 60570 43048 1585
internal_value=-1.67735e-05 -0.00421585 0.0143809 0.00618218 -0.0026117 -0.00508128 -0.016898 -0.0137983 0.00640004 0.00728423 -0.00277251 -0.0155945 0.00536006 0.0266875
internal_weight=1234.25 955.56 278.688 167.258 919.743 736.056 120.306 113.251 39.5491 183.687 615.751 91.0195 39.4664 111.43
internal_count=2249913 2184938 64975 50257 1045415 1012682 390589 237182 47851 32733 622093 121613 47407 14718
is_linear=0
shrinkage=0.05


Tree=108
num_leaves=15
num_cat=0
split_feature=28 24 18 18 3 16 0 30 23 12 8 8 4 23
split_gain=25.602 20.255 8.76634 8.02933 7.33819 6.8613 10.9515 9.87889 9.21179 7.74551 6.73127 6.61771 6.49323 12.7312
threshold=2.5000000000000004 0.61814880371093761 0.30070935189723974 0.32864509522914892 1.0000000180025095e-35 3.1984648704528813 0.64207571744918834 -0.48411020636558527 215.50000000000003 0.19543650746345523 1.5000000000000002 2.5000000000000004 0.0036306679248809819 7.5000000000000009
decision_type=10 8 10 10 8 8 10 8 10 10 8 8 8 10
left_child=1 10 4 -4 -2 8 7 12 -3 -8 -1 -6 13 -7
right_child=2 5 3 -5 11 6 9 -9 -10 -11 -12 -13 -14 -15
leaf_value=0.053717277645913199 0.034165840752238691 0.0044216638796940244 -0.052824447847948534 0.0040142727257299398 0.03865126694209009 -0.068907165871882489 -0.0020391070816182847 -0.039864443711098471 0.29609974052102322 0.047280220881906691 -0.041875302189665883 0.0086216843261994296 -0.0084847687606953888 -0.0084847687606953888
leaf_weight=1.9276017980371296 54.002907527454227 235.55842677101066 6.6726225199713545 90.287332910788336 21.27483834603845 13.25427101198011 455.35503882642729 34.356049189846544 0.27100404846578285 8.1024311200935681 41.262386799432875 133.2807896923955 119.39007517517302 10.154969279530858
leaf_count=2319 1670 206227 2175 31091 810 1782 78577 173695 553 581 1417022 29985 273100 30884
internal_value=-1.57473e-05 -0.00418179 0.0125243 0.000102727 0.0182992 -0.00253455 -0.00521873 -0.0157927 0.00475685 -0.00117688 -0.0376089 0.0127553 -0.0100012 -0.0350832
internal_weight=1225.15 919.632 305.518 96.96 208.559 876.442 640.613 177.155 235.829 463.457 43.19 154.556 142.799 23.4092
internal_count=2250471 2184740 65731 33266 32465 765399 558619 479461 206780 79158 1419341 30795 305766 32666
is_linear=0
shrinkage=0.05


Tree=109
num_leaves=15
num_cat=0
split_feature=10 23 1 29 30 31 31 1 17 31 31 4 4 3
split_gain=23.3986 18.2535 10.5342 8.75198 8.56055 14.2917 13.3376 13.0539 13.0458 11.3177 10.7219 10.141 9.86911 9.78784
threshold=0.010752825997769834 176.50000000000003 15.500000000000002 4.0631101131439218 -1.188952565193176 3.2219190597534184 4.827775478363038 209.50000000000003 5.7021131515502939 2.9287519454956059 4.827775478363038 0.023353695869445804 0.013324290513992311 0.20022085309028628
decision_type=10 10 8 10 8 10 10 10 10 10 8 10 10 8
left_child=1 3 -3 4 6 9 7 13 10 -6 -7 12 -8 -1
right_child=-2 2 -4 -5 5 8 11 -9 -10 -11 -12 -13 -14 -15
leaf_value=0.026953259664868147 0.012388736667800602 0.04651661620970194 -0.04611858220461855 0.0095983076516790288 -0.0065779954804957358 -0.073727257363008433 -0.021227874801806129 -0.055297387644880826 -0.0071840752489935661 0.025778629224927102 0.046081932457310071 -0.06842312203513283 0.025057299453444933 -0.021852249072951059
leaf_weight=85.521419797093813 295.59808364708385 3.3703850312099339 34.313199762830891 131.66689030818361 538.08092536379411 19.530036841656965 33.565862091078088 5.9342653839744335 21.395802447908864 28.454489451443806 2.0648015482875079 7.2800256835780592 17.532480224069332 11.675229525332041
leaf_count=31354 195458 17314 1257387 3085 595936 2825 2732 1739 1414 7565 21 4536 1175 127455
internal_value=0.000118288 -0.00373877 -0.0378334 -0.00231548 -0.00434995 -0.00706193 0.00588489 0.0166953 -0.0348554 -0.00495287 -0.0622716 -0.0132127 -0.00534685 0.0210908
internal_weight=1235.98 940.386 37.6836 902.702 771.035 609.526 161.509 103.131 42.9906 566.535 21.5948 58.3784 51.0983 97.1966
internal_count=2249996 2054538 1274701 779837 776752 607761 168991 160548 4260 603501 2846 8443 3907 158809
is_linear=0
shrinkage=0.05


Tree=110
num_leaves=15
num_cat=0
split_feature=8 33 12 24 13 0 18 16 12 32 17 31 18 12
split_gain=26.9403 22.59 11.7581 10.6557 9.06354 8.17642 9.57582 11.6234 8.29018 7.65532 7.12429 8.20871 6.7647 6.59458
threshold=7.5000000000000009 233.50000000000003 0.19543650746345523 2.3125263452529912 0.27525253593921667 0.68972954154014599 0.48481300473213201 5.8215644359588632 0.020204081200063232 1.0000000180025095e-35 5.1789667606353769 -0.7080242633819579 0.41483098268508917 1.0000000180025095e-35
decision_type=8 10 10 8 10 8 10 10 8 8 8 8 10 8
left_child=10 2 3 4 5 6 8 9 -2 -8 11 -1 -6 -11
right_child=1 -3 -4 -5 12 -7 7 -9 -10 13 -12 -13 -14 -15
leaf_value=-0.042880596464304976 -0.026398529960749602 -0.044201521854271536 0.04593086185682782 0.0066201858486230076 -0.086979055538767294 0.0011110602998442344 -0.11076127730750074 -0.0039971050413887838 -0.0039971050413887838 -0.0042725000740526532 0.037274195328497232 0.018135528634347985 0.029581322616957773 -0.051240712926754785
leaf_weight=6.2066139641183327 46.363905965922868 31.87948758157745 12.913535231007016 264.80470195229236 5.5672535777950989 359.85757306420589 3.8600145234158836 5.9644243673819792 338.75850190443521 10.878076997092194 50.436099945045044 49.268520223290352 1.6032228719811881 23.877937415618248
leaf_count=3955 104345 1143872 5051 36135 5725 68432 132 18005 613032 52682 16159 10484 3625 167889
internal_value=-0.000416708 -0.00272295 -0.00149226 -0.00206916 -0.00495719 -0.00444898 -0.00910527 -0.0310435 -0.00656578 -0.0439594 0.0236739 0.011309 -0.0609177 -0.0365404
internal_weight=1212.24 1106.33 1074.45 1061.54 796.731 789.56 429.703 44.5805 385.122 38.616 105.911 55.4751 7.17048 34.756
internal_count=2249523 2218925 1075053 1070002 1033867 1024517 956085 238708 717377 220703 30598 14439 9350 220571
is_linear=0
shrinkage=0.05


Tree=111
num_leaves=15
num_cat=0
split_feature=24 8 27 30 22 32 4 31 33 26 12 4 15 24
split_gain=21.5172 20.7412 10.3454 13.4377 10.9618 10.5682 9.31054 8.72722 8.3004 8.28181 7.49411 7.11926 6.38866 6.65346
threshold=-0.14433341473340985 7.5000000000000009 3.1843570470809941 -0.29640902578830713 0.7193230688571931 1.0000000180025095e-35 0.027163028717041019 0.70866292715072643 25.500000000000004 0.085144929587841048 0.01835016813129187 0.04087528586387635 1.0000000180025095e-35 2.3125263452529912
decision_type=8 8 10 10 8 8 10 8 8 8 8 10 8 8
left_child=-1 9 4 12 5 11 10 -5 -8 -2 -7 -3 -4 -14
right_child=1 2 3 7 -6 6 8 -9 -10 -11 -12 -13 13 -15
leaf_value=-0.048926443711424523 0.0033639864465937288 -0.040059144463290786 0.055266184236392214 -0.0026309792571472821 0.0023006209298148312 -0.025259066911377512 -0.010245409047601737 -0.093734904641053676 -0.049119562787160884 0.033170118637033529 -0.0030360427311306249 -0.0030360427311306249 0.0013158012563258062 0.035323606779195375
leaf_weight=21.67082145507618 35.707409653263994 39.196657565857777 15.305913010212407 41.112212648735976 552.05848431949676 38.336815689181094 39.670179818318502 2.8082646818049843 21.000663434696889 67.098999752035752 282.2045036901477 5.9250712346984065 27.777944139805641 29.824252977620745
leaf_count=905986 7544 1216 3565 32010 74076 101120 44580 754 567925 6058 477783 69 25654 1768
internal_value=0.000451411 0.0013446 -0.000671042 0.0133919 -0.00235028 -0.00837271 -0.00566435 -0.00845614 -0.0237013 0.0228177 -0.00303604 -0.0312543 0.0265533 0.0189238
internal_weight=1219.7 1198.03 1095.22 116.829 978.392 426.334 381.212 43.9205 60.6708 102.806 320.541 45.1217 72.9081 57.6022
internal_count=2250108 1344122 1330520 63751 1266769 1192693 1191408 32764 612505 13602 578903 1285 30987 27422
is_linear=0
shrinkage=0.05


Tree=112
num_leaves=15
num_cat=0
split_feature=8 29 26 30 29 12 16 22 2 32 29 3 26 15
split_gain=19.1123 19.6017 9.0047 8.90838 8.42772 6.5298 6.89329 10.976 8.2911 7.19437 7.47035 7.2336 6.47783 7.38186
threshold=7.5000000000000009 0.67544862627983104 0.3717105239629746 0.36080984771251684 4.0631101131439218 0.19543650746345523 3.3842465877532963 0.68421930074691784 2.0754336118698125 3.3140207529067998 0.85134559869766246 0.039519160985946662 0.18465909361839297 1.0000000180025095e-35
decision_type=8 8 10 10 10 10 10 8 10 10 8 8 10 10
left_child=12 -2 4 -4 5 6 -3 -8 9 10 -9 -11 13 -1
right_child=1 2 3 -5 -6 -7 7 8 -10 11 -12 -13 -14 -15
leaf_value=0.0043166196512522985 -0.041330741579889779 0.00076383232706683378 0.019732553750098362 -0.038119888627172166 0.0069779216467629746 0.04034489344134954 -0.02113397914649548 0.10443776091045434 0.034860123926122137 0.48110675183516216 -0.0073292187472346589 0.037993637603002582 0.036493257214603912 0.054816794887881715
leaf_weight=58.068295235967526 31.3245924801505 299.45804398727557 75.50792069088584 7.297269411653132 188.64006025147228 7.9412386987335131 132.91818647392677 1.5016670411469046 13.011864546839204 0.093314841389655068 338.98086860621333 7.0814549816964245 38.031818959486372 8.2665183565990201
leaf_count=25240 1208585 333156 24267 9478 5478 4541 596699 185 250 6 20515 16280 3883 1588
internal_value=-0.000409654 -0.00234347 -0.00120469 0.0146343 -0.00252999 -0.00476919 -0.00522095 -0.0088519 -0.00432556 -0.00579217 -0.00683628 0.0437568 0.0200419 0.0106099
internal_weight=1208.12 1103.76 1072.43 82.8052 989.627 800.987 793.045 493.587 360.669 347.657 340.483 7.17477 104.367 66.3348
internal_count=2250151 2219440 1010855 33745 977110 971632 967091 633935 37236 36986 20700 16286 30711 26828
is_linear=0
shrinkage=0.05


Tree=113
num_leaves=15
num_cat=0
split_feature=8 22 29 18 30 18 14 26 13 29 12 18 18 3
split_gain=21.2226 18.444 11.3439 8.50517 7.64961 6.79499 6.46545 15.4936 6.92737 7.01256 6.60569 6.2599 5.82471 5.6728
threshold=7.5000000000000009 0.48285964131355291 3.4348374605178837 0.23286247253417972 -1.4329961538314817 0.055598488077521331 1.0000000180025095e-35 0.097619049251079573 0.091966174542903914 2.9576396942138676 0.13270440697669986 0.29092867672443395 2.2980632781982426 0.17462643980979922
decision_type=8 8 10 8 10 8 8 10 8 10 10 10 10 8
left_child=11 -2 5 -4 -5 13 7 -7 -9 -10 12 -1 -8 -3
right_child=1 2 3 4 -6 6 10 8 9 -11 -12 -13 -14 -15
leaf_value=0.031368978610092475 -0.038431534862834682 0.015754461639912069 0.011810970034085305 0.032439500235662319 -0.0055939588910719883 -0.019741005674347729 -0.0057299929598144421 0.053294807858826544 -0.019741005674347729 0.033977964950535691 0.035918349834713328 0.0052838087250508111 0.067260778014337275 -0.019741005674347729
leaf_weight=63.398350094330908 34.057938789702803 55.968052481718928 230.37803573046949 14.342128318681715 169.04813056553212 66.38983666113927 475.11446799022519 8.642154516178719 13.994070822879282 9.5761192205191019 9.9171038217179994 36.093546732276195 2.7490599572051897 4.5824302046645462
leaf_count=12307 1416337 26654 6467 346 7387 212859 472489 5165 24168 803 8323 18372 9453 28779
internal_value=-0.000204051 -0.0022134 -0.00105048 0.00541509 -0.00261953 -0.00518575 -0.0068324 -0.0185099 0.0150023 0.000962142 -0.00447187 0.0219058 -0.00531009 0.0107608
internal_weight=1194.25 1094.76 1060.7 413.768 183.39 646.933 586.383 98.6022 32.2123 23.5702 487.781 99.4919 477.864 60.5505
internal_count=2249909 2219230 802893 14200 7733 788693 733260 242995 30136 24971 490265 30679 481942 55433
is_linear=0
shrinkage=0.05


Tree=114
num_leaves=15
num_cat=0
split_feature=27 24 25 15 3 8 30 12 24 7 29 4 4 4
split_gain=19.2105 13.4893 9.78381 7.8339 9.94611 8.47145 7.79575 7.16536 7.94058 7.74121 7.53856 11.0965 9.18605 6.94137
threshold=2.6893538236618046 -0.14433341473340985 1.5000000000000002 1.0000000180025095e-35 0.027705729007720951 3.5000000000000004 -0.69837111234664906 0.19543650746345523 1.8449382185935976 37.03813552856446 0.077923793345689787 0.00082460045814514171 0.0007331073284149171 0.027163028717041019
decision_type=10 8 10 10 8 8 10 10 8 8 8 8 10 10
left_child=1 -1 -2 4 6 -6 -3 8 9 -5 11 12 -11 -8
right_child=2 3 -4 7 5 -7 13 -9 -10 10 -12 -13 -14 -15
leaf_value=-0.046195135332669716 0.032971689669089727 0.024852051185300317 0.0073217893503257445 -0.058840045752574982 0.026015141416191073 -0.011268082105735369 -0.0070830503120874622 0.051811371515540244 0.0090575527053866345 -0.030882519038715667 -0.0038251771812449313 0.081445206890456354 1.393660451649676 0.020922101076348325
leaf_weight=17.42389315363647 54.695741851940909 37.069207176569762 116.07339181099729 6.3918117561374848 15.84917056702494 393.8214802545881 103.62329026581364 7.4802579419895201 218.26843164157845 0.017490072465763284 194.42219985645306 1.5917324416625434 0.029753031462405488 28.133600278146332
leaf_count=813121 57523 853 119791 12340 3819 1050122 5274 854 11029 282 165808 8121 50 774
internal_value=1.16677e-05 -0.00257717 0.0155372 -0.00182223 -0.00561698 -0.00982568 0.0045958 0.00330444 0.00244201 -0.00469033 -0.00292499 0.103859 0.859024 -0.00110321
internal_weight=1194.89 1024.12 170.769 1006.7 578.497 409.671 168.826 428.202 420.721 202.453 196.061 1.63898 0.0472431 131.757
internal_count=2249761 2072447 177314 1259326 1060842 1053941 6901 198484 197630 186601 174261 8453 332 6048
is_linear=0
shrinkage=0.05


Tree=115
num_leaves=15
num_cat=0
split_feature=8 33 27 30 18 18 1 26 9 16 15 12 18 14
split_gain=21.857 17.3687 8.13167 9.2788 9.46136 7.93391 7.48779 7.10351 6.98678 6.79609 6.79574 7.74072 6.86527 8.57459
threshold=7.5000000000000009 235.50000000000003 2.6893538236618046 0.018233792856335643 0.24076697230339053 0.29092867672443395 1.5000000000000002 0.10818713530898096 0.90752768516540538 4.9663290977478036 1.0000000180025095e-35 0.19543650746345523 0.41483098268508917 1.0000000180025095e-35
decision_type=8 10 10 8 8 8 10 8 10 10 8 10 8 8
left_child=5 2 10 6 -5 7 -4 -1 -7 -8 12 -12 13 -2
right_child=1 -3 3 4 -6 8 9 -9 -10 -11 11 -13 -14 -15
leaf_value=0.010167517930728212 -0.032924141395536004 -0.041793119537763164 0.04571406164293064 0.0070463977747272427 -0.04777762800843998 -0.0216616388585682 0.014492927666185327 0.044625313838723556 0.02220545254269073 -0.067925830749831481 -0.0016502500857354609 0.04277663360260478 -0.038720326341798339 0.004492400152459654
leaf_weight=22.972692708791783 22.532138013157123 26.643447637786494 20.570050316738048 24.082025180047481 11.689518366535252 15.686464528516579 70.871282722518913 42.864461843987897 21.542436574387011 2.592694736528073 829.25106338314993 9.9219045042555063 23.486488891557315 47.782698048533234
leaf_count=7369 41463 1134561 15255 13467 20535 14724 13652 3916 4526 2234 893516 4065 38331 40194
internal_value=0.000162166 -0.00191991 -0.00092031 0.0108051 -0.0108691 0.0221701 0.0190501 0.0326019 0.00372197 0.0115842 -0.00255167 -0.00112497 -0.0153153 -0.0074976
internal_weight=1192.49 1089.42 1062.78 129.806 35.7715 103.066 94.034 65.8372 37.2289 73.464 932.974 839.173 93.8013 70.3148
internal_count=2247808 2217273 1082712 65143 34002 30535 31141 11285 19250 15886 1017569 897581 119988 81657
is_linear=0
shrinkage=0.05


Tree=116
num_leaves=15
num_cat=0
split_feature=29 8 33 16 3 27 22 18 33 4 22 16 33 4
split_gain=17.4342 12.7768 11.2977 10.1232 9.23936 9.15517 9.38226 8.59864 7.59744 10.2188 9.3014 9.62061 10.0813 7.77876
threshold=2.9576396942138676 6.5000000000000009 235.50000000000003 6.310826539993287 0.23052284121513369 7.2879035472869882 0.7193230688571931 0.69916975498199474 20.500000000000004 0.00022497773170471194 0.51639395952224743 3.6242519617080693 172.50000000000003 0.01854994893074036
decision_type=10 8 10 10 10 10 8 10 8 10 8 8 10 10
left_child=1 -1 3 8 -5 6 7 -2 9 -3 -10 12 -12 -14
right_child=5 2 -4 4 -6 -7 -8 -9 10 -11 11 -13 13 -15
leaf_value=0.032105724182771599 -0.0043630477499274961 -0.078065789887715953 -0.041645630006489583 0.077552785104726643 0.45838275019036695 0.025053713934639 0.0067003427192189506 -0.056251569597499711 -0.03705269418577601 -0.012818042802479602 0.0080452703693850471 -0.0090798851007155377 0.09599398771731725 -0.017921045211200082
leaf_weight=19.385813743807944 166.90864876694286 6.1823109197389945 25.55138800694175 1.0661394221028775 0.18723476224045033 50.912613814922224 472.20310902439314 8.3852286954729589 17.150046682543007 204.36676586588351 97.871698920791687 110.428791244894 5.6059637826673443 1.017570104180322
leaf_count=22751 19998 1818 1138135 5395 900 2035 9425 3417 575215 49964 124289 266256 14335 15202
internal_value=-0.000430515 -0.00767302 -0.00931575 -0.00745471 0.134443 0.00463848 0.00303323 -0.00684515 -0.00785652 -0.0147339 -0.00161702 0.0012106 0.0120854 0.0717841
internal_weight=1187.22 488.814 469.428 443.877 1.25337 698.41 647.497 175.294 442.623 210.549 232.074 214.924 104.495 6.62353
internal_count=2249135 2214260 2191509 1053374 6295 34875 32840 23415 1047079 51782 995297 420082 153826 29537
is_linear=0
shrinkage=0.05


Tree=117
num_leaves=15
num_cat=0
split_feature=8 24 3 18 2 33 18 10 9 26 31 24 18 31
split_gain=19.6684 15.2103 7.78083 10.5654 7.96794 12.4689 7.75918 7.37078 8.12402 7.3044 6.91593 6.57855 6.50785 6.42676
threshold=7.5000000000000009 0.64538517594337474 0.052868932485580451 1.8089061975479128 1.5291209220886233 32.500000000000007 0.16305252164602282 0.011362744960933925 0.66192409396171581 0.051315790042281158 -3.1535501480102535 0.7774583399295808 0.11856246739625932 0.22317279875278476
decision_type=8 8 8 8 10 8 8 8 8 8 8 8 8 10
left_child=9 2 3 -2 5 -5 7 -3 11 -1 -8 -9 -11 -13
right_child=1 6 -4 4 -6 -7 10 8 -10 12 -12 13 -14 -15
leaf_value=0.0031368806530763672 0.0046539732687988274 -0.068764392921908543 -0.043682731116690444 1.4460527026084984 -0.09394729285429175 0.31183437384148327 -0.08228550687594105 0.23923147081853752 0.0024479123636631352 0.056217789756428244 -0.0038609458081807742 0.037951839404124284 0.021498268950137251 0.0046600858295632779
leaf_weight=34.925122581554774 3.1191879665623214 3.4150655115525401 28.910003316762982 0.026763213909361983 0.1032957083916699 0.25611857334138222 2.8249576798993985 0.34773656066340664 404.80003045615854 18.87929555787855 575.79468409416768 28.647127593974119 47.340339156266168 29.346748833698257
leaf_count=18063 13414 12115 1432143 14 190 679 4243 959 252045 1542 495505 3998 10943 4072
internal_value=0.000557232 -0.00142152 -0.0351527 0.0351974 0.281899 0.419142 -0.000375368 0.00442227 0.00496192 0.0216387 -0.00424383 0.0224053 0.0313968 0.0211052
internal_weight=1178.74 1077.59 32.4154 3.50537 0.386177 0.282882 1045.18 466.557 463.142 101.145 578.62 58.3416 66.2196 57.9939
internal_count=2249925 2219377 1446440 14297 883 693 772937 273189 261074 30548 499748 9029 12485 8070
is_linear=0
shrinkage=0.05


Tree=118
num_leaves=15
num_cat=0
split_feature=27 24 18 15 14 18 3 16 16 16 13 4 31 31
split_gain=16.5389 12.957 12.7968 7.56068 8.12731 7.96186 7.29068 10.5082 10.8251 8.06149 7.56734 7.02186 6.60275 14.8871
threshold=2.8625483512878422 -0.14433341473340985 0.28456890583038336 1.0000000180025095e-35 1.0000000180025095e-35 0.40015576779842382 0.15849518775939944 4.0342013835906991 6.3198683261871347 4.0163424015045175 0.97222220897674572 0.00011849403381347658 -0.13735249638557431 0.11072054505348207
decision_type=10 8 8 8 8 8 10 8 10 8 10 8 8 8
left_child=1 -1 -2 4 -3 -6 12 9 -9 10 -8 -4 -5 -14
right_child=2 3 11 6 5 -7 7 8 -10 -11 -12 -13 13 -15
leaf_value=-0.04810894810051549 0.024032211028564617 -0.0358229681863005 0.10943932512023838 -0.0070435134273659494 0.0057064148977500617 -0.032795576415857251 -0.0053862603434817182 -0.055383813028208301 0.21921476787510558 0.25468288396622868 0.45097808133793094 -0.0099492984152410591 0.024016481095180366 0.00080341017069410344
leaf_weight=15.027553340911593 116.24844028901498 30.723189225700253 1.265295012458181 189.1979146313713 49.156289171000708 18.473372220791248 32.58743071018813 17.16079272512815 0.36656901812773313 0.30370662474888277 0.091090283305901631 46.234840688241434 78.325714920802852 584.45514960250455
leaf_count=816409 60327 74047 380 244127 49241 29503 403520 254179 2825 3945 595 109047 25121 176320
internal_value=0.000351097 -0.00202587 0.0150974 -0.00133393 -0.0144982 -0.00481059 0.000100698 -0.0183563 -0.0496408 -0.00173111 -0.00411416 -0.00676906 0.00119492 0.00354667
internal_weight=1179.62 1015.87 163.749 1000.84 98.3529 67.6297 902.488 50.5096 17.5274 32.9822 32.6785 47.5001 851.979 662.781
internal_count=2249586 2079832 169754 1263423 152791 78744 1110632 665064 257004 408060 404115 109427 445568 201441
is_linear=0
shrinkage=0.05


Tree=119
num_leaves=15
num_cat=0
split_feature=27 33 15 16 31 12 7 1 0 31 17 26 31 17
split_gain=19.7582 11.468 8.05443 6.78432 9.71895 6.47696 6.33531 5.47046 8.27056 7.47288 8.44093 9.48337 7.0222 6.95878
threshold=2.8891348838806157 235.50000000000003 1.0000000180025095e-35 3.6242519617080693 -1.8982323408126829 0.19543650746345523 46.804056167602546 2.5000000000000004 0.59696981310844432 -1.8982323408126829 5.8507635593414316 0.25543478131294256 4.1460146903991708 5.7021131515502939
decision_type=10 10 8 8 8 10 10 10 10 8 8 8 10 8
left_child=1 2 -1 -2 -5 6 7 9 -9 10 11 -4 -11 -14
right_child=3 -3 5 4 -6 -7 -8 8 -10 12 -12 -13 13 -15
leaf_value=-0.016206645797236571 0.02579401478228804 -0.03775823111608774 0.0085183055834098069 -0.073330113798405414 0.0092344273071942786 0.034537470523933848 0.019159127738572122 -0.033512560455787176 -0.003583698803575962 0.0085183055834098069 -0.091436156585570125 -0.066983881037260426 0.00091492909544951611 -0.042020681648912185
leaf_weight=92.737763328778897 82.995076569927107 23.186381213141658 15.284974619179939 3.7413264145304765 75.321307837441225 12.835489205310749 36.484767589035187 24.08094394583884 557.08090513237858 190.91996144589302 3.7521343887846106 5.3922996674792776 32.570844058044031 13.286817358737151
leaf_count=121774 36396 1052288 3540 14684 113865 4202 10321 266196 346001 266317 1285 1282 8646 3312
internal_value=-0.000395061 -0.00300122 -0.00218258 0.015809 0.00532739 -0.000724042 -0.00123903 -0.00212252 -0.00482383 0.00388765 -0.0224414 -0.0099215 0.00660414 -0.0115253
internal_weight=1169.67 1007.61 984.427 162.058 79.0626 891.689 878.854 842.369 581.162 261.207 24.4294 20.6773 236.778 45.8577
internal_count=2250109 2085164 1032876 164945 128549 911102 906900 896579 612197 284382 6107 4822 278275 11958
is_linear=0
shrinkage=0.05


Tree=120
num_leaves=15
num_cat=0
split_feature=10 22 30 31 31 24 24 17 1 1 31 3 2 1
split_gain=14.9291 11.8023 9.12821 13.1099 11.4514 9.08809 9.75707 19.223 8.58869 8.53398 8.41786 7.82749 6.85732 6.32996
threshold=0.010752825997769834 0.48776075243949896 -1.188952565193176 4.827775478363038 3.2219190597534184 0.088604684919118895 0.073982506990432753 4.2268071174621591 124.50000000000001 209.50000000000003 2.9287519454956059 0.16227272152900699 2.0754336118698125 290.50000000000006
decision_type=10 8 8 10 10 8 10 8 10 10 10 8 8 10
left_child=1 -1 3 9 5 6 -4 -8 10 11 12 -3 -7 -5
right_child=-2 2 4 13 -6 8 7 -9 -10 -11 -12 -13 -14 -15
leaf_value=-0.036409831335277358 0.010659950763395518 0.028402033758014596 0.1765404850419596 -0.014942631929653153 -0.019050486202479788 -0.0048211056517632033 2.3648516379115132 -0.019050486202479788 -0.019050486202479788 -0.019050486202479788 0.02708892605848259 -0.0070180541763335009 0.0090546135095085842 0.053741017764408795
leaf_weight=25.184399146244175 274.45631151164832 88.142174758961346 0.22321532891271545 54.359362991118132 38.473748428111548 495.19554130498335 0.015700817451261173 0.017350511023551007 33.5445843819316 6.4443645244236896 25.343071890732631 18.951498106971144 108.55943578272053 3.5751737040154685
leaf_count=1319672 195306 9413 3845 7878 3932 415032 24 633 152739 1657 5040 117634 17253 16
internal_value=0.000454271 -0.00266479 -0.00169114 0.00865007 -0.00421937 -0.0024398 0.295258 1.09703 -0.00255493 0.0185258 -0.00114117 0.022134 -0.00232615 -0.0107041
internal_weight=1172.49 898.03 872.845 171.473 701.373 662.899 0.256267 0.0330513 662.643 113.538 629.098 107.094 603.755 57.9345
internal_count=2250074 2054768 735096 136598 598498 594566 4502 657 590064 128704 437325 127047 432285 7894
is_linear=0
shrinkage=0.05


Tree=121
num_leaves=15
num_cat=0
split_feature=27 18 22 18 30 31 10 29 12 15 23 30 17 26
split_gain=16.7382 14.3818 9.46651 8.15646 10.4597 10.0843 8.0443 7.8823 8.59748 7.57639 7.07988 7.26829 10.2261 8.56341
threshold=2.6893538236618046 0.42904315888881689 0.44121783971786505 0.11315387114882471 -0.90634799003601063 1.6526728272438052 0.02339948154985905 4.0631101131439218 0.13270440697669986 1.0000000180025095e-35 40.500000000000007 -0.14283683896064756 5.2806591987609872 0.10818713530898096
decision_type=10 10 8 8 10 10 8 10 10 8 10 10 10 10
left_child=2 -2 -1 4 -4 9 -3 8 -5 -6 11 12 -11 -13
right_child=1 6 3 7 5 -7 -8 -9 -10 10 -12 13 -14 -15
leaf_value=-0.03818062650632327 0.019368516605061187 0.037679442856609693 0.016844445738499018 -0.0097470517373105161 -0.020496954084567229 -0.020496954084567229 -0.038708213358357835 0.0043221373101576775 0.026365611846906185 -0.020496954084567229 0.034712999623949234 -0.020496954084567229 0.020996494722405723 0.060936039565765265
leaf_weight=19.296943689292164 144.5619299104066 4.2725435382415666 105.04999026900805 518.61926990746315 7.4959759322061927 34.789551721154965 17.827134342817772 151.37585884332475 17.022286698900871 14.453844097523868 19.040894645969274 39.826835091374164 57.886338140092448 3.4716658568022458
leaf_count=1096739 91708 34745 69871 748325 13972 21492 50631 5195 12591 4061 86667 7770 5854 339
internal_value=-0.00103209 0.0136257 -0.00350382 -0.00281328 0.0043465 -0.00307254 -0.0239401 -0.00575231 -0.00859942 0.00306622 0.00646159 0.00180976 0.0115077 -0.014393
internal_weight=1154.99 166.662 988.329 969.033 282.015 176.965 22.0997 687.017 535.642 142.176 134.68 115.639 72.3402 43.2985
internal_count=2249960 177084 2072876 976137 210026 140155 85376 766111 760916 118663 104691 18024 9915 8109
is_linear=0
shrinkage=0.05


Tree=122
num_leaves=15
num_cat=0
split_feature=27 15 22 7 29 22 16 1 22 16 15 18 10 25
split_gain=15.4088 10.818 8.26479 8.23487 6.60108 7.73729 7.68506 9.55795 9.05858 6.49894 7.10289 7.51 7.58962 6.4226
threshold=2.6893538236618046 1.0000000180025095e-35 0.41362079977989202 46.804056167602546 3.4348374605178837 0.64355045557022106 3.6242519617080693 13.500000000000002 0.68421930074691784 2.3502402305603032 1.0000000180025095e-35 0.50284633040428173 0.020097451284527782 3.5000000000000004
decision_type=10 8 8 10 8 8 10 8 10 8 8 10 10 8
left_child=1 -1 -3 4 6 -6 7 -4 -8 -2 -11 12 13 -12
right_child=9 2 3 -5 5 -7 8 -9 -10 10 11 -13 -14 -15
leaf_value=-0.017914857689624 0.04574472233723173 -0.043947149607027836 -0.021879090016572171 0.022664280343800625 -0.021879090016572171 0.0060398304108472698 -0.021879090016572171 0.0056304216726373651 -0.0037742388288039188 0.037927065474035182 0.0015424574012672223 -0.029712991640112971 0.023362470365337399 -0.077929566662484379
leaf_weight=96.947488374758677 15.054276720432425 10.734692340036302 36.427110213069909 38.971180518353208 19.715316723151773 342.99466795266744 84.693034157469583 211.2109151938638 156.16884974916138 21.461093432245889 54.493008076228421 12.657945413418018 59.347271906556216 2.666681036926092
leaf_count=311437 3698 796405 11168 13843 30114 9628 493023 394153 13025 18519 75475 68771 3153 7622
internal_value=0.000299861 -0.00204471 -0.000336926 0.00018897 -0.000840024 0.00426987 -0.00463411 0.00155085 -0.0109931 0.0144208 0.0112901 0.00686435 0.0108383 -0.00216516
internal_weight=1163.54 997.863 900.916 890.181 851.21 362.71 488.5 247.638 240.862 165.68 150.626 129.165 116.507 57.1597
internal_count=2250034 2072796 1761359 964954 951111 39742 911369 405321 506048 177238 173540 155021 86250 83097
is_linear=0
shrinkage=0.05


Tree=123
num_leaves=15
num_cat=0
split_feature=27 15 27 24 16 23 16 16 18 23 24 4 3 30
split_gain=15.8419 10.0109 8.70619 7.84571 8.56291 7.9924 8.06789 7.136 6.77268 6.55276 7.12717 7.47655 6.48488 6.71507
threshold=2.6893538236618046 1.0000000180025095e-35 0.85051825642585765 0.61814880371093761 6.5419692993164071 165.50000000000003 3.6242519617080693 2.5249279737472539 0.69916975498199474 35.500000000000007 1.2323470115661623 0.0027411580085754399 0.16417610645294192 -1.188952565193176
decision_type=10 8 10 8 10 10 8 8 8 8 10 8 10 8
left_child=1 2 8 4 -3 -5 -7 -2 9 10 11 -1 13 -9
right_child=7 3 -4 5 -6 6 -8 12 -10 -11 -12 -13 -14 -15
leaf_value=0.30021296532266351 0.04280878704596585 -0.03608884467256513 -0.088628527330904164 -0.00032904530052479134 0.21277958546113368 0.083347841755368773 -0.053426551776845715 0.03880718705998247 -0.049880206646026826 -0.041046591196700788 -0.0044900270653157942 -0.052400755226565988 -0.058978290746205399 0.0078180548243076391
leaf_weight=0.3889819882260771 19.511841733278857 19.523651629622865 4.1195360488079578 874.86755214606467 0.35186745525675078 5.2082781019006452 1.3596393683353651 20.368810484081223 11.726523309429352 13.508410034039171 67.346433061272364 0.24502204997884292 3.2718117831834652 123.31094097391917
leaf_count=86 5383 1083490 13420 628999 4249 17435 27136 1467 53735 232998 10276 851 121561 48870
internal_value=0.000118219 -0.00226215 -0.0174958 -0.000617022 -0.031683 8.34852e-05 0.0550339 0.0143985 -0.0143522 -0.00923959 -0.00291921 0.163939 0.0106262 0.0122112
internal_weight=1165.11 998.646 97.3349 901.311 19.8755 881.435 6.56792 166.463 93.2154 81.4888 67.9804 0.634004 146.952 143.68
internal_count=2249956 2072675 311366 1761309 1087739 673570 44571 177281 297946 244211 11213 937 171898 50337
is_linear=0
shrinkage=0.05


Tree=124
num_leaves=15
num_cat=0
split_feature=7 33 24 8 31 16 21 13 16 7 0 30 3 2
split_gain=13.2765 9.40811 6.91285 6.17143 5.9459 6.44977 4.80969 4.56904 6.03213 8.76343 5.86736 8.40982 6.01355 5.03749
threshold=36.243310928344734 235.50000000000003 2.3125263452529912 1.5000000000000002 -0.86676061153411854 3.0201274156570439 1.5000000000000002 0.053342817351222045 2.5249279737472539 9.9889292716979998 0.68972954154014599 -0.23556271195411679 0.039519160985946662 1.4776240587234499
decision_type=10 10 8 10 8 10 10 10 8 8 8 10 10 8
left_child=1 2 6 -2 5 -4 7 8 -1 -10 11 -11 -13 -12
right_child=3 -3 4 -5 -6 -7 -8 -9 9 10 13 12 -14 -15
leaf_value=0.0075321965451087955 0.036202568257296119 -0.036546053906079963 0.0075321965451087955 0.0092884200954788682 0.0075321965451087955 -0.052354843450003775 -0.080850165086101627 0.0075321965451087955 -0.080053866387340883 -0.0070265545578486067 0.0075321965451087955 -0.0063432337710239515 -0.042847258039560882 -0.0052355439411677467
leaf_weight=67.681001912484703 29.588155366923615 19.090202820742661 5.2832305769447876 76.030014687680364 238.10739462859101 8.7891820800484748 2.0012973260521667 85.062149219873959 3.9816623941635489 294.84227684448331 100.52341240685621 16.560230314896103 28.130352815739116 186.70773587566487
leaf_count=82855 3456 1034302 1614 145204 26240 8473 2218 72928 15695 369524 22391 5279 426160 33871
internal_value=-7.44829e-05 -0.00176383 -0.00112393 0.0168282 0.00607858 -0.025546 -0.00343628 -0.00323854 -0.00457121 -0.00611039 -0.00564065 -0.0100902 -0.0303022 -0.000380909
internal_weight=1162.38 1056.76 1037.67 105.618 252.18 14.0724 785.49 783.489 698.427 630.746 626.764 339.533 44.6906 287.231
internal_count=2250210 2101550 1067248 148660 36327 10087 1030921 1028703 955775 872920 857225 800963 431439 56262
is_linear=0
shrinkage=0.05


Tree=125
num_leaves=15
num_cat=0
split_feature=27 22 16 11 29 30 30 18 31 29 1 18 30 3
split_gain=14.2262 12.1204 8.30136 11.3121 7.69776 12.9952 7.12506 9.34372 6.20312 6.35901 6.10693 5.36667 5.71935 7.95106
threshold=3.1059412956237797 0.7193230688571931 3.1984648704528813 0.41428571939468389 2.9576396942138676 -1.4650781154632566 -0.89181634783744801 0.47323265671730047 1.0000000180025095e-35 4.0631101131439218 5.5000000000000009 0.10042754560709001 -0.38890632987022394 0.07760676741600038
decision_type=10 8 8 8 10 10 8 10 10 8 10 8 10 8
left_child=1 2 -1 -4 -3 -6 -2 10 9 -9 -8 -12 13 -13
right_child=6 4 3 -5 5 -7 7 8 -10 -11 11 12 -14 -15
leaf_value=-0.0027478994676907367 0.033564052377239494 -0.0027478994676907367 -0.029120314212009571 -0.0072209283332114963 0.036679000809293975 0.0040780740612614986 0.022511551781119861 -0.081548348002558224 -0.086305563983845382 0.020556356959852456 -0.03784012196243508 0.036522007107186893 -0.022521969444119466 -0.0470547545276572
leaf_weight=154.4424395041554 36.701392918272973 156.59654101242688 84.19022284531502 196.83474229149107 33.314605150624629 370.71702325466049 64.16185702278915 2.1259193017517628 3.8567415479466831 5.3937138005869656 8.4341536085139506 17.069942666167666 10.694361481480486 3.4150543191258285
leaf_count=453516 20303 67273 835223 732351 541 7881 40995 38164 22325 2223 5951 366 19779 2952
internal_value=0.000123931 -0.00204934 -0.00830737 -0.0137816 0.00281158 0.0067662 0.0143797 0.00826528 -0.0347517 -0.00831026 0.012981 -0.00245556 0.00711612 0.0225889
internal_weight=1147.95 996.096 435.467 281.025 560.628 404.032 151.853 115.152 11.3764 7.51963 103.775 39.6135 31.1794 20.485
internal_count=2249843 2096785 2021090 1567574 75695 8422 153058 132755 62712 40387 70043 29048 23097 3318
is_linear=0
shrinkage=0.05


Tree=126
num_leaves=15
num_cat=0
split_feature=10 24 18 18 30 22 33 31 28 16 4 0 30 33
split_gain=16.8397 8.0075 9.72087 7.56711 6.95031 8.27808 8.9167 7.6805 6.85265 6.02638 5.86856 6.43055 6.04521 11.9473
threshold=0.010752825997769834 1.9989223480224612 0.28751130402088171 0.29427438974380499 -0.95078188180923451 0.41362079977989202 38.500000000000007 0.52907195687294017 3.5000000000000004 4.5379471778869638 0.0023774206638336186 0.65789982676506054 -1.3013975024223325 18.500000000000004
decision_type=10 8 10 10 8 10 10 10 10 10 10 10 8 8
left_child=1 -1 9 -4 -2 -6 7 8 -7 -3 11 -5 13 -12
right_child=4 2 3 10 5 6 -8 -9 -10 -11 12 -13 -14 -15
leaf_value=-0.0073586302497173524 0.026749769924993307 0.0064154525841535574 -0.096758325268429535 -0.084842167989542416 -0.037064910354927171 0.0077715620842465933 0.061803351967528244 -0.0081378319146997776 0.035566352504851566 0.044834222710657963 0.030567430484428518 -0.010189188091436908 -0.011031488219642753 -0.09777236207058719
leaf_weight=530.36761374083449 54.347664581846743 222.55798653538682 2.4613432845937941 4.920891813681008 10.269873910170075 110.6562582793124 7.6769783981638957 59.516935538759753 27.733095379837096 10.697914515557157 20.131883009006291 6.9712387855743145 68.931484827685836 1.9928732395200075
leaf_count=1985580 13307 34043 635 1558 113482 18288 42162 6340 1767 1110 774 335 28106 2421
internal_value=-0.000133695 -0.00352335 0.0024829 -0.0101183 0.0107683 0.00674444 0.00893293 0.00688204 0.0133416 0.00817747 -0.0080469 -0.0410801 -0.00373269 0.0190073
internal_weight=1139.23 869.033 338.666 105.41 270.201 215.853 205.583 197.906 138.389 233.256 102.948 11.8921 91.0562 22.1248
internal_count=2249908 2054562 68982 33829 195346 182039 68557 26395 20055 35153 33194 1893 31301 3195
is_linear=0
shrinkage=0.05


Tree=127
num_leaves=15
num_cat=0
split_feature=10 29 26 30 31 1 31 4 17 16 3 2 30 0
split_gain=11.0867 8.57272 8.51809 7.37643 13.5373 15.7705 11.7113 12.7161 8.15337 10.2381 10.1526 7.83281 7.11916 6.9803
threshold=0.010989159345626833 0.67544862627983104 0.18465909361839297 -1.188952565193176 4.4016520977020273 201.50000000000003 3.2219190597534184 0.028223872184753421 5.9121499061584482 3.5408543348312382 0.097147077322006239 1.0618366599082949 -1.0000000180025095e-35 0.68972954154014599
decision_type=10 8 8 8 10 10 10 10 10 8 8 8 8 8
left_child=1 -1 -2 4 5 11 13 8 9 10 -8 -3 -4 -5
right_child=2 3 12 6 -6 -7 7 -9 -10 -11 -12 -13 -14 -15
leaf_value=-0.035081895021868779 0.00077938358327417833 0.036643757825388444 0.026301944405755607 -0.0082315614582659288 -0.0072926317049970286 -0.083348117361862636 -0.0028494334669115478 0.022058140204173286 -0.0051497657717489778 -0.098340365961695791 -0.10751089083649457 0.0019289680793795495 0.0010350086013123595 0.0022221341529146399
leaf_weight=19.491169531347452 141.814635149776 56.540636075821453 90.082519702105799 274.12930012296653 73.916559960331597 3.3969295713229704 8.88262584657787 9.1215521254032392 9.0866588375761221 10.157162562595429 3.1348322971271054 22.802108844893951 40.372232113792336 382.51634303951658
leaf_count=1116822 127623 42258 22913 822904 9703 1704 123 2021 520 1066 515 1702 35904 64601
internal_value=0.000452441 -0.0022944 0.00926163 -0.0015458 0.00825803 0.0221504 -0.0037492 -0.0298837 -0.0450395 -0.0613854 -0.0301511 0.0266672 0.0184825 -0.00214196
internal_weight=1145.45 873.176 272.269 853.685 156.656 82.7397 697.028 40.3828 31.2613 22.1746 12.0175 79.3427 130.455 656.646
internal_count=2250379 2063939 186440 947117 55367 45664 891750 4245 2224 1704 638 43960 58817 887505
is_linear=0
shrinkage=0.05


Tree=128
num_leaves=15
num_cat=0
split_feature=27 15 25 18 7 22 22 16 29 30 18 30 18 9
split_gain=15.8066 13.0632 10.0795 9.01761 8.23245 7.52815 7.27298 7.20043 7.01794 6.7701 7.22533 6.28164 10.7557 6.6401
threshold=2.6893538236618046 1.0000000180025095e-35 1.5000000000000002 0.56434527039527904 124.41376876831056 0.64971026778221141 0.44121783971786505 4.0517470836639413 1.8051313161849978 -1.6084967255592344 0.54904970526695263 -1.1128952503204343 0.42447511851787573 0.66192409396171581
decision_type=10 8 10 8 10 10 8 10 8 8 8 8 10 8
left_child=1 3 7 5 6 -1 -3 -2 -7 -10 -11 -4 13 -13
right_child=2 4 11 -5 -6 8 -8 -9 9 10 -12 12 -14 -15
leaf_value=-0.040420244498007546 0.039454859209508655 -0.041198833042396826 0.035253723378751357 -0.050944545781918128 0.05231128847977326 0.064679028126905014 -0.00044892111238727697 -0.013017399499848724 0.043823827705335217 -0.01702257713879524 0.11387841172927747 0.03027447803063419 -0.045786349575925471 -0.0018013010836842131
leaf_weight=18.122165475381564 46.471994096442245 11.090884635599878 15.326220484897474 18.95884093871905 7.311125593470023 3.5475736739381318 859.71101623004415 7.6082842362508805 5.6476759520592168 46.677409819998502 1.0785307059377363 22.196808961780164 10.969717638924406 59.077969634917736
leaf_count=232434 24670 914724 10920 73165 4347 1829 841480 33091 147 3757 42 13550 54363 40767
internal_value=-1.36135e-05 -0.002421 0.0144641 -0.0201329 -0.000524328 -0.0123518 -0.000967928 0.0320728 -0.00342033 -0.00794414 -0.0140663 0.0056114 0.000686396 0.00695886
internal_weight=1133.8 972.145 161.651 94.0322 878.113 75.0734 870.802 54.0803 56.9512 53.4036 47.7559 107.571 92.2445 81.2748
internal_count=2249286 2071925 177361 311374 1760551 238209 1756204 57761 5775 3946 3799 119600 108680 54317
is_linear=0
shrinkage=0.05


Tree=129
num_leaves=15
num_cat=0
split_feature=27 25 27 1 24 30 1 27 15 17 14 3 4 17
split_gain=11.2596 14.6615 9.78091 7.55885 7.26021 7.02097 13.6951 6.42697 6.17328 7.08799 7.90629 5.92058 7.22626 5.44226
threshold=2.6893538236618046 1.5000000000000002 9.0506606101989764 95.500000000000014 -0.14433341473340985 -0.29640902578830713 5.5000000000000009 3.4650033712387089 1.0000000180025095e-35 6.5446307659149179 1.0000000180025095e-35 0.067805409431457533 0.048604339361190803 4.8162329196929941
decision_type=10 10 10 10 8 10 10 10 8 8 10 10 10 10
left_child=4 2 3 7 -1 -3 -7 -2 9 10 11 12 -6 -12
right_child=1 5 -4 -5 8 6 -8 -9 -10 -11 13 -13 -14 -15
leaf_value=-0.043665109796509775 0.050844076510368 0.011012120971807583 0.080995176167132088 -0.055613174124048474 -0.059090410946563081 -0.00018067203346126706 -0.071392575420835977 0.011576934523815261 -0.0007161434733460307 -0.088885126691455763 -0.071112221140987475 -0.0097614143280582381 0.076103683247226148 0.0035320911792928603
leaf_weight=10.583297705511567 18.635393537939592 66.466888398182505 8.8840593880821626 2.8233204324198189 16.390267005308718 31.374885381458853 8.6026539446741577 23.6386877365114 870.50443398216862 3.0765447767695937 2.5606571772978546 17.477827168485021 1.051843368653407 52.646574415714213
leaf_count=813320 16695 45231 1206 7366 5747 41446 32915 32325 1106850 7988 4113 73103 64 61377
internal_value=-0.000456829 0.0118174 0.0330431 0.0235967 -0.0024779 0.0010532 -0.0155046 0.0288868 -0.00202559 -0.0142555 -0.011708 -0.0303284 -0.0509376 6.98909e-05
internal_weight=1134.72 160.426 53.9815 45.0974 974.291 106.444 39.9775 42.2741 963.708 93.2037 90.1272 34.9199 17.4421 55.2072
internal_count=2249746 177184 57592 56386 2072562 119592 74361 49020 1259242 152392 144404 78914 5811 65490
is_linear=0
shrinkage=0.05


Tree=130
num_leaves=15
num_cat=0
split_feature=27 24 30 31 18 30 0 0 25 4 10 27 15 8
split_gain=10.3262 7.90597 6.87554 12.1265 13.7477 8.49093 10.3481 7.23339 6.74312 6.68311 6.04465 5.69311 5.47917 7.64708
threshold=7.3520045280456552 -0.14433341473340985 -1.188952565193176 3.2219190597534184 0.29747970402240759 -0.9800506830215453 0.67453309893608104 0.68972954154014599 1.5000000000000002 0.048048734664916999 0.0050125627312809238 9.0506606101989764 inf 137.50000000000003
decision_type=10 8 8 10 8 8 10 8 10 10 8 10 8 10
left_child=1 -1 10 7 5 -5 -7 9 11 -4 -3 -2 -12 -14
right_child=8 2 3 4 -6 6 -8 -9 -10 -11 12 -13 13 -15
leaf_value=-0.043866940442292973 0.016472337308219832 -0.11264290318490125 -0.0057504212964819626 0.00015455739680182658 -0.091024993030087223 -0.10306300641985576 -0.0041991926396545585 0.0023304975340911562 0.0099109641851971766 -0.042669626251454672 0.016853485619279587 0.078193452072229025 -0.003401621194930024 0.064034898881052682
leaf_weight=10.865379249512371 6.9593260067103531 1.038440484494912 329.30348503009503 24.704251637412426 7.3599823621875649 5.2651609258321042 5.3225087167229503 495.02796671248848 37.138492195750914 12.731756562529482 93.999352396343681 8.0668320599731373 89.354512998646953 4.4113721479275787
leaf_count=880797 3277 5142 662176 2273 1680 409 43 74425 33445 397280 46868 1206 140624 344
internal_value=-0.000381527 -0.00143156 -0.00100005 -0.00285814 -0.0288643 -0.015901 -0.0533634 -0.00153302 0.0213456 -0.00712468 0.00765756 0.0496075 0.00832288 -0.000228958
internal_weight=1131.55 1079.38 1068.52 879.715 42.6519 35.2919 10.5877 837.063 52.1647 342.035 188.804 15.0262 187.765 93.7659
internal_count=2249989 2212061 1331264 1138286 4405 2725 452 1133881 37928 1059456 192978 4483 187836 140968
is_linear=0
shrinkage=0.05


Tree=131
num_leaves=15
num_cat=0
split_feature=27 15 18 25 29 9 22 22 14 12 18 4 31 31
split_gain=13.4305 9.49538 7.77999 8.06246 7.17744 12.0663 10.4994 6.64764 6.51693 6.50841 9.53573 8.18138 6.64129 7.28018
threshold=3.1843570470809941 1.0000000180025095e-35 0.49719092249870306 1.5000000000000002 3.4348374605178837 0.7892451584339143 0.64355045557022106 0.65644097328186046 1.0000000180025095e-35 0.039607843384146697 0.25170846283435827 0.030667155981063846 -0.89181503653526295 -1.6694897413253782
decision_type=10 8 10 10 8 10 8 10 8 8 8 8 8 10
left_child=1 7 3 -2 5 9 -6 -1 -4 10 -3 -12 13 -11
right_child=2 4 8 -5 6 -7 -8 -9 -10 12 11 -13 -14 -15
leaf_value=-0.040279668116326925 0.036821934728947819 -0.044242440879962187 0.018820132322035145 0.0098445557659889976 -0.027672378235857366 0.048632905980285364 0.0067147786447792936 -0.0095982124313102688 -0.044294173217409034 -0.0067883112703643863 0.0035807081107189784 -0.073478177904562625 -0.0012691740603657613 -0.04861443238835899
leaf_weight=23.451458693953271 40.383483874637591 25.45588081147649 7.0380017517671574 88.148959369824723 23.652288255410269 10.472236821992508 360.99764117009181 71.4209567797825 9.7646168536759301 29.727013330536806 33.028740447382106 3.8454915860097847 383.81922497885955 16.005025940248885
leaf_count=307936 25183 90979 15992 55864 55565 11318 10682 6510 49581 286248 100765 113569 963012 157066
internal_value=-4.80245e-05 -0.00214779 0.0141379 0.0183206 -0.000539715 -0.0044754 0.0046003 -0.0171823 -0.0178579 -0.00560608 -0.0207047 -0.00445551 -0.0034152 -0.0214264
internal_weight=1127.21 981.876 145.335 128.532 887.004 502.354 384.65 94.8724 16.8026 491.881 62.3301 36.8742 429.551 45.732
internal_count=2250270 2103650 146620 81047 1789204 1722957 66247 314446 65573 1711639 305313 214334 1406326 443314
is_linear=0
shrinkage=0.05


Tree=132
num_leaves=15
num_cat=0
split_feature=27 24 14 18 30 10 0 13 31 2 18 16 23 29
split_gain=13.4617 7.43697 7.04423 8.37029 5.8616 8.03895 7.68952 6.51146 7.9691 6.47902 6.45298 5.71556 5.64105 6.76221
threshold=2.6893538236618046 -0.14433341473340985 1.0000000180025095e-35 0.49719092249870306 -1.4329961538314817 0.0081974081695079821 0.70110279321670543 0.070802006870508208 2.1470263004302983 0.70810341835021984 0.19808688014745715 2.6735538244247441 2.5000000000000004 2.6978409290313725
decision_type=10 8 8 10 8 8 8 8 8 10 8 8 10 8
left_child=1 -1 -2 -4 5 -3 7 8 -6 11 -9 12 13 -7
right_child=2 4 3 -5 6 9 -8 10 -10 -11 -12 -13 -14 -15
leaf_value=-0.046731859284223978 0.02430518708524609 -0.089555690319939638 0.008866082933114092 -0.04014007684076587 -0.0070343929773417253 -0.11256433152340516 0.0014023634596048067 -0.0033654352149931296 -0.045221900830151818 0.029832788668289836 -0.014077460266309801 -0.0038167241946629338 0.052180113504450835 0.040931247268725698
leaf_weight=9.4954522693577683 73.81386567846549 2.0354227335089083 75.595361606831631 9.8483696488354848 30.36432060009146 1.2942294923593625 399.43634947267276 231.65652291475953 24.836334283307622 31.188960557273731 162.29387982804184 59.95649535183756 9.4774708633414075 1.610257639855263
leaf_count=813323 55806 6673 63475 58012 134942 520 58256 380253 33001 945 538675 91365 14318 34
internal_value=-0.000475163 -0.00270072 0.0129914 0.00321756 -0.00226254 0.0088487 -0.00364476 -0.00813323 -0.024216 0.0107834 -0.0058797 0.00257019 0.0334972 -0.0274659
internal_weight=1122.9 963.646 159.258 85.4437 954.15 105.563 848.587 449.151 55.2007 103.527 393.95 72.3385 12.382 2.90449
internal_count=2249598 2072305 177293 121487 1258982 113855 1145127 1086871 167943 107182 918928 106237 14872 554
is_linear=0
shrinkage=0.05


Tree=133
num_leaves=15
num_cat=0
split_feature=7 27 4 18 1 14 22 22 18 16 16 14 24 30
split_gain=14.1183 8.61232 7.44056 7.35993 7.30809 6.92941 6.79141 6.69835 10.9476 6.00394 5.43488 7.29369 8.436 5.79435
threshold=56.094846725463874 2.9892170429229741 0.014867842197418215 0.49719092249870306 2.5000000000000004 1.0000000180025095e-35 0.44121783971786505 0.68421930074691784 0.40015576779842382 6.0075469017028817 3.5114340782165532 1.0000000180025095e-35 2.3125263452529912 -1.3013975024223325
decision_type=10 10 8 10 8 8 8 8 8 10 10 10 10 10
left_child=1 4 -2 -3 7 -5 -6 8 -1 -7 -8 12 -12 -14
right_child=2 3 -4 5 6 9 10 -9 -10 -11 11 -13 13 -15
leaf_value=-0.0024636049507211974 0.046684703161625971 0.01247981536563441 0.01247981536563441 0.01247981536563441 -0.041764702882873983 -0.072830263752272403 0.00077355740919486421 0.011047496965831852 -0.089054320697403627 0.01247981536563441 -0.022833523331738517 -0.0046904824505770428 0.01247981536563441 -0.02227123984109685
leaf_weight=24.932079947702707 23.816942262639543 119.66272572468517 29.642769934136766 5.1058982570984002 12.033781883133697 6.9992147844213548 339.7483933872129 148.83784067501983 4.2762663729500892 1.0229995198353661 44.580709082057353 337.42698856700832 14.392813135571943 13.369425253791176
leaf_count=2385 17458 83437 38151 17116 1066219 46470 364271 2820 1147 5541 243052 361171 546 909
internal_value=0.000566139 -0.000684 0.0256436 0.011235 -0.00236848 -0.0251663 -0.00450063 0.0067513 -0.015141 -0.0544433 -0.00390234 -0.00777923 -0.022186 0.00474832
internal_weight=1125.85 1072.39 53.4597 132.791 939.598 13.1281 761.552 178.046 29.2083 8.02221 749.518 409.77 72.3429 27.7622
internal_count=2250693 2195084 55609 152564 2042520 69127 2036168 6352 3532 52011 969949 605678 244507 1455
is_linear=0
shrinkage=0.05


Tree=134
num_leaves=15
num_cat=0
split_feature=27 15 14 10 30 23 22 24 17 15 24 17 17 22
split_gain=16.091 9.32299 10.342 8.48194 6.96369 7.30604 6.72026 7.43723 9.04338 11.0731 6.98736 27.1559 6.52488 6.43558
threshold=2.9892170429229741 1.0000000180025095e-35 1.0000000180025095e-35 0.011236125603318216 -0.95078188180923451 23.500000000000004 0.56555882096290599 0.83213812112808239 5.5471267700195321 1.0000000180025095e-35 0.82488104701042186 4.7405652999877939 6.5446307659149179 0.64355045557022106
decision_type=10 8 10 10 8 10 8 8 8 10 10 10 8 8
left_child=1 2 -1 6 -5 -6 -3 8 9 13 -11 -12 -4 -8
right_child=-2 3 12 4 5 -7 7 -9 -10 10 11 -13 -14 -15
leaf_value=-0.037615051613827312 0.015349703270512716 -0.024649234111666935 -0.00058029040204449385 0.02950258763724465 -0.0002254762745593328 0.033587059437098214 0.020143124487368678 -0.0021597945410285042 -0.013186932272368926 0.22620429724397578 2.8006577314867762 -0.013186932272368926 -0.087183356656812802 0.4629939018718523
leaf_weight=36.852026641227184 154.19013244912583 33.546179968533593 57.013232290355347 35.041416431691403 115.21155057015147 18.547924222804454 1.611110951226806 675.06951897590864 1.9689375014063442 0.96996174355808762 0.012702598742635018 0.024412258582742652 2.261192803176356 0.086439091327519813
leaf_count=192054 158626 1361318 114436 8683 13123 108022 21892 233728 24480 6222 32 207 6593 179
internal_value=0.000337309 -0.002029 -0.0168155 -0.000417631 0.00966112 0.00446318 -0.00280278 -0.00172463 0.0611323 0.120617 0.251967 0.925252 -0.00388401 0.042693
internal_weight=1132.41 978.217 96.1265 882.09 168.801 133.759 713.289 679.743 4.67356 2.70463 1.00708 0.0371149 59.2744 1.69755
internal_count=2249595 2090969 313083 1777886 129828 121145 1648058 286740 53012 28532 6461 239 121029 22071
is_linear=0
shrinkage=0.05


Tree=135
num_leaves=15
num_cat=0
split_feature=27 25 27 8 16 17 32 16 12 29 22 17 10 33
split_gain=14.9602 8.34642 8.43042 6.70425 6.52455 6.32351 6.2822 6.25643 5.91503 6.05287 9.74503 7.21349 6.26829 6.56381
threshold=2.6893538236618046 1.5000000000000002 8.3861227035522479 5.5000000000000009 4.1666352748870858 5.8245229721069345 5.1733169555664071 5.8215644359588632 0.19543650746345523 3.4348374605178837 0.64355045557022106 4.9732735157012948 0.018470021896064285 2.5000000000000004
decision_type=10 10 8 8 8 10 10 10 10 8 8 8 10 10
left_child=3 2 4 5 -2 -1 7 8 9 12 11 -11 -5 -14
right_child=1 -3 -4 6 -6 -7 -8 -9 -10 10 -12 -13 13 -15
leaf_value=0.0070471817403901836 0.028968081959690924 0.0061279770121494912 0.07810513658155567 -0.0062318145325950189 -0.02841891774014953 0.052591896182824595 -0.0432022026488178 0.03216026622711899 0.033596539961900519 -0.014935624202892447 0.0030146573150416208 -0.066312284930278548 0.012821825784685912 -0.057016455560612772
leaf_weight=40.110520502535223 41.111067140882227 108.53126830999125 7.8326228368788398 492.69399108735058 5.6313981302981793 9.4089168630957811 9.7043204680613808 12.649102790077562 10.760332583921352 10.692697403045431 356.32021456737039 9.2688076229033509 4.6773424440189357 11.985737857093765
leaf_count=15027 24214 119426 1196 1135559 32208 3603 799198 22301 5198 20066 10078 42839 112 17921
internal_value=0.000139844 0.0141485 0.0300987 -0.00221993 0.0220543 0.0157009 -0.00318584 -0.00275865 -0.0032514 -0.00369909 0.00111016 -0.0328859 -0.00725187 -0.0374128
internal_weight=1131.38 163.106 54.5751 968.272 46.7425 49.5194 918.753 909.048 896.399 885.639 376.282 19.9615 509.357 16.6631
internal_count=2248946 177044 57618 2071902 56422 18630 2053272 1254074 1231773 1226575 72983 62905 1153592 18033
is_linear=0
shrinkage=0.05


Tree=136
num_leaves=15
num_cat=0
split_feature=7 22 30 31 28 16 1 22 4 16 1 8 3 30
split_gain=10.7512 8.95784 7.81947 9.2614 5.4269 6.10961 5.70936 5.78971 5.34764 6.53856 5.96564 5.08914 4.82046 4.36994
threshold=57.556982040405281 0.44121783971786505 -0.90634799003601063 2.0717447996139531 2.5000000000000004 3.3842465877532963 4.5000000000000009 0.75462436676025402 0.0094393193721771258 3.5114340782165532 74.500000000000014 1.5000000000000002 0.12431648373603822 -0.86337268352508534
decision_type=10 8 10 10 8 8 8 8 8 8 10 10 10 10
left_child=1 -1 4 -4 5 -3 -7 12 -5 13 -11 -2 -8 -10
right_child=11 2 3 8 -6 6 7 -9 9 10 -12 -13 -14 -15
leaf_value=-0.042497030242175035 0.043987491855644205 0.011757860735694341 -0.00067109564692508297 -0.0211583354231689 0.011757860735694341 0.011757860735694341 -0.0211583354231689 0.0021649130658946639 -0.0211583354231689 -0.0211583354231689 0.011757860735694341 0.011757860735694341 -0.0072955459172425359 0.011757860735694341
leaf_weight=12.438745105151098 19.005621425124474 101.82056085611583 618.31367613159807 37.61334615185902 75.691625921927198 18.291324116197728 35.296779055285185 88.45714846471293 2.9637323994247735 22.815913511583663 8.8723590619516681 29.184568067248364 39.170572564524804 18.678047465335169
leaf_count=1171038 2574 90604 702009 7040 13723 346 13831 8474 2669 9605 3873 49798 169393 5434
internal_value=0.000719666 -0.000310978 0.000180359 -0.00286232 0.00619618 0.00242303 -0.00308756 -0.00648321 -0.0177602 -0.00471519 -0.0194277 0.0238267 -0.016756 0.0117579
internal_weight=1128.61 1080.42 1067.99 709.257 358.728 283.036 181.216 162.925 90.9434 53.3301 31.6883 48.1902 74.4674 21.6418
internal_count=2250411 2198039 1027001 730630 296371 282648 192044 191698 28621 21581 13478 52372 183224 8103
is_linear=0
shrinkage=0.05


Tree=137
num_leaves=15
num_cat=0
split_feature=27 30 18 31 7 22 30 31 4 30 17 33 17 2
split_gain=15.1406 8.71221 7.43782 8.03067 6.44224 8.1784 6.34258 8.45898 6.22742 5.8524 5.44757 5.33451 5.02164 7.29562
threshold=2.9892170429229741 -0.89181634783744801 0.45654369890689855 1.0000000180025095e-35 46.804056167602546 0.56555882096290599 -1.0459934473037718 1.519670367240906 0.04087528586387635 -0.50537174940109242 4.9522936344146737 105.50000000000001 5.4402484893798837 0.85339936614036571
decision_type=10 8 10 10 10 8 8 10 8 8 10 10 8 8
left_child=4 12 -3 -4 5 11 8 9 -7 -8 -11 -1 -2 -14
right_child=1 2 3 -5 -6 6 7 -9 -10 10 -12 -13 13 -15
leaf_value=-0.013853278633986678 0.045490608527746994 0.01105891759381105 0.0004558521606513694 -0.085274068233987463 0.015631891828727696 0.0057446599489072983 0.0057446599489072983 -0.013853278633986678 -0.013853278633986678 -0.013853278633986678 -0.0013687800683134549 -0.045229482672832527 -0.082990944035811046 0.02482979224992617
leaf_weight=27.105251047516788 27.680859815371633 105.48575372965053 7.4884995983986169 4.3003478135008777 43.137654423998697 183.88625469565682 86.22018008178884 178.20916068036911 18.370001975332343 97.198876129097357 301.16158727580614 19.015683040159729 1.9319657206831644 8.3487908375250282
leaf_count=298591 12491 71042 42816 23626 76924 62105 25582 71690 28118 51115 113819 1363519 8033 558
internal_value=-0.000892987 0.0135886 0.00684943 -0.0308168 -0.0032487 -0.00414257 -0.00304878 -0.00541386 0.00470155 -0.00197651 -0.0047075 -0.0246578 0.034408 0.00456806
internal_weight=1109.54 155.236 117.275 11.7888 954.305 911.167 865.046 662.79 202.256 484.581 398.36 46.1209 37.9616 10.2808
internal_count=2250029 158566 137484 66442 2091463 2014539 352429 262206 90223 190516 164934 1662110 21082 8591
is_linear=0
shrinkage=0.05


Tree=138
num_leaves=15
num_cat=0
split_feature=28 32 8 14 16 26 9 4 12 23 16 30 31 28
split_gain=9.0042 6.11119 6.38248 7.66029 9.5449 10.8425 7.62741 6.55867 5.72403 5.223 6.46575 5.18102 13.3085 5.85394
threshold=3.5000000000000004 5.4183177947998056 7.5000000000000009 1.0000000180025095e-35 3.0677825212478642 0.060661764815449722 0.7892451584339143 0.027719676494598392 0.19543650746345523 4.5000000000000009 4.5379471778869638 -0.90634799003601063 3.5174729824066167 2.5000000000000004
decision_type=10 10 8 10 10 10 10 8 10 10 10 10 8 8
left_child=1 2 3 4 5 -1 8 9 11 10 -6 13 -13 -4
right_child=-2 -3 6 -5 7 -7 -8 -9 -10 -11 -12 12 -14 -15
leaf_value=0.0020169650501977872 0.021487633796024717 -0.042489335523259515 0.00091043538966768247 0.046011589553755547 -0.04001208481452747 0.072737664965699431 -0.081015849326945485 0.0145379187103726 0.036979189699922928 -0.091405519630497922 0.036116260926419258 -0.0032926109800871734 -0.1033670956025504 0.018706781402518257
leaf_weight=13.512121583546561 49.290697476807964 8.5432769934798198 278.42706399896474 15.23864554164234 10.520390630166281 9.0494228832999379 2.9729170035394636 12.830493043349973 9.9215520150403318 3.1007730368993398 3.7953070160783673 640.56497919174956 3.3395007521339712 55.404164701590503
leaf_count=1566 3931 771425 343885 2152 245 265 1139 3696 6181 1985 95 1099032 114 14200
internal_value=0.000594396 -0.00037058 -3.06918e-05 0.014782 0.00577024 0.030383 -0.00104819 -0.0125887 -0.000807478 -0.0325725 -0.0198293 -0.00119092 -0.00381163 0.003864
internal_weight=1116.51 1067.22 1058.68 68.0472 52.8085 22.5615 990.63 30.247 987.657 17.4165 14.3157 977.736 643.904 333.831
internal_count=2249911 2245980 1474555 10004 7852 1831 1464551 6021 1463412 2325 340 1457231 1099146 358085
is_linear=0
shrinkage=0.05


Tree=139
num_leaves=15
num_cat=0
split_feature=26 16 7 2 16 2 22 10 31 9 30 9 18 30
split_gain=11.9112 10.944 9.36698 8.76789 8.453 8.5651 7.4902 7.11167 73.9947 6.77715 6.42796 6.25856 5.99848 6.78202
threshold=0.18465909361839297 2.5249279737472539 19.89045333862305 1.8220039606094363 6.310826539993287 0.99082106351852428 0.51152047514915477 0.0098058069124817866 -0.68914487957954396 0.22415836155414584 0.31879138946533209 0.13351695239543918 0.17584312707185748 -1.0950336456298826
decision_type=10 8 10 8 10 8 8 8 10 8 10 10 8 8
left_child=3 7 10 4 6 -6 -1 8 -2 11 -3 -5 -4 -14
right_child=1 2 12 9 5 -7 -8 -9 -10 -11 -12 -13 13 -15
leaf_value=-0.03583556183274033 5.8946927114677408 0.002686092036216484 0.044716824358506629 0.043911321769727736 0.09284176961318058 -0.08670032401615578 -0.0047682539391230606 0.043652029240626486 0.16313721746290918 0.0065433339732669559 -0.039420552511222173 -0.078758133747585682 0.069200987981325998 0.011558719013265191
leaf_weight=19.987162524164276 0.0058683054704999895 78.916006707249338 21.824108275819697 1.3750702545943045 3.8553444211936485 0.80253711058116994 661.63513806582489 21.01980335975307 0.1393276637222155 265.94516595261337 10.239931030516713 4.264295029889638 5.1551134432157824 20.903142918142255
leaf_count=1399626 145 107620 4640 2299 11787 1153 568695 7064 750 59490 60134 4544 1401 20405
internal_value=-0.000111983 0.0125981 0.00742988 -0.00221121 -0.00522052 0.0619073 -0.00567924 0.0460609 0.394786 0.00539317 -0.00215003 -0.0488471 0.0252675 0.0115587
internal_weight=1116.07 158.203 137.038 957.865 686.28 4.65788 681.622 21.165 0.145196 271.585 89.1559 5.63937 47.8824 26.0583
internal_count=2249753 202159 194200 2047594 1981261 12940 1968321 7959 895 66333 167754 6843 26446 21806
is_linear=0
shrinkage=0.05


Tree=140
num_leaves=15
num_cat=0
split_feature=27 22 14 15 3 22 12 18 18 31 33 29 12 0
split_gain=12.4219 9.68972 6.63625 6.54896 7.08533 8.28152 7.16859 7.1643 6.79766 10.7974 8.07895 8.75125 8.40506 8.30479
threshold=2.9892170429229741 0.49568778276443487 1.0000000180025095e-35 1.0000000180025095e-35 0.027705729007720951 0.67294281721115123 0.098315384238958373 0.40992389619350439 0.14294919371604922 0.35620141029357916 43.500000000000007 2.0846210718154912 0.073801744729280486 0.54786023497581493
decision_type=10 10 10 8 10 8 10 10 10 10 10 10 10 10
left_child=3 -2 -3 -1 5 7 8 -5 -6 -10 11 -11 -13 -12
right_child=1 2 -4 4 6 -7 -8 -9 9 10 13 12 -14 -15
leaf_value=-0.01431892186832822 -0.038872021653355994 0.02347763171771252 -0.00055724910615425596 -0.0074962700461160383 0.0013704585080095298 0.010288148896193935 0.022189783668852575 -0.079037905977322298 -0.026708930970486346 -0.066492038050849259 -0.019661357579398894 -0.0052041036134678753 -0.083784042588995369 0.032445030688163998
leaf_weight=94.15910346203674 8.2954993698210711 102.16788480799448 39.949525880622559 36.400322725144008 266.49248617498074 219.95961499370586 26.238344804586177 3.8716259444686605 70.561621903104765 6.270297349133215 10.843880543234091 201.96367532495833 3.4612849650694661 25.937906577345814
leaf_count=313049 124744 15166 18330 32278 476163 4853 52366 18088 754383 12312 279861 30106 490 116674
internal_value=0.000289264 0.0136553 0.0167214 -0.00179158 -0.000438869 0.00647156 -0.0033784 -0.0143741 -0.00452414 -0.00944788 -0.00454615 -0.00830423 -0.00652813 0.0170832
internal_weight=1116.57 150.413 142.117 966.16 872.001 260.232 611.769 40.2719 585.531 319.039 248.477 211.695 205.425 36.7818
internal_count=2248863 158240 33496 2090623 1777574 55219 1722355 50366 1669989 1193826 439443 42908 30596 396535
is_linear=0
shrinkage=0.05


Tree=141
num_leaves=15
num_cat=0
split_feature=27 15 17 14 29 22 24 3 2 14 16 2 0 18
split_gain=12.1217 6.75031 5.96605 6.12894 7.18833 9.01917 11.0249 9.6723 7.92222 5.59665 5.40019 7.77827 6.2121 5.4718
threshold=2.9892170429229741 1.0000000180025095e-35 6.5446307659149179 1.0000000180025095e-35 1.8858077526092532 0.64971026778221141 1.3687688708305361 0.16417610645294192 0.040089534595608718 1.0000000180025095e-35 6.3035306930542001 0.99082106351852428 0.58837208151817333 0.32146584987640386
decision_type=10 8 8 10 8 8 8 8 10 10 10 8 8 8
left_child=1 2 3 -1 5 -5 7 8 -7 -2 12 -12 13 -3
right_child=9 10 -4 4 -6 6 -8 -9 -10 -11 11 -13 -14 -15
leaf_value=-0.02848386581738882 0.019295892723111979 -0.0073997834141887433 -0.084515674849411429 -0.011482710206019041 -0.0098217027772943607 0.59888342163116859 0.048327419378056222 0.039779169174948781 0.23100066343060557 -0.0022842651748346656 0.090950794590129058 -0.055017868099711945 0.00026600304497006208 -0.037744031511456944
leaf_weight=36.276973385868303 107.00843507656461 52.637478584347875 2.9762755463414114 4.2676155430379481 45.721289657292118 0.20311531642800951 3.3552615711636236 0.2312877777740141 0.5235560204309877 41.772248148044042 3.4774368556120399 1.2374034849223106 790.59338988216075 19.457672351642799
leaf_count=182371 85290 578390 16579 97195 12639 28 3671 713 315 73493 8848 1370 585087 604085
internal_value=-4.36936e-05 -0.00209987 -0.01486 -0.0125713 -0.00194071 0.0400516 0.091041 0.240646 0.333829 0.013237 -0.000723606 0.0526415 -0.00101526 -0.0150656
internal_weight=1109.74 960.959 93.5554 90.5791 54.3021 8.58084 4.31322 0.957959 0.726671 148.781 867.403 4.71484 862.689 72.0952
internal_count=2250074 2091291 313511 296932 114561 101922 4727 1056 343 158783 1777780 10218 1767562 1182475
is_linear=0
shrinkage=0.05


Tree=142
num_leaves=15
num_cat=0
split_feature=10 18 8 16 30 2 18 30 4 11 4 26 24 29
split_gain=9.70268 6.69135 5.50558 6.938 5.81376 6.21319 7.61093 8.02557 6.22813 7.54298 6.13782 7.29178 6.2375 11.3481
threshold=0.010989159345626833 0.018532829359173778 150.50000000000003 6.5419692993164071 -1.188952565193176 1.8220039606094363 0.3144765198230744 -0.48411020636558527 0.039184510707855232 0.6904762089252473 0.026768505573272709 0.28174604475498205 1.5480935573577883 2.3808401823043828
decision_type=10 8 10 10 8 8 10 10 10 8 10 8 10 10
left_child=2 -2 4 -4 10 -6 7 -7 9 -8 12 -12 -1 -14
right_child=1 -3 3 -5 5 6 8 -9 -10 -11 11 -13 13 -15
leaf_value=0.034699660763266159 0.082540965064391569 0.0080331915722333686 -0.073299408334146055 0.31512444059222733 -0.0065874064443851819 0.031588051052985483 -0.049253864422618081 0.0031445931381402469 0.033720759770410169 -0.0046575350351114033 -0.03520905310940229 0.020415588485874603 -0.016998409674563519 0.017243851109296313
leaf_weight=23.104215988055444 3.0491338522145801 256.80786554651968 3.7726338695397028 0.11857768959171711 517.57952229191881 34.095419766351284 13.972572993682915 90.965453285289954 6.4329902691630982 29.500400369131086 16.685519775627345 9.1075732642467226 35.822196982084279 74.549433561564911
leaf_count=86137 852 185328 166195 892 1641425 6609 12696 22796 1448 9060 82938 26035 5730 1899
internal_value=0.000445637 0.00890746 -0.00212401 -0.0614629 -0.00185294 -0.00383386 0.00431156 0.0108991 -0.0121965 -0.0189912 0.00676066 -0.0155679 0.0110755 0.00613019
internal_weight=1115.56 259.857 855.707 3.89121 851.815 692.546 174.967 125.061 49.906 43.473 159.269 25.7931 133.476 110.372
internal_count=2250040 186180 2063860 167087 1896773 1694034 52609 29405 23204 21756 202739 108973 93766 7629
is_linear=0
shrinkage=0.05


Tree=143
num_leaves=15
num_cat=0
split_feature=27 31 16 30 15 31 31 17 30 12 16 30 18 22
split_gain=12.9149 8.01895 6.84448 8.36565 6.73749 6.63703 6.95769 6.21929 5.76685 5.73939 6.62182 5.75956 6.6512 7.86502
threshold=2.9892170429229741 -1.8982323408126829 2.8617925643920903 0.70592668652534496 1.0000000180025095e-35 -2.3832328319549556 -2.9265043735504146 6.4990344047546396 -0.89181634783744801 0.19543650746345523 6.310826539993287 -2.2323697805404659 0.16305252164602282 0.60077372193336498
decision_type=10 8 10 10 8 10 10 8 8 10 10 8 10 8
left_child=1 2 5 -4 7 6 -1 -3 -2 10 11 -6 -13 -14
right_child=8 4 3 -5 9 -7 -8 -9 -10 -11 -12 12 13 -15
leaf_value=-0.05068903151248072 0.030467807963260179 -0.012116972796727736 -0.060762739264674473 -0.0093033080878370585 0.029465883945406536 -0.062580526366683611 0.060502947880809767 -0.076933379984982231 0.0075133246137984973 0.036036598934924002 0.059609180166528435 0.0028216865853266334 -0.033160234517474907 -0.0044954161775278513
leaf_weight=1.8484361301329668 35.992707809188573 83.358292346194958 16.178668389304281 15.430485547168429 15.030072601501471 2.3134597631356808 5.8895157003989027 3.8728773814778767 114.10341268790307 10.678335255567275 4.5023411765713481 394.83439126334389 25.570855458573241 372.90740553547187
leaf_count=16030 21134 248840 12920 289310 15169 15538 13017 16260 137464 9002 7413 472825 860585 114033
internal_value=-0.000614042 -0.00276235 -0.0242137 -0.035642 -0.0017811 0.0117257 0.0339415 -0.0149947 0.0130178 -0.000381464 -0.000859888 -0.00119669 -0.00177762 -0.00633487
internal_weight=1102.51 952.415 41.6606 31.6092 910.755 10.0514 7.73795 87.2312 150.096 823.523 812.845 808.343 793.313 398.478
internal_count=2249540 2090942 346815 302230 1744127 44585 29047 265100 158598 1479027 1470025 1462612 1447443 974618
is_linear=0
shrinkage=0.05


Tree=144
num_leaves=15
num_cat=0
split_feature=33 8 16 18 22 24 22 10 30 31 26 0 31 30
split_gain=10.9438 7.55817 7.71925 6.35839 6.76245 6.75551 7.77792 7.05667 5.36213 8.67002 7.16532 8.40359 6.96738 10.0118
threshold=221.50000000000003 26.500000000000004 6.3035306930542001 0.27829030156135565 0.67294281721115123 1.2129694223403933 0.65644097328186046 0.031269090250134475 -1.3518370389938352 4.4016520977020273 0.46410256624221807 0.59259349107742321 1.519670367240906 -0.2864158153533935
decision_type=10 8 10 10 8 8 10 8 8 8 8 10 10 8
left_child=1 3 8 5 -5 -1 7 -7 9 10 -3 -12 13 -10
right_child=-2 2 -4 4 -6 6 -8 -9 12 -11 11 -13 -14 -15
leaf_value=0.068114105118957102 -0.039146790219112042 0.0078275441277575516 0.055011292571507601 -0.056162658444136065 0.0030919412912188203 0.0050494679129407978 0.023319151797704926 -0.049514002051704621 0.0089520757795945576 -0.0034753067803231842 -0.021991293407819624 0.060734112307835368 -0.0096823521079648645 -0.0050924618640542131
leaf_weight=6.4760549534879317 18.003841569516908 29.024217495811882 6.0190794619766157 5.4392096764380824 41.9600560214285 10.755513170014185 64.785756309466251 8.0319840148040367 200.25798407315975 67.828303458859125 3.7287907553661084 17.373745660342138 276.89050685588688 346.37104186103454
leaf_count=7169 1216792 21078 6292 13588 2040 2775 2179 280 144375 9877 6083 483 183664 633288
internal_value=-0.000483613 0.000157975 -0.00143151 0.011115 -0.0037077 0.0189172 0.015105 -0.0132202 -0.00179236 0.00817805 0.0239466 0.0461166 -0.00322046 5.27658e-05
internal_weight=1102.95 1084.94 947.494 137.449 47.3993 90.0493 83.5733 18.7875 941.475 117.955 50.1268 21.1025 823.52 546.629
internal_count=2249963 1033171 1005140 28031 15628 12403 5234 3055 998848 37521 27644 6566 961327 777663
is_linear=0
shrinkage=0.05


Tree=145
num_leaves=15
num_cat=0
split_feature=27 2 22 18 16 2 16 8 32 3 2 26 2 8
split_gain=11.769 6.54518 6.90101 6.56033 5.80983 6.99626 5.65357 5.74275 5.61089 5.2169 12.2378 39.5068 5.91542 8.12217
threshold=2.6893538236618046 1.8220039606094363 0.66414529085159313 0.49062463641166693 6.3035306930542001 0.99082106351852428 4.1510088443756112 164.50000000000003 1.2424533367156985 0.1917570233345032 -1.1420028209686277 0.19523809850215915 1.5958924293518069 5.5000000000000009
decision_type=10 10 8 10 10 8 8 10 8 10 8 10 10 8
left_child=1 4 3 -3 9 -6 7 8 -2 10 11 -1 13 -12
right_child=6 2 -4 -5 5 -7 -8 -9 -10 -11 12 -13 -14 -15
leaf_value=-0.050933848456917299 0.027199484954586663 -0.012064831409691839 0.007993468136592392 -0.10591952233348174 0.067398377191615774 -0.069528095274606225 -0.0051009494353589932 -0.059501165576104444 0.0036729178282866558 -0.028238439290584956 0.037114750523791318 3.4778008901501667 -0.016254176843416741 -0.0036673350551983245
leaf_weight=0.030980650908418284 75.430744556263377 24.323864599263349 197.9385141062312 2.0162222715845806 5.1816588262672374 1.1377246423551524 35.548755245884635 2.3603661359350658 38.165361152530551 24.17363483913789 12.469554205880341 0.010661449318831728 94.905544113999099 583.87001350217906
leaf_count=531 2183 6420 5486 2407 12339 1576 108001 2519 64722 1093506 5448 20 15587 929845
internal_value=-0.000594749 -0.0026667 0.00479401 -0.019249 -0.00498497 0.0427465 0.0123433 0.0176912 0.0192952 -0.00540656 -0.00460815 0.852513 -0.00465979 -0.00281458
internal_weight=1097.56 946.058 224.279 26.3401 721.78 6.31938 151.505 115.956 113.596 715.46 691.287 0.0416421 691.245 596.34
internal_count=2250590 2073165 14313 8827 2058852 13915 177425 69424 66905 2044937 951431 551 950880 935293
is_linear=0
shrinkage=0.05


Tree=146
num_leaves=15
num_cat=0
split_feature=16 13 28 24 16 32 3 33 31 23 4 1 3 30
split_gain=9.7585 8.45928 8.0085 7.13115 6.20107 6.33155 5.83315 8.81684 5.14521 10.7636 11.9456 10.4025 7.8993 13.0979
threshold=2.6020033359527592 0.16064515709877017 3.5000000000000004 1.9989223480224612 6.3035306930542001 5.1845848560333261 0.1917570233345032 43.500000000000007 -1.8982323408126829 11.500000000000002 0.0039499104022979745 27.500000000000004 0.027705729007720951 -0.16339918226003644
decision_type=8 8 10 8 10 10 10 10 8 10 10 8 8 8
left_child=1 3 4 -1 5 8 7 -3 9 11 -11 -2 -10 -14
right_child=2 6 -4 -5 -6 -7 -8 -9 12 10 -12 -13 13 -15
leaf_value=-0.084641178415339399 -0.07827500374066107 0.012449950160151463 0.020568141518472791 0.020815542484425062 0.0441459267977087 -0.046493288694125036 -0.06183492648081669 0.05197329158695399 0.0065362102038650869 -0.076074767608203836 0.0083059510482721543 0.065277288140666828 -0.001057333265464403 -0.019667851644843439
leaf_weight=3.9188225055460322 10.146631634741762 97.941294061921937 39.467721048822568 2.7127751969193241 7.0936791156708514 8.2107151965238909 2.3261092162340296 16.485750940601363 224.63295997726615 4.9360103352665012 27.913689077517816 1.4412569358783009 536.36260779053589 114.772594335745
leaf_count=10983 1937 16238 3534 391 18376 828661 100114 57392 5158 41402 256245 7335 520733 381716
internal_value=0.000182376 0.0134305 -0.00149419 -0.0415022 -0.00242497 -0.0027808 0.0165507 0.0181442 -0.00239077 -0.0189885 -0.00437313 -0.0604205 -0.00154858 -0.00433772
internal_weight=1098.36 123.385 974.978 6.6316 935.51 928.416 116.753 114.427 920.206 44.4376 32.8497 11.5879 875.768 651.135
internal_count=2250215 185118 2065097 11374 2061563 2043187 173744 73630 1214526 306919 297647 9272 907607 902449
is_linear=0
shrinkage=0.05


Tree=147
num_leaves=15
num_cat=0
split_feature=27 13 22 32 18 4 4 24 16 22 7 1 29 7
split_gain=9.26795 6.00136 5.96874 6.83921 7.76421 9.45762 6.37183 5.34653 6.55136 5.12636 4.60383 4.20181 4.18179 4.15561
threshold=2.6893538236618046 0.001508420624304563 0.75462436676025402 1.0000000180025095e-35 0.3776515424251557 0.0082857012748718279 0.0039499104022979745 1.1151043772697451 2.4414010047912602 0.7193230688571931 46.003782272338874 265.50000000000006 3.1427326202392583 57.556982040405281
decision_type=10 10 8 8 10 10 8 10 8 10 10 10 10 10
left_child=2 7 3 4 5 6 -1 -2 -9 -6 -4 -5 -8 -3
right_child=1 13 10 11 9 -7 12 8 -10 -11 -12 -13 -14 -15
leaf_value=-0.015807667752579222 -0.028078684884038536 0.021073777149996854 0.0011921388406166899 -0.0028826968697958457 -0.07993891476492046 -0.0015974528271987436 -0.13135966988121461 0.042389250529197398 0.0062897042960008854 -0.024083597604255356 0.026247407470910041 -0.052028349553456754 -0.051571441671749312 0.074672787779163627
leaf_weight=12.962471701225342 9.7516745272607448 10.143180090558898 364.79757599511743 471.1306367785707 7.5438967848006095 44.206490591932834 2.1474225092924808 14.16137681847931 111.7044255082676 9.0190840685972944 19.304363395434279 4.3896957711119162 6.9799552440163097 5.6198947241784927
leaf_count=305 148903 11973 65009 1965964 421 800 106 965 14829 95 2340 37492 155 597
internal_value=-0.000501634 0.0109821 -0.00234614 -0.00564628 -0.0189026 -0.0112524 -0.0383415 0.00758799 0.0103513 -0.0495239 0.00245138 -0.00333638 -0.0703434 0.040183
internal_weight=1093.86 151.381 942.482 558.38 82.8593 66.2963 22.0898 135.617 125.866 16.563 384.102 475.52 9.12738 15.7631
internal_count=2249954 177267 2072687 2005338 1882 1366 566 164697 15794 516 67349 2003456 261 12570
is_linear=0
shrinkage=0.05


Tree=148
num_leaves=15
num_cat=0
split_feature=7 22 18 29 3 23 22 8 8 3 0 2 30 0
split_gain=7.01095 6.92797 5.27431 6.61535 6.80066 5.93565 5.53919 4.78649 4.6965 3.79871 3.71224 6.78688 3.65023 4.89139
threshold=56.094846725463874 0.44908341765403753 0.21743170917034152 3.4348374605178837 0.083792626857757582 28.500000000000004 0.66414529085159313 1.5000000000000002 40.500000000000007 0.20121613144874576 0.70110279321670543 1.4776240587234499 -2.2323697805404659 0.68972954154014599
decision_type=10 8 8 8 8 10 8 10 10 10 10 10 8 10
left_child=1 -1 3 4 5 10 -5 -2 9 -6 -3 -12 -4 -14
right_child=7 2 12 6 8 -7 -8 -9 -10 -11 11 -13 13 -15
leaf_value=-0.038746803533920349 0.038995351143421772 -0.019551021892844102 0.0088203295230768891 -0.014525092574429724 0.0077768866134596704 0.0088203295230768891 0.0088203295230768891 0.0088203295230768891 -0.019551021892844102 -0.019551021892844102 0.0088203295230768891 -0.012033658686972636 -0.01070416088101802 -5.4266737004920632e-05
leaf_weight=11.886316940796425 18.183387014904923 69.693892210427833 8.746256692721003 25.428505904576127 177.88544115002742 29.409892250131492 219.04320497587651 31.493892690159015 5.8014294170162364 7.1686890244603481 38.782838612125488 18.917222925703754 216.49427170087762 214.7752848356136
leaf_count=1209978 2657 5497 8074 15398 222234 27514 4655 53047 29144 122117 1263 1066 524563 22680
internal_value=8.09023e-05 -0.000792328 -0.00035524 0.00272587 -0.00170732 -0.00942244 0.00882033 0.018433 0.0046313 0.00626691 -0.0141168 -0.0045163 -0.0045015 -0.00540044
internal_weight=1093.71 1044.03 1032.15 592.131 347.659 156.804 244.472 49.6773 190.856 185.054 127.394 57.7001 440.016 431.27
internal_count=2249887 2194183 984205 428888 408835 35340 20053 55704 373495 344351 7826 2329 555317 547243
is_linear=0
shrinkage=0.05


Tree=149
num_leaves=15
num_cat=0
split_feature=9 16 32 3 1 4 30 30 12 3 23 16 3 29
split_gain=8.01313 6.07131 8.29531 5.81581 6.43696 6.02454 6.29878 6.56835 5.5522 5.51025 5.16586 8.12096 4.6651 8.68131
threshold=0.99919417500495922 3.4175922870635991 3.4498615264892583 0.15849518775939944 1.5000000000000002 0.0099922120571136492 -0.95078188180923451 -0.96492156386375416 0.07619738951325418 0.1917570233345032 35.500000000000007 6.3198683261871347 0.10397109389305116 2.1270071268081669
decision_type=10 8 8 8 10 10 10 10 8 10 8 10 8 8
left_child=1 2 9 4 -4 6 7 -5 -6 -1 -3 12 13 -12
right_child=-2 10 3 5 8 -7 -8 -9 -10 -11 11 -13 -14 -15
leaf_value=0.0015686269460739495 0.025160533075976144 -0.0021765998321232826 0.056679233284696477 0.05317315562567522 -0.062815399817788359 -0.047205482071761097 -0.054638946079781703 0.50105186749705699 0.021936521738994574 -0.077111544127290085 0.026192195329438034 0.06249600339377312 -0.034215776107482769 -0.025014302825885876
leaf_weight=326.92205722164181 30.564102553769771 595.67842998074912 14.405027571202075 3.5584880461329225 2.0537457711687495 5.7181349524005824 1.6355637804792715 0.083788156066802233 32.716527365232182 2.2405089534199183 12.38192283865787 3.1213959793438866 31.26761758597533 24.966776567070497
leaf_count=58317 4419 97055 25973 23971 12679 331440 58096 458 105444 16407 129065 15546 1347919 23473
internal_value=-7.85709e-05 -0.000808555 0.00415351 0.0212236 0.0285742 -0.0116492 0.0268733 0.0634763 0.0169306 0.00103308 -0.00370315 -0.0163789 -0.019967 -0.00803821
internal_weight=1087.31 1056.75 389.334 60.1713 49.1753 10.996 5.27784 3.64228 34.7703 329.163 667.416 71.7377 68.6163 37.3487
internal_count=2250262 2245843 632785 558061 144096 413965 82525 24429 118123 74724 1613058 1516003 1500457 152538
is_linear=0
shrinkage=0.05


Tree=150
num_leaves=15
num_cat=0
split_feature=9 32 16 22 26 16 1 14 26 26 30 18 8 32
split_gain=6.88616 6.19901 5.12727 5.02364 4.77528 4.96083 3.86493 5.80652 6.99014 6.10485 6.01195 7.27569 6.91188 6.7024
threshold=0.99919417500495922 5.1733169555664071 6.310826539993287 0.65644097328186046 0.29289215803146368 2.1383330821990971 2.5000000000000004 1.0000000180025095e-35 0.054093567654490478 0.22474747896194461 -1.3013975024223325 0.70974066853523265 11.500000000000002 2.9700856208801274
decision_type=10 10 10 10 10 8 8 10 8 10 10 8 10 10
left_child=1 2 4 -2 6 -6 -1 8 10 -9 11 12 -8 -12
right_child=3 -3 -4 -5 5 -7 7 9 -10 -11 13 -13 -14 -15
leaf_value=0.0043104258212550983 -0.013630659537150314 -0.04215851926920177 0.045383521763535349 0.035290293924361789 0.052038997911491983 0.0063017526425543577 -0.0096264930092019533 -0.00064216422136502036 -0.0021300921987546253 -0.066324227221379803 -0.03608541921180055 -0.087679260471760251 0.045592788166866662 0.00055868944376541517
leaf_weight=179.67115043462979 6.9074260193592663 9.1876563432967924 5.9476476228119273 21.839769920727122 6.3262034567413243 94.336887034662197 21.698634192514227 537.74072640671386 112.8917192533202 3.5611312222850975 56.626491575193228 2.2930964005188192 7.6702516707813677 16.005550618847678
leaf_count=6749 3067 910851 7790 1306 1461 57144 53361 534572 230311 8574 41162 9363 10681 372920
internal_value=-0.000608969 -0.00126752 -0.000907927 0.0235355 -0.00117296 0.00917612 -0.00228341 -0.00384536 -0.0107519 -0.00107428 -0.0200844 -0.0019023 0.00479509 -0.0280103
internal_weight=1082.7 1053.96 1044.77 28.7472 1038.82 100.663 938.159 758.488 217.186 541.302 104.294 31.662 29.3689 72.632
internal_count=2249312 2244939 1334088 4373 1326298 58605 1267693 1260944 717798 543146 487487 73405 64042 414082
is_linear=0
shrinkage=0.05


Tree=151
num_leaves=15
num_cat=0
split_feature=27 16 15 3 22 8 23 0 2 29 30 4 30 4
split_gain=8.61155 6.75225 5.76693 5.88988 5.52414 5.31992 5.23941 5.00397 10.8803 5.20607 5.31946 4.77157 4.48594 4.99592
threshold=3.1059412956237797 2.2499048709869389 1.0000000180025095e-35 0.027705729007720951 0.59037905931472789 1.5000000000000002 43.500000000000007 0.59696981310844432 0.32227623462677008 2.0846210718154912 -1.7602115273475645 0.023597419261932377 -1.3776915073394773 0.0046094357967376718
decision_type=10 8 8 10 10 8 8 8 10 8 8 10 8 10
left_child=7 4 -3 6 -2 -5 -4 8 -1 -10 -11 -12 13 -9
right_child=1 2 3 5 -6 -7 -8 12 9 10 11 -13 -14 -15
leaf_value=-0.0058314881310802986 -0.063183689329449691 0.033876445215123195 0.020120916328773261 0.047976745878690046 0.059458703644652867 -0.011382798714113639 -0.044176527828833544 -0.0058314881310802986 -0.00846425659529698 -0.0058314881310802986 -0.079537224366514975 -0.023985954755100125 -0.0010885736533948051 0.021516079207664327
leaf_weight=70.908509562746076 1.0066051520417278 19.253594196511415 50.252933003486973 4.0687835490277839 10.451082737883551 52.193726123382433 3.3815629414435753 15.302725347835645 11.929447775810315 5.390350882593566 12.337853904658521 5.6292780903856388 784.3866856506653 45.568542265287761
leaf_count=1038149 2057 16673 1860 263 303 128041 3996 4055 396969 375 11979 27255 616757 1574
internal_value=0.00034774 0.0118976 0.00863402 0.00421163 0.0486841 -0.00709004 0.0160671 -0.00135912 -0.0115891 -0.0353376 -0.0490626 -0.0621325 -7.38604e-05 0.0130017
internal_weight=1092.06 140.608 129.151 109.897 11.4577 56.2625 53.6345 951.453 106.195 35.2869 23.3575 17.9671 845.258 60.8713
internal_count=2250306 153193 150833 134160 2360 128304 5856 2097113 1474727 436578 39609 39234 622386 5629
is_linear=0
shrinkage=0.05


Tree=152
num_leaves=15
num_cat=0
split_feature=9 26 30 17 22 18 30 0 2 3 30 29 33 12
split_gain=8.68691 9.47091 9.63241 5.20544 5.61393 4.9967 7.2221 8.30192 9.12773 7.16605 6.64602 6.62744 9.01147 10.8727
threshold=0.99919417500495922 0.41421568393707281 0.36080984771251684 5.8449916839599618 0.68421930074691784 0.21488787233829501 -2.2323697805404659 0.59868362545967113 -0.013111188542097805 0.16227272152900699 -1.4650781154632566 3.4348374605178837 20.500000000000004 0.060915276408195503
decision_type=10 10 10 10 10 8 8 10 8 10 8 8 10 8
left_child=1 5 -3 4 -2 11 -7 -8 9 -9 -10 12 -1 -14
right_child=3 2 -4 -5 -6 6 7 8 10 -11 -12 -13 13 -15
leaf_value=-0.0096636748545125498 -0.024440411583161931 0.020638528159940415 -0.045699638217691796 0.072018324594057145 0.03041379881448468 0.036668440877493033 -0.026707950377798509 0.45666406315910751 0.021978048122243313 -0.015896055090593348 -0.0070019945184632533 0.0071271425847676071 -0.045144300933142915 0.012718822876955095
leaf_weight=226.09070468983981 6.2404320196828911 71.284304601612888 5.9269997234690939 5.105384253804913 18.467608880004263 9.3611852281891483 50.617884118358404 0.19043407736928941 21.008563769137254 0.10545093336790501 339.27550413175948 223.39574686574008 8.8492496667579044 98.302717772394175
leaf_count=29995 2518 50305 24563 751 1154 9533 1006101 266 561 981 316756 35562 104423 666834
internal_value=-0.000559483 -0.00131205 0.0155462 0.0260565 0.0165594 -0.00264407 -0.0067574 -0.00774602 -0.00508416 0.272511 -0.00531214 0.000463691 -0.00400329 0.00794014
internal_weight=1084.22 1054.41 77.2113 29.8134 24.708 977.197 420.559 411.198 360.58 0.295885 360.284 556.638 333.243 107.152
internal_count=2250303 2245880 74868 4423 3672 2171012 1334198 1324665 318564 1247 317317 836814 801252 771257
is_linear=0
shrinkage=0.05


Tree=153
num_leaves=15
num_cat=0
split_feature=27 15 18 7 30 31 18 31 30 9 17 33 33 22
split_gain=8.48084 6.51371 7.01904 5.8118 5.11074 5.42024 5.36528 9.26904 14.9339 6.53905 6.22889 5.214 7.12728 8.97794
threshold=3.1059412956237797 1.0000000180025095e-35 0.49719092249870306 46.003782272338874 -0.72227743268012989 3.5174729824066167 0.25452208518981939 3.2919197082519536 -1.1505203843116758 0.25169883668422705 4.7140145301818857 193.50000000000003 20.500000000000004 0.7193230688571931
decision_type=10 8 10 10 10 8 10 8 10 8 10 10 8 10
left_child=3 -2 -3 4 6 11 9 -8 10 -1 -9 12 13 -6
right_child=1 2 -4 -5 5 -7 7 8 -10 -11 -12 -13 -14 -15
leaf_value=-0.060766737779409975 0.035352534549980268 0.0099170084732492364 -0.034069969721124603 0.016174860248480166 -0.016345631013209738 -0.1139046768871908 0.0060716202096442878 -0.051295625106753499 -0.1156795046435396 0.0059336553435335648 -0.0071357030209799419 -0.047084525806477123 0.0064762862963493126 -0.0017954314380202374
leaf_weight=3.7261778433899329 22.800491633945441 103.65223119094355 9.9388156035470967 40.36133994881709 185.41306589700491 1.172295563428462 59.128212882754191 9.7647044480858778 3.9705433050119074 264.91749014587572 43.821901496353988 7.7050426117332895 66.16081982322919 247.58530229140615
leaf_count=23466 17063 74970 61125 80231 55413 14 169453 22366 989 247101 46702 860834 584616 5938
internal_value=-0.000682618 0.0109637 0.0060683 -0.00238383 -0.00322229 -0.00651585 0.0011201 -0.00783211 -0.0221154 0.0050085 -0.0151827 -0.00626748 -0.00563742 -0.00802593
internal_weight=1070.12 136.392 113.591 933.727 893.366 508.037 385.329 116.685 57.5571 268.644 53.5866 506.864 499.159 432.998
internal_count=2250281 153158 136095 2097123 2016892 1506815 510077 239510 70057 270567 69068 1506801 645967 61351
is_linear=0
shrinkage=0.05


Tree=154
num_leaves=15
num_cat=0
split_feature=9 8 18 26 1 15 30 26 32 30 10 0 30 16
split_gain=5.90225 6.87869 6.9924 7.84098 6.21803 7.00322 7.35895 7.96179 6.50972 9.08834 7.08052 6.6298 6.48469 6.20334
threshold=0.22415836155414584 184.50000000000003 0.29092867672443395 0.18465909361839297 2.5000000000000004 1.0000000180025095e-35 -0.036691468209028237 0.96153846383094799 1.0000000180025095e-35 -0.71000230312347401 0.026305111125111583 0.6597576141357423 -1.6084967255592344 4.5379471778869638
decision_type=10 8 10 8 8 10 10 10 10 10 8 10 8 8
left_child=4 2 3 -2 -1 6 7 8 9 11 -10 12 -6 -8
right_child=1 -3 -4 -5 5 -7 13 -9 10 -11 -12 -13 -14 -15
leaf_value=0.0076238494002657921 0.0032157322333704699 -0.058445687658831846 -0.0037722034189043626 0.02624617500453897 -0.0098233483338364611 0.00091518082054930323 -0.043612986316135777 0.037580353302323281 -0.081597194208485713 -0.058668093978371728 -0.0026433551181870556 0.0057119624878083138 -0.042769908417502923 0.0029083509060984039
leaf_weight=134.57999860449834 76.306641370471155 3.979104444683002 82.844488120488819 71.669685782725438 18.512804030062398 351.12747801924706 25.629436315147792 9.8662194661408176 2.8759605989821102 12.820752412946858 224.67157653318938 28.57530232878679 24.498250600285445 9.9467545633370005
leaf_count=4882 185654 17402 328102 64281 166 243841 488985 5840 95177 139 567945 1939 40302 205142
internal_value=-0.000276043 0.00673496 0.00785861 0.0143701 -0.00222857 -0.00409998 -0.00902716 -0.00664168 -0.0080403 -0.0198994 -0.00364125 -0.0129561 -0.0253587 -0.0306061
internal_weight=1077.9 234.8 230.821 147.976 843.105 708.525 357.397 321.821 311.955 84.4071 227.548 71.5864 43.0111 35.5762
internal_count=2249797 595439 578037 249935 1654358 1649476 1405635 711508 705668 42546 663122 42407 40468 694127
is_linear=0
shrinkage=0.05


Tree=155
num_leaves=15
num_cat=0
split_feature=27 16 15 27 25 22 32 0 16 16 30 3 12 31
split_gain=7.88993 6.1867 6.95323 6.62148 5.50125 5.23645 9.41433 6.36159 6.58025 5.59024 4.48457 4.66449 4.62665 4.46845
threshold=3.1843570470809941 2.6020033359527592 1.0000000180025095e-35 7.3520045280456552 1.5000000000000002 0.75462436676025402 1.0000000180025095e-35 0.68972954154014599 3.6242519617080693 3.113268375396729 -1.3264239430427549 0.10660597681999208 0.051503095775842674 4.1460146903991708
decision_type=10 8 8 10 10 8 8 10 10 8 8 10 10 10
left_child=5 -2 -3 13 -5 6 7 8 -1 -9 11 12 -7 -4
right_child=1 2 3 4 -6 10 -8 9 -10 -11 -12 -13 -14 -15
leaf_value=-0.021316470270223868 0.039864072398584985 0.035869392459134043 -0.0055773111002796142 0.052773177473090363 0.0079046665341743622 0.021286190049620995 -0.0017528251400573188 -0.021316470270223868 -0.060838097967668869 -0.00064760326484689698 0.00068806642226636574 0.0015587431855348423 0.079408207044854767 -0.094723297601224971
leaf_weight=21.87125538497898 17.00122207914437 18.285775023928281 60.354978607824108 9.1621954915398742 26.855708822633801 30.182710140124982 477.24987386336636 7.217887689403141 15.26728862955042 35.95493152074755 324.77831694299175 33.293151162396953 3.8620486290310501 1.4392239621321881
leaf_count=368 4830 15553 91239 3367 30886 448 2033569 230 308 988 62285 5511 35 655
internal_value=0.000293393 0.0116943 0.0075691 0.00227842 0.0193183 -0.00130446 -0.00441805 -0.0202561 -0.0354286 -0.00720431 0.00312284 0.014866 0.0278796 -0.00765357
internal_weight=1082.78 133.099 116.098 97.8121 36.0179 949.677 557.561 80.3114 37.1385 43.1728 392.116 67.3379 34.0448 61.7942
internal_count=2250272 146530 141700 126147 34253 2103742 2035463 1894 676 1218 68279 5994 483 91894
is_linear=0
shrinkage=0.05


Tree=156
num_leaves=15
num_cat=0
split_feature=10 18 16 9 4 26 30 7 16 3 10 22 30 3
split_gain=7.76282 6.11825 5.19717 7.13033 5.51751 5.17952 5.50519 4.84363 4.82596 5.59042 6.56749 4.81585 4.48689 4.41033
threshold=0.010752825997769834 0.28751130402088171 5.3254430294036874 0.61588251590728771 0.0009677112102508546 0.18465909361839297 -0.90634799003601063 13.306579589843752 5.7698810100555429 0.10785201191902162 0.014084815979003908 0.66414529085159313 -0.54910346865653981 0.20398572087287906
decision_type=10 8 10 8 8 10 10 10 10 10 8 8 8 10
left_child=2 5 3 4 -1 6 -2 -7 9 10 12 -12 -3 -5
right_child=1 8 -4 13 -6 7 -8 -9 -10 -11 11 -13 -14 -15
leaf_value=0.050733609027949655 0.026741929543050338 0.078142865855503868 0.017987882236669413 -0.0016547169132249753 -0.059578597129617564 -0.024112135119887315 0.0013279458332652212 0.03337848571023256 0.040177198711856828 -0.066501939944848668 -0.038005563429595816 -0.00080578815496453533 -0.087039487400702303 -0.032240324541350632
leaf_weight=1.3071255080235999 29.437502850872789 3.6379407459703614 31.757007216824491 788.80485455403016 8.5356268912046716 4.0120038826512845 77.173370787557559 42.198114169205226 6.3929105207143513 3.5256303281035164 9.921270771521506 70.69375173555764 0.46348690422193684 11.965061312009423
leaf_count=17735 8709 390 157665 880502 530824 531 61779 4865 12355 89960 10606 2932 3264 467946
internal_value=0.000432891 0.0082187 -0.00185428 -0.00263163 -0.044929 0.0144055 0.00834528 0.0283871 -0.0017721 -0.00481121 -0.00224384 -0.00538396 0.0594762 -0.00211173
internal_weight=1089.83 247.456 842.37 810.613 9.84275 152.821 106.611 46.2101 94.635 88.2421 84.7165 80.615 4.10143 800.77
internal_count=2250063 195391 2054672 1897007 548559 75884 70488 5396 119507 107152 17192 13538 3654 1348448
is_linear=0
shrinkage=0.05


Tree=157
num_leaves=15
num_cat=0
split_feature=8 18 22 16 9 10 0 24 33 17 31 31 18 4
split_gain=9.3711 6.6607 8.04119 7.01801 5.67846 5.54366 5.34313 7.43784 7.06432 7.37445 5.13574 5.09539 4.6408 5.4174
threshold=166.50000000000003 0.26908361911773687 0.66414529085159313 4.3107767105102548 0.18224060535430911 0.01891643833369017 0.52826255559921276 1.2930134534835818 5.5000000000000009 4.7050054073333749 -2.0792812108993526 -1.6694897413253782 0.18668776750564578 0.00011849403381347658
decision_type=8 10 10 10 10 8 8 8 10 10 8 10 8 8
left_child=1 6 3 -3 5 -2 -1 -8 -9 -10 -4 -6 13 -7
right_child=4 2 10 -5 11 12 7 8 9 -11 -12 -13 -14 -15
leaf_value=-0.058443853361054336 0.059663244571790675 -0.073031097654273153 0.070055784674750543 -0.013869655251379865 0.028505669100806864 -0.059795727658389891 0.048741232657109335 0.016995872464279315 0.024105102098581882 -0.021287586836892105 0.0021917447480902237 -0.053466704101820299 -0.0066194076559919855 0.0013747060676199744
leaf_weight=2.458454999652516 3.5891264511220013 6.8026113704529108 2.9052650575249572 10.912884909145232 2.3670638658097465 3.6494565317396512 15.438884426177372 113.94719796592335 9.3886065848419111 11.42952647948499 68.959734382601482 9.5210661167154935 386.35960669863738 440.87584476091581
leaf_count=199281 34588 119510 39 304939 7174 2132 86422 4381 1813 5878 3569 63108 897157 519498
internal_value=-0.000350336 0.00832093 -0.00250248 -0.0326746 -0.0028322 -0.00234337 0.014672 0.0158687 0.0121028 -0.0146795 0.00493526 -0.0371451 -0.00261121 0.00087251
internal_weight=1088.61 242.243 89.5805 17.7155 846.362 834.474 152.663 150.204 134.765 20.8181 71.865 11.8881 830.885 444.525
internal_count=2249489 725832 428057 424449 1523657 1453375 297775 98494 12072 7691 3608 70282 1418787 521630
is_linear=0
shrinkage=0.05


Tree=158
num_leaves=15
num_cat=0
split_feature=28 3 7 18 31 30 26 24 3 18 18 11 26 24
split_gain=6.93894 5.46833 5.02737 4.18914 3.97707 9.45629 6.58278 11.2611 6.59573 16.0144 8.72489 6.10871 5.23125 5.07742
threshold=3.5000000000000004 0.23918880522251132 124.41376876831056 1.3455213904380801 4.827775478363038 -1.3013975024223325 0.13484849035739901 1.9989223480224612 0.12202852964401247 0.088260263204574599 0.04751375503838063 1.0000000180025095e-35 0.63068181276321422 2.3125263452529912
decision_type=10 10 10 10 10 8 8 10 10 10 8 8 8 10
left_child=1 2 4 -2 5 12 8 -8 9 -6 -10 -9 -1 -13
right_child=3 -3 -4 -5 6 -7 7 11 10 -11 -12 13 -14 -15
leaf_value=0.0045297839234782226 0.022010339376421093 -0.041424039280389562 0.043483360959526228 -0.077965027612830126 0.021631283213670222 -0.0010073889822711072 -0.11184430168312705 0.021631283213670222 -0.10945815039622425 -0.078502090505869537 0.016525042415148787 -0.094573015789871678 0.021631283213670222 -0.0043314338278267689
leaf_weight=53.002848793537055 44.560298809595992 8.0058030234961262 6.6224866095685675 1.0730326912597821 5.2358703444796202 885.75003625398699 4.1292884342752805 4.4580749628648819 1.4461256817186292 7.8076835710775185 27.661032720665844 2.9506382074214352 33.287474337243964 3.3042546774959192
leaf_count=42613 3597 800856 2923 309 77 1381638 1286 158 253 205 2240 103 13453 41
internal_value=0.000574921 -0.000259538 5.86711e-05 0.0196595 -0.000220795 0.000531877 -0.0130579 -0.0416942 -0.00297443 -0.0325206 0.0102658 -0.014655 0.0163321 -0.0469013
internal_weight=1089.29 1043.66 1035.66 45.6333 1029.03 972.04 56.993 14.8423 42.1507 13.0436 29.1072 10.713 86.2903 6.25489
internal_count=2249752 2245846 1444990 3906 1442067 1437704 4363 1588 2775 282 2493 302 56066 144
is_linear=0
shrinkage=0.05


Tree=159
num_leaves=15
num_cat=0
split_feature=3 30 27 22 26 31 4 17 30 9 7 1 31 4
split_gain=6.88579 10.2256 7.06242 6.27263 6.22174 5.8474 8.59971 5.4822 5.41152 5.32501 5.50831 5.26281 4.67905 6.77699
threshold=0.027705729007720951 -0.27577883005142206 3.1240557432174687 0.68421930074691784 0.064583335071802153 1.2081924080848696 0.022213727235794071 5.0336952209472665 -0.35882879793643946 0.23264957219362262 124.41376876831056 3.5000000000000004 1.2974938154220583 0.039184510707855232
decision_type=8 8 10 10 10 10 8 10 10 8 10 10 10 10
left_child=3 2 4 -1 12 9 -7 -5 -6 -3 -11 -9 -2 -14
right_child=1 5 -4 7 8 6 -8 11 -10 10 -12 -13 13 -15
leaf_value=-0.0078976312825354347 0.0087381662813708818 0.029084011663935774 0.016258829389522902 0.00075894654373252291 -0.033412377752897203 -0.12614954058631694 0.0086681053886895187 0.019205310118971794 0.039265017791091102 -0.014719884662698988 0.060539296052421601 0.00075894654373252291 -0.0016905477632045592 -0.034142749029118284
leaf_weight=66.920886486831307 106.30213021231702 7.5973049933899111 60.424011564116199 75.888255974383355 23.46987899663819 2.7287825203275125 2.0878984144263768 131.73870991092554 2.875061469011114 173.9481006777203 2.4657683180319898 32.096350465726573 361.95512228521636 16.835788380362033
leaf_count=7346 274212 170514 51704 2161 63343 99 118 2489 5292 1221502 4235 594 259442 186806
internal_value=-0.000688164 -0.00323799 9.31899e-05 0.00563717 -0.00181671 -0.0133264 -0.0677098 0.00941552 -0.025481 -0.0119029 -0.013668 0.0146622 -0.00053152 -0.00313292
internal_weight=1067.33 760.69 571.862 306.644 511.438 188.828 4.81668 239.723 26.3449 184.011 176.414 163.835 485.093 378.791
internal_count=2249857 2237267 840799 12590 789095 1396468 217 5244 68635 1396251 1225737 3083 720460 446248
is_linear=0
shrinkage=0.05


Tree=160
num_leaves=15
num_cat=0
split_feature=27 15 7 25 24 16 32 4 22 3 2 24 23 15
split_gain=7.69596 7.91523 5.36446 5.3309 5.5395 4.69126 5.1997 8.94151 5.08908 4.50317 6.0658 4.42549 7.07517 9.47769
threshold=2.6893538236618046 1.0000000180025095e-35 124.41376876831056 1.0000000180025095e-35 1.2129694223403933 2.6735538244247441 3.3140207529067998 0.0012231767177581789 0.67294281721115123 0.16417610645294192 0.37000799179077154 1.9989223480224612 2.5000000000000004 1.0000000180025095e-35
decision_type=10 8 10 10 10 10 10 8 8 10 8 10 8 10
left_child=1 3 11 4 -1 -6 -7 -8 -9 10 -2 12 13 -3
right_child=9 2 -4 -5 5 6 7 8 -10 -11 -12 -13 -14 -15
leaf_value=-0.049093950430739712 0.057950225735086736 -0.046176464361130792 0.046161982186732675 -0.069672909850259715 -0.053579314870065488 -0.0073839037340348223 0.26285952990453443 -0.055148863321352604 0.13849874404862719 -0.051389476651837997 0.0094881532023246354 0.0040684942274978918 -0.0013339371619205799 -0.0048217805945858592
leaf_weight=9.541166596712058 6.7729241353453631 21.494182950971805 6.1734979715293994 4.4158809680703675 5.3609939075737989 65.234881851406954 0.47985595610634724 0.94504651410545659 0.52929836996008806 2.8800331680612876 138.38496973170822 314.49328343510638 462.32202984870071 38.980052130633339
leaf_count=283878 7837 637 4341 13436 1667 9524 174 2711 286 125139 44403 12825 1743831 401
internal_value=-6.75959e-05 -0.00175315 -0.000275877 -0.0161569 -0.0132781 -0.00856791 -0.00497647 0.0753882 0.0143718 0.010521 0.0117493 -0.000618272 -0.00343764 -0.0195204
internal_weight=1078.01 929.97 843.463 86.5071 82.0912 72.5501 67.1891 1.9542 1.47434 148.038 145.158 837.29 522.796 60.4742
internal_count=2251090 2073711 1762035 311676 298240 14362 12695 3171 2997 177379 52240 1757694 1744869 1038
is_linear=0
shrinkage=0.05


Tree=161
num_leaves=15
num_cat=0
split_feature=16 24 22 27 31 27 13 10 24 17 24 4 4 4
split_gain=6.90721 6.72482 6.12125 5.43956 5.53877 5.2541 6.45768 5.41543 5.2502 7.66263 5.65975 10.8315 54.2596 25.9061
threshold=2.6020033359527592 1.2516179084777834 0.56555882096290599 3.2206757068634038 -2.5045343637466426 3.4206029176712041 0.18350168317556384 0.018470021896064285 0.75164079666137706 5.5471267700195321 0.70800545811653148 0.014867842197418215 0.014582753181457521 0.01283472776412964
decision_type=8 10 8 8 8 10 8 8 8 8 10 8 10 10
left_child=1 -1 3 4 -2 6 7 -3 9 10 -4 12 13 -12
right_child=2 5 8 -5 -6 -7 -8 -9 -10 -11 11 -13 -14 -15
leaf_value=0.035235478190471597 -0.010657705584459947 0.097948425626063179 0.072525256444089303 -0.010657705584459947 -0.052835314177576358 0.034761380493211931 0.004222749233736312 -0.071244871696148696 -0.00095828603785894659 -0.010657705584459947 0.13903983663860073 -0.010657705584459947 4.5346285262991621 1.3446777112583375
leaf_weight=23.47414346531167 4.8752476389648081 0.52725319916368096 1.8566040463364295 17.926788418921845 17.673649900028874 13.023885905839959 75.292260706322566 4.5912171586542172 913.08421182103518 1.1385245040726202 0.28279614356051741 0.18517280477374243 0.0078485870253643952 0.052889285587752966
leaf_count=168563 154121 67 13148 489098 1071307 764 14857 862 312924 18693 2259 3330 30 167
internal_value=-0.000162054 0.0113108 -0.00156348 -0.0205922 -0.0385905 0.00530009 0.000528328 -0.0538163 -0.000723205 0.0601903 0.113625 0.257953 0.42508 0.328995
internal_weight=1073.99 116.909 957.084 40.4757 22.5489 93.4346 80.4107 5.11847 916.608 3.52384 2.38531 0.528707 0.343534 0.335685
internal_count=2250190 185113 2065077 1714526 1225428 16550 15786 929 350551 37627 18934 5786 2456 2426
is_linear=0
shrinkage=0.05


Tree=162
num_leaves=15
num_cat=0
split_feature=27 30 14 13 17 15 26 30 16 11 32 28 32 30
split_gain=5.99459 6.28443 5.56607 5.13639 4.82316 4.70418 6.36761 5.47625 5.26253 5.91112 9.36319 99.0019 56.5049 7.2458
threshold=2.8625483512878422 -0.89181634783744801 1.0000000180025095e-35 0.60555556416511547 5.8036265373229989 1.0000000180025095e-35 inf -1.9750727415084837 5.1619205474853525 0.52500000596046459 8.4332675933837908 1.0000000180025095e-35 8.4511604309082049 0.31879138946533209
decision_type=10 8 10 8 10 8 8 8 10 8 10 10 10 10
left_child=5 2 3 -2 -4 6 7 -1 -7 -10 13 12 -12 -11
right_child=1 -3 4 -5 -6 8 -8 -9 9 10 11 -13 -14 -15
leaf_value=0.027690896194991588 0.072877122825117907 0.00457689385336178 -0.04838675580889374 0.025207180130905806 0.038055767053088461 -0.00039756259114399358 0.0069808226364244282 -0.025871211380104578 -0.018468836504251223 0.029984105619613566 12.615139722204066 -0.050147749272564129 -0.050065594734123933 -0.06720847960979584
leaf_weight=5.2379009176882789 7.9775328039998783 110.98123799595719 3.8320781144111313 19.374383459644438 2.7874794205800555 799.47260927616423 30.690884069381859 53.659794463841529 9.5289844254456906 35.874485898089254 0.0025990748973043756 0.034564086463290233 0.0013319548134234083 2.0259001535638239
leaf_count=3006 2125 147095 8504 9778 2378 1600637 73313 235853 85759 44790 10 5708 166 30730
internal_value=0.000874791 0.0103369 0.0291542 0.0391107 -0.011986 -0.000589719 -0.0114853 -0.0211078 0.000562808 0.0167377 0.0255805 0.804977 8.32378 0.0247888
internal_weight=1081.48 144.953 33.9715 27.3519 6.61956 936.529 89.5886 58.8977 846.94 47.4679 37.9389 0.0384951 0.00393103 37.9004
internal_count=2249852 169880 22785 11903 10882 2079972 312172 238859 1767800 167163 81404 5884 176 75520
is_linear=0
shrinkage=0.05


Tree=163
num_leaves=15
num_cat=0
split_feature=29 8 32 26 9 8 23 18 1 7 2 4 22 12
split_gain=9.55571 5.57338 7.08098 7.09505 6.87561 5.66621 7.88587 5.75163 9.21472 5.25042 5.04957 4.99955 4.92982 4.71697
threshold=-0.63218164443969715 166.50000000000003 4.5053346157073983 0.12132352963089944 0.25748661160469061 137.50000000000003 14.500000000000002 0.29092867672443395 80.500000000000014 31.890859603881839 -1.6996298432350156 0.00011849403381347658 0.66414529085159313 0.012660256586968901
decision_type=8 8 10 8 10 8 10 10 10 10 8 10 8 8
left_child=-1 2 5 -4 10 7 -7 8 13 -6 -3 -10 -9 -2
right_child=1 4 3 -5 9 6 -8 12 11 -11 -12 -13 -14 -15
leaf_value=-0.067334147766006963 -0.029783053899747322 0.27603373676401133 -0.052287751887525324 0.074555159288142533 -0.062656488042301062 0.046346254580981308 -0.072580746769841178 -0.041184308893895315 0.059151628923579669 0.056086748684020395 -0.00099738545630705545 -0.080601657137816807 -0.0027172911403364449 0.014304153854702021
leaf_weight=5.2165068265593142 6.37893944245765 0.16452168264927991 1.3206515409535189 6.6728854855999202 7.0886705446863854 14.177686211365723 1.5458741855060072 9.5766011306952539 0.76061961767345465 1.0716660294705986 833.83178977153875 4.0338647940733381 63.934445575418124 124.09083298149808
leaf_count=642394 3255 1143 103385 52426 11551 1066 9883 35756 19 1360 1351935 5260 4087 26865
internal_value=0.000174601 0.000502298 0.00735541 0.0535988 -0.00138963 0.00570886 0.0346539 0.00352892 0.00964694 -0.0470624 -0.000942736 -0.0584305 -0.00772856 0.0121486
internal_weight=1079.87 1074.65 232.492 7.99354 842.157 224.499 15.7236 208.775 135.264 8.16034 833.996 4.79448 73.511 130.47
internal_count=2250385 1607991 242002 155811 1365989 86191 10949 75242 35399 12911 1353078 5279 39843 30120
is_linear=0
shrinkage=0.05


Tree=164
num_leaves=15
num_cat=0
split_feature=0 1 16 30 16 18 2 31 31 30 31 0 30 31
split_gain=10.5505 7.40772 9.33126 8.39332 7.67683 8.08394 7.4852 7.37504 8.10038 9.74388 7.04095 6.57327 6.56991 8.17794
threshold=0.4905154705047608 2.5000000000000004 2.5249279737472539 -0.2864158153533935 5.6039605140686044 0.68834188580513012 0.52029892802238475 -1.8982323408126829 4.1460146903991708 -1.8935964107513426 1.0116257071495058 0.63657912611961376 -1.3013975024223325 2.0353332757949834
decision_type=8 10 8 10 10 8 8 8 10 10 8 10 8 10
left_child=-1 2 -2 6 5 7 -3 -4 -9 -10 -5 -11 -8 -14
right_child=1 3 4 10 -6 -7 12 8 9 11 -12 -13 13 -15
leaf_value=-0.060064628501851805 0.027750033802076003 -0.029662332293919399 -0.020774867077568079 -0.0083073907511171385 0.044860510304174636 -0.022189651373383648 0.016484274930682649 0.011312975675992527 0.014774885628140342 -0.029662332293919399 -0.029662332293919399 0.056544264144107695 0.0051224699233398284 -0.0089979727399406156
leaf_weight=7.182329194872124 45.248383883730654 9.6782684570529351 25.718558175944082 175.3719955957155 10.839636941991328 30.955793299176207 67.088000637295181 211.64203806907511 18.508715612393559 21.441985555625937 11.019993612416185 2.2739036961938828 265.43276046048118 167.08446534155325
leaf_count=613140 49322 36346 17445 798775 40980 115946 2680 446800 4496 5304 626 32 99219 17031
internal_value=0.00033162 0.000739964 0.00649142 -0.00229112 0.00349834 0.00205457 0.0010314 0.0047389 0.00732363 -0.0126721 -0.0113693 -0.0296623 0.00192581 -0.000332357
internal_weight=1069.49 1062.3 366.629 695.675 321.381 310.541 509.283 279.585 253.867 42.2246 186.392 23.7159 499.605 432.517
internal_count=2248142 1635002 680325 954677 631003 590023 155276 474077 456632 9832 799401 5336 118930 116250
is_linear=0
shrinkage=0.05


Tree=165
num_leaves=15
num_cat=0
split_feature=33 8 8 32 26 8 31 14 17 4 3 18 2 3
split_gain=11.3871 11.2796 7.63593 5.70198 6.70337 6.44966 8.31094 5.01915 4.7828 5.42522 4.5425 4.54097 5.31311 4.85013
threshold=353.50000000000006 166.50000000000003 181.50000000000003 4.5053346157073983 0.12132352963089944 137.50000000000003 -1.7989253997802732 1.0000000180025095e-35 3.5114340782165532 0.0081116557121276873 0.1372560262680054 0.028860767371952537 2.0754336118698125 0.07760676741600038
decision_type=10 8 8 10 8 8 10 8 8 8 10 8 10 10
left_child=1 3 7 5 -5 8 -7 -3 9 -1 -10 12 13 -4
right_child=-2 2 11 4 -6 6 -8 -9 10 -11 -12 -13 -14 -15
leaf_value=-0.17018884897224357 -0.071891261882652158 0.0012501847277336094 -0.076932011252588653 -0.052762838853884046 0.072080451206683591 -0.080807128131126491 0.048898989614776761 -0.092208521251471276 0.0081324738945662122 -0.017034240009848604 -0.041681202182235637 -0.0015747326186817099 0.05959894770892793 -0.011694071430184061
leaf_weight=0.77640240899641755 5.4915594297888211 2.2723007839363119 5.4606023693486172 1.2847348384331798 6.593697650379525 1.3433984154026699 15.306527527008717 3.9060469895574101 205.43987652387196 2.2653351721338737 4.6808208670268803 810.91687748576271 1.4218898482365609 5.9569877153891966
leaf_count=220 641443 7904 2043 107519 54063 6098 4885 9214 30339 1103 43643 1318707 41 23830
internal_value=-7.62255e-05 0.00029317 -0.00245721 0.00989654 0.0517223 0.00846267 0.0384337 -0.0578359 0.00612166 -0.0561269 0.00702278 -0.00204185 -0.0315444 -0.0428949
internal_weight=1073.12 1067.63 829.935 237.691 7.87843 229.812 16.6499 6.17835 213.162 3.04174 210.121 823.756 12.8395 11.4176
internal_count=2251052 1609609 1361739 247870 161582 86288 10983 17118 75305 1323 73982 1344621 25914 25873
is_linear=0
shrinkage=0.05


Tree=166
num_leaves=15
num_cat=0
split_feature=24 16 7 23 18 17 0 30 32 30 18 1 0 17
split_gain=12.4494 9.49999 7.94774 6.98437 6.84633 6.47554 5.49344 6.27488 4.99032 15.7098 14.7222 6.91608 5.37837 4.85437
threshold=-0.559485763311386 2.6020033359527592 46.003782272338874 89.500000000000014 0.031605953350663192 3.4175922870635991 0.68972954154014599 -0.23556271195411679 1.0000000180025095e-35 -1.2537052035331724 0.27829030156135565 271.50000000000006 0.65789982676506054 4.5798392295837411
decision_type=8 8 10 10 8 8 8 10 8 10 10 10 10 10
left_child=-1 3 4 -2 -3 -6 7 8 9 -7 12 -10 -11 -5
right_child=1 2 -4 13 5 6 -8 -9 11 10 -12 -13 -14 -15
leaf_value=-0.073038368301406031 0.010440091170806309 -0.072282124911671242 0.01631729342604572 -0.055583591164083623 -0.076459703542330712 -0.0019051650600345337 0.0020430783129457689 -0.022524930637906244 -0.0019051650600345337 -0.046346531874952752 -0.085928355568038281 -0.074355244792721473 -0.0019051650600345337 0.070892174490383056
leaf_weight=5.7929978609630162 111.28753054289467 3.4922650320790032 60.501494064139024 0.84473536623811707 2.9209730749584883 51.019341558720043 442.20825834799894 50.008683964885051 298.36712797683714 9.9353554924594238 11.847800679976897 3.3911374711610156 14.237022980960317 7.4472194565822392
leaf_count=657587 49575 5389 35857 35908 15843 491 80657 666683 624117 93 154 14250 139 63051
internal_value=6.16277e-05 0.000458316 -0.00121696 0.0137385 -0.00241238 -0.00213634 -0.00188992 -0.00585341 -0.00370905 -0.0144698 -0.0402696 -0.00190517 -0.0178904 0.0580076
internal_weight=1073.3 1067.51 947.929 119.579 887.428 883.936 881.015 438.806 388.798 87.0395 36.0202 301.758 24.1724 8.29195
internal_count=2249794 1592207 1443673 148534 1407816 1402427 1386584 1305927 639244 877 386 638367 232 98959
is_linear=0
shrinkage=0.05


Tree=167
num_leaves=15
num_cat=0
split_feature=24 7 24 1 16 16 17 3 24 29 29 4 3 17
split_gain=10.8065 6.82654 6.58488 6.25591 5.99579 6.50012 5.60268 4.59308 5.50127 4.58434 6.69535 11.9246 9.1971 15.3131
threshold=-0.559485763311386 13.087381362915041 1.2930134534835818 169.50000000000003 3.5694335699081425 5.8957784175872812 6.3180665969848642 0.12542884051799777 1.2323470115661623 2.1270071268081669 2.9576396942138676 0.0028343200683593754 0.087295621633529677 5.708768606185914
decision_type=8 10 8 10 10 10 8 10 8 8 8 10 10 8
left_child=-1 3 4 9 -3 -6 7 8 -5 -2 11 -11 13 -13
right_child=1 2 -4 6 5 -7 -8 -9 -10 10 -12 12 -14 -15
leaf_value=-0.071243590084159716 0.0035740558518366156 0.059861837620586555 0.0058101494792144708 0.0035740558518366156 0.0035740558518366156 0.087003159380411685 0.0035740558518366156 -0.0086564470919624024 -0.05943202106966855 -0.036211753357678442 0.00072266128954037116 -0.038858589882617367 0.0035740558518366156 0.0035740558518366156
leaf_weight=5.2773407142637971 109.38087752226933 11.302212470983756 188.02152213762992 3.9158848085023124 5.2080394417366511 2.3364921807346093 5.2683513634609431 14.589515435602001 15.294456472651975 35.79474754532103 499.91929622542028 40.250658880854658 88.16751878604488 43.652412891500489
leaf_count=657647 1019393 62382 34406 29509 136324 7863 11436 146019 4420 9565 59673 13989 49753 7621
internal_value=0.000128757 0.000483056 0.00863445 -0.00148634 0.0368107 0.00357406 -0.0210325 -0.0298065 -0.0458692 -0.00055185 -0.00241313 -0.00995476 -0.00449268 -0.0166124
internal_weight=1068.38 1063.1 206.868 856.234 18.8467 7.54453 39.0682 33.7999 19.2103 817.166 707.785 207.865 172.071 83.9031
internal_count=2250000 1592353 240975 1351378 206569 144187 191384 179948 33929 1159994 140601 80928 71363 21610
is_linear=0
shrinkage=0.05


Tree=168
num_leaves=15
num_cat=0
split_feature=24 27 16 24 24 16 10 9 9 31 24 23 4 4
split_gain=11.0775 6.39587 6.51442 4.64308 15.7693 4.19099 7.25042 4.71415 5.8792 5.72378 5.0374 5.54283 5.13917 6.34199
threshold=-0.559485763311386 2.9892170429229741 1.2424533367156985 0.55667501688003551 0.54769411683082592 2.3502402305603032 0.027063898742198948 0.66192409396171581 0.72848835587501537 -0.22275535762310025 1.9989223480224612 11.500000000000002 0.0046094357967376718 0.0031306147575378422
decision_type=8 10 8 8 10 8 8 8 8 8 8 10 8 10
left_child=-1 2 3 4 -2 6 -3 9 -9 -7 11 12 13 -10
right_child=1 5 -4 -5 -6 7 -8 8 10 -11 -12 -13 -14 -15
leaf_value=-0.074344760340501304 -0.055339678420068143 -0.038299566758367966 -0.0011134045636297741 0.060068277424178945 1.7264522427927425 0.051106623612890534 0.057404768130913934 -0.048297410025652299 -0.084426004816888015 0.00946926636662258 0.013233134520225703 0.0095305942938730508 -0.051330719703438103 0.077398311378964135
leaf_weight=4.9479998048826488 0.038804951908480767 2.4719073251713555 931.69734439253648 3.4097136484124779 0.018261188751623081 12.063996629551751 9.9238984128824228 5.5256280025437396 0.89452983842405354 26.133965194541986 58.108471378034778 13.716269208682197 10.702317573241316 1.8735006377391981
leaf_count=657425 1951 902 1494933 2850 27 8182 1731 1032 133 17025 4300 57713 1254 45
internal_value=0.000296749 0.000639804 -0.000858845 0.0675541 0.514834 0.0105503 0.0383199 0.00788222 0.00168392 0.0226195 0.00492183 -0.0128427 -0.0356244 0.0251024
internal_weight=1081.53 1076.58 935.164 3.46678 0.0570661 141.414 12.3958 129.019 90.8207 38.198 85.2951 27.1866 13.4703 2.76803
internal_count=2249503 1592078 1499761 4828 1978 92317 2633 89684 64477 25207 63445 59145 1432 178
is_linear=0
shrinkage=0.05


Tree=169
num_leaves=15
num_cat=0
split_feature=7 1 7 33 3 24 0 12 1 23 4 15 0 1
split_gain=7.4986 5.11411 4.55049 4.23469 5.28455 5.45867 10.4 5.03358 4.73695 8.97862 5.68169 4.64458 4.45975 4.13802
threshold=12.980735301971437 201.50000000000003 124.41376876831056 23.500000000000004 0.17653852701187137 1.5994083285331728 0.62789911031723034 0.07619738951325418 45.500000000000007 14.500000000000002 0.0081116557121276873 inf 0.68972954154014599 241.50000000000003
decision_type=10 10 10 8 10 8 10 8 10 10 10 8 10 10
left_child=1 3 -2 4 5 6 -1 -5 9 -8 11 -11 -13 -3
right_child=2 13 -4 7 -6 -7 8 -9 -10 10 -12 12 -14 -15
leaf_value=-0.064434472159601505 0.0066892411856028719 -0.049352474327928698 0.040903648474084925 -0.020357607472222969 -0.088450800006715333 -0.0010351933755426848 -0.036540606336461827 0.0030864924535641634 0.0030864924535641634 -0.036540606336461827 0.0030864924535641634 -0.036540606336461827 0.0030864924535641634 -0.0070319775950690271
leaf_weight=9.0153171913432413 202.53985250871912 10.08226230240969 10.207862197055446 24.980541877778567 1.825151174264646 526.03594797930361 23.019841754562094 156.70608931439156 25.794883045590154 8.8990013767528353 45.533147859845201 2.9430024255029252 7.7043293043389554 13.523679115774753
leaf_count=13445 590898 54719 6734 303107 10165 26591 2514 1151736 3900 2996 18523 2368 1130 61414
internal_value=-7.00985e-05 -0.0021579 0.00833088 -0.00150712 -0.00349078 -0.00325183 -0.0127387 0.00308649 -0.00864674 -0.0145883 -0.00496098 -0.0276107 -0.00137042 -0.0251074
internal_weight=1068.81 856.063 212.748 832.457 650.771 648.945 122.91 181.687 113.894 88.0993 65.0795 19.5463 10.6473 23.6059
internal_count=2250240 1652608 597632 1536475 81632 71467 44876 1454843 31431 27531 25017 6494 3498 116133
is_linear=0
shrinkage=0.05


Tree=170
num_leaves=15
num_cat=0
split_feature=24 8 11 16 12 16 13 24 18 18 24 4 4 1
split_gain=12.5839 5.66482 6.80293 8.5491 5.75808 5.11032 5.15894 7.18158 5.33638 5.95688 5.01716 11.2732 5.66633 5.62106
threshold=-0.14433341473340985 7.5000000000000009 0.41428571939468389 1.8688347935676577 0.19543650746345523 6.1290478706359872 0.27525253593921667 1.0498690009117129 0.031605953350663192 0.041181316599249847 1.3421765565872195 0.00037497282028198248 0.0064927339553833016 12.500000000000002
decision_type=8 8 8 8 10 10 10 10 8 8 8 8 8 8
left_child=-1 2 3 -2 5 6 8 -8 -3 10 11 13 -12 -10
right_child=1 4 -4 -5 -6 -7 7 -9 9 -11 12 -13 -14 -15
leaf_value=-0.067994071993759883 0.074899798300844811 -0.027584916421109253 0.031794379650829131 -0.0034190997793183617 0.036181953222644274 0.039900376932093549 0.066983332573319301 -0.059896933590426221 1.0016156196693471 -0.0010540160093727873 -0.048447746151238626 0.049865190947168951 0.024983400451606394 0.30808659399728811
leaf_weight=6.7505768154148118 3.7507638544963617 18.445552120126141 30.523438299412284 49.063732528998713 10.539363532066544 7.5863152326395484 1.3210876107641221 7.1577450518060743 0.038191246313491578 911.93563216262044 3.3724330784020831 7.0550619661378633 11.887478232852061 0.1243296390074704
leaf_count=907131 170 32133 4813 8574 6110 13122 9580 2067 4 1244099 557 19505 2316 197
internal_value=5.64686e-05 0.000488704 0.0130031 0.00214293 -0.000576087 -0.000975919 -0.00129849 -0.0401277 -0.000952976 -0.000427255 0.0250011 0.0593494 0.00875515 0.471061
internal_weight=1069.55 1062.8 83.3379 52.8145 979.463 968.924 961.338 8.47883 952.859 934.413 22.4775 7.21758 15.2599 0.162521
internal_count=2250378 1343247 13557 8744 1329690 1323580 1310458 11647 1298811 1266678 22579 19706 2873 201
is_linear=0
shrinkage=0.05


Tree=171
num_leaves=15
num_cat=0
split_feature=27 22 31 33 30 32 3 1 29 18 29 22 32 18
split_gain=6.65641 7.14435 5.80075 5.51771 5.10338 4.88729 8.72046 8.03275 7.25612 6.75307 6.21624 6.88437 6.65469 6.64529
threshold=2.6893538236618046 0.51482397317886364 0.12432807311415674 353.50000000000006 -1.188952565193176 3.3140207529067998 0.11280322074890138 179.50000000000003 3.4348374605178837 0.23534186184406283 0.85134559869766246 0.68421930074691784 2.8617925643920903 0.066714018583297743
decision_type=10 10 10 10 8 10 10 8 8 8 10 10 10 10
left_child=3 2 -2 5 -3 8 -7 -8 10 -10 11 -1 -13 -12
right_child=1 4 -4 -5 -6 6 7 -9 9 -11 13 12 -14 -15
leaf_value=-0.061447506341742043 -0.068050695938531289 0.037148323518244486 -0.0091547480389654011 -0.066571559933510646 0.0095550440855778108 0.02560620485909107 -0.049690821753707891 0.0047145153161566797 0.0092412382645761983 -0.0039780995612488639 0.0059960837404702564 0.070291421736451087 0.2952237131886109 -0.0097195515518856013
leaf_weight=0.71516707733201146 5.5554521677232405 19.550651335635152 3.7370749328978015 3.1845573534626501 117.26090550299143 46.201485940368642 8.3097018581237077 36.965275559077618 208.63589309631644 179.92538904046043 83.107496625544627 1.4686311636082789 0.42368746806391744 352.86520059511952
leaf_count=8551 95014 5508 48762 566692 27686 224334 392098 640774 36076 41754 19716 198 174 142370
internal_value=0.000701208 0.0106166 -0.0318077 -0.000870369 0.0134982 -0.000642604 0.010324 -0.00527096 -0.00185544 0.00311995 -0.0062634 0.0707078 0.120653 -0.00672375
internal_weight=1067.91 146.104 9.29253 921.802 136.812 918.618 91.4765 45.275 827.141 388.561 438.58 2.60749 1.89232 435.973
internal_count=2249707 176970 143776 2072737 33194 1506045 1257206 1032872 248839 77830 171009 8923 372 162086
is_linear=0
shrinkage=0.05


Tree=172
num_leaves=15
num_cat=0
split_feature=27 33 30 31 24 7 31 31 8 26 13 18 0 27
split_gain=7.47905 6.05581 5.02226 9.50317 5.35357 4.82621 4.70943 4.50522 5.60184 7.32413 4.27633 7.42687 7.00623 6.1506
threshold=3.1843570470809941 353.50000000000006 -0.29640902578830713 0.93137124180793773 1.0745273232460024 46.003782272338874 -0.96534135937690724 -1.3984320759773252 44.500000000000007 0.55050507187843334 0.40238095819950109 0.45654369890689855 0.61272767186164867 3.2228242158889775
decision_type=10 10 10 10 10 10 8 10 8 10 8 10 8 10
left_child=1 5 10 4 -4 -1 7 8 -6 -10 -2 12 13 -12
right_child=2 -3 3 -5 6 -7 -8 -9 9 -11 11 -13 -14 -15
leaf_value=-0.0018391559992453909 0.041360516350837151 -0.068185301959573591 -0.061244042158351379 -0.09066349220015299 -0.081228660605815128 0.015822304524345663 -0.005000757407657196 0.053397945849761513 0.044421031387149278 -0.088733237151791919 0.0011370812374339706 -0.041881872348622701 0.025852302571913913 -0.060435283941955457
leaf_weight=897.48985579170073 17.176951280738336 3.3738972981202542 2.916552257564816 2.7901806991784062 1.6087489422052392 40.422758553953031 25.678709085063986 8.9852889349560865 6.0816830205578762 1.2439639083697782 2.9953518916181618 5.5751234525814928 48.713588853863939 5.4102129219768855
leaf_count=1499387 12501 575574 88159 139 142 29007 3333 425 323 102 578 16054 3486 21206
internal_value=0.000229733 -0.00131851 0.0115115 -0.00103658 0.00433965 -0.00107797 0.00872693 0.0283986 0.00325676 0.0218102 0.0192575 0.0132018 0.0185782 -0.0235781
internal_weight=1070.46 941.287 129.176 49.3051 46.5149 937.913 43.5984 17.9197 8.9344 7.32565 79.8712 62.6943 57.1192 8.40556
internal_count=2250416 2103968 146448 92623 92484 1528394 4325 992 567 425 53825 41324 25270 21784
is_linear=0
shrinkage=0.05


Tree=173
num_leaves=15
num_cat=0
split_feature=24 8 11 17 16 21 12 1 12 12 16 23 17 30
split_gain=7.34408 5.61958 5.55747 5.75666 5.30991 4.3471 4.14408 4.23188 4.11615 5.29906 4.49052 5.78396 6.12367 5.70689
threshold=-0.559485763311386 15.500000000000002 0.52500000596046459 6.5235526561737069 1.7005987167358401 1.5000000000000002 0.19543650746345523 93.500000000000014 0.15894736349582675 0.1490740776062012 3.6242519617080693 35.500000000000007 6.1213951110839853 -0.47245465219020838
decision_type=8 8 8 10 8 10 10 10 10 10 10 8 8 10
left_child=-1 2 4 -4 -2 6 8 -8 9 10 11 13 -13 -3
right_child=1 5 3 -5 -6 -7 7 -9 -10 -11 -12 12 -14 -15
leaf_value=-0.070177679816931349 0.069668515611602908 0.0040090098513861369 0.029019832687469091 -0.086780981834680082 -0.0013656968567730418 -0.059727954711241982 0.037867557323923419 -0.082948084807120667 -0.052458213664499834 0.059234003320143558 -0.0052261076051062288 0.019281012498771861 -0.043793096564265187 -0.0085136425847159893
leaf_weight=3.790895630891896 2.748105975247678 246.9373232366124 37.33363134311 1.1049817944477656 61.646475531041702 3.2116627783382219 10.110393999738282 0.78078954741345619 3.9950562970217325 3.5663035916850268 476.65861575835731 62.124258666750137 4.1022287211144706 144.05496125996015
leaf_count=657935 234 48973 13166 118 21715 3981 5258 2196 5623 1800 876820 524522 68357 19313
internal_value=-0.000708615 -0.00045979 0.0106463 0.0256909 0.00166576 -0.001655 -0.00145915 0.0292063 -0.00181391 -0.00159808 -0.00183039 0.00170971 0.015374 -0.000604765
internal_weight=1062.17 1058.37 102.833 38.4386 64.3946 955.542 952.33 10.8912 941.439 937.444 933.877 457.219 66.2265 390.992
internal_count=2250011 1592076 35233 13284 21949 1556843 1552862 7454 1545408 1539785 1537985 661165 592879 68286
is_linear=0
shrinkage=0.05


Tree=174
num_leaves=15
num_cat=0
split_feature=24 27 30 16 14 31 18 31 2 23 30 3 18 8
split_gain=9.32303 4.3773 3.97851 4.05192 6.82689 8.05068 6.91937 6.69738 6.46588 6.26734 8.59807 6.98735 6.60071 8.50218
threshold=-0.087499387562274919 2.9892170429229741 -2.2323697805404659 3.5114340782165532 1.0000000180025095e-35 1.0116257071495058 0.12399988621473314 -2.3832328319549556 2.0754336118698125 35.500000000000007 -0.49462687969207758 0.116359680891037 0.15902552753686908 14.500000000000002
decision_type=8 10 8 10 10 8 10 8 10 8 10 8 10 10
left_child=-1 2 -2 9 5 6 -5 -8 -6 10 -4 -11 -12 -14
right_child=1 -3 3 4 8 -7 7 -9 -10 11 12 -13 13 -15
leaf_value=-0.06323775101318295 0.0233274759861723 0.0089029499651104866 0.006220785737987216 -0.087723875036788856 -0.0028275882147007279 -0.030077965815328286 -0.080684261865112461 0.0025848439617682292 0.020264065232925316 0.029641405683812412 -0.00418864557306327 -0.0069771945245261481 -0.019295688921373771 -0.092798477718416317
leaf_weight=5.7521409415114473 16.975014118982436 137.74411451011042 209.93190652335727 2.3580925193110565 358.62669009358945 49.051043352890062 2.5097322913698434 63.823417048643577 33.114159588392795 39.921602384018364 96.557413967176132 19.337241983767321 23.055918384839348 4.7437280740598728
leaf_count=941129 16478 70584 40857 9474 387822 141681 20443 170067 1105 66463 11074 365598 5605 1329
internal_value=0.000245058 0.000590283 -0.000654297 -0.0011051 -0.00404873 -0.014606 -0.00355771 -0.000565665 -0.000875633 0.00270569 4.90775e-05 0.0176921 -0.0103696 -0.0318382
internal_weight=1063.5 1057.75 920.006 903.031 509.483 117.742 68.6912 66.3331 391.741 393.548 334.289 59.2588 124.357 27.7996
internal_count=2249709 1308580 1237996 1221518 730592 341665 199984 190510 388927 490926 58865 432061 18008 6934
is_linear=0
shrinkage=0.05


Tree=175
num_leaves=15
num_cat=0
split_feature=32 16 1 3 4 17 8 27 30 31 30 24 18 31
split_gain=9.93775 7.97266 8.59237 8.22498 6.92205 6.5668 9.17262 5.58307 7.28865 5.78506 8.2145 5.63503 6.24832 5.45084
threshold=5.4183177947998056 3.5114340782165532 5.5000000000000009 0.1917570233345032 0.039702206850051887 4.7140145301818857 42.500000000000007 1.023424029350281 -0.31770950555801386 0.22317279875278476 -0.16339918226003644 1.2129694223403933 0.049741558730602271 -3.7003412246704097
decision_type=10 10 8 10 8 10 10 10 10 8 10 8 8 8
left_child=1 3 -3 7 5 6 13 8 -1 -9 -11 12 -10 -4
right_child=-2 2 4 -5 -6 -7 -8 9 11 10 -12 -13 -14 -15
leaf_value=0.0082566806646699725 -0.066181802873595041 0.004957022987657711 0.26382342214187487 -0.046904036911461722 -0.030715767179393838 -0.0038692706432396093 0.025709965293283704 0.031586160250075102 0.062052857974788628 0.012188784732713663 -0.060486529009422085 -0.012763885930846864 -0.0002221784872413618 -0.053058697918088399
leaf_weight=253.24118089392826 5.5718594468307847 210.20695956818699 0.13683961566894531 7.3312819009600494 29.996602153598815 321.35483227969507 5.19516154333727 40.346394006473233 5.4727173005442795 53.349352658885358 4.1938439446085232 87.822669920278926 15.256550154634322 16.422457505469254
leaf_count=93729 771466 13626 2972 236401 372761 423739 8736 23758 21748 16196 951 16915 158879 87765
internal_value=0.00041678 0.000770077 -0.00312776 0.00563858 -0.00768271 -0.00566902 -0.0322548 0.00647656 0.0036103 0.0170701 0.00689209 -0.00722926 0.016219 -0.0504401
internal_weight=1055.9 1050.33 583.313 467.014 373.106 343.109 21.7545 459.683 361.793 97.8896 57.5432 108.552 20.7293 16.5593
internal_count=2249642 1478176 909599 568577 895973 523212 99473 332176 291271 40905 17147 197542 180627 90737
is_linear=0
shrinkage=0.05


Tree=176
num_leaves=15
num_cat=0
split_feature=29 8 18 12 1 18 10 0 1 8 18 8 17 31
split_gain=6.25841 4.31788 4.8181 5.72834 4.17794 8.75348 5.1893 4.61695 4.17457 4.18229 3.89539 3.81018 3.85664 3.73919
threshold=-0.63218164443969715 162.50000000000003 0.28128996491432195 0.07619738951325418 20.500000000000004 0.041181316599249847 0.019321458414196972 0.60979849100112926 116.50000000000001 101.50000000000001 1.0776058435440066 158.50000000000003 3.5114340782165532 -1.7989253997802732
decision_type=8 8 10 8 10 10 10 10 8 8 10 8 10 8
left_child=-1 2 4 8 6 -6 -2 -8 9 10 -4 12 -5 -9
right_child=1 -3 3 11 5 -7 7 13 -10 -11 -12 -13 -14 -15
leaf_value=-0.067503897337751959 0.048606223600800774 -0.001597839020910864 0.025903110887958266 -0.085452863495362796 0.050717996526280812 -0.027014732185857648 -0.039555407595892045 -0.012805068385560427 0.066624479425918551 -0.081683132044627751 -0.046617920382537925 0.068253861571230826 -0.010693135042331024 0.016379952875563424
leaf_weight=3.4377177563933481 10.568434989853342 834.97875925962956 13.158092958111071 1.7767558208990966 4.6946967079153579 15.84618300922868 4.1858534193804493 6.6262439678654914 3.8307166665036361 1.1881227211350331 2.1549204212023438 1.4826373493801188 59.335508671090672 103.45927634697176
leaf_count=642371 63353 1370197 3115 3546 4044 28165 1487 2040 27208 1497 1267 1946 94490 4998
internal_value=-0.000149498 6.8266e-05 0.00616164 -0.00345568 0.0116475 -0.00924862 0.0150857 0.0119855 0.0196021 0.00868595 0.0156976 -0.0109452 -0.0128667 0.0139453
internal_weight=1066.72 1063.29 228.307 82.9268 145.381 20.5409 124.84 114.271 20.3319 16.5011 15.313 62.5949 61.1123 110.086
internal_count=2249724 1607353 237156 133069 104087 32209 71878 8525 33087 5879 4382 99982 98036 7038
is_linear=0
shrinkage=0.05


Tree=177
num_leaves=15
num_cat=0
split_feature=27 27 24 31 30 31 25 17 17 16 30 24 1 4
split_gain=5.33937 5.92989 4.86698 4.7857 7.34187 7.25058 12.2452 7.00996 8.72667 7.61045 6.7645 6.43038 6.74823 7.47535
threshold=7.2879035472869882 10.418235778808596 -0.559485763311386 4.827775478363038 -1.3264239430427549 3.7123802900314335 4.5000000000000009 5.8036265373229989 5.5965666770935067 4.7578821182250985 -1.2101065516471861 1.5480935573577883 253.50000000000003 0.019898116588592533
decision_type=10 10 8 10 8 10 8 10 8 10 8 10 10 8
left_child=2 -2 -1 4 -4 -6 7 8 9 10 -7 -5 13 -13
right_child=1 -3 3 11 5 6 -8 -9 -10 -11 -12 12 -14 -15
leaf_value=-0.066909635959812294 0.032846309075773565 -0.0047557337714525657 0.013807456552153798 0.041080688498077549 -0.00094701086543436401 -0.1084499869121912 -0.10267062824534035 0.01777701341240176 -0.11369108492019993 0.079505808760830521 -0.0090331528255657295 -0.018337114109203065 0.038034280283994727 -0.074427961721091132
leaf_weight=2.8284580709366498 24.309816309614007 18.436666115181083 82.585555956384241 4.4403822478787296 843.35272892923683 2.2886430865708718 4.4541044753308929 10.713272224648845 2.8724309629250806 1.7594457959568792 6.7793901406565045 33.892391206468346 4.2471934552295343 7.202300008113709
leaf_count=637089 22089 16512 143962 3984 1419515 515 512 498 289 135 391 1903 61 2611
internal_value=-0.000679305 0.0166285 -0.0014137 -0.0012293 -0.000441294 -0.00179043 -0.0264307 -0.0125209 -0.0362138 -0.0156598 -0.0341246 -0.0163429 -0.0219665 -0.0281677
internal_weight=1050.16 42.7465 1007.42 1004.59 954.806 872.22 28.8673 24.4132 13.6999 10.8275 9.06803 49.7823 45.3419 41.0947
internal_count=2250066 38601 2211465 1574376 1565817 1421855 2340 1828 1330 1041 906 8559 4575 4514
is_linear=0
shrinkage=0.05


Tree=178
num_leaves=15
num_cat=0
split_feature=28 33 30 31 3 30 1 16 17 1 1 32 33 18
split_gain=5.57535 4.80116 4.68922 14.3765 10.3911 7.51454 6.22673 5.71856 9.11377 5.64155 5.33124 5.17527 4.85627 4.8116
threshold=3.5000000000000004 353.50000000000006 -1.188952565193176 3.2219190597534184 0.083792626857757582 -1.0459934473037718 88.500000000000014 2.2499048709869389 5.3821961879730233 95.500000000000014 72.500000000000014 5.1149907112121591 299.50000000000006 0.1672443822026253
decision_type=10 10 8 10 10 10 8 8 10 8 10 8 10 8
left_child=1 2 7 -4 13 9 10 8 -1 -6 -7 -9 -13 -5
right_child=-2 -3 3 4 5 6 -8 11 -10 -11 -12 12 -14 -15
leaf_value=0.04688570859227946 0.017344123728135874 -0.06562144958292257 -0.00068117019025164824 -0.11253107965037223 -0.079434310479294612 -0.055771564484766646 -0.097232551774673492 0.0034801547090048488 -0.09056078500085063 0.01808141007628861 0.039105944277704058 0.26652088985252859 -0.050558939573652754 -0.04752035172778224
leaf_weight=14.559503106896345 44.33784514249453 2.8460539940369918 793.33297085453364 4.0921524026289733 1.6538179999556657 3.520918263904151 3.836813736949396 156.70132230027104 1.3149947498473213 14.373504255774625 2.5550649527383484 0.35538391115840795 0.18290343056623115 9.3475486536666494
leaf_count=7619 3896 641106 1431893 125 96 75 944 144157 3145 2869 76 1339 12454 199
internal_value=-9.00031e-06 -0.000771785 -0.000588288 -0.00214489 -0.0316325 -0.0131452 -0.0473642 0.00689927 0.0355001 0.00801901 -0.0158738 0.00401181 0.158781 -0.067315
internal_weight=1053.01 1008.67 1005.83 832.713 39.3798 25.9401 9.9128 173.114 15.8745 16.0273 6.07598 157.24 0.538287 13.4397
internal_count=2249993 2246097 1604991 1436277 4384 4060 1095 168714 10764 2965 151 157950 13793 324
is_linear=0
shrinkage=0.05


Tree=179
num_leaves=15
num_cat=0
split_feature=27 25 24 13 13 12 13 3 1 32 3 30 31 24
split_gain=6.87566 6.87517 5.59569 4.8181 6.89494 5.40196 10.7055 5.3724 5.433 5.03271 6.60298 11.0023 6.88026 5.27357
threshold=7.2879035472869882 1.5000000000000002 -0.14433341473340985 0.053342817351222045 0.039230769500136382 0.062996033579111113 0.14087302237749103 0.17273622751235965 113.50000000000001 3.4498615264892583 0.09243676066398622 -0.95078188180923451 2.3493103981018071 1.399136006832123
decision_type=10 10 8 10 10 8 8 10 10 10 10 8 10 8
left_child=2 -2 -1 4 -4 -5 -7 8 9 -8 11 12 -11 -13
right_child=1 -3 3 5 -6 6 7 -9 -10 10 -12 13 -14 -15
leaf_value=-0.059198562002498151 0.054305940711452554 0.008363135911641055 -0.0012075261063463642 0.030009985633872638 -0.07987847787009611 -0.042773831455167118 0.0064942530326623574 0.064515710269122298 -0.059080920783440044 1.3878042809529916 -0.015420326984919443 0.077397477437082973 -0.050366650014585346 0.32441128022536181
leaf_weight=4.0437216804787575 10.834294720509275 32.782304191657019 901.98096986319229 25.199517041108098 2.7937334855006375 10.828847776576824 59.63055440525094 4.3376317148546795 2.96421086345996 0.027125254342095673 1.5951641477484946 2.2003845258740879 0.011993068600069989 0.23960242616794936
leaf_count=880647 4465 34230 1232325 23373 4260 14074 7644 25914 9119 44 9981 3429 156 99
internal_value=0.000336317 0.0197753 -0.000498312 -0.000263715 -0.00145044 0.00976779 0.00353463 0.0105969 0.00708881 0.0101677 0.0639321 0.114991 0.946883 0.101654
internal_weight=1059.47 43.6166 1015.85 1011.81 904.775 107.035 81.8355 71.0067 66.669 63.7048 4.07427 2.47911 0.0391183 2.43999
internal_count=2249760 38695 2211065 1330418 1236585 93833 70460 56386 30472 21353 13709 3728 200 3528
is_linear=0
shrinkage=0.05


Tree=180
num_leaves=15
num_cat=0
split_feature=27 25 7 18 18 16 23 14 15 4 18 17 23 18
split_gain=9.07239 7.83175 5.4198 5.20907 3.61619 3.37589 5.18411 5.20196 6.7591 6.01295 5.25356 7.08556 8.03321 5.22573
threshold=9.0506606101989764 1.5000000000000002 163.45825958251956 0.25731605291366583 0.24638725072145465 2.6020033359527592 89.500000000000014 1.0000000180025095e-35 1.0000000180025095e-35 0.00037497282028198248 0.15310224890708926 5.2806591987609872 4.5000000000000009 0.26040723919868475
decision_type=10 10 10 10 10 8 8 8 8 8 8 10 10 10
left_child=2 -2 5 4 -3 6 7 8 -1 -10 11 12 -9 -12
right_child=1 3 -4 -5 -6 -7 -8 10 9 -11 13 -13 -14 -15
leaf_value=-0.045978522486287463 0.077423949956319779 0.020067381271518196 0.060548615260842924 -0.018222132737692794 0.085199240628555661 -0.0026400705842032084 0.029462694735186243 -0.01109820755870479 -0.086340146174819443 0.022004702589944795 0.029462694735186243 0.0043160940393164446 -0.075780481659369264 -0.091151826373744388
leaf_weight=4.379191205128464 6.0423547928823984 12.812745037203465 3.5175362653775428 8.3174468015386918 2.5562759315492682 902.60511115479062 13.833914882131138 11.519274106166231 1.3175179779303565 45.693861111984234 6.6242294972718261 19.724029520029546 8.2294976345798556 0.89831501054601393
leaf_count=2271 1197 4947 2923 17406 243 2038912 141237 476 154 21121 2051 5404 11248 1097
internal_value=-0.000613637 0.026613 -0.00140847 0.0136512 0.0309005 -0.00162323 0.00655545 0.00243948 0.0134339 0.0189683 -0.00958321 -0.0168812 -0.0380519 0.0287112
internal_weight=1048.07 29.7288 1018.34 23.6865 15.369 1014.82 112.22 98.3859 51.3906 47.0114 46.9953 39.4728 19.7488 7.52254
internal_count=2250687 23793 2226894 22596 5190 2223971 185059 43822 23546 21275 20276 17128 11724 3148
is_linear=0
shrinkage=0.05


Tree=181
num_leaves=15
num_cat=0
split_feature=9 16 18 16 31 22 12 1 10 1 30 8 24 0
split_gain=6.70159 5.30868 4.47725 8.9296 6.51692 5.36868 5.10275 7.02781 13.7684 9.79342 7.23361 6.87117 6.64937 5.09227
threshold=0.99919417500495922 2.5249279737472539 0.49719092249870306 4.388237953186036 3.2919197082519536 0.7193230688571931 0.15301003307104113 22.500000000000004 0.020383813418447975 10.500000000000002 -2.2323697805404659 33.500000000000007 2.3125263452529912 0.62442222237586986
decision_type=10 8 10 8 8 10 10 10 8 10 10 8 10 8
left_child=2 -2 -1 4 5 -4 7 9 -9 10 -5 -11 -10 -8
right_child=1 -3 3 6 -6 -7 13 8 12 11 -12 -13 -14 -15
leaf_value=0.0015366602493365805 0.072840677170209547 0.015167301029534589 -0.050410458336725875 0.047452699386147545 -0.089096605521863312 -0.0044916183678492469 -0.091659717205980706 0.044738126087576047 -0.062280522084045144 -0.10159815340672512 -0.012291600792715393 0.048101657817672207 0.018849816568090358 0.060121240645830902
leaf_weight=912.81429221300857 4.8288800776225598 22.968623792516951 10.528181802270735 5.6740167609686472 4.2834025458447291 16.09885526438029 0.61749913457367966 5.0901132777272293 14.835244429723049 0.81057125512282091 47.313531305329072 14.107240088533771 3.0436960473716672 5.2585566307660763
leaf_count=1556445 300 4106 179441 13398 10077 628 6654 20558 124497 616 324157 7287 131 1530
internal_value=0.000957374 0.0251861 0.000310075 -0.00846038 -0.0318558 -0.0226477 -0.000985865 -0.00390576 -0.0278136 0.00418108 -0.00589406 0.0399676 -0.048469 0.044171
internal_weight=1068.27 27.7975 1040.48 127.661 30.9104 26.627 96.7505 90.8744 22.9691 67.9054 52.9875 14.9178 17.8789 5.87606
internal_count=2249825 4406 2245419 688974 190146 180069 498828 490644 145186 345458 337555 7903 124628 8184
is_linear=0
shrinkage=0.05


Tree=182
num_leaves=15
num_cat=0
split_feature=27 30 0 7 12 16 1 11 30 25 27 14 29 8
split_gain=5.09501 4.59244 5.31024 4.54476 4.12981 4.16931 6.66841 5.94409 4.75924 3.98322 5.38181 3.73804 6.49425 6.38234
threshold=7.2879035472869882 -2.2323697805404659 0.50977239012718212 124.41376876831056 0.19543650746345523 2.5249279737472539 2.5000000000000004 1.0000000180025095e-35 -0.73438644409179676 1.5000000000000002 9.0506606101989764 1.0000000180025095e-35 3.1427326202392583 109.50000000000001
decision_type=10 8 8 10 10 8 10 8 8 8 10 10 8 10
left_child=1 -1 -3 4 5 6 -4 8 -8 10 -2 12 13 -7
right_child=9 2 3 -5 -6 11 7 -9 -10 -11 -12 -13 -14 -15
leaf_value=0.025032536284333842 0.002586886962074235 -0.045024876634815747 0.019841784021524717 0.040651427627937858 0.019841784021524717 -0.022857192174874887 0.019841784021524717 -0.022857192174874887 -0.0084525908545156816 0.0081128691469187358 0.073330969450827427 -0.00030812241000377993 -0.0023862656768868997 0.019841784021524717
leaf_weight=17.24487478295876 4.7040810077049073 6.8004032050977834 38.533367136490959 6.6035277248637376 11.592552372515341 69.2635181916596 16.728980807964803 19.967010120493079 19.950038415583009 32.000083838672602 6.2738325325374973 615.51553755483496 183.05906462300857 6.1486113394892206
leaf_count=17747 3281 723710 37585 2779 6959 628148 2382 20025 38274 34172 1205 631411 35095 67353
internal_value=0.000167443 -0.000549035 -0.000992776 -0.000689508 -0.00096786 -0.00134486 0.00859279 -0.0026731 0.00930358 0.0170284 0.0430168 -0.0024271 -0.00747317 -0.0198214
internal_weight=1054.39 1011.41 994.163 987.362 980.759 969.166 95.1794 56.646 36.679 42.978 10.9779 873.987 258.471 75.4121
internal_count=2250126 2211468 2193721 1470011 1467232 1460273 98266 60681 40656 38658 4486 1362007 730596 695501
is_linear=0
shrinkage=0.05


Tree=183
num_leaves=15
num_cat=0
split_feature=30 16 11 24 23 0 32 1 24 2 3 4 12 31
split_gain=5.02145 4.78063 6.72997 7.58087 9.98058 6.11382 5.81551 12.3667 6.46285 5.73866 5.99675 5.67568 5.27794 5.26966
threshold=-1.9750727415084837 2.6020033359527592 inf 1.1609899997711184 7.5000000000000009 0.65789982676506054 1.0000000180025095e-35 51.500000000000007 2.3125263452529912 0.59393435716629039 0.1699083745479584 0.0047758221626281747 0.12613636255264285 0.59471163153648388
decision_type=8 8 8 10 10 8 8 10 8 8 8 10 8 8
left_child=-1 2 13 -4 12 6 7 8 -3 10 -7 -12 -5 -2
right_child=1 5 3 4 -6 9 -8 -9 -10 -11 11 -13 -14 -15
leaf_value=0.020074110715496488 0.033897300986774986 -0.079382521262678363 0.037318836493731931 -0.09660670510407196 -0.057312127437934825 0.058516033303421769 -0.0042510834284524169 -0.0028642343395040648 -0.025897049368014222 0.0012653595212910337 0.88309487865725489 -0.0028642343395040648 0.0085765502769704054 0.0068492851081132598
leaf_weight=32.563311595925157 32.399206208724451 10.233826624688907 7.8160472790020199 1.2691725083370782 10.571148878539601 3.092458082601834 232.18555092973537 18.413585377478739 12.604064212282539 642.24851937210826 0.043016403913497814 0.025902765760989155 19.779216482534601 40.538804495487398
leaf_count=36014 60778 187 53316 77 5027 2026 1837733 176 169 192228 44 390 884 60936
internal_value=0.000742436 0.000131991 0.00986678 -0.00677414 -0.0176735 -0.00105856 -0.00732461 -0.0246241 -0.0498643 0.00159614 0.0687964 0.530084 0.00223423 0.0188641
internal_weight=1063.78 1031.22 112.374 39.4356 31.6195 918.847 273.437 41.2515 22.8379 645.41 3.16138 0.0689192 21.0484 72.938
internal_count=2249985 2213971 181018 59304 5988 2032953 1838265 532 356 194688 2460 434 961 121714
is_linear=0
shrinkage=0.05


Tree=184
num_leaves=15
num_cat=0
split_feature=7 16 18 22 27 31 17 18 1 18 1 3 31 12
split_gain=6.90348 3.82357 6.43643 4.75747 5.14035 4.60083 3.95848 3.36373 3.32791 4.9034 3.8569 7.09301 5.37438 4.44964
threshold=46.003782272338874 2.6020033359527592 0.031605953350663192 0.56555882096290599 3.2206757068634038 -2.5045343637466426 4.2413008213043222 0.049741558730602271 4.5000000000000009 0.051675658673048026 71.500000000000014 0.11280322074890138 1.519670367240906 0.097167581319808974
decision_type=10 8 8 8 8 8 8 8 10 10 10 10 8 8
left_child=1 -1 -3 4 5 -4 -5 -2 9 -8 12 -12 13 -10
right_child=7 2 3 6 -6 -7 8 -9 10 -11 11 -13 -14 -15
leaf_value=0.0072623310972465454 0.049831556017890036 -0.068169593868990228 -0.010984393022291898 -0.010984393022291898 -0.010984393022291898 -0.054701347466777031 -0.010984393022291898 0.011871266922929471 -0.010984393022291898 0.0048620473941501071 0.0072623310972465454 -0.010984393022291898 -0.010984393022291898 0.0041999919689254929
leaf_weight=109.86466172471238 6.5169098884505363 3.7055982414397368 3.6989407739937183 31.810552041780312 15.587118586854201 14.360321411960706 14.379991137015905 55.839138959787753 35.323338417547461 315.39957365417723 94.069568438738131 40.243163947193594 168.46859827921259 143.31075040068379
leaf_count=179861 10575 6541 151494 18954 470172 1009956 8585 78262 14915 157535 23697 69741 7662 42245
internal_value=-0.000297752 -0.00131388 -0.00241177 -0.00213382 -0.0205708 -0.0406966 -0.00139795 0.0158385 -0.000606377 0.003263 -0.00325698 0.0039375 -0.00604092 9.26155e-05
internal_weight=1052.58 990.222 880.358 876.652 33.6464 18.0593 843.006 62.356 811.195 329.78 481.415 134.313 347.103 178.634
internal_count=2250195 2161358 1981497 1974956 1631622 1161450 343334 88837 324380 166120 158260 93438 64822 57160
is_linear=0
shrinkage=0.05


Tree=185
num_leaves=15
num_cat=0
split_feature=33 8 26 30 7 7 18 4 8 22 17 14 18 30
split_gain=3.71631 3.67096 3.91505 6.5189 4.24428 3.69906 4.74168 3.72355 3.62634 3.57773 5.29484 4.78145 3.49023 3.12174
threshold=449.50000000000006 1.5000000000000002 0.41421568393707281 0.46297782659530645 4.2089245319366464 11.062351703643801 0.62907010316848766 0.0025076568126678471 99.500000000000014 0.65644097328186046 3.7012257575988774 1.0000000180025095e-35 0.17584312707185748 -1.0000000180025095e-35
decision_type=10 8 10 10 8 10 8 8 8 10 10 8 10 8
left_child=1 9 4 5 -3 6 8 -7 -4 10 -1 12 -11 -12
right_child=-2 2 3 -5 -6 7 -8 -9 -10 11 13 -13 -14 -15
leaf_value=-0.2629585896875441 -0.10253200658216668 -0.098117132662654552 -0.076302742352776398 -0.052480534112384382 -0.0013044838266840243 0.071974384824731494 -0.054615610207563219 0.020858488344839055 0.013050182291266582 0.050382991728681548 0.0068513756387854098 0.059368818225094183 0.0068513756387854098 -0.049334404323930978
leaf_weight=0.20705637364088403 0.88615703543200552 1.1334264523910205 1.1686019585599208 3.8467958028664517 957.29120733199341 4.4569963134020005 2.9969560159549067 17.756935637617506 40.101128475128988 4.6799596582932308 3.7206394923507418 7.6638145402284854 9.0605598582842486 2.822292607581403
leaf_count=156 222265 8861 332 19434 1950386 750 14097 7667 22155 349 859 449 524 1743
internal_value=-0.000181768 -9.59531e-05 -0.000583435 0.0108033 -0.00141897 0.0144651 0.00611021 0.0311144 0.01052 0.0177165 -0.014023 0.0277258 0.0100768 -0.00614526
internal_weight=1057.79 1056.91 1028.75 70.3274 958.425 66.4806 44.2667 22.2139 41.2697 28.1543 6.74999 21.4043 13.7405 6.54293
internal_count=2250027 2027762 2023682 64435 1959247 45001 36584 8417 22487 4080 2758 1322 873 2602
is_linear=0
shrinkage=0.05


Tree=186
num_leaves=15
num_cat=0
split_feature=10 27 30 3 7 30 30 30 25 31 8 29 0 4
split_gain=5.14707 4.66217 5.29055 4.85995 5.03199 4.11668 7.99374 4.15423 3.87766 6.84177 3.84412 3.6539 11.2768 7.03968
threshold=0.0050378153100609788 3.1843570470809941 -1.9750727415084837 0.20022085309028628 46.003782272338874 -1.0301067829132078 -0.99640655517578114 -0.95078188180923451 1.5000000000000002 1.0000000180025095e-35 8.5000000000000018 2.1270071268081669 0.59696981310844432 0.018230646848678592
decision_type=8 10 8 10 10 8 8 8 10 8 10 8 8 10
left_child=-1 2 -2 4 8 -3 -7 -8 11 -10 -6 -4 13 -13
right_child=1 5 3 -5 10 6 7 -9 9 -11 -12 12 -14 -15
leaf_value=-0.083048792845167502 0.01967199968204025 0.02840296196400633 0.0069538880127920019 -0.035339043727683761 0.029130097009561724 -0.083143799372076721 0.07109692257745942 0.0053562984291582842 0.0071288578495230723 -0.070779295857388583 0.0071288578495230723 -0.064575501780912467 -0.002129469862417359 -0.020336328577794636
leaf_weight=1.8702131752472824 29.14209003057967 22.233738656171642 100.2971970098739 10.784846823328733 26.633528000177932 2.524530619392479 2.4601096799388245 103.61316812920046 4.1052183407080882 5.4870393013851828 9.8209257267223489 12.705443319339105 706.40954116787373 9.2158446218979417
leaf_count=201765 33421 13453 850094 852189 5630 927 1414 119685 12743 8517 15898 13097 103814 17906
internal_value=-0.000175179 -2.69235e-05 -0.00128979 -0.00197968 -0.00156835 0.00880135 0.00478822 0.00688099 -0.00235924 -0.0339671 0.016617 -0.00199334 -0.00322545 -0.0385432
internal_weight=1047.3 1045.43 914.602 885.46 874.675 130.832 108.598 106.073 838.22 9.59226 36.4545 828.628 728.331 21.9213
internal_count=2250553 2048788 1913309 1879888 1027699 135479 122026 121099 1006171 21260 21528 984911 134817 31003
is_linear=0
shrinkage=0.05


Tree=187
num_leaves=15
num_cat=0
split_feature=8 2 22 16 26 30 31 13 31 18 31 30 30 30
split_gain=5.37083 5.9045 4.38836 7.90223 4.24679 7.32082 5.12938 3.57919 5.38404 5.51194 5.24623 6.72152 6.25735 8.82874
threshold=1.5000000000000002 2.0754336118698125 0.68421930074691784 4.0163424015045175 0.41421568393707281 0.3086772114038468 -1.3109155297279356 0.001508420624304563 -1.8982323408126829 0.072133466601371779 4.827775478363038 -1.1128952503204343 0.064109258353710188 -0.17323825508356092
decision_type=8 10 10 10 10 10 8 10 8 8 10 8 10 10
left_child=1 -1 -3 -4 7 6 -6 -2 9 -9 11 -10 13 -13
right_child=4 2 3 -5 5 -7 -8 8 10 -11 -12 12 -14 -15
leaf_value=0.052037751916107766 -0.0026676628977018832 -0.051528787357758288 0.044808815583516182 -0.017961902055138951 0.074290605387432374 -0.04167982642140141 0.012922821062550686 0.034594053260501446 0.04489059910991141 -0.082623197720046171 -0.086135937226708009 0.0059149197999599119 0.025221699111933862 -0.042857241948780329
leaf_weight=10.141145262192952 849.20829824272153 2.9640796230814894 8.9079194573168916 4.7093582991510639 3.6183410988460878 5.9202865401282514 57.766396569732414 1.4643565584375879 12.571635545299651 3.1826291576009602 1.4196722372388126 50.117206663270188 28.514121701387893 11.38711673706303
leaf_count=3071 1994871 162 810 297 87 26151 48477 1112 14203 24228 436 56929 60210 19154
internal_value=-0.000144505 0.0219846 0.00360417 0.015605 -0.000721333 0.011419 0.0165402 -0.00157438 0.00697017 -0.0456857 0.00932275 0.0106437 0.00586095 -0.00311492
internal_weight=1051.89 26.7225 16.5814 13.6173 1025.17 67.305 61.3847 957.865 108.657 4.64699 104.01 102.59 90.0184 61.5043
internal_count=2250198 4340 1269 1107 2245858 74715 48564 2171143 176272 25340 150932 150496 136293 76083
is_linear=0
shrinkage=0.05


Tree=188
num_leaves=15
num_cat=0
split_feature=27 18 1 27 0 18 22 30 3 23 30 11 13 17
split_gain=4.59819 4.10283 6.28595 5.23282 8.64569 4.94408 6.43787 8.86374 6.17703 6.38424 7.01174 8.61723 11.5272 7.19362
threshold=2.6893538236618046 0.11315387114882471 186.50000000000003 1.023424029350281 0.63271340727806102 0.10042754560709001 0.75462436676025402 -0.90634799003601063 0.1917570233345032 23.500000000000004 -0.036691468209028237 1.0000000180025095e-35 0.23904761672019961 5.1789667606353769
decision_type=10 10 10 8 10 10 10 10 10 10 10 8 10 8
left_child=1 5 -3 -4 -5 8 7 -7 9 10 13 -12 -13 -1
right_child=-2 2 3 4 -6 6 -8 -9 -10 -11 11 12 -14 -15
leaf_value=-0.022152721292603251 0.0089077819387892009 -0.002220020864678476 -0.055614445284602465 -0.050168651558911641 0.060015142965888904 0.021876229817588452 0.040330195150471732 -0.021064043651780662 -0.054936570679693403 0.018221616418267358 0.0098072885230410852 -0.073978484069880043 0.055771457318671482 0.0059432621895556302
leaf_weight=26.945435635373826 142.86537857156372 594.69138758587326 10.249267179981228 3.9058547298258377 3.2715762713701793 11.383111459544571 20.082053423480829 17.318917979357092 4.8029362538502189 50.237257313769646 8.8443248113543138 11.128228502657974 2.0229567460410172 147.4590181656244
leaf_count=4008 177114 1479523 86262 36280 3674 12823 232 45480 219244 169243 2192 1767 60 11326
internal_value=0.000566944 -0.000739164 -0.00308738 -0.0326863 5.47066e-05 0.00404855 0.0186155 0.00342226 0.00122229 0.00231591 -0.00175262 -0.0283552 -0.0540199 0.00160244
internal_weight=1055.21 912.342 612.118 17.4267 7.17743 300.224 48.7841 28.702 251.44 246.637 196.4 21.9955 13.1512 174.404
internal_count=2249228 2072114 1605739 126216 39954 466375 58535 58303 407840 188596 19353 4019 1827 15334
is_linear=0
shrinkage=0.05


Tree=189
num_leaves=15
num_cat=0
split_feature=9 16 17 22 17 27 4 25 24 26 18 16 24 3
split_gain=4.28748 6.00592 4.45809 4.52734 5.36847 3.8598 3.97633 3.91315 3.50107 3.31294 3.11256 3.15886 3.49277 4.30556
threshold=0.99919417500495922 2.1383330821990971 5.9309172630310067 0.68421930074691784 3.7012257575988774 9.0506606101989764 0.0025076568126678471 3.5000000000000004 -0.559485763311386 0.42261904478073126 3.7788928747177128 6.310826539993287 1.2129694223403933 0.073213517665863051
decision_type=10 8 10 8 10 10 10 10 8 10 10 10 8 8
left_child=5 -2 3 4 -3 7 -7 8 -1 -5 11 -10 -13 -14
right_child=1 2 -4 9 -6 6 -8 -9 10 -11 -12 12 13 -15
leaf_value=-0.069154567802643604 0.087884799581355103 -0.26062977962656925 0.063211086113353618 0.027082610908580846 -0.029329124710926548 0.057535555424375898 0.007552547005949809 -0.066786749718016458 -0.0010041090595218076 -0.01515207871508677 -0.080729345617830683 0.081355762254990541 0.07116201064708548 -0.070637281730899046
leaf_weight=1.8828737053947695 2.8582824962371758 0.26828010117200829 3.5405727581542683 12.713482403647058 3.8641644162754645 5.404034762480161 15.089632542484287 2.2682334177837893 988.09842769743466 4.1779176221280059 1.2198407554341191 2.4493574800265483 0.98515027112262066 1.1724228506854499
leaf_count=640477 152 174 611 882 2225 1913 21112 8024 1554777 331 14003 4457 37 629
internal_value=-0.000221763 0.0192878 0.0113059 0.00256469 -0.0443453 -0.000747014 0.0207327 -0.00118806 -0.00103864 0.0140411 -0.000909603 -0.00081152 0.040495 -0.00589157
internal_weight=1045.99 27.4227 24.5644 21.0238 4.13244 1018.57 20.4937 998.076 995.808 16.8914 993.925 992.705 4.60693 2.15757
internal_count=2249804 4375 4223 3612 2399 2245429 23025 2222404 2214380 1213 1573903 1559900 5123 666
is_linear=0
shrinkage=0.05


Tree=190
num_leaves=15
num_cat=0
split_feature=13 31 18 18 18 4 4 30 31 24 22 13 25 16
split_gain=4.4705 5.20974 5.50199 4.96918 7.69952 7.56693 9.08288 6.36405 7.52115 5.96671 5.41814 4.92563 4.78305 4.56066
threshold=0.0008991008799057455 -1.8982323408126829 0.072133466601371779 0.68834188580513012 0.83623212575912487 0.0058117508888244638 0.014582753181457521 -1.0000000180025095e-35 -3.7003412246704097 2.3125263452529912 0.7193230688571931 1.0000000180025095e-35 4.5000000000000009 4.7229433059692392
decision_type=10 8 8 10 10 10 8 10 10 8 8 8 10 8
left_child=3 2 -2 9 5 -5 13 10 11 -1 -6 -9 -8 -7
right_child=1 -3 -4 4 7 6 12 8 -10 -11 -12 -13 -14 -15
leaf_value=-0.002184969439602866 0.044122948945702116 0.011842661113991723 -0.080469273712295716 -0.090211927700927258 -0.024537717978434948 -0.066409637679756828 -0.054843435796348629 0.26199040002038693 -0.058097450257290566 0.0072962872821787182 0.01710633223975663 -0.07821855633651642 0.13412496676423977 0.061342660242316355
leaf_weight=651.69650426038038 1.248959935394286 109.51615388252506 3.049832313512725 5.4532818391352729 10.87283749889947 0.86107872543145392 9.4586761092140801 0.31555502887894615 7.0009627897023847 222.62141354739492 27.732510736071461 0.1605098642991577 0.34715273753420106 3.7023895223022563
leaf_count=1574168 1146 156686 24986 16321 158303 7562 61056 1560 177337 53727 5646 5012 469 6784
internal_value=0.00036413 0.00972326 -0.0442706 -0.000768803 -0.0140083 -0.0400657 -0.0210347 -0.00279963 -0.0450206 0.000229176 0.00537767 0.147286 -0.0481534 0.0372371
internal_weight=1054.04 113.815 4.29879 940.223 65.905 19.8226 14.3693 46.0824 7.47703 874.318 38.6053 0.476065 9.80583 4.56347
internal_count=2250763 182818 26132 2067945 440050 92192 75871 347858 183909 1627895 163949 6572 61525 14346
is_linear=0
shrinkage=0.05


Tree=191
num_leaves=15
num_cat=0
split_feature=16 10 12 4 27 18 13 17 33 27 16 28 33 18
split_gain=5.0419 4.2847 4.23671 4.6695 4.13957 3.87381 3.44524 5.79327 5.81244 5.70024 4.60979 4.55718 4.23169 3.4797
threshold=6.310826539993287 0.0050378153100609788 0.19543650746345523 0.0099922120571136492 2.6893538236618046 1.2117217779159548 0.15470086038112643 5.1503930091857919 45.500000000000007 10.165752410888674 3.5694335699081425 3.5000000000000004 54.500000000000007 0.21241230517625811
decision_type=10 8 10 10 10 10 8 8 10 10 10 8 10 10
left_child=1 -1 4 -4 -3 6 7 9 11 -6 -11 -9 -10 -8
right_child=-2 2 3 -5 5 -7 13 8 12 10 -12 -13 -14 -15
leaf_value=-0.081620397636846059 0.046799781225640227 -0.001555638151270129 0.059116811267657776 -0.00047305936605784166 0.058419280222622383 -0.072759066093182778 0.011497427921503107 -0.049612992199435602 0.25191194558254815 0.11517199582550369 -0.10119707530915145 0.027191934081105637 0.03352944450539757 -0.0068446481720962557
leaf_weight=1.6080424697770401 5.77058458477154 886.36028592587627 6.3448905403921714 6.8224146459732378 12.012493765921137 1.4777215212527881 74.286630784855049 4.7618512900224008 0.34446461895179048 0.32308259274884044 1.0340327900287709 3.2491439966411804 0.62308270733190696 39.663143595356843
leaf_count=200110 17564 1861151 2517 8805 7242 25486 43187 2047 290 39 415 299 16457 63860
internal_value=0.000192426 -6.64522e-05 5.99739e-05 0.0282413 -0.000302354 0.00776048 0.00863346 0.0265837 -0.004481 0.0474457 -0.049687 -0.018462 0.111278 0.005113
internal_weight=1044.68 1038.91 1037.3 13.1673 1024.14 137.776 136.298 22.3482 8.97854 13.3696 1.35712 8.011 0.967547 113.95
internal_count=2249469 2231905 2031795 11322 2020473 159322 133836 26789 19093 7696 454 2346 16747 107047
is_linear=0
shrinkage=0.05


Tree=192
num_leaves=15
num_cat=0
split_feature=9 31 23 33 32 31 29 33 22 0 16 16 10 15
split_gain=3.71264 3.77013 6.01408 3.62554 3.47969 5.4588 4.95158 9.36681 5.64015 4.65722 4.56612 5.66015 4.17849 4.79279
threshold=0.99919417500495922 -3.094423651695251 40.500000000000007 449.50000000000006 3.3140207529067998 -0.89181503653526295 0.85134559869766246 85.500000000000014 0.68421930074691784 0.7205985188484193 5.4951148033142099 5.5073599815368661 0.015847115777432922 1.0000000180025095e-35
decision_type=10 8 10 10 10 10 8 10 10 10 10 10 10 8
left_child=1 2 -1 4 6 9 8 -8 -3 -6 -9 -12 13 -7
right_child=-2 3 -4 -5 5 12 7 10 -10 -11 11 -13 -14 -15
leaf_value=-0.095453827901599286 0.018299914414827 -0.064563622641302151 -0.0057538516107971437 -0.11456565958239764 -0.041746200467929699 0.036407454440151803 -0.0015910593312676844 -0.074539226536533151 0.095338430720269512 0.1913079635549518 0.42842848908636572 -0.064736046234954589 0.051641646606597924 0.0035232754313659445
leaf_weight=2.7285348088538504 25.091710024705208 0.70696485660917607 5.9293417845221414 0.70088977894704285 6.8016563793104003 13.063791366997435 897.703637491211 5.5561048241478366 2.5073078783309484 0.22134041700701335 0.10293149845819005 0.13382554278808811 6.0090348658621044 72.980737732473102
leaf_count=3735 4431 3373 117025 222147 489912 164877 218690 11027 360 776 17 429 11835 1000042
internal_value=-0.000699679 -0.0011693 -0.0340229 -0.00088669 -0.000807472 0.00808938 -0.00177963 -0.00200002 0.0601687 -0.0344011 -0.0653757 0.14967 0.0113311 0.00851595
internal_weight=1040.24 1015.15 8.65788 1006.49 1005.79 99.0766 906.711 903.496 3.21427 7.023 5.79286 0.236757 92.0536 86.0445
internal_count=2248676 2244245 120760 2123485 1901338 1667442 233896 230163 3733 490688 11473 446 1176754 1164919
is_linear=0
shrinkage=0.05


Tree=193
num_leaves=15
num_cat=0
split_feature=24 12 18 12 12 18 30 3 23 29 29 23 17 3
split_gain=4.29781 3.96404 5.12553 7.13559 5.44581 5.23399 4.55315 5.49831 6.42055 4.84447 4.7603 8.29052 6.41023 7.35447
threshold=-0.14433341473340985 0.00079784583067521464 0.051675658673048026 0.021054964512586597 0.046536797657608993 0.068525202572345748 -1.9750727415084837 0.16516518592834475 4.5000000000000009 2.1270071268081669 2.9576396942138676 79.500000000000014 5.8036265373229989 0.083792626857757582
decision_type=8 10 8 8 8 8 8 10 8 8 8 8 8 8
left_child=-1 6 4 -4 -3 -5 -2 9 -9 -8 11 12 13 -11
right_child=1 2 3 5 -6 -7 7 8 -10 10 -12 -13 -14 -15
leaf_value=-0.056591236242529722 0.018472464024427818 -0.093146821777981725 0.10408717738848337 -0.083409903113099731 0.05924275188624311 0.0057197115110090247 0.010159664905984977 -0.084103559330615904 -0.013919114437485501 -0.027721060116291458 0.00032382435937062252 -0.062417400923801214 0.0042466580306981588 -0.003608330324767622
leaf_weight=3.3473824216954204 29.309033051914305 0.63629142292654528 1.8227338065206202 1.6736113181855135 7.4562981078189594 104.10672809867805 89.781853137784069 3.7450289859303609 25.087712657321081 53.619898338984626 568.12055204632372 6.8637551484668782 83.315610765333133 77.082731471416139
leaf_count=906523 32387 694 1050 2279 2574 95598 430126 2131 663219 11586 46009 13976 13271 28690
internal_value=-2.57213e-05 0.000154159 0.00888582 0.00599972 0.0472609 0.00430954 -0.000924064 -0.00155042 -0.0230352 -0.000845509 -0.00209781 -0.00832637 -0.00659162 -0.0135004
internal_weight=1055.97 1052.62 115.696 107.603 8.09259 105.78 936.926 907.617 28.8327 878.784 789.003 220.882 214.018 130.703
internal_count=2250113 1343590 102195 98927 3268 97877 1241395 1209008 665350 543658 113532 67523 53547 40276
is_linear=0
shrinkage=0.05


Tree=194
num_leaves=15
num_cat=0
split_feature=27 27 16 13 16 27 0 9 8 25 30 7 22 16
split_gain=3.90018 4.15315 4.45516 4.14875 5.67125 7.1824 5.26149 9.75643 4.42372 3.96473 7.83899 3.95301 3.93886 3.98364
threshold=2.6893538236618046 3.2228242158889775 2.6020033359527592 0.001508420624304563 2.9174053668975835 5.9102666378021249 0.65789982676506054 0.90752768516540538 92.500000000000014 1.5000000000000002 0.12953549623489383 13.192097187042238 0.51948967576026928 4.182021141052247
decision_type=10 8 10 10 10 10 10 8 10 10 10 8 8 10
left_child=9 2 -2 4 8 6 -6 -8 -3 -1 -11 -7 -4 -14
right_child=1 3 12 -5 5 11 7 -9 -10 10 -12 -13 13 -15
leaf_value=-0.00053070417153593162 -0.028098304117621955 0.0125347571065528 -0.081987272709374115 0.032456008206696363 -0.069511122082040869 -0.080396412601418762 -0.041512331325582269 0.031024025737115091 0.073152520241325777 -0.08291198864214612 0.066010182342406173 0.0049536642540250406 0.050947894738877023 -0.014711479299509264
leaf_weight=899.24986894276105 3.0449315388520075 27.379648961148707 0.67101426853675017 11.859279110922001 6.5311258925403974 1.3926523635959247 5.3434681426952695 6.3828964500021863 3.3814353461770983 3.5912065712741548 1.172045558439877 52.44156087980366 15.775065302457955 2.7063977631380416
leaf_count=2052211 2317 11403 25404 9785 54958 4675 353 840 2191 11964 8877 58008 4059 3229
internal_value=0.000419361 0.0082839 0.0280807 0.00445311 0.00122428 -0.00644508 -0.0335452 -0.0135135 0.0191982 -0.000771695 -0.0462682 0.00274572 0.0370123 0.0413328
internal_weight=1040.92 136.909 22.1974 114.712 102.853 72.0917 18.2575 11.7264 30.7611 904.013 4.76325 53.8342 19.1525 18.4815
internal_count=2250274 177222 35009 142213 132428 118834 56151 1193 13594 2073052 20841 62683 32692 7288
is_linear=0
shrinkage=0.05


Tree=195
num_leaves=15
num_cat=0
split_feature=16 12 30 23 31 31 29 3 31 32 11 16 12 32
split_gain=3.73188 4.68229 6.81946 4.51883 5.31263 6.99814 4.70621 8.78069 4.48983 17.6275 4.4968 4.4491 6.27799 5.94868
threshold=2.6020033359527592 0.10620300844311716 -0.68661046028137196 103.50000000000001 -2.7217658758163448 -1.3984320759773252 3.4348374605178837 0.027705729007720951 -0.89181503653526295 3.9415346384048466 1.0000000180025095e-35 2.0126758217811589 0.3366666734218598 1.7005987167358401
decision_type=8 8 8 10 8 8 8 10 10 10 8 10 8 10
left_child=1 2 -1 4 -3 -6 7 -7 -5 -10 -11 12 -9 -14
right_child=-2 3 -4 8 5 6 -8 11 9 10 -12 -13 13 -15
leaf_value=0.015933689551001707 -0.0011180190370114892 0.066921214147105917 -0.08469870727109842 -0.03436798851368033 -0.082719870576397903 -0.093514716519587718 0.018905065350593782 0.14019459082945362 0.67360953366751708 0.069048766560847366 -0.052932179165088425 0.01160811860985999 0.00084126469501117458 -0.067597793366176592
leaf_weight=3.5254576836688725 928.31373393153387 3.682305218297472 3.2221912182009755 1.4120639993570838 2.1855490439641301 2.546251638803624 47.948949847365284 0.56795891370387608 0.11642022278118602 5.7268502337554184 0.87037293115927905 33.362421151995491 7.1209974217597392 5.7298640499850357
leaf_count=4678 2065253 332 9265 35456 1350 1240 3392 84 69 55177 28088 31267 328 14434
internal_value=-5.33243e-05 0.00832145 -0.0321211 0.010774 0.00794582 0.00576242 0.00775039 -0.00309255 0.0466733 0.0637185 0.0529558 0.00182903 -0.0224841 -0.0296739
internal_weight=1046.33 118.018 6.74765 111.27 103.144 99.462 97.2764 49.3275 8.12571 6.71364 6.59722 46.7812 13.4188 12.8509
internal_count=2250413 185160 13943 171217 52427 52095 50745 47353 118790 83334 83265 46113 14846 14762
is_linear=0
shrinkage=0.05


Tree=196
num_leaves=15
num_cat=0
split_feature=13 18 4 13 25 30 15 16 30 1 32 3 22 4
split_gain=3.79981 8.50893 6.91401 3.68985 6.34336 3.966 5.41419 3.89672 3.64603 3.65675 3.74105 11.9076 4.85088 3.432
threshold=0.13714733719825747 0.051675658673048026 0.0007331073284149171 0.10102041065692903 2.5000000000000004 -0.33907009661197657 1.0000000180025095e-35 3.2384861707687382 0.45252583920955664 113.50000000000001 4.2696731090545663 0.061365693807601936 0.55613553524017345 0.027163028717041019
decision_type=10 8 8 10 10 10 10 8 10 10 10 8 10 8
left_child=3 -2 -3 -1 5 6 -5 -8 9 10 -4 -12 -13 -14
right_child=1 2 8 4 -6 -7 7 -9 -10 -11 11 12 13 -15
leaf_value=-0.00069921432944407898 0.064884693342961444 -0.09379659031177362 0.010934186827493534 -0.072630626269553508 0.097818719164545695 -0.078287299459598753 -0.15102081812895093 0.042610064416267496 -0.037703363653145673 -0.048408463856169419 0.8728910294595823 -0.082403665457264769 0.065863382705423745 0.24956221487709784
leaf_weight=956.8180812723125 6.5941786271283469 1.7119735415611961 58.186594306503061 2.3487379204243801 0.89003476201152132 4.2186366058693867 0.28375227494434829 3.081970402830402 4.1038739172969434 2.4928971680668388 0.045983611810242464 0.47092814754805834 1.4324813969821544 0.30912604280486289
leaf_count=2119213 2685 2821 13616 6518 513 15565 170 1644 32356 11770 9 37906 3230 2152
internal_value=-0.000185446 0.0106297 0.0054261 -0.0010276 -0.0300582 -0.0415163 -0.0143705 0.0262857 0.00795984 0.0109373 0.0133849 0.0765221 0.059971 0.0984689
internal_weight=1042.99 75.348 68.7539 967.641 10.8231 9.9331 5.71446 3.36572 67.0419 62.938 60.4451 2.25852 2.21254 1.74161
internal_count=2250168 106545 103860 2143623 24410 23897 8332 1814 101039 68683 56913 43297 43288 5382
is_linear=0
shrinkage=0.05


Tree=197
num_leaves=15
num_cat=0
split_feature=24 17 32 27 22 31 3 0 30 16 16 4 21 30
split_gain=3.51682 5.02648 8.33881 7.81542 6.68421 6.59217 5.29727 5.07119 7.50632 8.41928 4.63965 4.5004 4.01534 3.78782
threshold=2.3125263452529912 6.0461888313293466 1.0000000180025095e-35 4.2737026214599618 0.68421930074691784 1.0962117910385134 0.07551178336143495 0.60416582226753246 -0.69837111234664906 4.5900437831878671 6.310826539993287 0.013544559478759767 1.5000000000000002 -1.3776915073394773
decision_type=10 10 8 8 10 10 8 10 8 8 10 10 10 10
left_child=10 2 3 4 -2 -6 -7 -4 9 -9 12 -5 -1 -13
right_child=1 -3 7 11 5 6 -8 8 -10 -11 -12 13 -14 -15
leaf_value=-0.0011670484654115328 -0.074843839253902686 0.028239031923757842 -0.025102480769235436 -0.0059227789311876574 0.0042282540360687303 -0.04338635310415883 -0.0029186087062414625 0.04757646002143185 0.0058656903530176809 -0.0030029299985030291 0.04692483961564356 0.05548113243673513 -0.079300812803002482 0.01278966074479216
leaf_weight=802.67089044188947 4.5196271745589902 22.786428895226663 7.0681546533904784 26.735397654891131 31.789103414708734 19.40906566020567 12.833988255704751 29.299187013733217 45.579111274334878 4.4154370286505573 5.0129538671950504 6.6794631745106043 1.6476878468675966 23.390333355840994
leaf_count=2217247 90 589 1422 470 1042 222 107 1365 1815 277 17524 199 6564 1243
internal_value=0.00053398 0.00592556 0.00352405 -0.0047122 -0.0160769 -0.0119289 -0.0278585 0.0154792 0.0190966 0.0369836 -0.00102824 0.00900254 -0.00132711 0.0222728
internal_weight=1043.84 234.505 211.719 125.357 68.5518 64.0322 32.2431 86.3619 79.2937 33.7146 809.332 56.8052 804.319 30.0698
internal_count=2250176 8841 8252 3373 1461 1371 329 4879 3457 1642 2241335 1912 2223811 1442
is_linear=0
shrinkage=0.05


Tree=198
num_leaves=15
num_cat=0
split_feature=0 30 4 1 1 13 10 29 29 4 17 4 31 31
split_gain=4.76709 4.62141 4.36947 4.02625 4.31173 3.96699 3.85085 3.65276 11.1821 13.6021 5.15324 6.39744 5.41697 11.1473
threshold=0.70110279321670543 -0.41925637423992151 0.054951041936874397 27.500000000000004 33.500000000000007 0.23166368901729587 0.015847115777432922 2.5968500375747685 2.9576396942138676 0.0034605860710144047 5.7153801918029794 0.020770788192749027 4.1460146903991708 2.2674093246459965
decision_type=10 10 10 10 8 8 10 10 10 8 8 10 10 10
left_child=2 -2 7 -3 5 -5 -4 -1 9 -9 11 12 13 -11
right_child=1 3 6 4 -6 -7 -8 8 -10 10 -12 -13 -14 -15
leaf_value=0.00074284471616768233 0.011059629701445473 0.00074284471616768233 -0.054804384860007743 0.00074284471616768233 0.00074284471616768233 0.070560328348223622 0.00074284471616768233 -0.068643814862149419 -0.00044011937636470957 -0.022203570500666986 0.00074284471616768233 0.00074284471616768233 0.00074284471616768233 -0.097939508019547414
leaf_weight=285.12795159039024 155.24979144193298 249.7668616745265 7.3945957304957979 0.72960052194436287 6.0595876993874223 6.3308908942613558 3.1832446058224182 12.967731252540529 245.43186189256193 12.559858550786123 32.057401084422224 12.86340460531248 6.1394333973476014 7.9236478660116054
leaf_count=1468150 4047 22849 699082 647 5890 1181 19302 2053 15044 4310 2674 4435 123 664
internal_value=5.73875e-05 0.00419069 -0.002705 0.000742845 0.0285748 0.055205 -0.0345677 -0.00215703 -0.0058415 -0.0215278 -0.0129877 -0.0251 -0.0391481 -0.0515006
internal_weight=1043.79 418.137 625.649 262.887 13.1201 7.06049 10.5778 615.071 329.943 84.5115 71.5437 39.4863 26.6229 20.4835
internal_count=2250451 34614 2215837 30567 7718 1828 718384 1497453 29303 14259 12206 9532 5097 4974
is_linear=0
shrinkage=0.05


Tree=199
num_leaves=15
num_cat=0
split_feature=32 22 7 24 3 15 30 12 18 10 30 10 8 12
split_gain=5.58235 9.16088 6.23416 5.50881 5.16098 6.45052 4.68754 4.54394 4.44739 4.33064 4.13508 4.77979 4.61802 5.09159
threshold=1.0000000180025095e-35 0.64971026778221141 13.192097187042238 2.3125263452529912 1.0000000180025095e-35 inf -0.96492156386375416 0.094044812023639693 0.8817029893398286 0.0065147271379828462 0.3086772114038468 0.020975233055651191 21.500000000000004 0.062996033579111113
decision_type=10 8 8 10 10 8 10 10 10 8 8 8 10 8
left_child=1 -1 -3 9 5 7 -5 -4 -7 -2 11 -8 13 -13
right_child=3 2 4 6 -6 8 10 -9 -10 -11 -12 12 -14 -15
leaf_value=-0.039282020830992304 -0.072594916095818307 -0.021600518611075467 -0.01186079531825094 0.031579806690785917 -0.0071190033983317847 0.019768281707702399 0.056270107628879074 0.029319952827294851 -0.01186079531825094 0.0005683052735491399 0.051639373318165788 0.045948665680947298 -0.03613306538254419 -0.0047166008679995937
leaf_weight=19.434851846633869 2.0291054612750279 14.830960139457543 36.243930122431266 26.459856785772899 190.8400841791331 64.118701808557489 3.5906690673120343 6.94833740760805 4.5145217939934801 629.18116996461583 4.4180654270412552 6.1056780883434385 8.7437414455647495 26.398029558892574
leaf_count=68605 365853 344 770 2270 3756 2414 135 73 158 1803318 101 254 566 1469
internal_value=-0.000662503 -0.00595882 -0.00391902 0.0018618 -0.00212107 0.00640834 0.0146058 -0.0087294 0.0159348 0.000333113 0.00548752 0.000940003 -0.00387659 0.00480065
internal_weight=1043.86 336.931 317.497 706.926 302.666 111.825 75.716 43.1923 68.6332 631.21 49.2562 44.8381 41.2474 32.5037
internal_count=2250086 76120 7515 2173966 7171 3415 4795 843 2572 2169171 2525 2424 2289 1723
is_linear=0
shrinkage=0.05


Tree=200
num_leaves=15
num_cat=0
split_feature=30 31 24 24 29 31 30 30 31 17 31 24 7 0
split_gain=4.81568 17.3 4.7999 6.63171 8.15977 4.48767 9.15964 5.5851 7.06219 6.70323 6.36027 10.2419 9.85338 6.28734
threshold=-0.90634799003601063 3.361557245254517 0.97324538230896007 0.94427591562271129 0.76600566506385814 1.754506587982178 -0.26537504792213434 -0.86337268352508534 2.388921976089478 5.7761018276214608 2.0717447996139531 1.9989223480224612 53.373819351196296 0.60416582226753246
decision_type=8 10 10 10 10 10 8 8 8 10 8 8 10 8
left_child=2 5 3 -1 -5 -2 7 9 10 -7 -9 12 -12 -10
right_child=1 -3 -4 4 -6 6 -8 8 13 -11 11 -13 -14 -15
leaf_value=0.024028533137200599 0.00017747446375638312 -0.10015485486580517 0.0039332172019872456 -0.051904653103854642 0.26003169739489146 -0.069550944920440491 -0.11119144882150898 -0.0011734058432585877 -0.09246126505819123 0.0066571048177858335 -0.064905746590697977 0.0081227093909959202 0.090301018061201097 0.014370240247430284
leaf_weight=14.836539504192096 628.76457737934686 4.4713027581717588 276.52542545293909 0.30918751215023199 0.65118066539890052 7.5622891576488307 2.2119400589439655 34.421319658589894 1.4244923036657784 4.6658236850376049 16.994720120870895 9.6974476713799032 1.0880657424938309 41.51501061213461
leaf_count=228444 1797906 171 126792 6262 3026 13963 44 47691 2653 3712 16575 646 129 2280
internal_value=1.7966e-05 -0.00209697 0.00546456 0.0322708 0.159605 -0.00151109 -0.0103896 -0.00848992 -0.00477028 -0.0404726 -0.0155369 -0.0333342 -0.0555667 0.0108262
internal_weight=1045.14 752.817 292.322 15.7969 0.960368 748.346 119.581 117.369 105.141 12.2281 62.2016 27.7802 18.0828 42.9395
internal_count=2250294 1885770 364524 237732 9288 1885599 87693 87649 69974 17675 65041 17350 16704 4933
is_linear=0
shrinkage=0.05


Tree=201
num_leaves=15
num_cat=0
split_feature=27 13 14 1 33 28 31 30 24 16 31 0 3 28
split_gain=5.38263 5.12701 7.1633 7.56954 4.10624 4.3258 3.77951 7.4866 5.25597 3.89365 4.92045 6.27561 4.80034 4.87824
threshold=2.9543005228042607 0.15470086038112643 1.0000000180025095e-35 4.5000000000000009 52.500000000000007 inf 0.22317279875278476 -0.20442432165145871 1.0745273232460024 4.2555875778198251 1.0962117910385134 0.63398209214210521 0.099940061569213881 2.5000000000000004
decision_type=10 8 10 8 10 8 10 8 10 10 10 8 10 10
left_child=-1 2 3 -2 5 -4 8 9 -3 10 -8 12 13 -12
right_child=1 6 4 -5 -6 -7 7 -9 -10 -11 11 -13 -14 -15
leaf_value=-0.0014760105729683876 -0.0041014957107620457 -0.041660899884664225 -0.056787927351814038 0.066429117476865751 0.075654003700740463 0.06107544360232961 -0.021220315287150265 -0.057971780439025324 0.018331323816976205 -0.038593504223296826 -0.0828533367229594 0.031889763798801228 0.010408853496978648 0.0037691898777577715
leaf_weight=903.31319031139412 5.3990918436496882 3.9302396983084185 4.1857007830684401 12.877184027450175 1.0046092287602872 0.95634954642395076 12.182896589544312 5.8166289656852674 51.37161622399185 5.3802040430587601 3.4946451654318533 22.327902040721138 7.1923764686055272 3.0385140793341634
leaf_count=2086450 291 76739 1946 13766 19139 50 9503 4548 4505 18948 198 941 13501 124
internal_value=-6.58449e-05 0.00908793 0.0298895 0.0455933 -0.0168035 -0.034867 0.00466002 -0.00409375 0.0140677 0.00175125 0.00625124 0.0155342 -0.0110721 -0.042566
internal_weight=1042.47 139.158 24.4229 18.2763 6.14666 5.14205 114.735 59.4332 55.3019 53.6165 48.2363 36.0534 13.7255 6.53316
internal_count=2250649 164199 35192 14057 21135 1996 129007 47763 81244 43215 24267 14764 13823 322
is_linear=0
shrinkage=0.05


Tree=202
num_leaves=15
num_cat=0
split_feature=16 25 17 13 15 18 18 18 24 16 29 3 16 26
split_gain=3.72283 6.8063 6.56284 6.38948 7.68068 6.45137 5.39243 6.78617 7.12377 5.41783 4.94522 5.49794 5.31258 4.75665
threshold=3.1984648704528813 3.5000000000000004 3.4175922870635991 0.1627137288451195 1.0000000180025095e-35 0.049741558730602271 0.29747970402240759 0.22231241315603259 1.2129694223403933 2.2499048709869389 3.1427326202392583 0.089101433753967299 3.0677825212478642 0.40454545617103582
decision_type=8 10 8 8 10 8 8 8 8 10 8 8 8 10
left_child=1 3 -2 4 5 -1 7 8 -5 -8 12 -12 -10 -4
right_child=2 -3 13 6 -6 -7 9 -9 10 -11 11 -13 -14 -15
leaf_value=-0.079850640452456462 -0.1006232814846406 -0.074413618636640436 -0.002274620156772851 0.029535576354519741 -0.057557142980697577 0.022352529831926458 0.071335762498287061 0.038113304357709356 -0.0099292186748678578 -0.042220331861459709 0.0057842192522313349 0.034273812687076452 0.022706509512115551 0.013696624983955661
leaf_weight=1.8493310007713541 1.6633944148408542 2.6658006528277829 690.28216951965601 30.642271090594239 8.4965868895222876 9.3538207330994663 1.1945264364205055 18.711543768773396 80.056931891438524 8.7040484528152522 110.03379272468865 20.014583961699145 14.770435223467244 49.995575307917306
leaf_count=8402 16749 767 1679815 333465 5433 23759 1097 29518 36681 38171 3496 3326 5152 64466
internal_value=0.000496076 0.00513172 -0.00141889 0.00582965 -0.0217073 0.00548161 0.0077389 0.00904758 0.0069191 -0.0285168 0.00383731 0.0101688 -0.00484583 -0.00119598
internal_weight=1048.43 306.494 741.941 303.828 19.6997 11.2032 284.128 274.23 255.518 9.89857 224.876 130.048 94.8274 740.278
internal_count=2250297 489267 1761030 488500 37594 32161 450906 411638 382120 39268 48655 6822 41833 1744281
is_linear=0
shrinkage=0.05


Tree=203
num_leaves=15
num_cat=0
split_feature=27 12 30 18 33 4 22 9 31 30 0 8 8 24
split_gain=5.15288 4.10347 3.94524 4.19226 4.72601 3.79214 5.04924 3.54967 4.30995 6.39145 6.90023 3.81825 3.7464 3.35578
threshold=2.9892170429229741 0.19543650746345523 -2.2323697805404659 0.24638725072145465 71.500000000000014 0.0099922120571136492 0.7193230688571931 0.66192409396171581 -0.22275535762310025 -0.29640902578830713 0.70960751175880443 27.500000000000004 173.50000000000003 1.9989223480224612
decision_type=10 10 8 10 10 10 8 8 8 10 10 10 10 8
left_child=1 2 3 4 -1 13 -7 8 -2 12 -11 -9 -10 -3
right_child=7 5 -4 -5 -6 6 -8 11 9 10 -12 -13 -14 -15
leaf_value=0.015869186952525406 0.043356194665403011 0.067045478315719539 -0.0031422206782546029 0.050006532147112773 -0.08209657258608094 -0.093584953145881472 0.021111293310088774 0.004029837639990581 0.026961051320758392 -0.079245516837594759 0.023916624160119932 -0.079309785774901012 -0.081161415207198204 -0.063099580221102666
leaf_weight=6.6848159688914812 13.711665473054508 5.3969164284009468 880.13972067109523 7.2604407623105045 1.5089742087918638 1.1855674413974879 5.0332854745135203 88.572250911376116 19.9317090721838 3.6901984873076215 2.8906457239500014 1.3960260549263086 0.83471808331802577 0.54536244560267721
leaf_count=332 22720 2637 2061407 8032 8760 9305 316 101721 18513 13287 77 779 1625 98
internal_value=-0.000972825 -0.00231074 -0.00270248 0.0223415 -0.00217226 0.0265382 -0.000754497 0.00829625 0.0204784 0.00900769 -0.0339314 0.00273667 0.022615 0.0551012
internal_weight=1038.78 907.755 895.594 15.4542 8.19379 12.1611 6.21885 131.027 41.0589 27.3473 6.58084 89.9683 20.7664 5.94228
internal_count=2249609 2090887 2078531 17124 9092 12356 9621 158722 56222 33502 13364 102500 20138 2735
is_linear=0
shrinkage=0.05


Tree=204
num_leaves=15
num_cat=0
split_feature=7 33 4 31 30 4 10 30 17 31 11 1 16 4
split_gain=3.53096 3.51825 2.91134 2.46693 6.32192 6.21373 4.99917 4.94109 6.97979 4.61231 4.44122 4.19579 4.19316 4.09965
threshold=54.726341247558601 449.50000000000006 0.014867842197418215 1.3906612396240237 -0.26537504792213434 0.039184510707855232 0.030047404579818252 -0.31770950555801386 3.8606742620468144 -1.1211459040641782 inf 128.50000000000003 2.0126758217811589 0.0034605860710144047
decision_type=10 10 8 10 8 10 10 8 8 10 8 10 8 8
left_child=1 3 -2 7 5 6 13 9 10 -1 -9 -10 -13 -5
right_child=2 -3 -4 4 -6 -7 -8 8 11 -11 -12 12 -14 -15
leaf_value=-0.080343580726968872 0.028438319687792653 -0.12257607758988361 0.0067769681239663038 -0.011293844923149459 -0.076772109683574924 -0.031277322580420722 -0.086592391072431482 -0.016451847132710695 0.00017023871634091507 0.0067769681239663038 -0.097262643476233146 0.0067769681239663038 -0.049167174824261667 0.0014898825042280218
leaf_weight=1.5759212579978328 20.425483044639318 0.5887755862532903 24.493363268376502 78.304942554605702 2.9042777826813895 18.238482847282683 1.7156114324534417 3.940890026819019 369.68131290248783 199.35828632893265 2.9903273488498239 1.483144581067821 8.2959631939508771 315.00708265656709
leaf_count=23 18487 210438 40458 47399 86 204825 20 35387 896689 220059 21106 7455 318423 229185
internal_value=0.000226205 -0.000387355 0.0139413 -0.000315664 -0.00326073 -0.00274412 -0.00142673 0.00177116 -0.00159312 0.00677697 -0.051316 -0.000684886 -0.0330113 -0.00105524
internal_weight=1049 1004.09 44.9188 1003.5 416.17 413.266 395.028 587.326 386.392 200.934 6.93122 379.46 9.77911 393.312
internal_count=2250040 2191095 58945 1980657 481515 481429 276604 1499142 1279060 220082 56493 1222567 325878 276584
is_linear=0
shrinkage=0.05


Tree=205
num_leaves=15
num_cat=0
split_feature=33 32 17 12 4 17 4 24 16 13 18 16 22 16
split_gain=4.09154 4.11732 9.57289 6.15994 6.0763 5.86158 8.0076 6.98112 5.12623 6.17317 5.04238 4.86617 5.65517 4.61445
threshold=353.50000000000006 1.0000000180025095e-35 3.5114340782165532 0.19543650746345523 0.0099922120571136492 5.5816130638122567 0.027719676494598392 2.3125263452529912 4.5591125488281259 0.18350168317556384 0.036599317565560348 3.2769666910171513 0.67294281721115123 3.0201274156570439
decision_type=10 8 8 10 8 8 8 8 8 8 8 8 8 8
left_child=1 2 -1 13 -5 6 7 -4 9 -8 -7 -12 -13 -3
right_child=-2 3 5 4 -6 10 8 -9 -10 -11 11 12 -14 -15
leaf_value=-0.090424180282623223 -0.075499064434827012 0.0081651897268011468 -0.034241438029165787 0.073608271487462795 -0.011792318066006606 -0.05799263351973899 0.055687139719513827 -0.0081481976751755746 -0.034685686679215809 0.0037290100332224396 0.033693864130523145 -0.058827984579872927 0.0043345044682485453 -0.00096662522414317086
leaf_weight=3.2619501398583841 1.8046272680685422 183.89701466918544 42.223782334543387 5.77922642001647 3.2565007197807736 3.1801638511242336 6.6359427832976507 65.239940864079415 7.0688153721057452 41.26540918666069 13.802808397776969 3.6754092402865153 98.954231481297029 558.41761196771313
leaf_count=108 640987 301891 971 1573 6067 55 132 1085 201 1556 179 406 1504 1292917
internal_value=-0.000277577 -0.000146631 -0.00526019 0.00179513 0.0428297 -0.00427524 -0.0104606 -0.0184005 0.00506146 0.010927 0.00412452 0.00582115 0.00207251 0.00129564
internal_weight=1038.46 1036.66 285.308 751.35 9.03573 282.047 162.434 107.464 54.9702 47.9014 119.613 116.432 102.63 742.315
internal_count=2249632 1608645 6197 1602448 7640 6089 3945 2056 1889 1688 2144 2089 1910 1594808
is_linear=0
shrinkage=0.05


Tree=206
num_leaves=15
num_cat=0
split_feature=16 26 12 4 4 29 33 3 16 30 23 24 32 23
split_gain=5.99769 5.57872 4.236 6.75064 4.06994 3.80739 5.01112 4.13873 3.67567 11.599 4.21642 5.02549 6.53773 5.87062
threshold=3.1984648704528813 0.40454545617103582 0.19543650746345523 0.0079228281974792498 0.015108466148376467 2.5968500375747685 8.5000000000000018 0.16417610645294192 3.113268375396729 0.3294574916362763 103.50000000000001 1.7414228320121767 1.0000000180025095e-35 2.5000000000000004
decision_type=10 10 10 10 10 10 8 8 10 8 10 10 8 8
left_child=8 2 -2 -4 -5 7 -7 -3 10 -10 11 13 -13 -1
right_child=1 5 3 4 -6 6 -8 -9 9 -11 -12 12 -14 -15
leaf_value=-0.10431744543496453 -0.0049065946860164036 0.048009798839051543 0.065904680843715813 -0.10645593914793004 0.0073541947857546537 0.010019633395537762 -0.071666588168661685 -0.059559146602254837 0.028655670012145463 -0.07654270946808843 0.030277438091102334 -0.0063741055245780014 0.013691639091373588 -0.0051871171327668259
leaf_weight=1.5142147167043152 643.15169963709513 10.356609597893623 5.4277571640516218 0.96678808564270191 4.1899904050912289 33.293797994253737 1.9896901807073266 0.9786988371623665 32.445370184022735 2.8504388484152647 13.656944468089476 61.073114173266731 121.05540966256345 109.27531269102465
leaf_count=35 1618220 16276 2023 1142 7892 1306 921 44196 33016 15311 365913 1470 9657 132067
internal_value=-0.000548549 -0.00319859 -0.00439027 0.0269835 -0.0139828 0.0135123 0.00541322 0.0387222 0.00488032 0.02016 0.00312118 0.00185505 0.006963 -0.00654198
internal_weight=1042.23 700.355 653.736 10.5845 5.15678 46.6188 35.2835 11.3353 341.871 35.2958 306.575 292.918 182.129 110.79
internal_count=2249445 1691976 1629277 11057 9034 62699 2227 60472 557469 48327 509142 143229 11127 132102
is_linear=0
shrinkage=0.05


Tree=207
num_leaves=15
num_cat=0
split_feature=12 26 31 18 9 17 9 8 22 17 16 26 10 22
split_gain=4.63733 3.85483 5.14056 4.89681 3.99518 3.67409 3.39383 4.16423 3.2061 5.82102 3.31095 3.07334 3.4629 3.07286
threshold=0.19543650746345523 0.40454545617103582 -1.8658209443092344 0.031605953350663192 0.99919417500495922 3.6242519617080693 0.85279998183250438 9.5000000000000018 0.69876605272293102 4.7140145301818857 3.2384861707687382 0.68333333730697643 0.032654678449034698 0.59037905931472789
decision_type=10 10 8 8 10 8 10 8 8 10 10 10 8 10
left_child=1 4 5 -4 -1 -3 7 -5 9 -6 -10 12 -8 -2
right_child=13 2 3 6 8 -7 11 -9 10 -11 -12 -13 -14 -15
leaf_value=-0.0015875609042502528 -0.063483191150733087 0.11619734786578398 -0.091567737540167712 0.055564820781250759 -0.10328368297244311 -0.082198224820653545 -0.062334945401862567 0.013958015849096093 0.06395433444198477 0.012221403504736114 0.014916709477984708 0.02798792060970719 0.050905770325766243 0.033968498610136712
leaf_weight=942.83980531831105 0.85983869011761171 0.26150456329715366 1.1005403022103677 6.7170006514858267 1.3074640374513391 2.1682399460766888 3.7904043984508524 57.440546405694967 5.5079358401021663 5.1939024619198761 9.1778784727034672 2.360106592547119 0.82141264665551705 13.659016938502644
leaf_count=2158815 12072 196 480 911 745 8430 280 64247 353 2115 585 303 191 1073
internal_value=0.000134887 -0.000257371 0.010688 0.0130944 -0.00110505 -0.0608456 0.0147137 0.0183141 0.0203671 -0.00886553 0.0333083 -0.0184175 -0.0421656 0.0281972
internal_weight=1053.21 1038.69 74.6598 72.23 964.027 2.42974 71.1295 64.1575 21.1872 6.50137 14.6858 6.97192 4.61182 14.5189
internal_count=2250796 2237651 75038 66412 2162613 8626 65932 65158 3798 2860 938 774 471 13145
is_linear=0
shrinkage=0.05


Tree=208
num_leaves=15
num_cat=0
split_feature=22 12 26 31 24 3 12 4 14 28 0 3 14 16
split_gain=4.56843 5.53763 3.66758 5.1761 8.95488 5.90382 3.67143 6.32788 5.87117 5.57788 5.14541 4.16786 3.51434 8.53174
threshold=0.32910904288291937 0.19543650746345523 0.093073595315217986 0.22317279875278476 0.83213812112808239 0.047111183404922492 0.053101504221558578 0.022519230842590336 1.0000000180025095e-35 2.5000000000000004 0.63657912611961376 0.1053421199321747 1.0000000180025095e-35 2.6735538244247441
decision_type=8 10 10 10 10 8 8 10 10 8 8 10 8 10
left_child=-1 2 12 4 -4 -5 8 10 -7 -10 11 -8 13 -2
right_child=1 -3 3 5 -6 6 7 -9 9 -11 -12 -13 -14 -15
leaf_value=-0.082691569230516182 0.0084962970785286383 0.030507593758709008 -0.041475526734771145 -0.021858562597826606 0.019501806134933932 0.056103597924991956 -0.035576284989986599 -0.027195860185612347 -0.041475526734771145 0.056480454976278884 0.028076246046906218 0.0095596958588287373 -0.00030865692843841239 -0.014665198638191233
leaf_weight=1.6834763766763143 55.968770314138595 14.424837762878722 5.3184661069799821 26.961597635527124 76.330890754769385 7.9050329081850581 8.0135453577190301 14.972960096201119 2.3806277142531869 1.6911568515387232 20.592239688573606 9.2119741058752229 673.63486499031649 137.28890050336213
leaf_count=643478 103105 7909 82818 528 14525 9948 2049 44906 10470 768 3858 23757 846237 456068
internal_value=-0.00039085 -0.000259484 -0.000686114 0.00595241 0.0151094 -0.00219832 0.00598589 0.000315658 0.0309788 -0.0177988 0.0112081 -0.00895685 -0.00201382 -0.00795747
internal_weight=1056.38 1054.7 1040.27 173.378 81.6494 91.7291 64.7675 52.7907 11.9768 4.07178 37.8178 17.2255 866.893 193.258
internal_count=2250424 1606946 1599037 193627 97343 96284 95756 74570 21186 11238 29664 25806 1405410 559173
is_linear=0
shrinkage=0.05


Tree=209
num_leaves=15
num_cat=0
split_feature=31 16 7 26 14 22 12 7 33 32 10 31 1 16
split_gain=4.43952 4.01136 4.8107 4.48161 7.24897 7.34824 5.49253 4.90589 6.86302 4.77152 4.69216 4.29888 4.32034 5.48162
threshold=-3.1535501480102535 3.1984648704528813 71.423667907714858 0.26491229236125952 1.0000000180025095e-35 0.67294281721115123 0.09175084158778192 11.792078018188478 5.5000000000000009 1.2424533367156985 0.031269090250134475 1.8914691209793093 16.500000000000004 3.7954261302948002
decision_type=8 10 10 10 8 8 8 8 8 10 8 10 10 10
left_child=-1 2 -2 4 5 10 9 8 -6 -7 -3 12 -8 -14
right_child=1 3 -4 -5 7 6 11 -9 -10 -11 -12 -13 13 -15
leaf_value=-0.035628758185394828 0.0042042249645539596 -0.023088947969536387 0.043847257962839926 0.010336142009162141 -0.12986534038751227 0.028559641854508679 -0.010047714574198256 0.00015600871244146405 -0.028163840804383847 -0.023088947969536387 -0.057058603926165512 -0.023088947969536387 0.063180268074615575 -0.023088947969536387
leaf_weight=8.4987067320055854 331.91642053116323 9.1122856348270531 7.8333086035911483 71.861736028692007 1.957508158304222 15.279540481868709 54.404313553581048 510.09089858103664 1.89446381862194 1.8131488367059123 15.169357553354416 17.254792750491887 4.4805540300724109 1.1586584060724048
leaf_count=112898 531018 232248 5747 109538 187 481 8362 862178 93157 4311 277840 3935 2338 3888
internal_value=0.000362873 0.0006558 0.00511824 -0.00149631 -0.00284041 -0.0139787 -0.0076683 -0.000268503 -0.0564837 0.0179807 -0.0385096 -0.01334 -0.00572966 0.0359288
internal_weight=1052.73 1044.23 339.75 704.477 632.616 118.673 94.391 513.943 3.85197 17.0927 24.2816 77.2983 60.0435 5.63921
internal_count=2248126 2135228 536765 1598463 1488925 533403 23315 955522 93344 4792 510088 18523 14588 6226
is_linear=0
shrinkage=0.05


Tree=210
num_leaves=15
num_cat=0
split_feature=2 21 2 29 27 25 9 30 31 27 22 0 30 31
split_gain=5.14619 4.3388 3.28455 3.76674 2.96967 4.39499 5.07401 4.85016 4.2641 3.72684 3.65839 3.56544 4.38695 4.36751
threshold=-1.2328193187713621 1.5000000000000002 -1.0533676147460935 -2.7442462444305415 7.2879035472869882 1.5000000000000002 0.85279998183250438 -1.0136144757270811 -1.6388955712318418 6.6819190979003915 0.49568778276443487 0.70960751175880443 -0.30696405470371241 -0.23732578009366986
decision_type=8 10 8 8 10 10 10 10 8 10 10 10 8 8
left_child=-1 2 3 -2 9 10 8 -8 -7 -4 -6 12 -10 -14
right_child=1 -3 4 -5 5 6 7 -9 11 -11 -12 -13 13 -15
leaf_value=-0.083578789784150898 -0.58535479938927248 -0.058226856689118284 -0.00057909735814938741 0.059638176999433225 -0.053609999673073706 -0.084930049281269071 0.039788534004026883 -0.043185395952596073 0.025676886710097425 -0.057165032187581288 0.050015424514226407 0.047574011278732183 0.025676886710097425 -0.080533253186349144
leaf_weight=1.8556045535537065 0.0228239168965787 3.2157244778975373 991.64937913743017 2.7464486963683856 0.93457549570778908 0.95455018471562836 2.2524954379467479 8.0750769829869302 6.6320494052832775 2.9183655333005154 9.6072139809108119 8.4189727308512357 1.3613170564483605 2.3811291426840526
leaf_count=285151 10933 5352 1856746 59321 2395 3247 197 631 5065 5895 776 209 8440 5918
internal_value=-0.000386391 -0.000238123 -5.8466e-05 0.0543222 -0.000203942 0.0130479 0.00331051 -0.0250884 0.0181622 -0.000745138 0.0408286 0.0233984 0.00377976 -0.0395897
internal_weight=1043.03 1041.17 1037.95 2.76927 1035.19 40.6174 30.0756 10.3276 19.748 994.568 10.5418 18.7935 10.3745 3.74245
internal_count=2250276 1965125 1959773 70254 1889519 26878 23707 828 22879 1862641 3171 19632 19423 14358
is_linear=0
shrinkage=0.05


Tree=211
num_leaves=15
num_cat=0
split_feature=33 12 16 4 18 18 1 15 12 31 12 16 18 31
split_gain=5.70266 4.5289 4.27291 6.20905 5.61248 6.40509 7.61242 6.26999 5.4141 4.90626 4.642 4.07995 4.20867 6.61311
threshold=447.50000000000006 0.19543650746345523 5.1561734676361093 0.00011849403381347658 0.66697305440902721 0.8817029893398286 1.5000000000000002 1.0000000180025095e-35 0.15075758099555972 -3.7003412246704097 0.12613636255264285 4.8940944671630868 0.6202870011329652 1.0000000180025095e-35
decision_type=10 10 10 8 10 10 10 10 10 8 8 10 10 8
left_child=1 2 4 -4 8 7 -7 10 11 -8 -6 12 -1 -14
right_child=-2 -3 3 -5 5 6 9 -9 -10 -11 -12 -13 13 -15
leaf_value=0.00028386279457140928 -0.10041199348179318 0.028403078583242303 0.14069436126366272 0.010749438179469557 0.017438544231323082 -0.048385789524166306 0.1716017343602832 -0.099581435075342797 -0.059200283608397575 0.0087256332312503349 -0.045747548902607092 -0.020091058032334491 0.072876026178816541 -0.01559784869337664
leaf_weight=885.14152124248267 1.4109534597125719 14.018819159905432 0.93391818021824757 58.639687174338071 4.1912337732767275 6.8872294807818966 0.47362678134392144 3.7216029394989691 3.8689100253943698 19.428097683736091 9.4842428678767909 24.421510619737887 4.9779443152389673 3.6687170210470326
leaf_count=1448488 231165 11350 1109 215521 24337 91112 3189 5866 6723 61682 65670 56762 14110 12643
internal_value=3.98685e-05 0.000176169 -0.000209572 0.0127865 -0.00101083 -0.0184185 -0.00307763 -0.0420412 -0.000176652 0.0126018 -0.0263824 7.20461e-05 0.000622975 0.0353372
internal_weight=1041.27 1039.86 1025.84 59.5736 966.265 44.186 26.789 17.3971 922.079 19.9017 13.6755 918.21 893.788 8.64666
internal_count=2249727 2018562 2007212 216630 1790582 251856 155983 95873 1538726 64871 90007 1532003 1475241 26753
is_linear=0
shrinkage=0.05


Tree=212
num_leaves=15
num_cat=0
split_feature=27 10 16 29 0 1 4 18 30 29 1 1 1 16
split_gain=4.20597 3.65096 5.05034 4.31184 6.78692 6.77682 6.6753 7.80016 6.16752 6.25937 5.51322 5.18324 5.44602 5.03279
threshold=2.6893538236618046 0.010752825997769834 5.3254430294036874 2.1270071268081669 0.59696981310844432 15.500000000000002 0.029579669237136844 0.041181316599249847 -1.3013975024223325 2.8136668205261235 269.50000000000006 259.50000000000006 249.50000000000003 3.3842465877532963
decision_type=10 8 8 8 8 8 10 8 8 10 10 10 10 8
left_child=1 2 -1 5 -5 -3 11 -8 9 10 -6 12 -7 -14
right_child=-2 3 -4 4 8 6 7 -9 -10 -11 -12 -13 13 -15
leaf_value=-0.061053870556731643 0.0081703351644211632 0.078218551696853877 0.029062982071697066 -0.025683614251892434 -0.013592367488478033 0.0094705421793649311 0.057375148776786844 -0.04620349780969267 -0.0029087022137705577 0.022584078172804556 0.061329406154721704 -0.06009606687029187 0.18460122324369205 0.018375287333977315
leaf_weight=5.5123513470596377 134.48505057127488 3.2848840206814272 2.1654537346922762 30.203624514520104 13.922891751673889 112.51725906857196 2.1889924156391576 10.713688450208453 673.05185157093888 47.341720959761915 2.4557325554015952 2.6328798840959413 0.85884369017287165 0.96924988805749301
leaf_count=505320 177342 17088 84924 51660 662 638125 26477 614832 108067 1112 69 19430 1565 3499
internal_value=-8.18377e-05 -0.00130432 -0.0356372 -0.00101148 -0.00245343 0.00729354 0.00549974 -0.028631 -0.00150112 0.0133666 -0.0132762 0.00926435 0.0108614 0.0964687
internal_weight=1042.3 907.819 7.67781 900.142 766.976 133.166 129.881 12.9027 736.772 63.7203 16.3786 116.978 114.345 1.82809
internal_count=2250172 2072830 590244 1482586 161570 1321016 1303928 641309 109910 1843 731 662619 643189 5064
is_linear=0
shrinkage=0.05


Tree=213
num_leaves=15
num_cat=0
split_feature=27 31 24 32 17 17 12 7 17 31 3 31 1 0
split_gain=3.97704 4.07145 3.63749 3.19164 10.3355 5.94776 5.14744 4.6739 4.47051 6.7538 5.76518 4.43743 4.34864 4.24107
threshold=7.2879035472869882 2.2674093246459965 1.3159175515174868 1.0000000180025095e-35 3.5114340782165532 5.5816130638122567 0.19543650746345523 15.504648208618166 3.8606742620468144 -1.0000000180025095e-35 0.12202852964401247 -1.0000000180025095e-35 65.500000000000014 0.6853715479373933
decision_type=10 10 10 8 8 8 10 10 8 8 10 10 10 10
left_child=3 2 -2 4 -1 7 8 -6 9 -5 -11 -9 13 -7
right_child=1 -3 -4 6 5 12 -8 11 -10 10 -12 -13 -14 -15
leaf_value=-0.095772448514763339 -0.041883159593766484 0.059438389295061095 0.01512471524963239 -0.045364670991619151 -0.016228975674743667 -0.01734196658282083 0.03735790559047536 0.023366386623902849 0.00029249720971630418 0.04658213767250835 -0.063434100090076814 -0.0064350388855402285 0.026571151828668222 0.0065754124257587539
leaf_weight=3.0977826973066263 3.0749315483637494 4.7411858890213656 31.087289803721376 2.8923981748961212 104.83656358445279 25.105761352428431 9.8253183774748987 17.12682679957652 715.39499977764876 14.689991424150662 1.295844542533463 25.795806493197233 18.873585505665687 70.816345448260108
leaf_count=86 34899 1368 2285 46768 1932 325 12843 253 2098117 4141 43920 975 107 1408
internal_value=0.000332088 0.0160193 0.00999345 -0.000272306 -0.00497696 -0.0039057 0.00140732 -0.0105389 0.000926261 0.0249429 0.037664 0.0033589 0.0046322 0.0003155
internal_weight=1048.65 38.9034 34.1622 1009.75 265.653 262.555 744.099 147.759 734.273 18.8782 15.9858 42.9226 114.796 95.9221
internal_count=2249427 38552 37184 2210875 5086 5000 2205789 3160 2192946 94829 48061 1228 1840 1733
is_linear=0
shrinkage=0.05


Tree=214
num_leaves=15
num_cat=0
split_feature=7 26 30 30 31 7 31 23 24 1 2 29 4 22
split_gain=3.92898 3.18827 3.86105 3.53108 9.62806 5.32 6.42668 4.19316 8.13461 4.11853 7.43765 4.18121 3.72604 5.67446
threshold=54.726341247558601 0.3717105239629746 0.48370434343814855 -0.21482259035110471 0.15125153958797458 22.497444152832035 0.39231012761592871 11.500000000000002 1.4645188450813296 123.50000000000001 0.69150269031524669 2.2198599576950078 0.018796145915985111 0.7193230688571931
decision_type=10 10 10 10 10 8 8 8 8 10 10 8 8 10
left_child=1 3 -3 7 12 -6 -7 8 -1 -9 11 -11 -5 -14
right_child=-2 2 -4 4 5 6 -8 9 -10 10 -12 -13 13 -15
leaf_value=-0.089021637868861969 0.014443154422518971 0.0065812992692505824 -0.045939982242701384 0.0016013548361533529 -0.083577137649069266 -0.053576280128624469 -0.011357614894292697 0.0065812992692505824 -0.0019714517340880581 0.0065812992692505824 -0.06542466142893863 -0.078134820298848828 -0.025656523875947131 0.0030121710393829293
leaf_weight=2.697982428479083 41.371826780313881 69.512067111268621 3.6600418453543702 145.19426270267914 4.1282618624441687 8.3805659523339937 26.757259214757703 138.1224909867494 507.68727450243989 17.997120093312851 5.4414911306701681 1.5517389880794379 37.545512752785299 31.946808893397247
leaf_count=1002 59008 62636 24484 411028 28612 46572 23164 771446 36096 75316 12223 10854 686404 1023
internal_value=-0.000656255 -0.00128056 0.0065813 -0.00209507 -0.00711931 -0.0298837 -0.0235754 -0.000200606 -0.00243161 0.0065813 -0.0137231 0.000668158 -0.00295571 -0.012477
internal_weight=1041.99 1000.62 73.1721 927.451 253.953 39.2661 35.1378 673.498 510.385 163.113 24.9904 19.5489 214.687 69.4923
internal_count=2249868 2190860 87120 2103740 1196803 98348 69736 906937 37098 869839 98393 86170 1098455 687427
is_linear=0
shrinkage=0.05


Tree=215
num_leaves=15
num_cat=0
split_feature=10 27 16 32 31 12 4 17 30 31 4 11 33 26
split_gain=5.01041 3.34168 6.19198 4.93799 4.4046 5.38329 4.96406 4.2049 6.21458 5.19623 5.12327 4.41452 4.36729 4.47406
threshold=0.0050378153100609788 1.023424029350281 3.5694335699081425 4.6774799823760995 0.22317279875278476 0.012903762981295587 0.0067214369773864755 5.9121499061584482 -1.0301067829132078 2.87715756893158 0.0046094357967376718 0.6904762089252473 5.5000000000000009 0.26491229236125952
decision_type=8 10 8 10 8 8 10 10 8 10 10 10 10 10
left_child=-1 -2 3 4 -3 6 -6 8 -4 10 -10 -9 13 -12
right_child=1 2 7 -5 5 -7 -8 11 9 -11 12 -13 -14 -15
leaf_value=-0.081112114086307668 -0.00090552763111547438 0.026033082454182621 0.020967721399077335 0.065392617188850033 -0.076185974431196624 -0.0022998429132981869 0.064348326176793744 0.028965895414557404 0.00740572594249286 -0.11680171124026054 -0.047086067248950897 -0.049518067529210459 -0.064170985362802066 -0.0040203519047720499
leaf_weight=1.8895328818552644 863.82895885184007 36.927525504386686 13.971398065468707 4.6988307280034567 0.71209414513967306 46.376476335547885 5.3441113994446852 14.576116155310617 18.190917866051549 1.2599611219005868 8.6944909845991791 2.0427804088168093 5.9981916108298625 19.685583956562574
leaf_count=201937 1753830 16932 20768 39876 335 19712 1505 26485 23774 270 3705 1098 136721 2974
internal_value=0.000233872 0.000381339 0.00660973 0.0154327 0.0128056 0.0034897 0.0478242 -0.00322067 -0.00874539 -0.0164575 -0.0140524 0.0193187 -0.0254068 -0.0172139
internal_weight=1044.2 1042.31 178.478 94.059 89.3602 52.4327 6.05621 84.4194 67.8005 53.8291 52.5692 16.6189 34.3783 28.3801
internal_count=2249922 2047985 294155 78360 38484 21552 1840 215795 188212 167444 167174 27583 143400 6679
is_linear=0
shrinkage=0.05


Tree=216
num_leaves=15
num_cat=0
split_feature=28 16 31 23 30 3 16 13 4 16 2 33 18 2
split_gain=3.11801 4.09259 3.94696 4.36066 4.35512 3.82416 3.30448 4.02902 3.59513 3.19515 4.58134 2.66067 2.59017 2.54501
threshold=3.5000000000000004 3.9981586933135991 0.52907195687294017 37.500000000000007 -0.43045718967914576 0.07551178336143495 4.2268071174621591 0.1649659872055054 0.014052361249923708 6.310826539993287 0.99082106351852428 447.50000000000006 0.11856246739625932 -1.0533676147460935
decision_type=10 8 8 8 10 8 8 10 10 10 8 10 10 8
left_child=9 2 3 12 -4 -5 -3 8 -8 11 -11 13 -2 -1
right_child=1 6 4 5 -6 -7 7 -9 -10 10 -12 -13 -14 -15
leaf_value=0.041154522048722379 0.067392645728660105 -0.043651575651033267 0.015094516489223737 -0.065890042276217337 -0.072056420477527514 0.1324930830495025 0.056421622861827059 -0.075262325467253921 -0.015115695558126446 0.059929747444578498 -0.043589741310307822 -0.098992348343539649 0.029060318502564859 0.00062230330058745331
leaf_weight=3.887827200637842 7.6022904454457167 4.4251644183938881 7.2302753026616529 1.5721440069377182 1.7879843768114669 0.28731674259875473 3.8933317165419794 1.1901836563949642 3.1995716730621524 4.7878732217272111 1.375920384770408 0.66866796331521428 10.48492006944184 1003.6598818445696
leaf_count=144992 358 333 489 90 97 368 383 84 980 15687 1895 229532 707 1853909
internal_value=0.00148262 0.0148867 0.0252655 0.0376761 -0.00218426 -0.0352366 -0.00876887 0.0098669 0.0241515 0.000931948 0.0368215 0.000712535 0.0451719 0.000778705
internal_weight=1056.05 41.6732 28.9649 19.9467 9.01826 1.85946 12.7083 8.28309 7.0929 1014.38 6.16379 1008.22 18.0872 1007.55
internal_count=2249904 3889 2109 1523 586 458 1780 1447 1363 2246015 17582 2228433 1065 1998901
is_linear=0
shrinkage=0.05


Tree=217
num_leaves=15
num_cat=0
split_feature=26 30 18 21 7 4 4 8 7 22 2 18 12 17
split_gain=5.23168 5.15827 4.31937 4.00403 3.83777 3.33489 3.23508 3.19522 4.89311 5.29593 3.01626 2.89784 2.88773 4.0097
threshold=0.40454545617103582 0.46297782659530645 0.28456890583038336 1.5000000000000002 18.463925361633304 0.051111668348312385 0.052538305521011359 1.5000000000000002 38.775136947631843 0.68421930074691784 1.8220039606094363 0.041181316599249847 0.19543650746345523 6.6528596878051767
decision_type=10 10 10 10 10 10 10 8 10 8 10 10 10 10
left_child=3 2 4 7 5 11 -3 8 9 -1 -10 -2 13 -9
right_child=1 6 -4 -5 -6 -7 -8 12 10 -11 -12 -13 -14 -15
leaf_value=-0.090845683292709603 -0.043978177636786242 -0.070370722988899778 -0.0050761111769961802 -0.057324538203865939 0.047243215546727425 -0.065719853258753305 0.054466283056726052 -0.0017809630407679162 0.06485149282793197 0.0058266850119094386 0.017585108975669544 0.020972843387710896 0.021947774242982006 -0.056203172722083042
leaf_weight=1.8682620055251806 1.8037929962503785 2.80802098979912 18.864487339159496 3.1906405686277131 12.309886570310892 1.232666316794307 0.63662357356819876 927.14608319287697 4.9273911674641804 4.0747689050012923 10.714885363074245 35.807181648029371 12.782930631438374 3.396936320490112
leaf_count=762 1170 16267 35310 6476 2237 3725 5257 2137452 2128 188 800 11391 12540 14836
internal_value=-0.000428905 0.0124351 0.0153738 -0.00140506 0.0229153 0.0152056 -0.0472989 -0.00122016 0.0178006 -0.0208209 0.0324742 0.0178578 -0.00165539 -0.00197963
internal_weight=1041.56 73.4627 70.018 968.102 51.1535 38.8436 3.44464 964.911 21.5853 5.94303 15.6423 37.611 943.326 930.543
internal_count=2250539 75357 53833 2175182 18523 16286 21524 2168706 3878 950 2928 12561 2164828 2152288
is_linear=0
shrinkage=0.05


Tree=218
num_leaves=15
num_cat=0
split_feature=16 2 16 23 1 15 32 30 28 4 17 30 27 8
split_gain=3.22794 4.7571 3.31955 4.60284 4.46099 5.80699 4.93645 4.66224 4.55797 4.60191 4.44017 4.20499 3.95214 5.3336
threshold=6.310826539993287 0.99082106351852428 2.6020033359527592 103.50000000000001 53.500000000000007 1.0000000180025095e-35 4.0163424015045175 -1.4329961538314817 1.5000000000000002 0.0075806379318237313 4.3241107463836679 -1.5695744752883909 15.651165008544924 42.500000000000007
decision_type=10 8 8 8 10 8 10 8 10 10 8 10 10 8
left_child=2 -2 3 4 5 6 -1 11 9 -9 -6 -7 13 -5
right_child=1 -3 -4 12 10 7 -8 8 -10 -11 -12 -13 -14 -15
leaf_value=-0.065997979331397907 0.058696018349327694 -0.047600590310567147 -0.0012593085110095264 0.08351175207710014 0.023176310216418524 0.011578477138396952 0.059631805381553105 -0.081140705072206554 0.010968036429977211 0.00034713265492828125 -0.035566164153280122 0.069256241492496151 -0.093933084318124332 0.017810314777925995
leaf_weight=4.2409257084806526 4.8942828562568552 1.3409296817277239 923.02652376734545 4.5686052980095928 4.3823614617929492 6.510641014728435 0.95869486150144911 2.7968022089735696 62.40717488086915 4.5532490814215016 12.095881544749167 6.1402324508696804 0.58138365467464304 9.5374709672594236
leaf_count=1570 15611 1901 2047317 9442 4431 5377 1377 2825 9946 12457 11174 1811 24 125063
internal_value=-3.21944e-05 0.0358361 -0.000246868 0.00762114 0.0039237 0.00841295 -0.0428346 0.0116465 0.00658183 -0.0306602 -0.0199437 0.039573 0.0338238 0.0390894
internal_weight=1048.04 6.23521 1041.8 118.773 104.086 87.6077 5.19962 82.4081 69.7572 7.35005 16.4782 12.6509 14.6875 14.1061
internal_count=2250326 17512 2232814 185497 50968 35363 2947 32416 25228 15282 15605 7188 134529 134505
is_linear=0
shrinkage=0.05


Tree=219
num_leaves=15
num_cat=0
split_feature=29 4 3 2 31 2 3 30 29 31 3 30 29 17
split_gain=3.50984 6.40764 5.59621 4.8409 5.79309 4.45032 8.43182 7.84851 5.30285 5.04233 12.1472 7.9912 6.90973 6.90679
threshold=2.1270071268081669 0.029579669237136844 0.1053421199321747 1.3610702157020571 -2.7217658758163448 0.52868792414665233 0.12089970707893373 -1.3013975024223325 2.1724883317947392 3.6029086112976079 0.083792626857757582 -0.92136338353157032 3.1427326202392583 5.8036265373229989
decision_type=8 10 10 10 10 10 8 8 8 10 10 10 10 10
left_child=1 3 -3 -1 -5 6 -2 -7 -9 -10 12 13 -11 -12
right_child=5 2 -4 4 -6 7 -8 8 9 10 11 -13 -14 -15
leaf_value=0.0092941831339837504 -0.06653976182385761 0.047508830265505148 -0.037955060228983629 0.03675710440028309 0.21633943996306623 0.016211143806751253 -0.0074330306547118032 -0.064868520526473974 -0.0005756991436628088 -0.11738621563301262 -0.023963347448690137 -0.10857007910679993 -0.019112820382737695 0.035752999180499276
leaf_weight=131.9089934247778 6.9306798098994049 2.2739115615870409 12.150356665072065 1.8522280812594885 0.59280768306353415 66.924667327680524 46.623492743256747 3.3013260625128158 745.17558478386775 4.3678832128116367 9.5435366290775736 1.6413301767224151 3.0290891121840104 9.8288805921229123
leaf_count=1026863 1196 17615 994274 9433 1680 3008 47786 8245 138020 106 553 67 26 188
internal_value=7.37283e-05 0.0071864 -0.0244821 0.0105863 0.0802975 -0.00110551 -0.0150823 -0.000218449 -0.00163377 -0.00136391 -0.0220377 -0.00264029 -0.0771429 0.00633462
internal_weight=1046.14 148.778 14.4243 134.354 2.44504 897.366 53.5542 843.812 776.888 773.586 28.4107 21.0137 7.39697 19.3724
internal_count=2249060 2049865 1011889 1037976 11113 199195 48982 150213 147205 138960 940 808 132 741
is_linear=0
shrinkage=0.05


Tree=220
num_leaves=15
num_cat=0
split_feature=30 31 30 22 2 30 11 13 1 30 17 0 29 9
split_gain=3.86069 4.93173 7.902 7.24483 8.33937 6.47291 4.34195 4.20275 4.14685 4.13922 3.93842 3.86011 3.78944 5.16363
threshold=-2.2323697805404659 3.6029086112976079 -0.96492156386375416 0.75462436676025402 1.0618366599082949 -1.4329961538314817 1.0000000180025095e-35 0.1702898591756821 197.50000000000003 -1.5695744752883909 5.9067223072052011 0.62216037511825573 2.5968500375747685 0.29708679020404821
decision_type=8 10 8 10 8 8 8 8 8 10 8 8 8 8
left_child=-1 5 3 4 6 9 -3 -8 -9 -2 -5 -12 13 -7
right_child=1 2 -4 10 -6 12 7 8 -10 -11 11 -13 -14 -15
leaf_value=0.023849609555201913 0.0075939818448686998 -0.0065774050720589852 -0.068721796952155453 -0.0027345792440105765 -0.1164711031378361 -0.04751385961567986 -0.081883935464836577 -0.0065774050720589852 -0.036699259787865292 0.051301296594791518 -0.0065774050720589852 0.039756298324259372 -0.0011057981977157195 0.0079315487644784476
leaf_weight=17.327479292157218 11.450784784962668 24.581261615054444 5.3744378804000936 39.563520371287268 2.1199631447755882 4.2919146483409856 3.3149057022313961 8.8783493725380591 19.084563086114724 10.279889513536975 4.3743424772710595 12.989495096247991 688.5807331821054 194.33254251991823
leaf_count=17891 45489 24943 172 712 1218 367351 3823 301 14633 29104 136 119 128082 1616050
internal_value=0.000444561 5.05226e-05 -0.00946395 -0.00669232 -0.0191328 0.00130959 -0.0154386 -0.0286518 -0.0223413 0.0282701 0.00597799 0.0258296 0.000649231 0.00673347
internal_weight=1046.54 1029.22 120.281 114.906 57.979 908.936 55.8591 31.2778 27.9629 21.7307 56.9274 17.3638 887.205 198.624
internal_count=2250024 2232133 46057 45885 44918 2186076 43700 18757 14934 74593 967 255 2111483 1983401
is_linear=0
shrinkage=0.05


Tree=221
num_leaves=15
num_cat=0
split_feature=10 18 24 18 4 30 16 24 9 1 9 13 18 4
split_gain=3.23407 5.14759 4.69046 3.83525 3.78696 4.62681 3.40931 5.07978 4.20774 4.88133 4.12675 3.31787 3.11109 3.49911
threshold=0.027063898742198948 0.27829030156135565 1.9989223480224612 0.20514769107103351 0.079632610082626357 0.072970330715179457 6.310826539993287 1.2129694223403933 0.67221400141716015 66.500000000000014 0.90752768516540538 0.17519181966781619 0.19357419013977054 0.007721424102783204
decision_type=10 10 10 10 8 8 10 8 10 10 8 8 8 10
left_child=6 2 -2 12 5 11 8 -8 -1 -10 -11 -3 13 -4
right_child=1 4 3 -5 -6 -7 7 -9 9 10 -12 -13 -14 -15
leaf_value=-0.00096048434622650737 0.037880119090333099 0.039888357446879769 0.031350553130727418 0.031762203187389808 0.052171641412779204 -0.038537545830934876 0.070906649903970803 -0.029830527047732949 -0.055716611879488981 -0.048987180827761816 0.076049663250183114 -0.008131151110499401 -0.048938837049314919 -0.0064105811791690366
leaf_weight=929.41018781905575 18.710465302142708 4.4967621319202635 8.5206825746136037 12.548705897571834 2.5221481288305645 10.646868885885867 3.7882404116625135 1.8687617362302256 7.0874645783104899 1.1424292620400112 1.562321392225879 17.981686873196963 3.0332315951700357 21.910360190649044
leaf_count=2187702 1652 181 218 475 1113 1633 16213 1279 32275 3912 873 963 224 1310
internal_value=-0.000164428 0.00836889 0.0167722 0.00818903 -0.00688865 -0.0113855 -0.00107091 0.0376286 -0.001304 -0.0339086 0.0232368 0.00147504 -0.00065063 0.00416252
internal_weight=1045.23 100.371 64.7234 46.013 35.6475 33.1253 944.859 5.657 939.202 9.79222 2.70475 22.4784 33.4643 30.431
internal_count=2250023 7769 3879 2227 3890 2777 2242254 17492 2224762 37060 4785 1144 1752 1528
is_linear=0
shrinkage=0.05


Tree=222
num_leaves=15
num_cat=0
split_feature=27 32 3 27 1 1 13 0 4 18 3 2 31 31
split_gain=4.08872 4.50794 3.83762 3.54729 3.49508 5.07453 3.81694 4.56536 3.75482 3.62573 3.53763 3.88915 3.33345 3.36374
threshold=1.0171056389808657 4.9801702499389657 0.1425086855888367 0.85051825642585765 76.500000000000014 57.500000000000007 1.0000000180025095e-35 0.64345568418502819 0.011000305414199831 0.095135081559419646 0.16042920947074893 -0.14552255719900128 -2.1517194509506221 -0.91621232032775868
decision_type=10 10 8 10 10 10 8 10 10 8 8 10 8 8
left_child=3 4 -3 -1 5 9 8 -8 -6 -2 11 -11 -13 -14
right_child=1 2 -4 -5 6 -7 7 -9 -10 10 -12 12 13 -15
leaf_value=0.0002343496446551146 0.021260388278993111 0.076293863190739691 -0.053616205627683003 -0.059944231248890235 -0.084132060076581971 0.048618083113965135 -0.050286171933560789 0.027901955144380066 0.069131488849195177 0.073999050061678576 -0.047992635411788553 -0.055689442880467656 0.025083502803327298 0.00083157251844152207
leaf_weight=869.32786805525359 34.884422324231352 3.9024671524758969 0.66541413082621614 2.4557169637419056 0.50233985547532212 7.7104814285560783 7.8078949730777616 2.4536437481986102 1.9543930683043376 1.9732928366168057 3.3131823109434597 2.3534455965560248 16.791530733224754 96.275730883163732
leaf_count=1904708 14294 13308 162327 22786 2191 10753 39597 2576 5844 564 40375 10700 5762 14779
internal_value=0.0014833 0.00833091 0.0573696 6.48333e-05 0.00705831 0.00902455 -0.018188 -0.0315906 0.037793 0.00706245 0.00295924 0.00439725 0.0032073 0.00443321
internal_weight=1052.37 180.588 4.56788 871.784 176.02 163.302 12.7183 10.2615 2.45673 155.592 120.707 117.394 115.421 113.067
internal_count=2250564 323070 175635 1927494 147435 97227 50208 42173 8035 86474 72180 31805 31241 20541
is_linear=0
shrinkage=0.05


Tree=223
num_leaves=15
num_cat=0
split_feature=13 0 33 29 22 2 4 33 30 2 33 3 2 2
split_gain=3.91453 3.9334 4.79021 4.49125 5.26386 5.73788 4.02427 3.53172 3.31231 3.4288 3.41513 3.16532 2.86735 3.46341
threshold=0.85026738047599804 0.70110279321670543 8.5000000000000018 2.5968500375747685 0.65644097328186046 1.3954287171363833 0.0081116557121276873 2.5000000000000004 -0.24549214541912076 1.8220039606094363 15.500000000000002 1.0000000180025095e-35 1.0880943536758425 1.5958924293518069
decision_type=10 10 10 10 8 8 10 10 10 8 8 10 10 8
left_child=1 3 -3 -1 8 6 -6 -8 11 10 -10 -5 -4 -14
right_child=-2 2 12 4 5 -7 7 -9 9 -11 -12 -13 13 -15
leaf_value=0.0002010244007252986 0.062687963466166924 0.0014610968336650539 0.0002010244007252986 -0.082320752375121931 -0.013683411667770044 0.0002010244007252986 -0.013683411667770044 0.0002010244007252986 -0.073093539322076365 -0.018730310062138541 -0.013683411667770044 -0.013683411667770044 0.029957302230595534 0.0002010244007252986
leaf_weight=291.86503801951847 2.4641640299214478 374.05450244083687 3.8762637156482773 1.7233562641459723 57.244105525786495 123.65771648906332 16.963437547047988 86.826869592924936 8.1992514477506795 10.439374192950966 1.1333810142404424 23.95063648090364 35.38013310760256 6.6832444941827012
leaf_count=2166480 3592 12180 3658 384 2456 6504 318 6171 9246 5225 3034 12298 14548 4225
internal_value=-0.000257197 -0.000406053 0.00333243 -0.00293038 -0.00704363 -0.00452111 -0.0111348 -0.0033388 -0.0228457 -0.0384173 -0.060439 -0.0136834 0.0185694 0.0234154
internal_weight=1044.46 1042 419.994 622.003 330.138 284.692 161.034 103.79 45.446 19.772 9.33263 25.674 45.9396 42.0634
internal_count=2250319 2246727 34611 2212116 45636 15449 8945 6489 30187 17505 12280 12682 22431 18773
is_linear=0
shrinkage=0.05


Tree=224
num_leaves=15
num_cat=0
split_feature=21 32 8 16 17 16 22 30 29 33 17 4 32 23
split_gain=4.42833 3.68219 6.4479 10.0871 6.43694 6.22319 5.93163 5.84349 8.82781 8.08556 7.92203 6.28158 7.66335 14.0725
threshold=1.5000000000000002 1.0000000180025095e-35 17.500000000000004 2.1383330821990971 3.7494349479675297 1.8688347935676577 0.64971026778221141 -0.90634799003601063 1.5173622369766238 78.500000000000014 5.2496488094329843 0.0067214369773864755 4.7916412353515634 122.50000000000001
decision_type=10 8 8 10 8 8 8 8 8 10 8 10 8 8
left_child=1 4 3 -3 -1 -4 -6 10 -9 -10 -7 12 -11 -14
right_child=-2 2 5 -5 6 7 -8 8 9 11 -12 -13 13 -15
leaf_value=-0.052859294464858077 -0.05841025496358352 0.060844236473640206 -0.033914013103473861 0.0076012936117483961 -0.036422265287371122 0.0221871284575503 -0.0021070021436225129 -0.032425625259038526 -0.00084479291789270924 0.088432571808091442 4.5644895469037339e-05 -0.014216797368488999 1.6612837125028155 -0.051227221073169293
leaf_weight=6.8448122808488554 3.2629316724407991 11.036105297336617 12.949120355218895 45.868680614987497 13.234085303866038 69.036125974882239 260.08938274034523 22.139422523204566 493.67638177314109 3.7256422752590725 97.38659148523864 1.9363909853286463 0.021856594178643607 0.02659107854825038
leaf_count=196 6554 3924 39596 68062 938 173997 5033 1437134 325440 4344 172441 12260 18 188
internal_value=-0.000252902 -7.00807e-05 0.00174068 0.0179272 -0.00496786 0.000426524 -0.00376852 0.00107291 -0.00153022 -0.000160532 0.00923046 0.0589944 0.0965573 0.721352
internal_weight=1041.23 1037.97 757.803 56.9048 280.168 700.898 273.323 687.949 521.526 499.387 166.423 5.71048 3.77409 0.0484477
internal_count=2250125 2243571 2237404 71986 6167 2165418 5971 2125822 1779384 342250 346438 16810 4550 206
is_linear=0
shrinkage=0.05


Tree=225
num_leaves=15
num_cat=0
split_feature=7 16 29 26 25 29 4 29 16 4 23 1 18 4
split_gain=3.3329 3.96034 4.7692 2.5599 5.25998 3.26859 5.31604 4.28313 7.62131 4.72174 5.60531 3.62464 3.61873 5.25718
threshold=46.003782272338874 2.0126758217811589 3.1427326202392583 0.41421568393707281 3.5000000000000004 2.1270071268081669 0.029579669237136844 2.3231714963912968 4.49422311782837 0.029269218444824222 7.5000000000000009 259.50000000000006 0.034171948209404952 0.024898648262023929
decision_type=10 10 10 10 10 8 10 8 10 8 10 10 8 8
left_child=3 2 -2 4 5 6 11 8 9 10 -7 -1 13 -9
right_child=1 -3 -4 -5 -6 7 -8 12 -10 -11 -12 -13 -14 -15
leaf_value=0.0056758566942681134 0.083786384300047478 0.0072954938231963341 0.0056758566942681134 0.0056758566942681134 -0.06914275319027445 -0.083621533646576887 -0.026617921706309118 -0.0091247254281185478 0.0056758566942681134 0.0056758566942681134 -0.027342421195987617 -0.05855344941041303 -0.00085126005816545569 -0.07660247548004262
leaf_weight=125.33474177346 3.9159637855300096 53.898686937800704 2.5360419500875651 64.094875593669485 2.8324248897785074 6.3622533214444372 12.771020298664707 12.504360034984595 7.703310227974085 6.0416236443857825 14.524946081325572 2.6256014863804031 733.10739098261161 3.7527941663363285
leaf_count=934418 3961 84785 183 73529 13486 910 934912 1681 7044 13246 11751 22070 146143 2379
internal_value=0.000318972 0.011727 0.048747 -0.000375305 -0.00110989 -0.000901504 0.00567586 -0.00216316 -0.0193541 -0.0332248 -0.0444851 0.00567586 -0.00136868 -0.0247013
internal_weight=1052.01 60.3507 6.45201 991.655 927.56 924.728 140.731 783.997 34.6321 26.9288 20.8872 127.96 749.365 16.2572
internal_count=2250498 88929 4144 2161569 2088040 2074554 1891400 183154 32951 25907 12661 956488 150203 4060
is_linear=0
shrinkage=0.05


Tree=226
num_leaves=15
num_cat=0
split_feature=27 8 13 1 31 22 14 8 16 24 1 15 16 33
split_gain=4.15892 3.99995 3.79932 3.48375 4.64282 3.15506 2.8165 5.77849 5.69593 6.30715 6.01426 5.18797 5.07078 6.11539
threshold=2.6893538236618046 173.50000000000003 0.85026738047599804 3.5000000000000004 2.7325224876403813 0.51482397317886364 1.0000000180025095e-35 17.500000000000004 2.6020033359527592 1.2709692716598513 3.5000000000000004 inf 6.3198683261871347 76.500000000000014
decision_type=10 10 10 10 10 10 10 8 10 10 8 8 10 10
left_child=2 5 6 -4 -5 -2 8 -8 9 -1 -10 -11 13 -12
right_child=1 -3 3 4 -6 -7 7 -9 10 11 12 -13 -14 -15
leaf_value=0.031575627220110876 -0.023280394706044913 -0.070805254256645273 0.078806083109256464 -0.079922893001770606 -1.1203319358167203 0.011208625963676484 0.029344589996407919 -0.00015407478495608554 0.00098855901545358976 -0.067404126767929992 -0.014121705025591872 0.0015365728061921798 0.075553726036413263 -0.052498533543584774
leaf_weight=18.608629552969155 7.0046457972944429 1.5743259925033886 2.2543028549933477 0.18790981301690823 0.011371866114927798 124.34490646623044 17.061669618777362 615.66628440856391 79.894986767876205 2.8700381740153773 112.02850024171657 55.48707913298923 1.4758781654115996 11.440809209187547
leaf_count=169398 139871 4596 2160 1260 11 32824 21876 853048 5596 1067 175020 13738 3295 826998
internal_value=0.000154407 0.00841981 -0.00104372 0.0610919 -0.139293 0.00936939 -0.00121042 0.000641364 -0.00536817 0.00622857 -0.00972549 -0.00185397 -0.0165765 -0.0176777
internal_weight=1049.91 132.924 916.987 2.45358 0.199282 131.35 914.534 632.728 281.806 76.9657 204.84 58.3571 124.945 123.469
internal_count=2250758 177291 2073467 3431 1271 172695 2070036 874924 1195112 184203 1010909 14805 1005313 1002018
is_linear=0
shrinkage=0.05


Tree=227
num_leaves=15
num_cat=0
split_feature=27 8 23 4 24 4 33 4 16 23 31 31 31 33
split_gain=3.94433 4.28911 3.5731 5.75132 5.49306 9.02566 6.03723 6.19499 6.0368 6.34197 6.34959 7.38958 7.09308 5.7917
threshold=2.9892170429229741 166.50000000000003 23.500000000000004 0.027719676494598392 1.5994083285331728 0.023597419261932377 10.500000000000002 0.026768505573272709 4.7140145301818857 7.5000000000000009 1.2365316748619082 -2.9265043735504146 1.519670367240906 36.500000000000007
decision_type=10 10 10 10 8 8 8 8 8 10 10 8 10 10
left_child=2 -2 4 -4 5 8 -7 -8 9 -1 11 -11 -12 -14
right_child=1 -3 3 -5 -6 6 7 -9 -10 10 12 -13 13 -15
leaf_value=-0.066413998097483273 0.0092098378321329947 -0.071377184209203248 0.0094446313402241321 -0.019989804802860847 -0.00078636501887008434 -0.02064754686434633 0.064118742885115251 0.0053274525779086878 0.0066265660771319713 0.059582149758925777 0.042672238359503893 -0.04161958737826444 -0.047696197814122571 0.0085400430478721531
leaf_weight=9.1239748430310481 128.08039776059891 1.6726748327031078 134.70956242733575 18.927522635648415 654.65491535161595 9.7115783995671041 7.2589646124785387 11.707673453284853 15.868141373019482 1.9134764544287461 6.4528381299011555 31.464319092885788 8.7504329774052909 9.6027342326864922
leaf_count=542 152429 6180 958544 979775 107213 4020 1035 20981 4111 30 727 4977 3294 6180
internal_value=9.80517e-06 0.00817097 -0.00114103 0.00581842 -0.00253596 -0.0127759 0.0114124 0.0278282 -0.0211158 -0.0276562 -0.0215785 -0.0358179 -0.00241867 -0.0182723
internal_weight=1049.9 129.753 920.146 153.637 766.509 111.854 28.6782 18.9666 83.1759 67.3078 58.1838 33.3778 24.806 18.3532
internal_count=2250038 158609 2091429 1938319 153110 45897 26036 22016 19861 15750 15208 5007 10201 9474
is_linear=0
shrinkage=0.05


Tree=228
num_leaves=15
num_cat=0
split_feature=30 31 31 4 1 11 12 10 4 4 32 1 16 31
split_gain=4.67156 14.6661 7.71391 9.31628 8.36393 7.1964 6.66404 7.09843 6.23806 6.6128 7.74456 6.14782 5.77449 5.82846
threshold=-0.90634799003601063 3.5174729824066167 2.1088203191757207 0.0037864446640014653 13.500000000000002 0.6904762089252473 0.062996033579111113 0.016330883838236335 0.024377495050430301 0.021557152271270755 1.2424533367156985 159.50000000000003 2.5249279737472539 2.4702327251434331
decision_type=8 10 10 8 8 8 8 10 10 10 10 10 8 10
left_child=-1 2 -2 4 -4 12 -7 8 9 10 -8 -12 -5 -14
right_child=1 -3 3 5 -6 6 7 -9 -10 -11 11 -13 13 -15
leaf_value=0.005127832201876713 -0.00022054782832627647 -0.1137046234733976 0.033078453100134943 0.028675938675236337 -0.070898011027248728 0.035266858137466731 0.0072356857022961756 0.063754234714385391 -0.064026864255679647 0.069001803977414719 -0.069941438863381153 0.033913884868337033 -0.086370291889663414 -0.01797774384886091
leaf_weight=287.7501878238391 675.15957339713191 2.9459018085083235 2.3157000876963627 2.623740746535316 11.73710404649232 10.870484683708245 15.666919741663149 3.0412611062335477 5.6284423742940417 2.6388074815236626 7.552476608767849 1.7563397955559592 6.3718208011207045 6.0948607830938117
leaf_count=364526 1856790 109 13 2135 2982 2091 174 84 3763 280 3130 672 10729 2345
internal_value=-0.000292542 -0.00236002 -0.00192352 -0.0169931 -0.0537642 -0.00869149 0.00092602 -0.00936223 -0.0160514 -0.0062729 -0.014226 -0.0503465 -0.0387444 -0.0529337
internal_weight=1042.15 754.403 751.458 76.298 14.0528 62.2452 47.1547 36.2842 33.243 27.6145 24.9757 9.30882 15.0904 12.4667
internal_count=2249823 1885297 1885188 28398 2995 25403 10194 8103 8019 4256 3976 3802 15209 13074
is_linear=0
shrinkage=0.05


Tree=229
num_leaves=15
num_cat=0
split_feature=12 18 16 13 23 18 1 3 18 3 31 18 17 18
split_gain=3.46916 3.81009 3.30997 4.06762 7.03487 3.89107 4.49682 3.8644 5.89983 5.71799 5.31409 4.99114 3.97013 5.09165
threshold=0.19543650746345523 1.1820107698440554 6.310826539993287 0.25543478131294256 inf 0.91529908776283275 2.5000000000000004 0.15849518775939944 0.059334607794880874 0.14977687597274783 2.2674093246459965 0.39551039040088659 5.7914869785308847 0.24935384839773181
decision_type=10 8 10 10 8 10 10 10 10 10 8 10 10 10
left_child=2 -2 3 7 -5 6 -6 9 -9 -1 -11 -12 13 -10
right_child=1 -3 -4 4 5 -7 -8 8 12 10 11 -13 -14 -15
leaf_value=-0.00011338091757775663 0.031165577444059796 -0.066619924317571938 0.036449231894239625 -0.054209864107006636 0.084376119098646091 0.34256436193781054 -0.21123999793415127 -0.06403422583338847 0.015430604604235657 -0.032298557769916428 0.045451259476124301 -0.065109168992361327 -0.035130407409275595 -0.023270864436443287
leaf_weight=953.83904287904454 13.710449816735551 1.0742001584966878 6.0811799426669486 7.1724752653996076 0.97531431942200331 0.12211852297883385 0.14819013049113039 5.2204076915106361 21.349183281313223 3.1783629946715291 15.63010589121753 1.0921248238038277 10.381753461547303 14.11886492259036
leaf_count=647783 10595 2604 17388 21999 280 120 311 160150 368520 65992 6658 2373 213582 731645
internal_value=1.11555e-05 0.0240608 -0.000330962 -0.000547436 -0.0351618 0.0745193 0.0453844 -0.000263103 -0.01367 0.000440053 0.0269662 0.0382306 -0.00793553 2.46028e-05
internal_weight=1054.09 14.7846 1039.31 1033.23 8.4181 1.24562 1.1235 1024.81 51.0702 973.74 19.9006 16.7222 45.8498 35.468
internal_count=2250000 13199 2236801 2219413 22710 711 591 2196703 1473897 722806 75023 9031 1313747 1100165
is_linear=0
shrinkage=0.05


Tree=230
num_leaves=15
num_cat=0
split_feature=30 17 0 18 17 24 18 18 13 18 30 18 9 16
split_gain=3.30326 7.8942 6.94095 6.86343 6.16442 5.12421 5.03074 4.99955 4.24896 7.1551 5.05267 6.03892 4.82266 6.25472
threshold=-0.21482259035110471 5.8622088432312021 0.68150788545608532 0.26040723919868475 4.9522936344146737 0.97324538230896007 0.47323265671730047 0.081098206341266646 0.053342817351222045 0.051675658673048026 -0.22545794397592542 0.15104664862155917 0.40583917498588568 3.4498615264892583
decision_type=10 10 10 10 8 8 10 8 10 8 10 8 10 8
left_child=8 2 5 -3 -4 -2 7 -7 10 -10 -1 -12 13 -11
right_child=1 3 4 -5 -6 6 -8 -9 9 12 11 -13 -14 -15
leaf_value=-0.00016630915662976391 -0.007019289401055933 -0.033705637160079308 -0.007019289401055933 0.0077495424901630073 0.0086459119575273847 -0.007019289401055933 -0.007019289401055933 -0.05200471670889676 0.068761942096457015 -0.042977426446271151 0.066789301737971235 -0.039081966717127214 0.040567285550033139 0.0093478522599632283
leaf_weight=680.93133250168876 16.559508191678532 37.544132046896948 46.399958669713264 13.601645680086163 146.21473946668647 7.1658493356110311 6.6304309109167638 21.44150591877105 5.4164706960754403 6.6209159906355648 5.6173451636140168 1.7717554402430415 9.8417346104556582 41.56452330618297
leaf_count=890262 967457 143552 7559 67457 30031 5835 23473 40764 2430 7611 2329 6038 7013 48822
internal_value=-0.000339523 -0.0048179 -0.00107984 -0.0226811 0.00328961 -0.0173282 -0.0298175 -0.0398806 0.00142116 0.0138026 0.000279942 0.0414035 0.00867252 0.0021581
internal_weight=1047.32 295.558 244.412 51.1458 192.615 51.7973 35.2378 28.6074 751.764 63.4436 688.32 7.3891 58.0272 48.1854
internal_count=2250633 1286128 1075119 211009 37590 1037529 70072 46599 964505 65876 898629 8367 63446 56433
is_linear=0
shrinkage=0.05


Tree=231
num_leaves=15
num_cat=0
split_feature=26 25 31 16 33 29 3 31 27 33 29 16 16 4
split_gain=4.35672 4.60371 4.2757 6.11507 4.50149 4.48109 4.38544 4.23053 4.00751 3.995 5.63204 4.46908 5.08309 3.69173
threshold=0.1702898591756821 1.5000000000000002 0.48630371689796453 2.1383330821990971 199.50000000000003 2.8136668205261235 0.047111183404922492 -2.4234831333160396 2.3535244464874272 10.500000000000002 2.9576396942138676 3.9019216299057011 3.5114340782165532 0.0037864446640014653
decision_type=10 10 8 10 10 10 8 8 10 8 10 10 8 10
left_child=-1 2 7 -4 5 -5 -7 -2 -3 10 -10 12 13 -11
right_child=1 8 3 4 -6 6 -8 -9 9 11 -12 -13 -14 -15
leaf_value=-0.0020700661320333285 -0.081115886596160397 -0.074278898991849709 0.058496134494070019 -0.042037036339780301 0.062153827750640767 -0.032605188648132243 0.023296850673411983 0.034817185394061832 -0.097289722447836902 -0.066466464167832043 -0.0027113526391973996 0.043584088015697936 -0.067981871299080926 0.030627282973984454
leaf_weight=898.81689564910766 0.80932106856301722 1.7934568746973827 4.5109915176961364 7.826876904641451 2.299457688519559 5.3134621323188158 10.326676931592544 28.4052910290917 1.6188162603562535 1.1496723483455014 56.937161840104437 10.27916477151272 2.3324618424013677 6.5951763644752486
leaf_count=2043513 8948 8344 1984 14766 17820 131 622 54480 541 2079 2512 67587 13855 13019
internal_value=-0.000791349 0.00740657 0.0179596 0.00479266 -0.00460932 -0.0111512 0.00430512 0.0316055 -0.000372542 0.00130714 -0.00532603 0.0203876 -0.00327344 0.0162143
internal_weight=1039.01 140.198 59.4921 30.2775 25.7665 23.467 15.6401 29.2146 80.7059 78.9125 58.556 20.3565 10.0773 7.74485
internal_count=2250201 206688 98751 35323 33339 15519 753 63428 107937 99593 3053 96540 28953 15098
is_linear=0
shrinkage=0.05


Tree=232
num_leaves=15
num_cat=0
split_feature=13 30 23 2 7 12 16 30 14 1 18 30 4 18
split_gain=3.48176 5.59223 3.55266 5.51366 7.24913 5.2175 4.33807 3.97774 3.6188 3.54996 3.49202 3.4617 3.94855 4.33208
threshold=0.0008991008799057455 -1.0459934473037718 2.5000000000000004 2.0754336118698125 21.10701942443848 0.021054964512586597 4.8559212684631357 -0.11323043704032897 1.0000000180025095e-35 113.50000000000001 0.070361062884330763 0.46297782659530645 0.028824180364608768 0.57171070575714122
decision_type=10 10 10 8 10 8 8 8 10 10 10 8 10 10
left_child=-1 -2 3 4 6 -4 7 10 -8 11 -3 12 13 -7
right_child=1 2 5 -5 -6 9 8 -9 -10 -11 -12 -13 -14 -15
leaf_value=-0.0013027584369423473 0.031051848940333211 0.0012660974040605011 0.090966413174470004 0.011535407541122825 0.050907966194817023 0.019862930053351911 -0.09679544942268925 -0.18409001692858723 0.0012660974040605011 -0.050558428573805297 -0.0706090393128634 -0.032517798283623375 -0.035100691138863882 -0.029924865664126006
leaf_weight=920.41399030931348 21.256995004429157 0.71440430718536152 1.877360739007395 12.650661533668428 2.1596025630737996 50.582980076824512 0.95733952472349537 0.68530753492482421 2.984399480792014 2.6236076712804097 7.0246858076495897 4.7027904966781753 4.1329343859064442 4.7821366701747428
leaf_count=2066604 23003 71 1575 366 983 29619 197 1483 931 33243 912 40765 36513 13146
internal_value=-0.00026948 0.00784972 0.00270562 -0.0125973 -0.0336148 0.008759 -0.0483758 -0.0686328 -0.00508186 0.00644948 -0.0584089 0.00877914 0.0120433 0.0155625
internal_weight=1037.55 117.135 95.8782 27.1764 14.5257 68.7018 12.3661 8.4244 3.94174 66.8244 7.73909 64.2008 59.4981 55.3651
internal_count=2249411 182807 159804 4943 4577 154861 3594 2466 1128 153286 983 120043 79278 42765
is_linear=0
shrinkage=0.05


Tree=233
num_leaves=15
num_cat=0
split_feature=13 27 1 4 31 17 18 17 32 17 17 4 24 0
split_gain=3.11494 3.04684 3.44202 3.34456 4.86042 3.89377 3.37841 3.36566 3.293 7.92966 5.9373 6.39981 5.97756 7.06868
threshold=0.85026738047599804 2.7203241586685185 1.5000000000000002 0.006345391273498536 -1.6388955712318418 3.6242519617080693 0.23534186184406283 5.0466406345367441 1.0000000180025095e-35 3.6242519617080693 5.5816130638122567 0.023353695869445804 2.3125263452529912 0.60045474767684948
decision_type=10 10 10 8 8 8 10 10 8 8 8 8 8 10
left_child=1 8 3 6 5 -5 -3 -8 9 -1 11 12 13 -11
right_child=-2 2 -4 4 -6 -7 7 -9 -10 10 -12 -13 -14 -15
leaf_value=-0.08657299393049514 0.052313259623779855 0.060784883020843054 0.0021926271707292341 0.12530886009751024 0.017512996820301666 -0.07685641526319742 -0.062942327739446191 0.037406815773748429 0.000729333349351288 -0.12578065621315182 0.0036385566659128429 0.0016786969373493489 -0.0098823287201876969 -0.031674622032670519
leaf_weight=3.0237962553424884 2.850017174215508 7.9364671094707644 96.542650904821684 0.26602517318778396 21.053579098361098 2.2750737490143136 1.2721360516051632 2.4348118086880075 671.45067977511439 2.1404881706369023 106.50264010054559 49.755374728344123 46.637186267849756 29.451622841284689
leaf_count=108 3602 5546 56180 18 98029 3774 6300 6566 2065424 52 1674 1199 731 761
internal_value=0.000112477 -3.0472e-05 0.00707462 0.0204499 0.00962897 -0.0556919 0.042378 0.00296938 -0.00106056 -0.00612066 -0.0050832 -0.012341 -0.0212578 -0.0380507
internal_weight=1043.59 1040.74 131.781 35.2381 23.5947 2.5411 11.6434 3.70695 908.962 237.511 234.487 127.985 78.2293 31.5921
internal_count=2249964 2246362 176413 120233 101821 3792 18412 12866 2069949 4525 4417 2743 1544 813
is_linear=0
shrinkage=0.05


Tree=234
num_leaves=15
num_cat=0
split_feature=21 10 0 24 24 12 8 3 4 4 11 27 27 18
split_gain=5.10067 3.57498 5.37536 4.62172 8.22736 4.40135 3.98053 3.64466 3.50984 3.31462 3.19661 2.8144 4.46913 3.81154
threshold=1.5000000000000002 0.019321458414196972 0.52826255559921276 1.3159175515174868 1.8449382185935976 0.077935222536325469 162.50000000000003 0.027705729007720951 0.01854994893074036 0.0047758221626281747 1.0000000180025095e-35 2.6893538236618046 3.4650033712387089 0.49719092249870306
decision_type=10 8 10 8 10 8 10 8 10 8 8 10 10 10
left_child=1 2 -1 8 -5 -6 11 10 -4 -7 -8 -3 -13 -14
right_child=-2 6 3 4 5 9 7 -9 -10 -11 -12 12 13 -15
leaf_value=-0.044523217796446045 -0.060669422399840002 -0.0014741198225635549 0.054034812982847548 -0.013183710809020276 0.072953535079491358 0.04492524112703139 0.026447785655662845 -0.087988129621430836 -0.013183710809020276 -0.0027362529641985519 -0.065924755987797137 0.027379104226080066 0.0051424860488009103 -0.03025068009131935
leaf_weight=3.7087375003865324 3.4849696378557828 861.19684597680862 11.091901380146872 11.336563323373413 4.326625180690769 5.9798589605454717 2.3601727539151507 2.4486216864365247 1.9406645331705945 9.3541213482234724 1.5527464153074104 21.417957525409037 92.236424369873575 8.2905300415533656
leaf_count=586665 6542 1330331 84500 12064 253 196 86 296 112462 1121 79 28747 51229 36076
internal_value=-0.000280695 -7.77979e-05 0.0132863 0.0181558 0.00765184 0.0284169 -0.00072255 -0.0401464 0.0431388 0.0158505 -0.010208 -0.000467453 0.00664181 0.00222359
internal_weight=1040.73 1037.24 47.7385 44.0297 30.9972 19.6606 989.503 6.36154 13.0326 15.334 3.91292 983.142 121.945 100.527
internal_count=2250647 2244105 797261 210596 13634 1570 1446844 461 196962 1317 165 1446383 116052 87305
is_linear=0
shrinkage=0.05


Tree=235
num_leaves=15
num_cat=0
split_feature=16 4 32 29 26 30 23 12 24 12 12 16 16 3
split_gain=4.53235 4.65432 9.10579 4.7856 4.27379 4.17495 5.91049 7.74053 7.28427 5.31485 5.25483 5.43196 5.41504 5.11786
threshold=4.1026091575622567 0.00037497282028198248 3.5114340782165532 4.0631101131439218 0.1702898591756821 -0.32860140502452845 30.500000000000004 0.07619738951325418 1.7414228320121767 0.039607843384146697 0.062996033579111113 4.0859410762786874 4.0517470836639413 0.116359680891037
decision_type=10 10 10 10 8 10 10 8 10 10 8 8 8 8
left_child=5 2 3 -2 -4 9 8 -8 10 -1 12 -12 -7 -9
right_child=1 -3 4 -5 -6 6 7 13 -10 -11 11 -13 -14 -15
leaf_value=0.0039128928764755799 -0.068636715989721653 -0.0033804829107758083 0.10307004810025128 0.013065259652982265 -0.054491558469414794 -0.009527520882115937 -0.057738890513810426 0.022641892534976397 0.0020057213597930771 0.02596270237835497 -0.020033997041187968 -0.087735913856350878 0.056765079470345495 -0.027459946574135925
leaf_weight=462.14220392523112 8.8218119778718584 293.16855859612144 1.5754344426679341 2.2492857478546293 0.59214247966631184 10.68996225607302 3.7224549810578549 44.958030934401478 106.98087450727856 29.046539507913053 70.493197603149298 3.0927331805063423 4.3274253126406004 5.7488509487084576
leaf_count=504335 4061 931797 21829 81 12939 4217 106055 125293 4919 26307 30578 776 394 476158
internal_value=0.000425061 -0.00469 -0.0336891 -0.0520375 0.0600271 0.00253959 -0.00272022 0.0118528 -0.00677577 0.00521681 -0.0173787 -0.0228794 0.00957542 0.0169616
internal_weight=1047.61 306.407 13.2387 11.0711 2.16758 741.202 250.014 54.4293 195.584 491.189 88.6033 73.5859 15.0174 50.7069
internal_count=2249739 970707 38910 4142 34768 1279032 748390 707506 40884 530642 35965 31354 4611 601451
is_linear=0
shrinkage=0.05


Tree=236
num_leaves=15
num_cat=0
split_feature=13 26 30 31 3 31 4 0 17 16 4 18 18 16
split_gain=3.4948 3.23671 4.35055 5.31071 6.1864 4.9358 4.67999 4.15186 3.56257 3.26916 7.31752 4.33278 4.59446 3.55681
threshold=0.92676767706871044 0.40454545617103582 0.45252583920955664 -0.39861729741096491 0.039519160985946662 0.52907195687294017 0.025816768407821659 0.66627684235572826 6.816735267639161 5.4138731956481942 0.0058117508888244638 2.4379280805587773 2.2980632781982426 3.1984648704528813
decision_type=10 10 8 10 10 8 8 10 10 10 8 10 10 8
left_child=1 8 3 7 5 -5 -6 -3 9 11 -11 12 13 -1
right_child=-2 2 -4 4 6 -7 -8 -9 -10 10 -12 -13 -14 -15
leaf_value=0.0022839345240133367 0.054074522730377383 -0.063760789832840253 -0.032631009493938205 0.00189544420114618 0.027001047187238836 -0.051687297574965922 -0.018867863493514811 0.047977625704470395 -0.095541715552890746 -0.038965990372225451 0.025307967779809107 -0.070964521953742712 0.081338154267593554 -0.0044919449520175883
leaf_weight=276.63281498063549 2.85942607516722 0.89022738543316293 5.7975902282699243 11.566572452574274 27.823006315465399 6.838994942239073 6.9500244077296918 12.567414967793296 1.017859309764616 5.3643838132994919 25.375955472298848 2.3039179659920128 1.6386153037301472 645.81150179912038
leaf_count=476607 3620 5292 23612 1280 21734 990 21862 728 7135 24176 122274 27293 4181 1509303
internal_value=-0.00112559 -0.00127875 0.00891248 0.0125269 0.00542611 -0.0180144 0.0178333 0.0405861 -0.00204918 -0.00194976 0.0140918 -0.00248207 -0.00231133 -0.00245992
internal_weight=1033.44 1030.58 72.4338 66.6362 53.1786 18.4056 34.773 13.4576 958.145 957.127 30.7403 926.387 924.083 922.444
internal_count=2250087 2246467 75498 51886 45866 2270 43596 6020 2170969 2163834 146450 2017384 1990091 1985910
is_linear=0
shrinkage=0.05


Tree=237
num_leaves=15
num_cat=0
split_feature=12 4 2 16 22 1 4 26 18 18 16 18 16 16
split_gain=4.02386 4.10875 4.11239 3.44035 3.29877 2.84943 3.75824 2.66958 4.15042 4.08756 3.89762 3.80887 3.37225 5.39009
threshold=0.19543650746345523 0.0099922120571136492 1.3954287171363833 8.1175711154937762 0.69876605272293102 2.5000000000000004 0.0096993148326873797 0.093073595315217986 0.28456890583038336 0.26908361911773687 3.2384861707687382 0.29747970402240759 5.1445789337158212 4.8940944671630868
decision_type=10 10 8 10 10 10 8 10 8 8 8 8 10 10
left_child=3 5 -3 7 -4 6 -2 12 9 -9 -10 -12 13 -1
right_child=1 2 4 -5 -6 -7 -8 8 10 -11 11 -13 -14 -15
leaf_value=-0.0020076970244498099 -0.062554277394401864 -0.081178663566209966 -0.10590510213812361 0.09386530378111127 0.030234395596641511 0.063939473702883373 0.1035602000843685 0.0077770493196376266 0.040862200920037485 0.051798531991473599 -0.098171904727302431 -0.0096891036267542866 0.0099395812004018352 -0.022688215214607923
leaf_weight=772.44140187341986 1.0921964075639363 1.3680556927985452 0.49403995617078322 0.95828360302311821 4.479240751314137 6.5219367234899748 0.49472522848633649 113.57740145674335 3.7505801792311608 5.5299487388313358 1.2540527784748641 40.333934052670735 55.05318251232984 32.847263723578862
leaf_count=1627300 1839 9587 368 1130 138 910 193 105300 3864 5459 3825 173809 210957 105097
internal_value=-0.000459398 0.0257415 -0.00440777 -0.000828503 0.0167105 0.0493191 -0.0107678 -0.000917052 0.00492007 0.00982089 -0.00795472 -0.0123572 -0.00203276 -0.00285124
internal_weight=1040.2 14.4502 6.34134 1025.75 4.97328 8.10886 1.58692 1024.79 164.446 119.107 45.3386 41.588 860.342 805.289
internal_count=2249776 13035 10093 2236741 506 2942 2032 2235611 292257 110759 181498 177634 1943354 1732397
is_linear=0
shrinkage=0.05


Tree=238
num_leaves=15
num_cat=0
split_feature=10 12 31 18 4 0 2 29 15 13 16 11 13 18
split_gain=3.77937 4.77455 4.12774 5.34682 5.68384 3.89757 3.85289 3.85221 3.76037 3.6421 3.46591 5.83806 4.54514 5.96642
threshold=0.018706087954342369 0.21583850681781772 0.59471163153648388 0.20988876372575763 0.00037497282028198248 0.53405660390853893 -1.1420028209686277 3.4348374605178837 1.0000000180025095e-35 0.85026738047599804 5.1445789337158212 0.15476191043853763 0.013245614245533945 0.075681872665882124
decision_type=8 8 8 8 10 10 10 10 8 10 10 8 8 8
left_child=1 5 6 4 -4 -1 -3 -6 -8 10 12 -12 13 -2
right_child=9 2 3 -5 7 -7 8 -9 -10 -11 11 -13 -14 -15
leaf_value=-0.064511725504500572 -0.059466548271267683 -0.098653422677643932 0.058305364657044993 0.015310755210988874 -0.071568558087186165 0.046241960435636512 -0.06747535192425444 0.013227121393918136 0.051653041416724138 0.056792991835767449 -0.02127256722475987 0.019421832281511509 0.00047113170583519038 -0.0077665474054647802
leaf_weight=0.8459610058092214 5.9397370251008983 0.52589784591201727 1.3416245439607877 10.598708334956454 6.1354890729010565 13.023234812541581 0.72754212161921794 1.7134143839325586 7.4016861245152308 2.8327853525562423 10.825878643394088 47.407911818085452 844.73285122164634 92.268804000200831
leaf_count=169234 13570 157721 2019 84935 51932 54181 51167 96 225775 1644 66841 60911 1143551 166769
internal_value=0.00079568 0.0154335 0.00370549 -0.00889102 -0.036801 0.0394865 0.0325064 -0.0530577 0.0409914 0.000178775 1.85872e-05 0.0118566 -0.000712499 -0.0108934
internal_weight=1046.32 42.3136 28.4444 19.7892 9.19053 13.8692 8.65513 7.8489 8.12923 1004.01 1001.18 58.2338 942.941 98.2085
internal_count=2250346 797060 573645 138982 54047 223415 434663 52028 276942 1453286 1451642 127752 1323890 180339
is_linear=0
shrinkage=0.05


Tree=239
num_leaves=15
num_cat=0
split_feature=10 30 22 0 24 24 8 4 4 3 3 2 3 4
split_gain=4.10711 4.36227 4.7527 4.2745 5.20021 8.87423 4.33027 4.13758 3.95252 3.79491 8.14345 3.72501 3.41666 4.1351
threshold=0.018706087954342369 -2.2323697805404659 0.68421930074691784 0.52826255559921276 1.3159175515174868 1.8449382185935976 140.50000000000003 0.011275857686996462 0.01854994893074036 0.23370881378650668 0.23052284121513369 0.58074668049812328 0.20022085309028628 0.00082460045814514171
decision_type=8 8 8 8 8 10 10 10 8 10 10 10 10 8
left_child=3 2 -2 -1 8 -6 11 -4 -5 10 12 -7 -3 -14
right_child=1 9 7 4 5 6 -8 -9 -10 -11 -12 -13 13 -15
leaf_value=-0.050032227449212242 -0.049368777985663241 -0.0011979392659227544 0.0018819744811548731 0.055120032899132511 -0.015802650005006504 0.041867258680849041 0.053242945696828775 0.057925373977828987 -0.015802650005006504 -0.054025789587997641 0.10964590745590874 -0.015802650005006504 0.1291714608995827 -0.051927679773445805
leaf_weight=2.4132765436808108 1.8773479696115249 977.27843111320669 5.4971418452621466 11.551862506548144 10.114030290784152 3.7825206236992859 9.0087765245190763 8.2148991624174652 2.0389654480576391 3.4157081885613243 1.6532095378690872 4.8365410238678379 0.33581090449919782 5.1368524509828424
leaf_count=567421 14842 936436 367 84386 11896 276 449 898 132098 311921 15550 714 2326 171217
internal_value=-0.000346605 -0.00100043 0.0252424 0.0146503 0.0184269 0.00601358 0.0290034 0.0354576 0.0437653 -0.00141459 -0.00123203 0.00366776 -0.00141856 -0.0408152
internal_weight=1047.16 1003.41 15.5894 43.746 41.3327 27.7419 17.6278 13.712 13.5908 987.82 984.404 8.61906 982.751 5.47266
internal_count=2250797 1453557 16107 797240 229819 13335 1439 1265 216484 1437450 1125529 990 1109979 173543
is_linear=0
shrinkage=0.05


Tree=240
num_leaves=15
num_cat=0
split_feature=12 4 22 30 31 24 1 31 1 15 18 30 29 1
split_gain=3.62267 3.93457 4.14055 3.50995 8.86468 5.95476 6.2952 5.42954 7.81608 5.23865 6.41267 5.31394 6.62941 5.80301
threshold=0.19543650746345523 0.0099922120571136492 0.7193230688571931 -0.90634799003601063 3.361557245254517 0.97324538230896007 98.500000000000014 1.48625123500824 8.5000000000000018 1.0000000180025095e-35 0.089951056987047209 -0.2864158153533935 3.1427326202392583 10.500000000000002
decision_type=10 10 8 8 10 10 10 8 8 8 10 10 10 8
left_child=3 -2 -3 5 9 6 -1 -7 -9 10 -5 13 -13 -12
right_child=1 2 -4 4 -6 7 -8 8 -10 -11 11 12 -14 -15
leaf_value=0.038422778468226067 0.048080819236526073 -0.081861697989858068 0.017491795414326463 -0.050678261319825446 -0.065595148375654611 0.021912650084861998 -0.12014532359169383 -0.052205960753626435 0.0014795709069522801 -0.00035792733812556083 -0.023334553203125205 -0.06859566454695222 -0.0088440838168795232 0.017594751428492709
leaf_weight=16.879004482425163 8.0268918642726792 1.3715764389029348 4.4540412877160973 10.558499979068527 5.4709445900716664 31.781178272692756 0.65002328611086468 6.9810704801130461 235.11305165804487 668.57963365738726 13.510549002701181 6.9130982104227838 14.131103781205551 24.122354823824047
leaf_count=236444 2897 9881 361 52796 190 1861 395 85 124516 1592702 431 167900 881 58893
internal_value=-2.04521e-05 0.0253795 -0.00589987 -0.000360508 -0.00218392 0.00429048 0.0325426 0.00248223 -6.85149e-05 -0.00171372 -0.0148061 -0.00835115 -0.0284727 0.00290077
internal_weight=1048.54 13.8525 5.82562 1034.69 743.286 291.404 17.529 273.875 242.094 737.815 69.2356 58.6771 21.0442 37.6329
internal_count=2250233 13139 10242 2237094 1873793 363301 236839 126462 124601 1873603 280901 228105 168781 59324
is_linear=0
shrinkage=0.05


Tree=241
num_leaves=15
num_cat=0
split_feature=13 29 26 8 18 11 18 18 16 22 3 14 16 31
split_gain=3.33467 3.13892 3.95422 3.79339 4.86998 4.48021 3.77595 7.38127 4.97566 4.47061 4.43736 3.99153 8.36535 8.74206
threshold=0.92676767706871044 4.0631101131439218 0.41421568393707281 70.500000000000014 0.61166715621948253 0.52500000596046459 0.041181316599249847 0.04751375503838063 1.8688347935676577 0.75462436676025402 1.0000000180025095e-35 1.0000000180025095e-35 2.8029010295867924 0.75554049015045177
decision_type=10 8 10 10 8 8 8 8 10 10 8 8 8 10
left_child=1 2 6 4 -4 -5 10 8 -8 -10 -1 12 -9 -14
right_child=-2 -3 3 5 -6 -7 7 11 9 -11 -12 -13 13 -15
leaf_value=-0.09096474011948992 0.052476622409789134 0.0044199315053151242 0.013559876948194237 0.076586558324751947 -0.064519759809443175 -0.088088496454591145 0.054741418031822579 0.0094850599682095062 -0.075516074169097766 0.0040005237026679488 0.014925529917224296 -0.0010350986792946524 0.00074202228694255192 -0.032234408020516879
leaf_weight=1.0148484183109068 3.0202141130880582 277.4083949234797 30.280192529669719 3.789012139276561 2.1380742779902908 0.4635632798983339 1.1287398422386914 34.996163932917476 7.2859439929304397 2.3338404466339853 39.386100988409652 559.0849871419623 32.639578877033053 52.30329262234735
leaf_count=26 3653 78206 34388 9381 26240 2447 2371 92604 22098 49 81127 1216696 490895 190318
internal_value=1.39084e-05 -0.000137826 -0.00178661 0.0142348 0.00841031 0.0586357 -0.00259124 -0.00346142 -0.0445717 -0.0562247 0.0122656 -0.00281067 -0.0110873 -0.0195631
internal_weight=1047.27 1044.25 766.844 36.6708 32.4183 4.25258 730.173 689.773 10.7485 9.61978 40.4009 679.024 119.939 84.9429
internal_count=2250499 2246846 2168640 72456 60628 11828 2096184 2015031 24518 22147 81153 1990513 773817 681213
is_linear=0
shrinkage=0.05


Tree=242
num_leaves=15
num_cat=0
split_feature=12 10 13 1 17 30 30 8 8 27 3 29 29 16
split_gain=3.37583 3.2495 4.14217 3.86103 4.80672 3.81727 4.51427 3.6578 3.21168 3.19528 4.76118 4.18433 5.4295 4.5894
threshold=0.26491229236125952 0.018706087954342369 0.018693221732974056 176.50000000000003 5.6294164657592782 -0.2864158153533935 -0.17323825508356092 184.50000000000003 196.50000000000003 1.023424029350281 0.16417610645294192 2.6978409290313725 2.8136668205261235 3.7012257575988774
decision_type=10 8 10 10 8 10 8 10 10 10 10 8 8 10
left_child=1 2 3 4 -1 8 -7 9 -6 -3 11 -11 -13 -14
right_child=-2 7 -4 -5 5 6 -8 -9 -10 10 -12 12 13 -15
leaf_value=0.012102900354110819 0.047838088086908287 -0.0012498075781562849 0.047219595383638263 0.046104256501341034 -0.066557840085765346 0.068218024246304867 -0.064492010211741072 -0.055815414491399387 0.064737495528352382 0.025432599714275611 -0.059796020679000118 -0.074754857427901347 0.012003302794242887 -0.0074645469904886137
leaf_weight=22.279372108274142 3.7677560243469079 834.09670746605059 7.6376553748220237 5.2999470197918077 5.2837920953756337 1.6593276286702208 1.0439446190550818 2.9432681455206184 0.51079980411616244 27.003984637159885 2.6743460882782406 2.1605548033656738 85.997500095749047 46.719873095140628
leaf_count=477967 3908 1236372 78363 28033 74016 11721 123952 250 462 78407 124640 1041 5397 5643
internal_value=0.000595065 0.00042478 0.0137688 0.0066872 -0.000100558 -0.0320951 0.0169683 -0.000157623 -0.054984 6.41391e-06 0.0063739 0.00746705 0.00387016 0.00515013
internal_weight=1049.08 1045.31 43.7148 36.0772 30.7772 8.49786 2.70327 1001.6 5.79459 998.653 164.556 161.882 134.878 132.717
internal_count=2250172 2246264 794514 716151 688118 210151 135673 1451750 74478 1451500 215128 90488 12081 11040
is_linear=0
shrinkage=0.05


Tree=243
num_leaves=15
num_cat=0
split_feature=30 31 0 18 8 18 30 31 22 32 0 4 4 17
split_gain=4.19874 10.173 10.2888 5.57516 8.22878 8.02279 8.74747 17.2052 5.35135 5.58045 4.95541 4.77574 4.5528 4.37578
threshold=-0.90634799003601063 3.2919197082519536 0.70110279321670543 0.25452208518981939 33.500000000000007 0.8817029893398286 -1.1315950155258176 2.304796695709229 0.65644097328186046 3.0677825212478642 0.60416582226753246 0.0034605860710144047 0.00011849403381347658 5.4004201889038095
decision_type=10 10 10 8 10 10 10 10 10 10 10 10 8 10
left_child=3 -2 -3 -1 5 6 8 -8 -5 11 13 -10 -7 -11
right_child=1 2 -4 4 -6 12 7 -9 9 10 -12 -13 -14 -15
leaf_value=0.0096948723367786122 -0.0011739881607373179 -0.12101434493171481 0.02681963664547268 -0.044366522419363133 0.03003525344343427 0.097054365480811686 0.00658582366305517 -0.088448393748766327 -0.022734878771034389 -0.022734878771034389 0.24570987882918272 0.0033693084696982435 0.012363270587830738 0.13003880721454153
leaf_weight=223.71079461040534 693.61600829725 3.4782339970554395 1.7788725942373274 8.2263979387218225 15.58899292761299 1.7446828653910187 8.7173966821437379 10.497774875138942 8.014099997320498 0.61275975022039009 0.38534459787842923 44.791496254409623 17.544388997293634 0.70407727344411342
leaf_count=218395 1814473 228 7 84430 52340 115 16488 17541 801 1181 41 4288 37636 703
internal_value=0.000519126 -0.00169917 -0.070991 0.00507165 -0.00378128 -0.00898845 -0.0158172 -0.045334 -0.0067764 -0.00110324 0.0880039 -0.00397559 0.0200235 0.0418546
internal_weight=1039.41 698.873 5.25711 340.538 116.827 101.238 81.9493 19.2152 62.7342 54.5078 1.70218 52.8056 19.2891 1.31684
internal_count=2248667 1814708 235 433959 215564 163224 125473 34029 91444 7014 1925 5089 37751 1884
is_linear=0
shrinkage=0.05


Tree=244
num_leaves=15
num_cat=0
split_feature=33 31 30 16 12 12 33 29 27 33 18 4 17 23
split_gain=3.81832 8.21604 7.58637 5.05014 4.8325 4.88388 5.6349 4.69737 5.27737 5.53524 9.45787 10.8603 4.96706 7.77618
threshold=2.5000000000000004 3.2919197082519536 -1.4650781154632566 3.9019216299057011 0.13270440697669986 0.1123737394809723 309.50000000000006 3.4348374605178837 7.2879035472869882 8.5000000000000018 0.082880314439535155 0.00082460045814514171 6.0879099369049081 23.500000000000004
decision_type=8 10 10 10 10 10 10 10 10 8 10 8 10 10
left_child=1 -1 -3 -4 5 7 -7 8 9 10 12 -12 -2 -14
right_child=4 2 3 -5 -6 6 -8 -9 -10 -11 11 -13 13 -15
leaf_value=-0.0020842751819251425 0.018363734548008818 0.0049796071660223769 -0.10771755090044066 -0.035189188911871491 0.026161548852320173 -0.079413083747179022 0.079670828208221939 0.011202882260227734 0.043725054207925981 0.0029854868498486128 -0.098790071914478861 -0.012851307915178245 -0.049727441268381162 0.079464041179541256
leaf_weight=332.22304798053801 38.641870667282575 6.088051181841819 4.1790937650521283 5.6380967190589217 21.174139223368911 3.3554211734340136 0.66734636031538741 120.1135555122994 6.9108342155423079 389.72060401140146 3.8015360174251702 111.53575487926889 6.2511342882344243 1.4314934204982419
leaf_count=8510 2366 103 55 61 35686 6945 5515 10029 36174 2129455 378 13671 404 115
internal_value=0.000518037 -0.00376496 -0.0388706 -0.0660639 0.00263718 0.00190727 -0.0530223 0.00223299 0.000303168 -0.000241067 -0.00801937 -0.0156839 0.0110634 -0.0256554
internal_weight=1051.73 348.128 15.9052 9.81719 703.604 682.43 4.02277 678.407 558.293 551.382 161.662 115.337 46.3245 7.68263
internal_count=2249467 8729 219 116 2240738 2205052 12460 2192592 2182563 2146389 16934 14049 2885 519
is_linear=0
shrinkage=0.05


Tree=245
num_leaves=15
num_cat=0
split_feature=18 31 15 4 18 4 27 4 16 12 4 16 24 32
split_gain=3.52217 7.13336 12.0938 9.78925 8.48134 10.56 5.1646 6.17835 4.63159 4.37546 6.1137 4.17913 10.3241 5.0138
threshold=0.11485817283391954 3.5174729824066167 inf 0.034766435623168952 0.16950766742229464 0.0049119889736175546 1.023424029350281 0.017208456993103031 3.3497501611709599 0.051503095775842674 0.0049119889736175546 3.8606742620468144 1.6612914204597475 3.1567740440368657
decision_type=8 10 8 8 8 10 10 8 8 8 10 10 10 10
left_child=9 -2 3 -3 -4 -6 7 -7 -5 10 -1 -11 13 -13
right_child=1 2 4 8 5 6 -8 -9 -10 11 -12 12 -14 -15
leaf_value=-0.075818806233609592 0.00012836878110608226 0.0055970607879937719 -0.085726562254417049 0.027370571232260839 -0.084229169349785027 0.0018944497719660894 0.038158633315900012 -0.05893224963748997 -0.099635984697376806 0.0046077142196983851 -0.0051113839277475599 -0.078556618192019867 0.05072713782633298 0.029359777366801499
leaf_weight=3.6860845406772595 631.46144626284786 52.049847559082508 7.2938639558989875 0.90996372961651584 5.9729596067321244 10.81216449444107 4.5511512035606847 6.8003796680515096 3.3995861252220694 278.14278313938178 17.91689847085237 2.7512410752688492 13.807944193129542 1.7679124863816937
leaf_count=8059 1765370 8378 6270 275 4334 4940 3713 18381 3684 367382 38494 1956 367 17863
internal_value=0.000163586 -0.00176483 -0.014789 -0.000399023 -0.037679 -0.0252237 -0.00932213 -0.0215913 -0.0728185 0.00454853 -0.0171761 0.00613154 0.029258 -0.0363393
internal_weight=1041.32 723.251 91.7899 56.3594 35.4305 28.1367 22.1637 17.6125 4.30955 318.073 21.603 296.47 18.3271 4.51915
internal_count=2249466 1815345 49975 12337 37638 31368 27034 23321 3959 434121 46553 387568 20186 19819
is_linear=0
shrinkage=0.05


Tree=246
num_leaves=15
num_cat=0
split_feature=32 22 17 4 23 17 27 2 24 16 12 16 10 4
split_gain=3.72512 5.05588 5.05683 7.07028 4.79802 5.37549 5.01413 4.24855 4.1296 4.74302 4.56318 5.31326 5.31056 5.28845
threshold=1.0000000180025095e-35 0.64971026778221141 5.3589394092559823 0.02630296349525452 2.5000000000000004 5.7541573047637948 2.1672358512878422 0.15584189444780353 2.3125263452529912 5.2067463397979745 0.0014045193674974146 6.310826539993287 0.017220146954059604 0.014052361249923708
decision_type=8 8 8 8 10 10 8 8 10 8 8 10 8 10
left_child=1 -1 3 -3 7 -6 -7 -4 10 -10 12 -12 -2 -14
right_child=8 2 4 -5 5 6 -8 -9 9 -11 11 -13 13 -15
leaf_value=-0.035120166619210434 0.038369312274843782 -0.019005810511892901 0.038356148290915937 0.0059893167310417703 0.038458793834738561 -0.019005810511892901 0.037645725240414936 -0.0033179009734460928 0.014638742876827926 -0.041156133665101832 0.0021056708695860542 0.052534483052519836 -0.003676176749595559 -0.031132723818306413
leaf_weight=12.755209818858701 5.3031071471805573 76.720627295318991 6.4686852142658608 41.803401374722853 17.821336136898029 5.5272230669070241 4.3047275442513646 112.08681407438235 89.163605434804822 3.9789367487154541 587.8922214376804 5.2701094994250743 49.702528973461966 27.100452504924192
leaf_count=997 145986 1317 48 1537 163 129 52 1978 4751 355 1827619 10131 86042 168967
internal_value=0.000592675 -0.0043729 -0.00289145 -0.0105666 0.00333043 0.0220848 -0.00759468 -0.00104406 0.00238584 0.0122553 0.00102451 0.00255372 -0.010023 -0.0133644
internal_weight=1045.9 277.488 264.733 118.524 146.209 27.6533 9.83195 118.555 768.411 93.1425 675.268 593.162 82.1061 76.803
internal_count=2250072 6221 5224 2854 2370 344 181 2026 2243851 5106 2238745 1837750 400995 255009
is_linear=0
shrinkage=0.05


Tree=247
num_leaves=15
num_cat=0
split_feature=12 25 16 16 24 3 18 0 2 2 31 16 1 18
split_gain=3.67911 3.31728 3.10627 5.49211 3.55096 4.48093 3.44079 8.42561 6.07336 14.7245 6.05777 4.83729 4.51969 6.22581
threshold=0.26491229236125952 5.5000000000000009 5.3351285457611093 5.3008110523223886 -0.14433341473340985 0.18783307075500491 0.49719092249870306 0.66877135634422313 1.5958924293518069 1.2727184891700747 1.9625280499458315 4.6959142684936532 57.500000000000007 0.59527301788330089
decision_type=10 10 10 10 10 8 8 8 10 8 10 10 10 10
left_child=1 2 3 6 -4 -6 -1 12 9 -9 11 -11 13 -8
right_child=-2 -3 4 -5 5 -7 7 8 -10 10 -12 -13 -14 -15
leaf_value=0.00027029419395664087 0.048563342836156626 -0.0520350937606937 -0.07332292067920014 -0.069485754678370704 0.0084160820869325047 0.055207895888872927 -0.069716552916200283 -0.012564357140768784 -0.010101347450736755 0.024913191598782733 -0.012564357140768784 0.07421965425846043 -0.012564357140768784 -0.02138462602637636
leaf_weight=861.18519464581402 3.8093182684597187 3.133179921875807 1.1522914275994143 2.9238614431800434 32.659686616646681 6.0668789875503313 10.26453723288118 8.0789259519875145 49.035407608027477 9.2725240738387491 4.1505536217308885 10.731139792363454 15.12076414491065 18.989557368582428
leaf_count=1476517 3900 5230 107827 13604 37708 30573 109597 7518 4384 8529 1757 6455 168922 267842
internal_value=-0.000484307 -0.000665218 -0.000508899 -0.00106016 0.0131728 0.0157465 -0.000857422 -0.00858701 0.000980696 0.0178395 0.0399484 0.0513641 -0.0261094 -0.0383431
internal_weight=1036.57 1032.76 1029.63 989.752 39.8789 38.7266 986.829 125.643 81.2686 32.2331 24.1542 20.0037 44.3749 29.2541
internal_count=2250363 2246463 2241233 2065125 176108 68281 2051521 575004 28643 24259 16741 14984 546361 377439
is_linear=0
shrinkage=0.05


Tree=248
num_leaves=15
num_cat=0
split_feature=2 13 1 30 16 31 7 16 2 18 26 9 4 15
split_gain=3.37488 3.18076 4.20384 2.97187 4.40396 4.7354 7.94959 4.49729 6.2416 5.97495 5.37752 5.74028 4.47191 8.83345
threshold=-1.1858853697776792 0.92676767706871044 3.5000000000000004 -0.2864158153533935 6.1290478706359872 0.15125153958797458 18.964509963989261 3.8393944501876835 0.96104571223258983 0.60381916165351879 0.10263158008456232 0.56348949670791637 0.0046094357967376718 1.0000000180025095e-35
decision_type=8 10 10 10 10 10 8 8 8 10 8 8 8 8
left_child=-1 3 -3 -2 5 12 -7 8 -8 -9 11 -10 13 -5
right_child=1 2 -4 4 -6 6 7 9 10 -11 -12 -13 -14 -15
leaf_value=-0.076319912773769871 0.0024960067256981104 0.068536810350941432 -0.12267360730185935 -0.071402566903749631 0.059314818255397778 -0.086366915564470847 0.023624821698509244 0.0085024936422902 0.048134961347650961 -0.048759368002540424 -0.011757449363437459 -0.048759368002540424 -0.0042677919732511975 0.015604071710158915
leaf_weight=1.4197676965826158 707.49773000151652 2.9618743159047307 0.31834606756880246 3.0712894346107804 2.7896851843534582 3.6979859223571698 5.8602748822660589 31.341673294081158 1.5901406824070514 3.0849683592480543 15.384879269924873 12.953244918955308 193.34075611962896 58.144128133341269
leaf_count=302371 719380 1654 1341 26569 17711 30501 47870 41433 394 18682 2618 3953 923320 112079
internal_value=0.000716288 0.000821249 0.0499798 0.000666015 -0.00324245 -0.00377375 -0.0149149 -0.0111518 -0.0235628 0.00175011 -0.0328026 -0.0487594 -0.000538785 0.0112388
internal_weight=1043.46 1042.04 3.28022 1038.76 331.259 328.469 73.9132 70.2152 35.7885 34.4266 29.9283 14.5434 254.556 61.2154
internal_count=2249876 1947505 2995 1944510 1225130 1207419 145451 114950 54835 60115 6965 4347 1061968 138648
is_linear=0
shrinkage=0.05


Tree=249
num_leaves=15
num_cat=0
split_feature=13 31 18 12 18 16 2 18 18 16 18 18 18 30
split_gain=4.06221 4.81829 4.05147 4.00377 3.86528 6.28502 3.75714 4.33132 3.73321 3.68849 4.69755 5.02625 4.10519 3.82084
threshold=0.0008991008799057455 -1.8982323408126829 0.072133466601371779 0.021054964512586597 0.051675658673048026 2.9174053668975835 1.8220039606094363 1.7414799928665163 2.2980632781982426 5.482717990875245 0.30409902334213262 0.32864509522914892 0.29747970402240759 -0.29640902578830713
decision_type=10 8 8 8 8 8 10 10 10 10 10 10 10 10
left_child=6 2 -2 -3 -5 -6 -1 9 -7 10 12 -12 -8 -13
right_child=1 3 -4 4 5 8 7 -9 -10 -11 11 13 -14 -15
leaf_value=-0.0028538910267758666 0.029491500971323428 0.082386595507232235 -0.078807667981263096 0.042716704852309016 -0.064472364840844995 0.010255844099710415 0.0079172289585023228 -0.050513347652269586 -0.06819743605302532 0.046904176546941477 -0.059834746310131283 0.0093934282923799402 0.071818467074497114 -0.015461500173189955
leaf_weight=694.39205935721463 1.2564452039784466 1.9184278598090219 2.7618643485563705 8.1373307665171186 2.9930266949469231 98.954440257775829 158.75021058379542 3.5311190637169139 1.539948479458771 5.2036245018888669 4.1992822854928056 30.260026282732738 2.55379120746366 31.618914324596396
leaf_count=2051544 1135 1326 25024 4935 3965 139250 8997 387 7158 227 463 1080 137 4425
internal_value=0.000105227 0.0088628 -0.0449447 0.0107671 0.00953618 0.00692715 -0.00100121 0.00444729 0.00905365 0.0052817 0.00432918 -0.0068993 0.00892892 -0.00330695
internal_weight=1048.07 117.561 4.01831 113.543 111.625 103.487 930.509 236.117 100.494 232.586 227.382 66.0782 161.304 61.8789
internal_count=2250053 182793 26159 156634 155308 150373 2067260 15716 146408 15329 15102 5968 9134 5505
is_linear=0
shrinkage=0.05


Tree=250
num_leaves=15
num_cat=0
split_feature=30 3 31 31 24 33 1 1 4 33 1 3 3 4
split_gain=4.19535 5.58482 7.31828 4.57127 5.28957 7.06635 6.89393 5.51922 4.99132 4.41645 5.71608 6.22841 5.89898 5.77381
threshold=-0.71000230312347401 0.23370881378650668 2.6883310079574589 1.754506587982178 1.4645188450813296 2.5000000000000004 81.500000000000014 52.500000000000007 0.00037497282028198248 20.500000000000004 40.500000000000007 0.07760676741600038 0.12657713890075686 0.0086062550544738787
decision_type=8 8 10 10 10 8 8 8 8 10 10 8 10 8
left_child=1 -1 -3 9 5 -5 7 -6 -7 -2 -11 -12 13 -13
right_child=3 2 -4 4 6 8 -8 -9 -10 10 11 12 -14 -15
leaf_value=0.0050915880905354422 -0.0032520182425582406 0.015785078054656211 -0.052672370223551659 -0.95499240519291007 -0.01232281883380072 0.078725527978664903 0.036948988050993982 -0.073810792041305862 -0.070024207407500275 0.025208584819817144 -0.045364093809637004 -0.010733545290481273 -0.031618538691770288 0.0291963539496795
leaf_weight=369.33184763606891 500.59539360176194 6.5675441987307694 9.6260210562095558 0.021916753030353564 40.620714194156506 0.62417294127078538 6.5871061503270587 4.0097859534034503 5.8453548173269771 33.34834622394569 6.9331409789830758 14.693443735789147 8.7581567448357642 23.585116986487758
leaf_count=205347 135642 181320 108918 3 1195 152 708 714 15126 870679 35435 84947 488567 121501
internal_value=-0.000295737 0.00383147 -0.0249084 -0.00276025 -0.0161889 -0.0587093 -0.0107998 -0.0178471 -0.055673 -0.0014421 0.00893417 -0.00112191 0.00539933 0.013869
internal_weight=1031.15 385.525 16.1936 645.623 57.7091 6.49144 51.2176 44.6305 6.46953 587.914 87.3182 53.9699 47.0367 38.2786
internal_count=2250254 495585 290238 1754669 17898 15281 2617 1909 15278 1736771 1601129 730450 695015 206448
is_linear=0
shrinkage=0.05


Tree=251
num_leaves=15
num_cat=0
split_feature=13 31 30 30 18 18 3 3 18 18 3 16 16 3
split_gain=4.2098 3.92506 7.64022 7.48981 5.44299 6.236 5.7718 4.79485 5.34501 4.04473 5.3496 3.82269 5.10794 4.401
threshold=0.85026738047599804 3.5174729824066167 -1.0459934473037718 -1.4329961538314817 0.057518020272254951 0.022629089653491977 0.16417610645294192 0.067805409431457533 0.10212016478180887 0.16950766742229464 0.087295621633529677 3.9219243526458745 3.9607677459716801 0.089101433753967299
decision_type=10 10 10 8 8 10 10 10 8 8 8 10 8 10
left_child=1 3 4 -1 5 -3 -7 8 -6 10 -4 13 -13 -9
right_child=-2 2 9 -5 7 6 -8 11 -10 -11 -12 12 -14 -15
leaf_value=0.028493847273512264 0.054855771907010777 -0.08931480787424001 0.0093156827608899522 -0.00096366430582395008 0.014576408780049611 0.037164028477235683 -0.07160884094336542 0.017204752703849014 -0.06990161192836504 -0.094605491238025433 -0.1001105745724241 0.061254523738251125 -0.001188600600154605 -0.021617919529672625
leaf_weight=22.126551025420582 3.3318177422779618 1.2156276092907763 3.4817458071338541 870.9990125165433 2.6460468913109141 14.707995091275473 1.3298511950245906 8.5987071389895302 6.4041472842530007 3.6592418374124867 1.6444268139467793 3.5650346032842144 40.261735252009345 48.331707171812944
leaf_count=71248 3659 1653 36 2106447 280 833 5462 120 1409 276 131 1169 26810 30915
internal_value=-0.00125655 -0.00143824 -0.0093564 -0.000233875 -0.00623841 0.0198688 0.0281446 -0.0103405 -0.0452024 -0.0544509 -0.0257872 -0.00720914 0.00389076 -0.0157542
internal_weight=1032.3 1028.97 135.846 893.126 127.061 17.2535 16.0378 109.807 9.05019 8.78541 5.12617 100.757 43.8268 56.9304
internal_count=2250448 2246789 69094 2177695 68651 7948 6295 60703 1689 443 167 59014 27979 31035
is_linear=0
shrinkage=0.05


Tree=252
num_leaves=15
num_cat=0
split_feature=30 3 13 23 33 24 1 17 1 30 9 30 30 16
split_gain=4.31725 4.63924 6.55412 7.1503 5.49567 5.06739 4.51088 5.37052 5.01824 4.4045 4.22498 4.19377 6.20214 4.66955
threshold=-1.9750727415084837 0.16417610645294192 0.1649659872055054 4.5000000000000009 20.500000000000004 1.0618115067481997 125.50000000000001 3.2384861707687382 144.50000000000003 -1.1505203843116758 0.41509063541889196 -1.1128952503204343 -1.0623188614845274 4.0163424015045175
decision_type=8 10 10 8 10 8 10 10 8 10 8 10 8 10
left_child=-1 4 3 -3 5 -2 7 -6 -8 -4 -10 -12 -13 -14
right_child=1 2 9 -5 6 -7 8 -9 10 -11 11 12 13 -15
leaf_value=0.018319031344960216 -0.050219887491398899 -0.096324559252132957 0.063835114176912663 -0.018631361844039646 -0.060843117173944694 -0.0015900879045361209 -0.061138243595048318 0.013994849467608756 0.056273757042805128 -0.062280667453477545 -0.084917139407362299 0.066182128028315787 0.0011548293292911835 -0.055318506692615149
leaf_weight=30.089235687433792 5.392413758242375 3.3310380303944083 3.4584568414584096 26.687562058463737 2.4447318327918159 815.11359125325043 3.9631592293011426 123.4113053947617 2.8854915796546532 0.86557455407189454 1.6396660549506297 2.9055533839979546 15.913408596140448 4.7538788950129698
leaf_count=35969 31034 2245 6949 1365895 15973 67885 46266 466216 11250 50928 800 335 85300 62898
internal_value=-0.000345218 -0.000899733 -0.0189626 -0.0272526 -0.000265728 -0.00190969 0.00827595 0.0125411 -0.00846705 0.0385896 -0.0010379 -0.00759703 -0.00221885 -0.0118351
internal_weight=1042.86 1012.77 34.3426 30.0186 978.423 820.506 157.917 125.856 32.0612 4.32403 28.098 25.2125 23.5728 20.6673
internal_count=2249943 2213974 1426017 1368140 787957 98919 689038 482189 206849 57877 160583 149333 148533 148198
is_linear=0
shrinkage=0.05


Tree=253
num_leaves=15
num_cat=0
split_feature=12 30 18 33 16 31 22 18 29 18 18 18 18 1
split_gain=3.11586 2.61739 3.35595 3.8459 3.41875 3.34134 6.89758 3.64138 3.39951 5.18608 5.04719 3.18417 3.4542 3.10688
threshold=0.19543650746345523 -2.2323697805404659 0.21488787233829501 71.500000000000014 3.8393944501876835 4.827775478363038 0.75462436676025402 0.10910894721746446 2.6978409290313725 0.13915476202964785 0.28456890583038336 0.32864509522914892 0.36549265682697302 2.5000000000000004
decision_type=10 8 10 8 10 10 10 10 8 10 10 10 10 10
left_child=1 2 3 4 -1 13 8 -8 9 -7 -11 -9 -13 -3
right_child=-2 5 -4 -5 -6 6 7 11 -10 10 -12 12 -14 -15
leaf_value=0.028120986902605428 0.023724932744494828 0.0040875925409773377 0.040739540872702235 -0.077087257597619613 -0.074505000893118623 -0.087050882037217281 0.027976159229203032 -0.016558713106300454 -0.016558713106300454 -0.016558713106300454 -0.086165581784058545 0.066525963350194325 -0.010909912745994309 -0.0020051393655839715
leaf_weight=5.3509448886187743 13.610789953941547 304.97298143231751 8.7030929149972085 1.4765186790541074 0.95658000624098338 5.7870966019903163 9.276620464479949 6.6253524136718607 4.3452570335481502 5.5667492038459354 2.7380787246364733 2.4071058475528844 3.5849683046094469 666.54848480601549
leaf_count=313 13052 1250683 9252 8268 47 1440 78 139 74 990 1353 11 113 964140
internal_value=-4.14119e-05 -0.000355976 0.0194056 -0.00444716 0.012557 -0.000677971 -0.0147799 0.00419514 -0.0373126 -0.0507147 -0.0253944 -0.0132892 0.0201972 -9.25531e-05
internal_weight=1041.95 1028.34 16.4871 7.78404 6.30752 1011.85 40.3312 21.894 18.4372 14.0919 8.30483 12.6174 5.99207 971.521
internal_count=2249953 2236901 17880 8628 360 2219021 4198 341 3857 3783 2343 263 124 2214823
is_linear=0
shrinkage=0.05


Tree=254
num_leaves=15
num_cat=0
split_feature=30 18 4 3 3 16 13 1 3 4 31 31 17 18
split_gain=2.43937 2.94335 4.21832 5.27708 3.96223 4.58101 2.42854 2.77049 2.48976 5.54669 4.81096 4.35644 4.09233 3.93761
threshold=-2.2323697805404659 0.24638725072145465 0.011275857686996462 0.15945601463317874 0.1917570233345032 3.6242519617080693 0.85026738047599804 3.5000000000000004 0.12980490922927859 0.0012231767177581789 2.2674093246459965 3.5174729824066167 6.2850661277771005 0.17369275540113452
decision_type=8 10 10 10 8 10 10 10 10 10 10 8 10 10
left_child=1 4 3 -3 5 -1 8 -8 -2 10 -10 13 -13 -12
right_child=6 2 -4 -5 -6 -7 7 -9 9 -11 11 12 -14 -15
leaf_value=0.03499706124524609 0.00047726380044005486 0.037368985833155614 0.066500537794162762 -0.094272955948656159 -0.072424143611635933 -0.072282457388069044 0.057337051908480652 -0.11586965284763595 -0.055414897377956407 -0.011030147053936814 -0.057664137715202547 -0.077995953466242579 0.066749984666593751 0.094475924549618701
leaf_weight=5.241288811530441 915.41085649792421 2.4395288897191287 5.3919963992836282 1.1066123360420905 1.6380499079657749 1.2283056502342047 2.9055795292965971 0.25079718244226024 1.2793211504068835 95.135995911248742 0.47631438090854983 1.0584694433777464 0.90652757291468322 3.970168024089459
leaf_count=295 494120 242 6234 1936 9027 86 2294 1339 44242 1681857 2868 1475 129 3652
internal_value=9.74213e-05 0.0188563 0.0386445 -0.00371133 -0.00295889 0.0146292 -0.000215641 0.0435745 -0.000351383 -0.00772838 0.0331149 0.0507798 -0.0112192 0.0781784
internal_weight=1038.44 17.0458 8.93814 3.54614 8.10764 6.46959 1021.39 3.15638 1018.24 102.827 7.6908 6.41148 1.965 4.44648
internal_count=2249796 17820 8412 2178 9408 381 2231976 3633 2228343 1734223 52366 8124 1604 6520
is_linear=0
shrinkage=0.05


Tree=255
num_leaves=15
num_cat=0
split_feature=30 31 2 30 1 31 3 18 18 18 1 3 0 29
split_gain=3.46942 3.68482 7.1843 5.85939 5.76118 5.50361 9.72779 5.7919 7.60405 6.43471 5.17176 4.99323 5.10153 4.96028
threshold=-2.2323697805404659 4.4016520977020273 0.86093240976333629 -1.188952565193176 177.50000000000003 3.2219190597534184 0.064819753170013442 0.04336115904152394 0.096798591315746321 0.32864509522914892 201.50000000000003 0.070694327354431166 0.57567328214645397 2.9576396942138676
decision_type=8 10 10 8 8 10 10 10 10 8 10 10 10 8
left_child=-1 3 4 10 -3 -5 -7 -8 -9 -10 11 13 -13 -2
right_child=1 2 -4 5 -6 6 7 8 9 -11 -12 12 -14 -15
leaf_value=0.024025301099948743 -0.087059608254163645 0.021975506930807423 -0.11123044795797957 0.00098549738187348195 -0.01640075073277179 -0.081925844713715099 0.050704013548151017 -0.080338658580626249 0.0068770098908697112 -0.075651410646932885 -0.047256481477999289 -0.00040629370978623826 0.029732462762555624 0.0022131423075152064
leaf_weight=16.327927945158962 1.6528727133177588 12.42493797012642 1.7435549251676992 835.1206837997554 45.936559764776661 5.2968703318136106 3.6518077139056038 3.9451890861802523 17.294705922375709 2.7354811811678408 3.4703648114868306 19.068857724735274 53.248513269516032 26.547514776549868
leaf_count=17898 4951 138 26 2027041 10028 177 320 644 1825 1340 1829 176045 7264 836
internal_value=0.00115748 0.000795722 -0.0112185 0.00153861 -0.00823059 0.000194992 -0.0198562 -0.00795582 -0.0168906 -0.00439373 0.0127545 0.0148264 0.0217854 -0.00301929
internal_weight=1048.47 1032.14 60.1051 972.033 58.3615 868.045 32.9241 27.6272 23.9754 20.0302 103.988 100.518 72.3174 28.2004
internal_count=2250362 2232464 10192 2222272 10166 2031347 4306 4129 3809 3165 190925 189096 183309 5787
is_linear=0
shrinkage=0.05


Tree=256
num_leaves=15
num_cat=0
split_feature=3 2 3 3 29 29 29 33 8 8 8 4 4 4
split_gain=2.53897 3.20035 3.44136 4.06094 4.39334 6.3952 3.14999 2.54678 2.51017 2.59408 4.07452 3.50681 2.89089 2.54519
threshold=0.28671853244304663 -1.0533676147460935 0.23918880522251132 0.23052284121513369 0.73294737935066234 0.69829478859901439 -0.31281596422195429 211.50000000000003 197.50000000000003 188.50000000000003 184.50000000000003 0.018796145915985111 0.0037864446640014653 0.054178506135940559
decision_type=10 8 10 10 10 10 10 10 10 10 10 8 10 10
left_child=1 6 3 8 5 7 -1 -5 9 10 -3 12 -11 -12
right_child=-2 2 -4 4 -6 -7 -8 -9 -10 11 13 -13 -14 -15
leaf_value=-0.061769832792206172 -0.068691806452900239 0.00062432386049459927 -0.05651843795806915 0.091487424326599814 -0.061883976794957662 0.34828109187628098 0.066866438508222534 -0.051806583749420612 -0.090813514754426852 -0.06255107847828334 -0.096674034845211643 -0.066621314098830223 0.071559744909950304 -0.62255406921915646
leaf_weight=0.56127061068552375 1.3152058427508553 1024.8965234015136 2.6250947620835623 1.647274390883579 0.58164657386291452 0.22008351614536259 3.1291233046249833 0.3819862217452531 0.74979381479147278 0.45405319510814823 0.77627352557119067 0.68233588765023379 3.4938556671470042 0.023711183682557646
leaf_count=65799 481153 1356245 266189 3622 21027 966 3606 38543 1835 855 3027 3618 2174 613
internal_value=0.000735023 0.000822802 0.000657321 0.00080249 0.0606049 0.0922786 0.0473022 0.0645139 0.000638293 0.000704845 0.00053628 0.0380455 0.0561355 -0.112261
internal_weight=1041.54 1040.22 1036.53 1033.91 2.83099 2.24934 3.69039 2.02926 1031.08 1030.33 1025.7 4.63024 3.94791 0.799985
internal_count=2249272 1768119 1698714 1432525 64158 43131 69405 42165 1368367 1366532 1359885 6647 3029 3640
is_linear=0
shrinkage=0.05


Tree=257
num_leaves=15
num_cat=0
split_feature=10 30 0 31 18 30 26 2 16 3 0 1 18 18
split_gain=3.43589 3.79663 3.70588 3.29089 6.50519 6.59661 5.33474 9.29415 4.69674 4.41316 3.77545 3.04383 7.61445 4.62971
threshold=0.018706087954342369 -2.2323697805404659 0.52826255559921276 4.827775478363038 0.20988876372575763 -1.6532983779907224 0.68333333730697643 0.70285913348197948 4.0163424015045175 0.18408051133155826 0.62107956409454357 43.500000000000007 0.61166715621948253 0.28751130402088171
decision_type=8 8 8 10 10 10 8 8 10 10 10 10 8 8
left_child=2 -2 -1 -3 6 10 8 -8 9 -5 -6 13 -13 -4
right_child=1 3 11 4 5 -7 7 -9 -10 -11 -12 12 -14 -15
leaf_value=-0.050505931417703022 0.024674365933154006 0.00074011625153360663 0.04172375516361463 0.018410196205981003 -0.042395845280147802 -0.10685189338031427 -0.087235989858789831 0.056313617562155686 -0.09131795164215406 -0.088919276630922361 0.045555308047111359 -0.015959148682405156 0.045359923788289722 -0.0098146236428867176
leaf_weight=2.0406068860349529 16.04851181164473 944.29909113595477 18.55797994603898 20.929544750186139 4.7831690613217397 3.3102221670854188 3.9529787985130431 1.5775730039167681 1.1234944389505859 1.0036782004814941 1.6380535043135749 9.1156157301764864 6.2655783989374685 5.6945409939904357
leaf_count=567348 16080 1432773 70968 572 1553 263 388 14 198 945 20 42224 20413 96096
internal_value=0.0011382 0.000551217 0.0152044 0.000157228 -0.014207 -0.0495166 -0.00218726 -0.0462889 0.00839128 0.0134987 -0.0199595 0.0185876 0.00118834 0.0296224
internal_weight=1040.34 998.666 41.6743 982.618 38.3187 9.73144 28.5873 5.53055 23.0567 21.9332 6.42122 39.6337 15.3812 24.2525
internal_count=2249855 1452806 797049 1436726 3953 1836 2117 402 1715 1517 1573 229701 62637 167064
is_linear=0
shrinkage=0.05


Tree=258
num_leaves=15
num_cat=0
split_feature=29 24 4 29 18 4 27 0 24 3 4 3 18 27
split_gain=3.9145 7.0389 11.3365 4.07307 10.2397 5.3162 4.24819 6.29114 4.81872 4.23878 4.21463 8.21892 5.08742 3.99147
threshold=2.5968500375747685 1.5994083285331728 0.0013693273067474367 2.4479967355728154 0.40015576779842382 0.029579669237136844 2.0338144302368169 0.61373496055603038 1.1151043772697451 0.1053421199321747 0.001484036445617676 0.064819753170013442 0.22501371800899508 5.660668373107911
decision_type=8 8 10 8 10 10 8 10 10 10 10 10 10 10
left_child=3 2 -2 5 6 -1 7 -5 -8 -7 -9 -12 -13 -10
right_child=1 -3 -4 4 -6 9 8 10 13 -11 11 12 -14 -15
leaf_value=0.0046583788429427429 -0.081044305613905201 0.00029973043950562504 -0.0097721948493251949 -0.067911123229696585 -0.066581179937941645 0.019472194208337183 -0.072226481992623701 0.053067949519071247 0.048439446975301031 -0.033610812893787693 -0.02553658937624605 0.030279120488649055 -0.02553658937624605 -0.07857704163776745
leaf_weight=207.87767786916788 5.9433904727043219 649.93787416776104 91.070530604749138 2.3424480293921865 3.4742889237819901 4.8696270774520505 0.92431755148306649 6.4791466697996603 19.854847807890255 16.514500710605677 3.4016648028157617 20.574297456418737 3.1420784388684231 0.63840576643309432
leaf_count=1066034 4549 37336 88969 2940 4819 20908 918 335 2138 1016242 1198 2555 1146 308
internal_value=0.000338885 -0.00157551 -0.0141386 0.0052682 0.0167699 0.00221637 0.0218188 0.0113142 0.0394458 -0.0215227 0.0168379 0.00818173 0.0210077 0.0444826
internal_weight=1037.05 746.952 97.0139 290.093 60.8315 229.262 57.3572 35.9396 21.4176 21.3841 33.5972 27.118 23.7164 20.4933
internal_count=2250395 130854 93518 2119541 16357 2103184 11538 8174 3364 1037150 5234 4899 3701 2446
is_linear=0
shrinkage=0.05


Tree=259
num_leaves=15
num_cat=0
split_feature=33 32 1 30 2 12 4 12 24 18 29 30 18 3
split_gain=3.65877 7.69727 7.12813 6.82148 5.25345 4.78531 3.91658 5.22411 4.40757 3.72496 6.27446 3.68862 3.63942 4.63912
threshold=2.5000000000000004 1.7005987167358401 42.500000000000007 -1.4650781154632566 1.0880943536758425 0.13270440697669986 0.013324290513992311 0.14459930360317233 1.9989223480224612 0.68834188580513012 3.1427326202392583 -1.4047859907150266 0.27829030156135565 0.099940061569213881
decision_type=8 10 10 10 10 10 10 10 10 8 10 10 10 10
left_child=1 2 9 -4 -3 -2 8 -8 12 11 -11 -1 -7 -14
right_child=5 4 3 -5 -6 6 7 -9 -10 10 -12 -13 13 -15
leaf_value=0.030846128411667836 0.00094471072724007467 0.035405148542300389 0.0079100089174462193 -0.07732494523299191 -0.084923617028407866 0.011581295177258932 0.045044418284615299 -0.0435392901901481 -0.067853799772425102 -0.10712614657269622 -0.01237183647845868 -0.0014249840554772875 0.075171756111666432 -0.06478491840220589
leaf_weight=9.143130321037459 668.10980923209308 1.1245707851203395 3.7654470440558043 6.233074414543351 4.6901951766142815 4.8814072798409933 2.8646779475260415 3.9721023897626231 0.90013561337582437 1.8318052178203164 37.783217026147497 280.73526672992415 8.3342937900558116 0.63737190698420931
leaf_count=466 2205907 18 74 94 233 4146 6755 17585 41 41 1089 6734 1421 5732
internal_value=-0.000410087 -0.00461148 -0.0036345 -0.0452254 -0.0616521 0.00169339 0.0248616 -0.00642185 0.0393587 -0.00237241 -0.0167533 -0.000407112 0.0463251 0.0652288
internal_weight=1035.01 345.307 339.492 9.99852 5.81477 689.7 21.59 6.83678 14.7532 329.493 39.615 289.878 13.8531 8.97167
internal_count=2250336 8749 8498 168 251 2241587 35680 24340 11340 8330 1130 7200 11299 7153
is_linear=0
shrinkage=0.05


Tree=260
num_leaves=15
num_cat=0
split_feature=24 23 18 10 29 33 33 29 4 33 23 33 3 17
split_gain=3.3443 3.76104 4.37635 3.68179 2.85526 4.94058 4.39408 6.80718 4.999 4.46803 5.8087 7.61146 4.24861 3.86176
threshold=-0.14433341473340985 511.50000000000006 0.39551039040088659 0.031269090250134475 0.097525939345359816 235.50000000000003 172.50000000000003 1.2098796367645266 0.014052361249923708 137.50000000000003 511.50000000000006 154.50000000000003 0.20121613144874576 6.816735267639161
decision_type=8 10 10 10 8 10 10 8 10 10 8 10 10 10
left_child=-1 4 3 -3 -2 6 7 13 -8 12 -11 -12 -9 -6
right_child=1 2 -4 -5 5 -7 8 9 -10 10 11 -13 -14 -15
leaf_value=-0.060796342428117205 0.039547710366945502 -0.051934509352620929 0.0740797791511415 0.10179485278889662 -0.051025199030879334 -0.054184752379097235 0.040165044060970045 -0.00040704196359757458 -0.022950498701481688 0.050763627788678947 -0.053035055690115851 0.88301694571755496 -0.053329321151778963 0.11606817686905986
leaf_weight=2.2839206460972443 4.4420051633925697 1.6619728837018759 3.5783479840440595 0.5086904498862167 8.571429300123004 4.2878042117832811 12.87667455807822 981.83868038207572 4.1478319732091107 2.552023574262591 0.039295788835317924 0.048548476464475243 3.8070638439543236 0.36032163513812676
leaf_count=906261 124620 107018 61939 10 190620 134341 61622 437736 120867 7504 186 47 96400 465
internal_value=-0.000359695 -0.000225516 0.0401028 -0.0159084 -0.000452158 -0.000626605 -0.000400183 -0.00083019 0.0247876 -0.000437467 0.0645241 0.464288 -0.000611455 -0.0442844
internal_weight=1031 1028.72 5.74901 2.17066 1022.97 1018.53 1014.24 997.217 17.0245 988.286 2.63987 0.0878443 985.646 8.93175
internal_count=2249636 1343375 168967 107028 1174408 1049788 915447 732958 182489 541873 7737 233 534136 191085
is_linear=0
shrinkage=0.05


Tree=261
num_leaves=15
num_cat=0
split_feature=33 17 8 25 30 3 0 30 17 4 29 4 31 30
split_gain=3.33074 6.78151 4.12284 4.02366 4.01407 4.47637 4.07831 4.75198 4.29323 4.01633 3.86132 5.9306 5.77449 7.39495
threshold=23.500000000000004 6.3843505382537851 3.5000000000000004 1.0000000180025095e-35 -1.3013975024223325 0.17653852701187137 0.70110279321670543 -0.31770950555801386 3.6242519617080693 0.054951041936874397 2.3231714963912968 0.029579669237136844 2.0717447996139531 0.0094841476529836672
decision_type=10 8 8 8 8 10 10 10 8 10 8 10 10 10
left_child=4 2 3 -2 5 -1 8 -8 -6 -10 11 -4 13 -12
right_child=1 -3 10 -5 6 -7 7 -9 9 -11 12 -13 -14 -15
leaf_value=0.0097429956627828607 -0.064465871882905104 -0.047175627581609036 0.0065370550384618378 0.066595962623410207 -0.057598619370679942 -0.094141240914329127 0.0069686517288509 -0.0029918416655487757 -0.0054557756223977353 -0.049565579965895314 0.054085405517086904 -0.029390954347681575 -0.04565966314589303 -0.059455075107881075
leaf_weight=85.543994069486857 0.66811349485369964 5.8723546675536502 145.02117707833227 4.7423275392951636 4.0918220120355118 1.0496949495915249 172.70124284345331 215.65912360812479 356.62047686801873 5.2363623281211735 12.483530765746012 12.474076239644829 2.2231393051167379 1.6202082444593973
leaf_count=3353 5498 117578 983067 3571 2429 1538 4476 14593 95827 47788 4696 958637 962 4350
internal_value=-0.000375496 0.00569646 0.00742876 0.0504117 -0.00171209 0.0084837 -0.00288256 0.00068629 -0.00666997 -0.00609408 0.00609086 0.00369145 0.0292364 0.0410421
internal_weight=1026.01 185.105 179.233 5.41044 840.903 86.5937 754.309 388.36 365.949 361.857 173.822 157.495 16.3269 14.1037
internal_count=2248363 2078359 1960781 9069 170004 4891 165113 19069 146044 143615 1951712 1941704 10008 9046
is_linear=0
shrinkage=0.05


Tree=262
num_leaves=15
num_cat=0
split_feature=1 4 1 17 17 16 9 3 33 18 18 4 18 3
split_gain=3.00639 6.29926 6.20517 3.18983 6.48278 6.73962 2.95579 3.55009 4.48344 3.82741 3.15925 14.3433 22.5461 8.55223
threshold=205.50000000000003 1.0000000180025095e-35 229.50000000000003 6.1213951110839853 6.0879099369049081 2.9174053668975835 0.27541075646877294 0.12657713890075686 5.5000000000000009 0.0986185558140278 0.11856246739625932 0.0022478699684143071 0.11674567684531213 0.13088500499725345
decision_type=10 8 10 10 10 8 8 10 8 10 10 10 10 10
left_child=1 -1 -2 4 6 -6 -4 -8 -9 -10 11 12 -11 -12
right_child=2 -3 3 -5 5 -7 7 8 9 10 13 -13 -14 -15
leaf_value=-0.10022360741278145 -0.060334624001118359 0.00028548431582121951 0.060909775890615442 -0.067220046956944376 0.35235851356119147 0.057616024118468438 -0.041685454507996461 -1.0406412419229167 -0.074531190594612703 -0.051197779501237731 0.087575078149130223 0.060982161732696105 2.730512764960455 -0.065416620405456136
leaf_weight=1.5613263233128893 6.316009307713073 1003.9472533536898 1.5216262043917763 1.7128457337020631 0.23819685868850959 1.0441062573116859 5.812375369848704 0.010116854362650918 1.0659558453225271 0.016599700300293896 1.601839733787662 2.1712527112681563 0.012980341749733171 2.1255266827330788
leaf_count=1268 38016 2121992 6230 6789 40 685 12355 11 11199 110 1681 2719 13 46167
internal_value=-0.000285031 0.000129417 -0.0179062 -0.00244596 0.00465672 0.112367 -0.004976 -0.0127981 0.0111735 0.0126949 0.0283792 0.0758807 1.16948 0.000331727
internal_weight=1029.16 1005.51 23.6494 17.3334 15.6206 1.2823 14.3383 12.8166 7.00427 6.99416 5.9282 2.20083 0.02958 3.72737
internal_count=2249275 2123260 126015 87999 81210 725 80485 74255 61900 61889 50690 2842 123 47848
is_linear=0
shrinkage=0.05


Tree=263
num_leaves=15
num_cat=0
split_feature=32 29 29 4 23 30 10 18 33 16 29 4 32 23
split_gain=3.49115 5.09958 5.99662 5.01618 4.84704 4.78638 4.31622 4.2894 4.23 4.27684 5.9503 3.78735 3.75423 3.69876
threshold=3.3140207529067998 0.85134559869766246 1.3237561583518984 0.015508741140365602 215.50000000000003 0.0094841476529836672 0.011362744960933925 0.022629089653491977 20.500000000000004 3.6242519617080693 2.2198599576950078 0.0179513692855835 3.6242519617080693 79.500000000000014
decision_type=8 8 8 10 10 8 10 8 8 8 8 8 10 10
left_child=1 -1 -3 5 7 6 -2 -4 -5 -10 -11 -6 -12 -9
right_child=3 2 4 8 11 -7 -8 13 9 10 12 -13 -14 -15
leaf_value=0.054493824296376114 0.016345332982619212 -0.070677534062195457 -0.046616462507504147 -0.075163646408643273 0.067476453240957829 -0.00021754805707782632 0.054603566276439308 -0.00078027610107967273 0.0096433772327430365 -0.046213206087331399 -0.0025426214804227134 -0.057290825113929682 0.10568733734100187 -0.052639508343739629
leaf_weight=4.1247614346220693 62.180250353299364 3.0975813786362312 5.1823791931186269 2.1063052388716068 4.1082243146639739 43.427928326122426 8.3637546740531317 850.54347393542901 29.327097866124895 10.718971903502656 10.492380282504532 0.71394052584593826 0.86749139361174421 3.4522619032585444
leaf_count=9550 328871 17531 1298 3007 9070 377515 19045 127598 473823 816208 29871 15762 908 20867
internal_value=0.000301263 -0.000969692 -0.00123353 0.00691254 -0.000984562 0.0128418 0.0208813 -0.00126513 -0.00571568 -0.00287012 -0.0194917 0.0490042 0.00572231 -0.000989916
internal_weight=1038.71 871.223 867.098 167.484 864 113.972 70.544 859.178 53.5122 51.4059 22.0788 4.82216 11.3599 853.996
internal_count=2250924 201676 192126 2049248 174595 725431 347916 149763 1323817 1320810 846987 24832 30779 148465
is_linear=0
shrinkage=0.05


Tree=264
num_leaves=15
num_cat=0
split_feature=33 22 18 1 17 18 27 16 4 3 18 12 16 4
split_gain=3.9601 7.31733 7.40771 5.34625 5.04236 5.01347 6.62918 4.69553 6.24853 4.70981 4.62552 4.35735 5.18611 4.98817
threshold=2.5000000000000004 0.67294281721115123 0.47323265671730047 4.5000000000000009 5.962292194366456 0.064969953149557128 2.8706151247024541 3.3497501611709599 0.020770788192749027 0.17462643980979922 0.14104179292917254 0.13270440697669986 4.388237953186036 0.01582172513008118
decision_type=8 8 8 10 8 8 10 8 10 8 8 10 10 10
left_child=1 2 4 -3 -1 7 11 9 -9 -2 -5 -7 -13 -14
right_child=5 3 -4 10 -6 6 -8 8 -10 -11 -12 12 13 -15
leaf_value=-0.014373049127405953 0.017745471296638442 0.0027333533101353267 -0.088194194828873765 0.0053478741389182674 -0.074789763630168024 -0.0020215062025600175 0.015630269380853695 -0.080319056274281986 0.049915823884961692 -0.028340443189322079 -0.014373049127405953 -0.0017238039718452355 0.068707705445289535 -0.042968619391819118
leaf_weight=24.118540441434057 91.240775548601007 210.26309205482266 4.2749987130573848 32.216861825585966 3.5261440051871196 513.98274984540217 65.90031023203619 2.8890745318970619 1.3520154136388129 5.9024217343421972 68.499209647084399 9.5595315089646551 6.9452219148987995 1.1680724829560709
leaf_count=1288 58416 5280 450 447 212 1862563 156877 7218 8177 115761 1053 17454 5808 9326
internal_value=0.000257084 -0.004144 -0.0269422 -0.00180394 -0.0174701 0.00241625 0.000671973 0.012697 -0.0388015 0.0149453 -0.0112764 -0.00118215 0.0232289 0.0526296
internal_weight=1041.84 342.899 31.9197 310.979 27.6447 698.94 597.556 101.384 4.24109 97.1432 100.716 531.656 17.6728 8.11329
internal_count=2250330 8730 1950 6780 1500 2241600 2052028 189572 15395 174177 1500 1895151 32588 15134
is_linear=0
shrinkage=0.05


Tree=265
num_leaves=15
num_cat=0
split_feature=29 29 12 4 14 18 22 18 4 4 3 32 2 31
split_gain=3.16426 5.30682 9.15695 6.86419 6.61973 9.00954 4.69152 6.41198 4.62065 8.48673 5.46987 5.36575 4.59097 6.55079
threshold=2.5968500375747685 2.8136668205261235 0.12060606107115747 0.0015877783298492434 1.0000000180025095e-35 0.064969953149557128 0.7193230688571931 0.11485817283391954 0.0042211115360260018 0.0084152519702911394 0.12202852964401247 2.6020033359527592 1.24817830324173 -1.2823640704154966
decision_type=8 8 8 8 10 10 10 10 10 10 8 10 10 8
left_child=12 2 -2 -4 5 -5 -3 -8 11 10 -10 -6 13 -1
right_child=1 6 3 4 8 -7 7 -9 9 -11 -12 -13 -14 -15
leaf_value=-0.051886587292287602 -0.061904798326510593 -0.0058476705072599789 -0.07770442305919871 0.028833610121916084 0.039534013803313922 -0.084400825821002237 0.012637823554520847 -0.00054620787851956747 -0.090091228368590112 0.0053274457284384728 0.040295505931366153 -0.069671228530138671 0.02762813324361138 0.0043600143742842578
leaf_weight=5.2778783501576285 8.8874600584900971 219.41900388501062 3.261607744309301 2.6744227751029959 11.952268525425664 5.1189540363120827 126.33283780091733 341.55743459927317 4.1419628198913179 26.991324185967557 0.99821017593285422 1.241675585150914 20.82737037259335 269.6435956306276
leaf_count=467489 3837 102042 757 958 392 7367 2554 8474 580 3467 53 253 65616 1586680
internal_value=0.000612852 -0.00110919 -0.0147342 -0.00729857 -0.0029755 -0.0455426 0.000184663 0.00301355 0.0043436 -0.00588632 -0.0647704 0.0292568 0.00499485 0.00328021
internal_weight=1048.33 752.577 65.2679 56.3804 53.1188 7.79338 687.309 467.89 45.3254 32.1315 5.14017 13.1939 295.749 274.921
internal_count=2250519 130734 17664 13827 13070 8325 113070 11028 4745 4100 633 645 2119785 2054169
is_linear=0
shrinkage=0.05


Tree=266
num_leaves=15
num_cat=0
split_feature=33 31 18 33 3 22 30 18 18 0 18 33 32 30
split_gain=3.01488 5.78461 6.28949 5.88484 7.76118 5.09323 4.74165 4.55417 6.32403 5.50056 8.31619 5.32082 4.94934 4.81016
threshold=8.5000000000000018 3.2219190597534184 0.075681872665882124 5.5000000000000009 0.13403928279876712 0.66414529085159313 -1.3013975024223325 0.15310224890708926 0.17584312707185748 0.7205985188484193 0.1277730464935303 107.50000000000001 3.6762205362319951 1.2407636642456057
decision_type=10 8 10 10 10 10 10 10 10 10 10 10 8 10
left_child=1 6 5 -4 -5 -3 -1 9 11 10 -2 13 -12 -9
right_child=7 2 3 4 -6 -7 -8 8 -10 -11 12 -13 -14 -15
leaf_value=0.022513682857875101 -0.00090450850261525871 -0.069477151752418073 -0.014296525240189088 -0.071589089096704736 0.048734438276550843 0.018294479142006867 -0.0013886248880689569 0.033776747713324222 0.0046048181705971815 0.026595351774386791 -0.048402453751410369 -0.05465157832669533 0.0086357444999635141 0.36951863896584825
leaf_weight=21.572400478134909 141.79902346449006 1.8037554503459627 74.347477898964172 9.1378697330533196 1.5705296771340034 19.751790323230125 543.36287842466038 27.83551408292907 157.61994272496079 14.802711083417561 15.85355419045813 1.7565697666844737 5.0036265595768841 0.10709179199958541
leaf_count=1195 534120 8857 61418 315 283 361 32091 21104 1409101 3468 14723 69565 93300 589
internal_value=-0.000504192 -0.00249181 -0.0131741 -0.0192878 -0.053942 0.0109498 -0.000475901 0.00315496 0.0085927 -0.00258491 -0.0052405 0.0297573 -0.034719 0.0350635
internal_weight=1036.32 671.547 106.611 85.0559 10.7084 21.5555 564.935 364.778 187.319 177.459 162.656 29.6992 20.8572 27.9426
internal_count=2250490 104520 71234 62016 598 9218 33286 2145970 1500359 645611 642143 91258 108023 21693
is_linear=0
shrinkage=0.05


Tree=267
num_leaves=15
num_cat=0
split_feature=18 15 18 18 29 26 14 13 18 31 17 16 22 31
split_gain=2.51681 4.88216 4.54958 2.78463 3.62429 2.36586 4.56797 5.82903 4.77558 4.07264 3.97705 3.78424 3.54794 4.57971
threshold=3.3662600517272954 1.0000000180025095e-35 2.1733003854751591 2.4379280805587773 0.93594738841056835 0.10818713530898096 1.0000000180025095e-35 0.1123737394809723 0.6202870011329652 -0.22275535762310025 6.816735267639161 1.8688347935676577 0.75462436676025402 -1.7000516057014463
decision_type=10 10 10 10 8 10 8 8 10 8 8 8 10 8
left_child=2 -2 5 -4 -5 12 7 -7 10 -9 -8 -11 -1 -14
right_child=1 -3 3 4 -6 6 8 9 -10 11 -12 -13 13 -15
leaf_value=-0.0040358592518609541 -0.064617411590688151 0.058266652325424266 0.066246647770113395 0.06380556723309927 -0.042054930461204149 0.045553718381935004 -0.0019828559817375718 0.027996348703276597 -0.049138038679622117 0.059252562995638906 0.059735822454644295 -0.0036514254411593667 0.045467250968982319 0.0017605297749478121
leaf_weight=543.52392175358023 3.6114485757230774 1.0413397995397655 4.110509312049234 1.4428056124830027 1.8391725442063989 12.249636220187369 76.62547152079253 17.985456639051186 5.2460315678364102 2.5326679982818079 2.7022115040760744 42.715248677923817 6.1096768965362571 315.22251168609318
leaf_count=1892242 39555 1317 16915 27436 5870 13095 111418 32796 56689 857 5922 40084 45 6496
internal_value=-0.000423511 -0.0371147 -0.000258137 0.0388259 0.00448289 -0.000540042 0.00504409 0.0139851 -0.00293588 0.00786962 0.000119524 -0.000130492 -0.00157348 0.00259155
internal_weight=1036.96 4.65279 1032.31 7.39249 3.28198 1024.91 160.057 75.483 84.5737 63.2334 79.3277 45.2479 864.856 321.332
internal_count=2250737 40872 2209865 50221 33306 2159644 260861 86832 174029 73737 117340 40941 1898783 6541
is_linear=0
shrinkage=0.05


Tree=268
num_leaves=15
num_cat=0
split_feature=29 33 22 33 23 4 33 18 10 31 18 4 16 23
split_gain=2.55578 6.68452 5.11264 5.76661 5.07642 6.78356 4.61877 10.5732 5.77728 8.49596 7.06411 6.4561 7.77275 6.85186
threshold=3.4348374605178837 8.5000000000000018 0.63818734884262096 2.5000000000000004 70.500000000000014 0.0019298791885375979 5.5000000000000009 0.073959741741418852 0.016393928788602356 1.359561085700989 0.15104664862155917 0.0058117508888244638 4.2413008213043222 14.500000000000002
decision_type=8 10 8 10 8 8 10 10 8 10 10 10 8 10
left_child=1 4 -2 -4 6 -6 -1 -8 -9 11 -11 13 -13 -10
right_child=2 -3 3 -5 5 -7 7 8 9 10 -12 12 -14 -15
leaf_value=-0.0036417968749802646 -0.020044284802635304 0.0020986349454185827 0.00053250121528902392 0.013589925206513734 0.041579912425198012 -0.10143063323650947 0.01490394608545258 0.057273549310237648 0.041850249023460663 -0.029040184362750649 -0.090201937109244026 -0.075751503333439177 0.0091253746763477767 -0.058563607650046562
leaf_weight=162.64300975373556 23.154881929672666 352.36936007629077 311.36412844129421 116.07957307618727 1.1318196335678212 3.1013251123855596 15.485877363822395 1.6759304386197857 6.7413820039924754 8.8834266054366271 10.07570774101559 6.4795201444435238 4.6210074331610516 2.2712406370041833
leaf_count=7571 72442 2142751 9352 5608 81 1473 1431 174 408 588 1672 3173 1535 648
internal_value=1.87889e-05 -0.00218933 0.00283887 0.00407847 -0.00896152 -0.0631938 -0.00791265 -0.020265 -0.0336306 -0.0375298 -0.0615442 -0.0148932 -0.0404183 0.0165453
internal_weight=1026.08 575.48 450.599 427.444 223.11 4.23314 218.877 56.2341 40.7482 39.0723 18.9591 20.1132 11.1005 9.01262
internal_count=2248907 2161505 87402 14960 18754 1554 17200 9629 8198 8024 2260 5764 4708 1056
is_linear=0
shrinkage=0.05


Tree=269
num_leaves=15
num_cat=0
split_feature=30 10 4 33 27 18 10 30 24 18 30 0 4 30
split_gain=2.7845 2.87405 2.94575 4.0027 2.81064 3.80844 3.39029 2.80163 4.34405 2.65525 4.39019 3.75131 2.58874 2.58476
threshold=-1.9750727415084837 0.0065147271379828462 0.023353695869445804 8.5000000000000018 1.494924068450928 0.21488787233829501 0.0065574476029723891 -1.7030000090599058 1.8449382185935976 0.23286247253417972 -1.7602115273475645 0.66407635807991039 0.0092379748821258562 -1.8207324147224424
decision_type=8 8 8 8 8 10 8 8 8 10 10 10 8 10
left_child=1 -1 4 -4 -3 6 -6 8 -2 10 12 -11 -10 -14
right_child=7 2 3 -5 5 -7 -8 -9 9 11 -12 -13 13 -15
leaf_value=-0.091576438295919008 -0.059457642472228636 0.033440101037950309 0.01745343734371526 -0.078203941427696932 0.25411674940916396 0.026244902221347344 -0.060014097352020103 -0.0013614080645743282 0.04536978623479726 -0.062651400888438027 -0.060466399370747527 0.04863159638862577 -0.069077866079023942 0.021046988847119356
leaf_weight=0.63349689298512679 5.218197139339698 17.711737413869788 2.7307288839823647 1.8241046686061499 0.08876223117113502 4.0971316141882292 2.6567656581930503 976.24256701693048 5.0873216372498833 3.5212338969546666 1.9520655281861952 0.96478754716463289 1.2243751492844532 2.2714838047874397
leaf_count=2339 32960 9081 195 20122 1 2503 1868 2179229 183 1112 315 42 443 251
internal_value=-0.00129318 0.0137821 0.016075 -0.0208551 0.0229256 -0.00429053 -0.0498583 -0.00174314 -0.020156 -0.00650305 0.00721454 -0.0387183 0.0226072 -0.010518
internal_weight=1026.22 29.7427 29.1092 4.55483 24.5544 6.84266 2.74553 996.482 20.2395 15.0213 10.5352 4.48602 8.58318 3.49586
internal_count=2250644 36109 33770 20317 13453 4372 1869 2214535 35306 2346 1192 1154 877 694
is_linear=0
shrinkage=0.05


Tree=270
num_leaves=15
num_cat=0
split_feature=30 31 31 16 16 4 16 4 17 17 0 18 17 18
split_gain=3.53565 4.60927 4.39871 6.91302 8.78418 6.4813 5.92112 6.62612 5.17848 5.10757 5.01012 4.4603 4.3543 4.0184
threshold=-0.24549214541912076 -1.7665244340896604 0.15125153958797458 3.8393944501876835 2.1383330821990971 0.028223872184753421 4.2413008213043222 0.0021094977855682377 5.8622088432312021 5.7698810100555429 0.70110279321670543 0.52225759625434887 5.7541573047637948 0.51575636863708507
decision_type=10 8 8 8 10 10 10 8 10 10 10 10 10 10
left_child=1 -1 8 4 -4 6 7 -5 9 12 -10 -11 -2 -9
right_child=2 -3 3 5 -6 -7 -8 13 10 11 -12 -13 -14 -15
leaf_value=0.095483674903684784 -0.00021847878789750218 0.0019156331488801729 0.036505864975717416 -0.059536182483618798 -0.045814495192031512 -0.082094773571777344 -0.0208562417356635 0.043578531804745434 -0.050563762101468492 0.028395321201875146 -0.0085101104078325451 -0.07935503741437043 -0.080094486415170835 -0.11814330657347412
leaf_weight=1.3185956045927012 179.56893324896549 720.31578444492175 3.7456192203257919 1.9505881869360646 24.035382387744249 2.213743852086945 11.209541889287616 13.368757625371009 8.9139745398297219 22.499973514231218 34.469081567069139 1.0032578905575054 1.7225490306682321 0.39547326038367003
leaf_count=4 926902 938607 4852 1764 53421 34002 24093 7821 186127 43042 9478 8867 8923 1956
internal_value=0.000178788 0.0020866 -0.0043337 -0.0168699 -0.0347155 0.000144554 0.00690634 0.0267097 -0.00145854 0.00186568 -0.0171509 0.0237959 -0.000977424 0.0389319
internal_weight=1026.73 721.634 305.097 56.9191 27.781 29.1381 26.9244 15.7148 248.178 204.795 43.3831 23.5032 181.291 13.7642
internal_count=2249859 938611 1311248 127909 58273 69636 35634 11541 1183339 987734 195605 51909 935825 9777
is_linear=0
shrinkage=0.05


Tree=271
num_leaves=15
num_cat=0
split_feature=12 29 33 29 23 18 31 33 29 13 33 4 29 29
split_gain=2.91288 2.60312 5.52111 3.72063 2.63976 4.88153 3.01805 2.56492 4.62777 6.31209 4.58366 4.20428 4.06903 6.93936
threshold=0.19543650746345523 0.097525939345359816 233.50000000000003 0.040273420512676246 511.50000000000006 0.39551039040088659 -3.9600565433502193 172.50000000000003 1.1104705929756167 0.14495798945426944 174.50000000000003 0.01854994893074036 0.97728782892227184 0.96717679500579845
decision_type=10 8 10 10 10 10 8 10 8 8 10 10 10 10
left_child=1 3 4 -1 6 -6 -3 -8 11 10 -10 12 13 -9
right_child=-2 2 -4 -5 5 -7 7 8 9 -11 -12 -13 -14 -15
leaf_value=0.0095852126173974778 0.022485745302955093 -0.059481449959492533 -0.053793778271192416 0.096780851246676805 -0.025514740011318822 0.073626997514346579 -0.0013878580114651553 0.026453367459830776 0.72067767502597591 0.054573498484137395 0.21784537166515416 -0.054607543920074865 -0.062167893269723933 0.28779862824242813
leaf_weight=5.3872688810329334 13.303608540669073 2.2163034706114857 4.9794954803601277 1.5828432258010412 2.0502502539422092 3.1479799090379568 975.7976951604885 10.6842218549486 0.061099761007639586 0.82079745484457756 0.17550625442716949 2.0445176266393164 1.2614719127510294 0.26018343212823047
leaf_count=853109 13173 3775 278024 25570 111996 62051 725959 58291 79 1571 353 104777 10325 1377
internal_value=-0.000758005 -0.00106403 -0.00127553 0.0293865 -0.00101363 0.0345242 -0.0011996 -0.00106927 0.0192389 0.120163 0.347694 0.0117502 0.0228653 0.0326664
internal_weight=1023.77 1010.47 1003.5 6.97011 998.52 5.19823 993.322 991.105 15.3078 1.0574 0.236606 14.2504 12.2059 10.9444
internal_count=2250430 2237257 1358578 878679 1080554 174047 906507 902732 176773 2003 432 174770 69993 59668
is_linear=0
shrinkage=0.05


Tree=272
num_leaves=15
num_cat=0
split_feature=30 31 17 22 31 16 16 16 16 31 17 31 1 26
split_gain=3.56529 6.30847 5.45772 5.0481 4.45398 4.75621 5.59664 5.50079 5.01429 4.72853 5.06167 6.84151 5.63158 4.15328
threshold=-0.21482259035110471 0.15125153958797458 5.8622088432312021 0.7193230688571931 2.1871051788330083 3.8606742620468144 3.9019216299057011 4.0689902305603036 4.2413008213043222 0.95960077643394481 4.5900437831878671 0.90661901235580455 16.500000000000004 0.58578431606292736
decision_type=10 10 10 10 10 8 8 8 10 10 8 8 10 10
left_child=-1 2 3 -2 5 9 -7 -8 -9 10 12 13 -3 -12
right_child=1 4 -4 -5 -6 6 7 8 -10 -11 11 -13 -14 -15
leaf_value=0.0021080269214069718 -0.004445708835460996 -0.041777613032003932 -0.017844961341081118 0.011602338013815468 -0.30911791829965579 0.088615934453707232 -0.088567305869351881 0.025459840392178607 -0.026574417403527274 -0.092532150921068854 -0.063833720569559188 0.037895757605889639 0.075151318370399775 0.04227418170378916
leaf_weight=744.50102781352916 120.13441406958806 1.9071907711424905 41.275397435705571 82.761986680289496 0.13437155407154833 1.5069801147505353 2.0672872703357341 8.5853056315665146 10.049281249589258 3.2791841524416006 11.703396779527749 2.320303401820083 2.2381847459405431 1.0011101602138968
leaf_count=964468 981669 6444 194587 2170 7 1510 7151 9476 39186 150 33294 41 8810 453
internal_value=0.000278416 -0.00443548 -0.00127127 0.00210033 -0.0216841 -0.0208193 -0.00441378 -0.0111858 -0.00260125 -0.037049 -0.0275582 -0.0410535 0.021355 -0.0554725
internal_weight=1033.47 288.964 244.172 202.896 44.7926 44.6582 22.2089 20.7019 18.6346 22.4494 19.1702 15.0248 4.14538 12.7045
internal_count=2249416 1284948 1178426 983839 106522 106515 57323 55813 48662 49192 49042 33788 15254 33747
is_linear=0
shrinkage=0.05


Tree=273
num_leaves=15
num_cat=0
split_feature=28 33 29 4 12 3 31 1 22 0 18 18 22 15
split_gain=2.99903 3.57991 3.77778 6.04385 5.09926 4.12325 4.02147 3.50235 3.63518 3.26139 3.73034 2.98338 3.34775 4.26695
threshold=3.5000000000000004 20.500000000000004 2.4479967355728154 0.029579669237136844 0.080540537834167494 0.067805409431457533 2.87715756893158 15.500000000000002 0.45222151279449468 0.59696981310844432 0.04751375503838063 0.041181316599249847 0.67294281721115123 1.0000000180025095e-35
decision_type=10 10 10 10 8 8 8 8 10 8 8 8 10 8
left_child=1 9 3 7 -4 -6 -7 8 -3 10 -1 -5 -13 -14
right_child=-2 2 4 11 5 6 -8 -9 -10 -11 -12 12 13 -15
leaf_value=-0.092681209451847948 0.013640510118129764 -0.061465199549925548 -0.061109067166200473 0.036530667157984829 -0.064825208167211545 0.050475426600917965 -0.093817145904802834 0.0046519414058714776 0.065458123989110911 -0.0014871954972078081 -0.013985574499397036 -0.05405479075873848 0.076139850032829082 -0.026645755713954805
leaf_weight=1.5866050783409482 38.439629389725269 0.65368017037152171 1.430078123304124 1.5898914159278406 0.91307455246747871 12.772430328249058 0.50185069736482901 173.94441117590807 4.1181681462570694 751.65947984704167 29.593509807899146 8.5202910359601933 1.3039264152748729 2.8337367764080303
leaf_count=4594 3877 5103 1631 39138 757 5540 199 1045597 6096 89200 60667 983497 417 3877
internal_value=-6.23238e-05 -0.000593614 0.00522709 0.00331276 0.0288799 0.0379508 0.0450203 0.00581127 0.0480713 -0.00214449 -0.01799 -0.028027 -0.0361357 0.000763279
internal_weight=1029.86 991.421 208.582 192.964 15.6174 14.1874 13.2743 178.716 4.77185 782.84 31.1801 14.2478 12.658 4.13766
internal_count=2250190 2246313 2091852 2083725 8127 6496 5739 1056796 11199 154461 65261 1026929 987791 4294
is_linear=0
shrinkage=0.05


Tree=274
num_leaves=15
num_cat=0
split_feature=33 32 22 4 16 0 4 29 22 17 18 18 4 13
split_gain=4.43619 8.65984 6.96867 5.9113 5.5083 3.8124 3.59808 3.63358 5.37542 3.55521 3.45194 5.98347 5.63965 4.97389
threshold=2.5000000000000004 2.0126758217811589 0.67294281721115123 0.0094393193721771258 2.8617925643920903 0.67790734767913829 0.056913852691650398 3.4348374605178837 0.60077372193336498 5.962292194366456 0.38183735311031347 0.3614740669727326 0.02293452620506287 0.32666666805744177
decision_type=8 8 8 8 8 10 10 10 8 8 8 8 8 10
left_child=1 2 3 4 -1 -4 7 10 -9 -5 11 -2 13 -12
right_child=6 -3 5 9 -6 -7 -8 8 -10 -11 12 -13 -14 -15
leaf_value=-0.013618747495867667 0.00032672015427210872 -0.10072481732273707 -0.012962898191753154 -0.013618747495867667 -0.083916379764796503 0.0015107622181609079 -0.04168103430937399 -0.045958353939524424 0.013037637917078135 -0.07999831926616012 0.012137566544627854 -0.053039669720431663 -0.014703156325445475 0.064074457025627307
leaf_weight=2.8061719048406539 462.24030606434877 2.298294546590852 55.458201018193222 18.884983794519147 6.7454544261117926 253.29616898940719 4.4864358410311516 3.9922926853298577 117.46613583153317 2.0446371857431691 83.634614851525214 5.3127602107821295 19.500736511960554 4.8787347472119782
leaf_count=73 870489 117 1311 1316 261 5422 693408 1676 5357 227 381490 28836 253533 6566
internal_value=0.00067732 -0.00399598 -0.00334065 -0.0261485 -0.0588758 -0.00108898 0.00295254 0.00323982 0.0110985 -0.0136187 0.00158146 -0.000279677 0.00963764 0.0150003
internal_weight=1043.05 341.534 339.236 30.4812 9.55163 308.754 701.512 697.026 121.458 20.9296 575.567 467.553 108.014 88.5133
internal_count=2250082 8727 8610 1877 334 6733 2241355 1547947 7033 1543 1540914 899325 641589 388056
is_linear=0
shrinkage=0.05


Tree=275
num_leaves=15
num_cat=0
split_feature=33 32 31 31 25 16 1 18 31 23 23 16 11 17
split_gain=2.63127 5.81554 4.77278 5.71808 6.39768 6.07155 4.6167 7.90065 6.30355 5.99078 8.09726 7.01684 5.87543 5.10129
threshold=2.5000000000000004 2.0126758217811589 -1.8982323408126829 -2.4636931419372554 1.0000000180025095e-35 3.113268375396729 4.5000000000000009 0.26908361911773687 0.80442199110984813 11.500000000000002 7.5000000000000009 3.5408543348312382 inf 5.7636213302612314
decision_type=10 10 8 10 8 8 10 10 8 10 10 10 8 10
left_child=1 2 3 4 -1 -5 9 8 -8 10 -4 -12 13 -9
right_child=-2 -3 6 5 -6 -7 7 12 -10 -11 11 -13 -14 -15
leaf_value=0.02275164579443887 0.0018859678833239178 -0.096973178617835068 0.0029826536348518127 0.017911406260075691 -0.092477767007245831 -0.076661747991719778 -0.049565894251129436 -0.06839464047777892 0.0029680316394963034 0.042699162043434769 -0.094960085210104961 -0.0085955172338255999 -0.014546822845028676 0.015776195643431398
leaf_weight=6.7687463174338527 645.79378488740156 1.6511080123799491 213.48646460151394 2.2112876464573192 1.4653597482126777 7.298193266820534 6.1293808035984441 10.955742073225599 83.480268427892241 8.9352136874055343 3.9542766563813796 5.8036298046952766 30.53694349654296 2.1540214447019173
leaf_count=177 2171562 113 6175 36 116 233 207 7218 17333 38884 151 249 6720 917
internal_value=-6.42811e-05 -0.00333704 -0.00293357 -0.028258 0.00224516 -0.0546702 -0.00170395 -0.00912214 -0.000625336 0.00255362 0.000946821 -0.0435937 -0.0265667 -0.0545648
internal_weight=1030.62 384.831 383.18 17.7436 8.23411 9.50948 365.436 133.256 89.6096 232.18 223.244 9.75791 43.6467 13.1098
internal_count=2250091 78529 78416 562 293 269 77854 32395 17540 45459 6575 400 14855 8135
is_linear=0
shrinkage=0.05


Tree=276
num_leaves=15
num_cat=0
split_feature=32 17 17 2 17 30 17 17 3 18 31 16 30 3
split_gain=2.87677 6.39151 4.92133 4.08688 5.17709 4.34237 5.49553 4.89378 4.28799 5.96844 6.43545 4.22746 5.90344 3.76018
threshold=1.0000000180025095e-35 5.5816130638122567 3.5114340782165532 1.688286364078522 5.4445774555206308 -1.3264239430427549 5.3821961879730233 5.0005793571472177 0.064819753170013442 0.8817029893398286 2.304796695709229 4.5591125488281259 -0.82222887873649586 0.039519160985946662
decision_type=8 10 8 8 10 10 8 10 10 8 8 10 10 8
left_child=1 2 -1 4 5 6 7 -4 9 10 -7 -5 -13 -3
right_child=-2 13 3 11 -6 8 -8 -9 -10 -11 -12 12 -14 -15
leaf_value=-0.074388109145634707 0.0014033475459190601 0.0134415527218202 0.0037889860643337062 -0.00064056590357819388 -0.064433084465964477 -0.023999940169549511 0.043947074599117869 -0.062213427523115032 -0.0062973195394939244 0.0068831218478894278 -0.10110706802911461 0.041384235835682327 -0.050998605484243599 -0.0058884435046222417
leaf_weight=2.9867748104635146 761.64359711188786 58.522436904386495 10.239488938474098 96.203481689844153 6.0760565073869648 5.028656042807599 5.6758069796705959 3.8698432155615583 11.993611665209754 3.8578194028668813 5.8586665581387916 2.1418384177668477 8.9774066729298152 44.129614810050043
leaf_count=106 2244115 1502 127 3108 90 89 37 86 104 41 65 68 311 445
internal_value=-0.000159083 -0.00464021 -0.0107976 -0.00961001 -0.0210273 -0.0153585 0.00239959 -0.0143139 -0.0284985 -0.0465568 -0.0654927 -0.00401426 -0.0332034 0.00513168
internal_weight=1027.21 265.562 162.909 159.923 52.5999 46.5239 19.7851 14.1093 26.7388 14.7451 10.8873 107.323 11.1192 102.652
internal_count=2250294 6179 4232 4126 639 549 250 213 299 195 154 3487 379 1947
is_linear=0
shrinkage=0.05


Tree=277
num_leaves=15
num_cat=0
split_feature=10 30 31 31 3 3 30 30 18 3 29 0 22 22
split_gain=3.0674 3.10743 7.27558 6.7643 5.56223 4.71746 6.04039 6.9665 6.70322 8.71263 5.70318 5.61312 5.37934 4.78794
threshold=0.0050378153100609788 -0.67459985613822926 1.5856580138206484 3.1571155786514287 0.11280322074890138 0.085554122924804701 -1.0786421895027158 -1.4329961538314817 0.21241230517625811 0.081810653209686293 1.2971964478492739 0.64207571744918834 0.68421930074691784 0.75462436676025402
decision_type=8 8 10 10 10 10 10 10 10 8 8 8 10 8
left_child=-1 2 4 -3 -2 6 7 13 10 12 -8 -12 -10 -4
right_child=1 3 5 -5 -6 -7 8 -9 9 -11 11 -13 -14 -15
leaf_value=-0.076875351667994765 0.021075021342507296 -0.0017646198514485803 -0.034396366648813743 -0.19536336555714942 -0.064826940013159973 0.0050729942484272553 0.099569211890559492 -0.037858550427052003 -0.072979488587758309 -0.089710598344776155 -0.036419220125898967 0.01533221055969365 0.00058379340274263252 0.02644525476314822
leaf_weight=1.2895173119348757 66.076584519159951 631.01641542397329 4.9466072625105886 0.45151083551672755 1.9397629987657854 217.36436923408357 1.7949518851039625 26.796083425838241 2.8000218493622908 3.721694811120936 6.0006484908143909 41.313728466658986 22.096927374816005 9.3376293281035014
leaf_count=201839 5328 1564765 3209 20 81256 383994 1542 3500 342 2475 580 1160 416 134
internal_value=0.000192183 0.000288142 0.00371145 -0.00190305 0.0186252 0.000694025 -0.00731747 -0.0228253 0.000878631 -0.0183559 0.0120876 0.00876883 -0.00768946 0.0053759
internal_weight=1036.95 1035.66 404.189 631.468 68.0163 336.173 118.808 41.0803 77.728 28.6186 49.1093 47.3144 24.8969 14.2842
internal_count=2250560 2048721 483936 1564785 86584 397352 13358 6843 6515 3233 3282 1740 758 3343
is_linear=0
shrinkage=0.05


Tree=278
num_leaves=15
num_cat=0
split_feature=0 23 1 16 2 17 33 33 3 14 4 17 16 12
split_gain=5.39004 2.70972 6.39159 5.71541 3.83615 3.13415 3.10855 3.84754 3.8521 4.5186 3.03103 2.71274 2.6154 2.36513
threshold=0.4905154705047608 165.50000000000003 20.500000000000004 1.8688347935676577 1.5958924293518069 6.5235526561737069 235.50000000000003 207.50000000000003 0.23052284121513369 1.0000000180025095e-35 0.024898648262023929 5.0968081951141366 3.5114340782165532 0.19543650746345523
decision_type=8 10 10 8 8 10 10 10 8 10 10 10 8 10
left_child=-1 6 4 -4 10 -6 7 13 9 11 -3 -9 -10 -2
right_child=1 2 3 -5 5 -7 -8 8 12 -11 -12 -13 -14 -15
leaf_value=-0.057615209619114351 -0.00072609267564327138 0.061052715886266866 0.06783254991969144 -0.028810189742481104 -0.028810189742481104 0.084588915376478571 -0.028810189742481104 -0.028810189742481104 0.16170504659980489 -0.028810189742481104 -0.028810189742481104 0.076071529214388145 0.050630345250866599 0.021137501431061093
leaf_weight=4.0761609568864978 985.13519975041902 9.5700521573989388 1.6844473888179725 6.8972687555085104 1.9761588894354676 0.65429945640376885 3.5181210750009759 0.52270910316269548 0.81170911052854844 1.7683850149724643 0.66431017409824278 2.2782423363033892 1.5268480105499525 12.526759727457259
leaf_count=613320 541673 170600 8473 575445 46124 415 83356 6213 4953 12093 169861 5167 8498 2465
internal_value=-0.000232362 -5.16987e-06 0.0175815 -0.0158389 0.0398751 -0.0139805 -0.000379316 -0.000194086 0.0369928 0.0102816 0.0537172 0.051974 0.0891842 -0.000451571
internal_weight=1033.61 1029.53 21.4465 8.58172 12.8648 2.63046 1008.09 1004.57 6.90789 4.56934 10.2344 2.80095 2.33856 997.662
internal_count=2248656 1635336 970918 583918 387000 46539 664418 581062 36924 23473 340461 11380 13451 544138
is_linear=0
shrinkage=0.05


Tree=279
num_leaves=15
num_cat=0
split_feature=32 17 29 1 0 16 17 16 0 4 31 18 4 17
split_gain=3.82784 6.35227 3.73421 4.68767 5.24854 5.09615 4.75701 4.61943 4.55786 4.55217 4.63085 3.62188 3.82468 4.70701
threshold=1.0000000180025095e-35 3.5114340782165532 4.0631101131439218 1.5000000000000002 0.59696981310844432 3.5694335699081425 3.6242519617080693 5.1619205474853525 0.58574509620666515 0.0015877783298492434 4.4016520977020273 0.23286247253417972 0.023971259593963627 4.2413008213043222
decision_type=8 8 10 10 8 10 10 10 10 8 10 8 10 10
left_child=1 -1 3 6 5 -5 -2 8 -4 10 -6 12 13 -10
right_child=2 -3 7 4 9 -7 -8 -9 11 -11 -12 -13 -14 -15
leaf_value=-0.072326049666579212 -0.06545967372029303 -0.0037717042425267546 -0.054085305038714317 -0.048323394485950577 -0.012760750902769369 -0.012760750902769369 0.010422254042721362 -0.059668768918482308 -0.018937515623317209 0.0015294602381157047 0.075616340342235661 0.027856746474216473 -0.018937515623317209 0.021774841452345164
leaf_weight=3.4232350160709464 2.0968933161259704 261.98604027683109 2.3748702888797899 12.770048100077128 50.936712388479023 8.2006308050963401 137.37603027927454 2.1745034193417032 3.4202084024000206 478.43418242613711 1.4933907908853132 36.270636643395946 10.122756041749481 29.612012131482061
leaf_count=107 65580 6059 282 200872 35147 225555 1206135 160 91 505835 11 2364 1131 649
internal_value=0.000526807 -0.00465591 0.00230105 0.00109163 -0.00097829 -0.0255124 0.00928141 0.0122574 0.0141694 -9.12211e-06 -0.0127608 0.0162103 0.00642172 0.0146725
internal_weight=1040.69 265.409 775.283 691.308 551.835 20.9707 139.473 83.975 81.8005 530.864 52.4301 79.4256 43.155 33.0322
internal_count=2249978 6166 2243812 2239135 967420 426427 1271715 4677 4517 540993 35158 4235 1871 740
is_linear=0
shrinkage=0.05


Tree=280
num_leaves=15
num_cat=0
split_feature=33 33 11 17 0 1 23 1 16 9 16 32 4 16
split_gain=2.50772 5.62211 6.32807 5.09144 4.78524 4.06263 6.97908 4.33553 7.11241 3.83023 6.56148 5.09384 5.73533 5.98237
threshold=20.500000000000004 18.500000000000004 0.41428571939468389 6.3843505382537851 0.70960751175880443 109.50000000000001 11.500000000000002 96.500000000000014 2.4414010047912602 0.66192409396171581 4.8481087684631357 1.0000000180025095e-35 0.014867842197418215 2.2499048709869389
decision_type=10 10 10 8 10 10 8 10 10 8 10 8 8 8
left_child=1 5 -3 4 -2 7 -7 9 -9 10 11 -1 13 -13
right_child=3 2 -4 -5 -6 6 -8 8 -10 -11 -12 12 -14 -15
leaf_value=-0.0032273164403018948 0.0041791653955147688 -0.047788461181306613 0.087418450647278392 -0.039764289644967442 0.038705774265940983 0.016387887949556163 -0.067030274229372022 0.043478581066492439 -0.070068697590150206 -0.003194544119082262 -0.028275825314329112 -0.041458219570138725 -0.0013455027945898702 0.033254390113002429
leaf_weight=44.456921350799405 194.56670528364447 10.369482010984253 0.94419128643687678 6.2743739972037522 10.581196964256973 50.994620911835433 2.6370198599010086 1.8620067817125825 5.3179478705859502 625.13617685704685 12.379190672951252 2.8547970127301854 24.230561516896799 43.590663298127723
leaf_count=1072 1964949 8599 131 118533 9442 3748 16502 209 2706 88054 8351 439 19142 8271
internal_value=-0.00025522 -0.00150058 -0.0365047 0.00460303 0.00595999 -0.00101374 0.0122863 -0.00195251 -0.040622 -0.00158362 0.00631403 0.0100332 0.0183743 0.0286621
internal_weight=1036.2 824.774 11.3137 211.422 205.148 813.46 53.6316 759.828 7.17995 752.648 127.512 115.133 70.676 46.4455
internal_count=2250148 157224 8730 2092924 1974391 148494 20250 128244 2915 125329 37275 28924 27852 8710
is_linear=0
shrinkage=0.05


Tree=281
num_leaves=15
num_cat=0
split_feature=31 30 16 30 7 31 9 13 1 32 12 1 26 4
split_gain=3.05663 8.53383 6.53208 5.29184 5.16646 6.78186 5.05097 4.91299 3.96999 3.87219 3.84512 5.2458 4.00255 3.85475
threshold=1.3906612396240237 -0.56017404794692982 3.8606742620468144 -0.92136338353157032 17.476730346679691 1.2974938154220583 0.1450617536902428 0.14087302237749103 24.500000000000004 1.0000000180025095e-35 0.067231640219688429 29.500000000000004 0.3717105239629746 0.016927123069763187
decision_type=8 10 10 8 8 8 8 10 10 10 10 8 10 8
left_child=3 -2 7 -1 5 9 -6 -3 -9 -5 12 -12 13 -4
right_child=1 2 10 4 6 -7 -8 8 -10 -11 11 -13 -14 -15
leaf_value=0.021901375272185233 -0.0011971724672976917 -0.056638558889715154 0.018467906270300746 -0.035139244099253779 0.078700944901296394 -0.097250531590938383 0.0020211603471987894 -0.094246654482116998 0.050882512423692364 -0.0071473030012615679 -0.11493488786165174 0.018801930396390477 -0.12333292775206871 -0.038562202426324493
leaf_weight=32.071677194819173 427.78715672965171 16.443816840985651 14.148984346456627 13.106448758832999 2.1568364833524338 2.4439970461546201 501.3268484522913 0.61498680473755785 2.0156564075421848 22.992079090802978 1.744408751557786 1.2649626293576455 0.61373830474468505 3.7478072547439849
leaf_count=45047 541430 8877 2349 390 21074 2466 1317304 114 135 306101 42 465 216 3969
internal_value=-0.000278762 -0.0032762 -0.0251852 0.00216672 0.000999021 -0.0166442 0.00234964 -0.046489 0.0169545 -0.0111869 -0.00630233 -0.0587198 0.00221951 0.0065251
internal_weight=1042.48 468.382 40.5944 574.098 542.026 38.5425 503.484 19.0745 2.63064 36.0985 21.5199 3.00937 18.5105 17.8968
internal_count=2249979 557597 16167 1692382 1647335 308957 1338378 9126 249 306491 7041 507 6534 6318
is_linear=0
shrinkage=0.05


Tree=282
num_leaves=15
num_cat=0
split_feature=22 31 16 16 23 30 1 10 22 18 1 1 8 16
split_gain=2.50525 3.40125 4.30971 4.1738 6.80297 3.48129 3.23261 3.2813 3.86739 3.18532 2.81584 3.43886 2.74324 2.92451
threshold=0.7193230688571931 3.6029086112976079 2.0126758217811589 3.7726949453353886 14.500000000000002 -1.2101065516471861 259.50000000000006 0.031269090250134475 0.68421930074691784 0.36549265682697302 141.50000000000003 153.50000000000003 1.5000000000000002 2.1383330821990971
decision_type=8 8 10 8 10 10 10 10 10 8 10 10 8 10
left_child=1 6 -3 5 10 -4 7 -1 9 -9 -5 -12 13 -2
right_child=12 2 3 4 -6 -7 -8 8 -10 -11 11 -13 -14 -15
leaf_value=-0.00018617539039594185 0.084837423789275279 -0.065930871791672216 -0.00018617539039594185 -0.061389319667049851 -0.00018617539039594185 -0.051344519866902749 -0.056016536076638201 -0.027226885101491006 -0.00018617539039594185 -0.095642186902812051 -0.00018617539039594185 -0.078456157215967381 0.0017286202808076666 0.015451078383603312
leaf_weight=376.9818475939577 1.7129829349257182 3.6770518553602818 35.514190223782883 10.779822536156802 7.5016974052706464 3.3264255053083351 2.644447212641011 6.2217587006772392 4.0774388334884852 2.3416343318236281 1.3615352312368139 1.413454788962383 567.56658538800502 13.38281661152382
leaf_count=1997123 90 5704 52235 5386 61261 478 45289 388 187 287 46 597 80630 1179
internal_value=0.000115985 -0.00266049 -0.0133888 -0.0101633 -0.0280893 -0.000445169 -0.00092176 -0.00054782 -0.0257396 -0.0459348 -0.0498268 -0.0049107 0.00228814 0.0233246
internal_weight=1038.5 455.841 63.5742 59.8971 21.0565 38.8406 392.267 389.623 12.6408 8.56339 13.5548 2.77499 582.662 15.0958
internal_count=2250880 2168981 125707 120003 67290 52713 2043274 1997985 862 675 6029 643 81899 1269
is_linear=0
shrinkage=0.05


Tree=283
num_leaves=15
num_cat=0
split_feature=33 22 2 31 30 14 30 8 17 8 29 22 12 18
split_gain=3.03437 7.9693 6.38277 4.54645 5.46052 4.65625 5.14215 4.15987 6.52511 3.65744 3.49699 5.02907 3.72602 3.93276
threshold=2.5000000000000004 0.67294281721115123 1.5958924293518069 1.9269295334815981 -1.4978135824203489 inf -0.47245465219020838 1.5000000000000002 4.388237953186036 75.500000000000014 3.4348374605178837 0.60077372193336498 0.14087302237749103 0.48481300473213201
decision_type=8 8 8 8 10 8 10 8 10 10 10 8 10 10
left_child=1 2 -1 5 -5 6 9 8 -7 -3 12 -12 -2 -14
right_child=10 3 -4 4 -6 7 -8 -9 -10 -11 11 -13 13 -15
leaf_value=-0.071702803931916845 -0.0009524465448204364 0.017417553163039324 -0.016551247786542933 0.026183487270611899 -0.015508792614904425 0.086012639497596882 -0.0021195315611684026 -0.015508792614904425 -0.015508792614904425 -0.015508792614904425 -0.046278716540925552 0.010751385824273901 0.0035207062715514855 0.056489907512867824
leaf_weight=6.775279858755539 556.03452101491848 68.413527007796802 23.243087090762348 7.8567488996604871 46.260973003665157 2.6167844676401755 152.01605940177834 23.408756424111175 2.4113362040907305 7.0437534697184665 3.9930240687586576 121.15761255199588 8.7983798844619834 5.8236459662274109
leaf_count=408 2198188 1865 1550 142 523 84 3052 728 243 153 3120 7147 18308 14554
internal_value=-0.000529113 -0.00440018 -0.0289992 -0.00201838 -0.0151852 0.000766017 0.00317689 -0.0155088 0.0305298 0.0138471 0.00136271 0.0089318 -0.000297271 0.0246172
internal_weight=1035.85 340.046 30.0184 310.028 54.1177 255.91 227.473 28.4369 5.02812 75.4573 695.807 125.151 570.657 14.622
internal_count=2250065 8748 1958 6790 665 6125 5070 1055 327 2018 2241317 10267 2231050 32862
is_linear=0
shrinkage=0.05


Tree=284
num_leaves=15
num_cat=0
split_feature=33 0 30 4 33 18 23 13 18 24 18 31 16 16
split_gain=3.09202 4.32925 4.07996 3.67594 3.5097 3.96172 3.14644 4.2841 3.14315 4.63732 2.95616 3.87774 4.0399 3.6373
threshold=172.50000000000003 0.54699766635894786 0.60413429141044628 0.027719676494598392 32.500000000000007 0.2075573727488518 526.50000000000011 0.1702898591756821 0.04336115904152394 1.0383080840110781 0.034171948209404952 0.33888389170169836 2.6020033359527592 2.8617925643920903
decision_type=10 8 8 10 10 10 10 8 10 10 10 8 8 10
left_child=1 4 3 -2 -1 -6 8 -8 9 -3 -11 12 -12 -13
right_child=2 6 -4 -5 5 -7 7 -9 -10 10 11 13 -14 -15
leaf_value=-0.011930962882840805 0.023952569697148134 0.045819817834598396 -0.052578026103471356 -0.051250349969037191 -0.072207692715364244 -0.011930962882840805 0.081215409441474692 -0.011930962882840805 -0.00087550898290197584 -0.00086401673374277986 0.064626761794920121 -0.011930962882840805 -0.011930962882840805 0.035121111059264937
leaf_weight=7.9212906730985795 29.319166746791353 7.8754260496957889 2.0783308300273218 1.720290973252381 5.8999833601391343 5.0094092097515004 2.7104938411551869 1.4430615792221138 893.60506628342432 53.014942058952123 6.8052466012432236 7.4538663703651924 1.5781862315062234 5.6294150829053891
leaf_count=41850 478700 26392 454174 496981 56370 67139 11945 47434 555160 10508 356 1880 285 705
internal_value=0.000212783 -0.000285524 0.0152434 0.0197846 -0.0240326 -0.0444436 0.000170722 0.0435965 -1.40915e-05 0.00933261 0.00547458 0.0211286 0.0476761 0.00411762
internal_weight=1032.06 998.946 33.1178 31.0395 18.8307 10.9094 980.116 4.15356 975.962 82.3571 74.4817 21.4667 8.38343 13.0833
internal_count=2249879 820024 1429855 975681 165359 123509 654665 59379 595286 40126 13734 3226 641 2585
is_linear=0
shrinkage=0.05


Tree=285
num_leaves=15
num_cat=0
split_feature=12 10 16 17 18 27 0 17 10 29 2 0 31 15
split_gain=2.35769 3.52774 3.40783 3.24061 2.90668 5.54269 4.35931 3.62137 3.53327 3.56388 3.40281 4.43173 4.71971 3.51436
threshold=0.43874999880790716 0.0065147271379828462 6.3198683261871347 3.979637980461121 0.70974066853523265 1.023424029350281 0.61174485087394725 4.49422311782837 0.012195833493024113 4.0631101131439218 -0.45052909851074213 0.54699766635894786 4.827775478363038 1.0000000180025095e-35
decision_type=8 8 10 8 10 8 8 8 8 10 8 8 10 10
left_child=3 -2 4 -1 10 8 -7 -8 -6 -10 13 12 -12 -3
right_child=1 2 -4 -5 5 6 7 -9 9 -11 11 -13 -14 -15
leaf_value=0.05353927493314712 -0.074075787966451825 0.0025010084772633589 0.05574425687493241 0.0036700925052182941 0.040692364453648072 -0.061286211661314885 -0.012229832983244645 0.032019891505384333 -0.063160016545340508 -0.014807092837281557 -0.014030806257549121 -0.00050549117663648718 -0.071463420253078877 0.057940301634589277
leaf_weight=3.3029558124639737 1.6617054846490478 6.7118603928976865 2.6234678430556633 237.42421458806103 1.3788923404292679 2.3802499823929057 8.9627941601210406 9.5507422789293148 9.0504130400171316 6.5824479811904846 11.032816259276034 716.9215980620877 4.4349961382839487 4.9792470416289794
leaf_count=19754 268577 198389 3535 564385 31980 86050 7714 8271 87531 330 240489 710440 1291 21973
internal_value=2.46893e-05 -0.00130089 -0.00114676 0.00435433 -0.00133762 -0.0148437 0.00240855 0.0105977 -0.0360328 -0.0428003 -0.000649587 -0.00107679 -0.0275561 0.0261126
internal_weight=1027 786.271 784.61 240.727 781.986 37.9055 20.8938 18.5135 17.0118 15.6329 744.081 732.389 15.4678 11.6911
internal_count=2250709 1666570 1397993 584139 1394458 221876 102035 15985 119841 87861 1172582 952220 241780 220362
is_linear=0
shrinkage=0.05


Tree=286
num_leaves=15
num_cat=0
split_feature=16 18 18 10 32 28 16 10 1 1 0 17 16 2
split_gain=2.09898 2.44195 2.51065 2.368 2.13096 2.08626 2.07069 1.95713 1.96846 6.79129 4.98469 3.60243 3.73427 3.33262
threshold=8.1175711154937762 3.0575817823410039 2.1733003854751591 0.0050378153100609788 3.6242519617080693 1.5000000000000002 4.5485858917236337 0.0050633235368877658 73.500000000000014 75.500000000000014 0.59696981310844432 3.5114340782165532 3.4175922870635991 0.96104571223258983
decision_type=10 10 10 8 10 8 10 8 10 10 10 8 10 8
left_child=1 2 3 -1 5 -4 -7 -5 -9 13 -11 12 -12 -10
right_child=-2 -3 4 7 -6 6 -8 8 9 10 11 -13 -14 -15
leaf_value=-0.073088141115438515 0.082525354700314316 -0.039211226927774574 0.080654461616833317 0.097911156736014082 -0.059212852279653887 0.064230607621522329 -0.018842158259605033 -0.0011298802955286278 0.06668389842987163 -0.021160547988154949 0.062907440925859939 0.0054534324564507811 0.36449381843563516 -0.069731390473953547
leaf_weight=1.1138990628088528 0.7675021666984766 3.9942471627171008 2.1451322092986924 0.50860317836104141 0.56739624195342386 1.3026275120006956 1.768596429866317 865.64142315733125 5.7543488749127611 18.920912687984583 1.2009404140409405 130.59893284203892 0.11223367748455615 0.48548603845152882
leaf_count=187664 1110 47859 1679 3644 38370 276 1607 1325877 6945 339497 1533 291382 503 1692
internal_value=-0.000130492 -0.000191838 -4.05423e-05 -0.000226024 0.0328094 0.0428189 0.0163923 -0.000146705 -0.00019547 0.00495414 0.00283951 0.00628198 0.0886833 0.0560702
internal_weight=1034.88 1034.11 1030.12 1024.34 5.78375 5.21636 3.07122 1023.22 1022.71 157.073 150.833 131.912 1.31317 6.23983
internal_count=2249638 2248528 2200669 2158737 41932 3562 1883 1971073 1967429 641552 632915 293418 2036 8637
is_linear=0
shrinkage=0.05


Tree=287
num_leaves=15
num_cat=0
split_feature=10 29 3 4 29 1 3 9 32 9 4 4 32 22
split_gain=3.38426 3.23375 8.03968 5.75446 5.78877 4.65855 4.5755 3.80033 3.65277 3.55338 3.16495 4.23681 7.30027 6.89083
threshold=0.0050378153100609788 1.6063348650932314 0.18043920397758487 0.027719676494598392 1.5355888009071352 12.500000000000002 0.089101433753967299 0.33544389903545385 1.0000000180025095e-35 0.093861632049083724 0.0015877783298492434 0.0042211115360260018 3.9415346384048466 0.58804029226303112
decision_type=8 8 10 10 10 10 8 8 8 8 8 10 8 10
left_child=-1 3 -3 4 5 6 -2 -7 -8 -4 -6 12 -12 -14
right_child=1 2 9 -5 10 7 8 -9 -10 -11 11 -13 13 -15
leaf_value=-0.079678700844111064 0.077211560289691339 -0.00030932367567317439 0.2747863971706212 -0.037618268973013694 -0.062183573134118222 0.057318318880093783 -0.13781844323658726 -0.037565529046681125 0.011244788396582012 -0.063492931603145106 0.049956948879369162 0.033549145589289946 -0.05215756828402375 0.28484382125700874
leaf_weight=1.3293872680634231 2.6651948227396689 948.50280094692243 0.078683441761420947 5.9680088356814442 0.61270489983629062 1.2154920543656267 0.41415868885815454 8.0073757308259097 53.562717007859447 5.7995133840665911 1.9476132584957926 6.8686805812139298 0.18888444354881695 0.77024779663815934
leaf_count=201850 2546 266161 1184 873988 1806 12809 14 290783 497309 87221 1187 11528 1483 503
internal_value=4.68503e-05 0.000149094 -0.000670593 0.00966361 0.0133642 0.00789305 0.0132588 -0.0250607 0.010101 -0.0589648 0.0480533 0.0549627 0.105563 0.218477
internal_weight=1037.93 1036.6 954.381 82.2211 76.2531 65.8649 56.6421 9.22287 53.9769 5.8782 10.3881 9.77543 2.90675 0.959132
internal_count=2250372 2048522 354566 1693956 819968 803461 499869 303592 497323 88405 16507 14701 3173 1986
is_linear=0
shrinkage=0.05


Tree=288
num_leaves=15
num_cat=0
split_feature=30 18 33 4 1 30 16 33 18 23 33 4 22 32
split_gain=2.31195 2.95836 3.86055 2.63114 2.44054 2.38937 2.19015 4.74827 5.01922 4.86923 4.77558 4.99913 4.70498 5.24615
threshold=-2.2323697805404659 0.24638725072145465 71.500000000000014 0.0059857070446014413 118.50000000000001 -2.4667999744415279 3.6242519617080693 188.50000000000003 0.077527087181806578 40.500000000000007 193.50000000000003 0.0087956786155700701 0.67294281721115123 3.3140207529067998
decision_type=8 10 8 8 10 10 10 10 10 8 8 8 10 10
left_child=1 2 3 -1 -3 -5 7 -2 9 -9 11 -10 -8 -14
right_child=6 4 -4 5 -6 -7 12 8 10 -11 -12 -13 13 -15
leaf_value=0.048598488598732649 0.0015660078107370434 0.047546079614239248 -0.073298506212203449 0.026263171288369431 -0.049364110747363937 -0.06661140149889698 -0.01127333709470317 0.061213474173930131 0.2730215343540971 -0.053693254573259269 0.040316452953309573 -0.053134353154721009 -0.00061526811382731582 0.035591350773678525
leaf_weight=2.8871061521076626 494.86205701261338 7.7722790369870687 1.5756204588847662 1.4020126090016483 0.70891912588930939 1.368458056889974 112.23141995850688 1.3700159238515968 0.43850883771612648 2.8190170016215039 10.062184530917358 0.16048161983254139 386.49700918482233 10.270579608985711
leaf_count=59 389636 8348 9038 149 24 189 1345691 961 1315 176211 285664 5068 22540 3974
internal_value=0.000378837 0.0194109 -0.00408053 0.0151965 0.0394456 -0.0196117 8.52526e-05 0.00240199 0.0302601 -0.0161132 0.0484812 0.185638 -0.00223474 0.000321963
internal_weight=1034.43 15.7144 7.2332 5.65758 8.4812 2.77047 1018.71 509.712 14.8502 4.18903 10.6612 0.59899 508.999 396.768
internal_count=2248867 17807 9435 397 8372 338 2231060 858855 469219 177172 292047 6383 1372205 26514
is_linear=0
shrinkage=0.05


Tree=289
num_leaves=15
num_cat=0
split_feature=29 33 3 9 8 8 9 3 3 30 31 30 3 30
split_gain=2.92951 5.26699 3.61354 2.31641 2.22213 5.91252 3.35234 2.80498 6.7772 2.34639 2.29251 6.13657 5.31426 6.77064
threshold=0.097525939345359816 235.50000000000003 0.30139611661434179 0.61588251590728771 188.50000000000003 184.50000000000003 0.25611776113510137 0.23370881378650668 0.23052284121513369 -0.92136338353157032 1.754506587982178 -0.92136338353157032 0.085554122924804701 -0.57147464156150807
decision_type=8 10 8 8 10 10 8 10 10 10 10 8 10 8
left_child=2 4 3 -1 5 7 -6 8 10 -8 11 -2 -12 -14
right_child=1 -3 -4 -5 6 -7 9 -9 -10 -11 12 -13 13 -15
leaf_value=-0.026611439726122701 0.021976632817699925 -0.053698338625479763 -0.076952497212117651 0.051783041173194967 0.053311290705638829 -0.099957330578215403 0.035051571756553927 -0.058848781429663446 0.0861017852780087 -0.073868996899860762 -0.011207726937645553 0.00032536101268156796 0.0024992717749698079 -0.075850158959654135
leaf_weight=1.1074203674905958 34.521670999678221 4.6134115781695746 0.72367254009092796 6.3193210840351766 4.442655662224217 1.487299828357094 0.90148332475782211 2.03412095988699 2.2763060008979883 1.0950749011485124 137.33486814709556 629.32983863976256 206.31825073722013 2.7947416963368701
leaf_count=322971 2450 270375 372157 190123 3081 1771 367 163004 10629 1572 8897 766944 134541 1136
internal_value=-0.00015706 -0.000393982 0.029701 0.0400934 -0.000153487 -0.000339039 0.0291262 -0.00019301 -7.5179e-05 -0.0246893 -0.000269344 0.00145127 -0.00356633 0.00145215
internal_weight=1035.3 1027.15 8.15041 7.42674 1022.54 1016.1 6.43921 1014.61 1012.58 1.99656 1010.3 663.852 346.448 209.113
internal_count=2250018 1364767 885251 513094 1094392 1089372 5020 1087601 924597 1939 913968 769394 144574 135677
is_linear=0
shrinkage=0.05


Tree=290
num_leaves=15
num_cat=0
split_feature=32 23 9 30 9 31 30 10 3 30 16 15 8 31
split_gain=3.21939 5.78844 4.17675 2.43793 2.92189 2.8567 8.98985 6.97933 4.49404 4.32941 4.73776 4.02576 3.88753 3.88364
threshold=5.1149907112121591 179.50000000000003 0.34070874750614172 -2.2323697805404659 0.093861632049083724 0.17888957262039187 -0.17323825508356092 0.025005836039781574 0.11280322074890138 -0.018720487132668492 3.8606742620468144 1.0000000180025095e-35 36.500000000000007 0.23861777782440188
decision_type=10 8 10 8 8 8 10 8 10 10 8 10 10 8
left_child=3 -2 -3 4 -1 8 13 -8 -5 11 12 -9 -11 -7
right_child=1 2 -4 5 -6 6 7 9 -10 10 -12 -13 -14 -15
leaf_value=0.37420425441654287 0.065837451044943804 -0.052251340024365059 0.032164848038288826 0.0036983190742841919 0.017552754353426899 -0.061896233926488575 -0.098876925459092033 -0.019188112656433817 -0.052572581682845315 -0.061981269985441192 0.02668416891171066 -0.071585520986734805 0.072345438100295534 -0.0011874508947224034
leaf_weight=0.057635065241533723 5.0736049263516962 2.7348639373985151 3.156523343566314 315.163296510343 15.906738406225967 2.6449328715576144 3.2116890656740624 10.382908725411079 3.5886091658143178 3.4073775143534872 7.3096043361824554 5.6663676549040671 0.63976015738444392 659.38166497091163
leaf_count=23 40369 652817 284465 242737 15186 1323 2286 17812 379247 471 422 4263 6 608402
internal_value=-0.000258711 0.0266906 -0.00702232 -0.00054634 0.0188403 -0.000852349 -0.00265501 -0.0291426 0.0030648 -0.0209705 0.00265401 -0.0376876 -0.0407473 -0.00143
internal_weight=1038.33 10.965 5.89139 1027.36 15.9644 1011.4 692.644 30.6177 318.752 27.406 11.3567 16.0493 4.04714 662.027
internal_count=2249829 977651 937282 1272178 15209 1256969 634985 25260 621984 22974 899 22075 477 609725
is_linear=0
shrinkage=0.05


Tree=291
num_leaves=15
num_cat=0
split_feature=2 33 29 17 18 2 21 30 26 2 4 31 30 18
split_gain=2.36996 2.34462 4.79341 8.03223 5.74742 4.91677 4.08903 3.19331 4.9554 3.71462 3.07364 5.82152 8.73901 3.66832
threshold=-1.2328193187713621 20.500000000000004 2.3808401823043828 5.8362705707550058 0.39551039040088659 0.33474715054035192 1.5000000000000002 -0.90634799003601063 0.96153846383094799 0.54487332701683056 0.029579669237136844 1.2081924080848696 -0.58297881484031666 0.041181316599249847
decision_type=8 10 8 10 10 8 8 10 10 10 10 10 8 8
left_child=-1 2 3 5 7 -2 10 9 -9 -5 -3 12 -12 -14
right_child=1 6 -4 4 -6 -7 -8 8 -10 -11 11 -13 13 -15
leaf_value=-0.073952608374813059 0.0058756096167199186 0.0074696408436763775 -0.00046977511319225399 -0.048188958513459834 0.084355420988627319 -0.063914162108988537 -0.045291348789248127 -0.068208705023152669 0.089296748949491578 0.054236947950272188 0.15468557130783478 -0.046267410874571022 0.067189626295766344 -0.02222315533625821
leaf_weight=1.082131045793842 3.2996144198005837 192.76271507360457 797.77481556452233 1.2957970347250123 2.118409403089494 10.731983815199703 4.0042906851543867 3.061719508665528 0.59669942382970464 2.7934623432077501 0.97293489534676103 7.8043545970651627 1.42440638605282 5.892622177540165
leaf_count=285115 219 894993 134946 168 394 10037 61727 2072 7 110 7500 229789 18199 604097
internal_value=3.42377e-06 8.07824e-05 -0.00113074 -0.0231958 0.0113736 -0.0475027 0.00475743 -0.00858152 -0.0425191 0.0217804 0.00571699 -0.0152747 0.0139026 -0.00481716
internal_weight=1035.62 1034.53 821.673 23.8977 9.86609 14.0316 212.861 7.74768 3.65842 4.08926 208.857 16.0943 8.28996 7.31703
internal_count=2249373 1964258 147953 13007 2751 10256 1816305 2357 2079 278 1754578 859585 629796 622296
is_linear=0
shrinkage=0.05


Tree=292
num_leaves=15
num_cat=0
split_feature=29 33 9 2 30 31 29 33 2 0 17 16 3 33
split_gain=2.91674 4.87584 2.94831 3.23193 2.75206 4.40709 3.52307 8.77368 4.43552 3.47453 4.6916 6.7306 3.16004 2.92366
threshold=0.097525939345359816 235.50000000000003 0.61588251590728771 -0.67040342092514027 -1.3776915073394773 3.9654691219329838 0.85134559869766246 82.500000000000014 -0.4059996604919433 0.59868362545967113 5.7021131515502939 4.9938225746154794 0.1917570233345032 8.5000000000000018
decision_type=8 10 8 10 10 8 8 10 8 8 8 10 8 10
left_child=2 4 -1 -4 5 -2 -7 8 -8 10 12 -12 -10 -11
right_child=1 -3 3 -5 -6 6 7 -9 9 13 11 -13 -14 -15
leaf_value=-0.037948362863395847 0.021556204304261459 -0.052707129997496008 0.0057566844815640679 0.073778448634879062 -0.00063866368793927047 0.046064024538856593 0.054407028321652721 -0.072758680258526373 -0.0032137378762669903 0.0010909580925901035 -0.077322101997811213 -0.0032137378762669903 -0.080656755638152486 0.023843901545064668
leaf_weight=1.3463001732615454 37.312480926606838 4.3296951701872777 3.2058788923109178 3.83538837548498 868.07872032204534 4.349376983217403 4.0172934065544252 3.9763359685813944 22.539914656055792 57.701302444743874 5.7576557387764264 1.8395250339261551 1.3215131693095639 18.692291785137598
leaf_count=612700 21849 270283 134104 138686 984607 4351 22286 7085 13130 19303 6673 1372 13044 752
internal_value=0.000480233 0.000241081 0.0298459 0.0428082 0.000464612 0.00654514 0.00188522 0.000226547 0.00282076 0.000899272 -0.0130857 -0.0473432 -0.00321374 0.00665824
internal_weight=1038.3 1029.92 8.38757 7.04127 1025.59 157.508 120.195 115.846 111.869 107.852 31.4586 7.59718 23.8614 76.3936
internal_count=2250225 1364735 885490 272790 1094452 109845 87996 83645 76560 54274 34219 8045 26174 20055
is_linear=0
shrinkage=0.05


Tree=293
num_leaves=15
num_cat=0
split_feature=23 1 18 0 32 17 24 30 0 26 12 1 33 10
split_gain=3.35964 5.55574 4.93138 4.01204 2.7009 6.25681 5.13852 5.47852 5.37992 4.94562 4.42421 4.26307 3.81664 3.27465
threshold=165.50000000000003 20.500000000000004 0.034171948209404952 0.4997775405645371 1.0000000180025095e-35 3.4175922870635991 2.3125263452529912 -0.73438644409179676 0.60884535312652599 0.34057971835136419 0.087595909833908095 271.50000000000006 32.500000000000007 0.031269090250134475
decision_type=10 10 8 10 8 8 10 8 10 8 8 10 10 10
left_child=4 3 -3 -2 5 -1 11 8 9 -8 -7 13 -12 -6
right_child=1 2 -4 -5 6 10 7 -9 -10 -11 12 -13 -14 -15
leaf_value=-0.073575307966381259 -0.038903615978917505 0.062143570538154863 -0.03462996074786568 0.044647775826424763 0.00082914206422031044 0.010848870751099396 0.0080365748229322825 0.002152169050219152 0.034627180428704503 -0.074099727880249641 -0.0055137808466827788 -0.062681660946240197 -0.062926310970531196 -0.038277927114009444
leaf_weight=3.2036329566636246 1.5967299810027054 1.6581414861848649 6.3877254631268769 14.345435955296216 650.22700825928996 45.66806135380466 3.1285442020061174 50.608306557107412 33.507732822907258 2.4135418332178133 208.91727170349418 2.6801137229620045 2.9354027944254986 5.397395046632254
leaf_count=70 561195 10845 582691 309131 756867 863 1035 2166 1543 344 4898 16956 52 415
internal_value=0.000691615 0.019185 -0.0146863 0.0362795 0.000251816 -0.00413041 0.00177937 0.0130091 0.0270795 -0.018554 -0.0032665 0.000249938 -0.00630928 0.000507195
internal_weight=1032.68 23.988 8.04587 15.9422 1008.69 260.724 747.963 89.6581 39.0498 5.54209 257.521 658.305 211.853 655.624
internal_count=2249071 1463862 593536 870326 785209 5883 779326 5088 2922 1379 5813 774238 4950 757282
is_linear=0
shrinkage=0.05


Tree=294
num_leaves=15
num_cat=0
split_feature=33 4 17 17 18 4 33 4 33 32 4 31 17 3
split_gain=2.68233 7.83102 4.9742 9.01287 4.43655 4.1275 4.10597 5.75958 3.99067 3.85059 3.89361 4.46187 8.68508 4.2707
threshold=69.500000000000014 0.027719676494598392 5.708768606185914 6.0556118488311776 0.073959741741418852 0.025377541780471805 82.500000000000014 0.0033396184444427495 87.500000000000014 1.2424533367156985 0.0099922120571136492 3.5174729824066167 5.5816130638122567 0.270800530910492
decision_type=10 10 8 10 8 8 8 10 10 8 8 10 10 10
left_child=-1 2 6 5 -5 -4 7 -2 -7 -8 11 -11 -13 -12
right_child=1 -3 3 4 -6 8 9 -9 -10 10 13 12 -14 -15
leaf_value=-0.00068627124303545636 -0.059254445973601994 -0.052060569232224962 -0.055601583023160567 -0.054203172502534862 0.039083829203090059 0.11163853324839335 -0.10314390949106678 0.058192760552854939 -0.054673047673691147 0.03443556018621604 -0.0096844241089455892 -0.069215835738903636 0.11084779251942867 0.068668259869716183
leaf_weight=946.05474451573332 1.1607996759201373 5.0117142727945625 8.6390221727163379 1.5051192454358118 8.3183329973905611 0.78766663671959414 0.70123428114968744 10.36259084292611 0.66540451459391714 24.599344779832926 17.93475505517706 2.7296518854073404 0.88737288649697443 1.9258792975847558
leaf_count=370262 4663 963475 164438 26925 78321 651 131 14381 14872 292440 247241 7748 797 63954
internal_value=7.91002e-05 0.00857485 0.0123632 -0.00930223 0.0247907 -0.0424876 0.0195185 0.0463618 0.0354795 0.013177 0.0148736 0.0268114 -0.0250404 -0.00208659
internal_weight=1031.28 85.2289 80.2172 19.9155 9.82345 10.0921 60.3016 11.5234 1.45307 48.7782 48.077 28.2164 3.61702 19.8606
internal_count=2250299 1880037 916562 285207 105246 179961 631355 19044 15523 612311 612180 300985 8545 311195
is_linear=0
shrinkage=0.05


Tree=295
num_leaves=15
num_cat=0
split_feature=30 31 23 3 30 31 17 30 29 17 17 0 29 3
split_gain=2.94959 5.14253 4.0721 3.85464 6.47544 6.14126 5.19205 5.75759 5.71645 4.51471 4.99466 4.34491 4.04346 3.95746
threshold=-0.90634799003601063 1.48625123500824 2.5000000000000004 0.083792626857757582 -1.0623188614845274 3.7123802900314335 5.728473663330079 -1.188952565193176 2.8136668205261235 5.5740516185760507 5.0657496452331552 0.68972954154014599 1.7343788146972658 0.07551178336143495
decision_type=10 8 8 10 8 10 8 10 10 10 10 10 8 8
left_child=1 2 -1 4 6 12 9 8 -8 10 -3 -9 -6 -14
right_child=-2 3 -4 -5 5 -7 7 11 -10 -11 -12 -13 13 -15
leaf_value=0.011953796901476651 -0.0022028437236573896 -0.04707234626268901 0.05163879289126954 0.0054183517139621083 0.074923927837616783 -0.10572744580687624 -0.085952241943459712 -0.082382988927657511 0.031662345420162996 -0.090179990441088487 0.00019998767565677277 0.021774324113428514 0.0083163171925121609 -0.037041466653945095
leaf_weight=26.586149182487059 699.80124454150337 13.406508064838253 8.5405931221655624 198.98821533631732 2.0828330560069923 1.2446733678443695 1.1485535389837362 2.9552252901328968 10.277955270368691 3.2676195412172993 9.580898557305062 1.5142991030588744 50.077926524984669 5.3198425624528261
leaf_count=1183 1815542 2963 49139 370400 1561 39 1333 400 135 770 1585 12 3542 1610
internal_value=-0.000355901 0.00350239 0.0216027 0.00138208 -0.00657984 0.00415268 -0.0215325 0.00102013 0.0198401 -0.0351869 -0.0273698 -0.0470939 0.006532 0.00396061
internal_weight=1034.79 334.991 35.1267 299.865 100.876 58.7253 42.1511 15.896 11.4265 26.255 22.9874 4.46952 57.4806 55.3978
internal_count=2250214 434672 50322 384350 13950 6752 7198 1880 1468 5318 4548 412 6713 5152
is_linear=0
shrinkage=0.05


Tree=296
num_leaves=15
num_cat=0
split_feature=33 29 17 29 16 16 2 33 29 29 17 17 29 29
split_gain=3.01677 6.48566 5.66369 3.89281 4.02132 7.64193 5.38438 3.1032 3.02826 6.75991 4.33157 5.84873 2.96194 3.36723
threshold=172.50000000000003 1.2098796367645266 6.816735267639161 1.1104705929756167 5.8215644359588632 3.7494349479675297 -1.1194981336593626 137.50000000000003 0.97728782892227184 0.96717679500579845 5.2284276485443124 5.2496488094329843 0.69829478859901439 0.44474132359027868
decision_type=10 8 10 10 10 8 8 10 10 10 10 10 10 10
left_child=1 2 -1 4 5 8 -7 -3 9 12 -11 -12 13 -2
right_child=3 7 -4 -5 -6 6 -8 -9 -10 10 11 -13 -14 -15
leaf_value=-0.055060752333772549 0.019365073253446261 -0.00066816814092012942 0.083671384642399441 0.08975992061392328 0.055737745105030927 0.039577179992387128 -0.053469565035399562 0.050673438470008506 -0.065735135901257416 -0.058601583818478326 0.5199666670713089 -0.052212905182677877 0.0418191440460308 -0.054971553427707133
leaf_weight=8.3370362062577517 5.9310200430929525 984.20645000734248 0.80687328265076708 1.6274107146537549 4.2566738086342886 1.9778111976022421 7.2694780765660409 2.9519633609479561 0.93188610361725466 0.079966018854054854 0.16892330546875201 0.060714194095853991 9.2750445251080063 2.049890961121374
leaf_count=226498 368861 584469 587 2329 56299 199496 645014 8377 9657 772 8 692 69920 77213
internal_value=-0.000405738 -0.000902899 -0.0428188 0.0143234 0.0104871 0.00354461 -0.0335687 -0.000514638 0.0220984 0.0267581 0.258325 0.368687 0.0226034 0.000271767
internal_weight=1029.93 996.302 9.14391 33.6288 32.0014 27.7447 9.24729 987.158 18.4974 17.5656 0.309604 0.229637 17.256 7.98091
internal_count=2250192 819931 227085 1430261 1427932 1371633 844510 592846 527123 517466 1472 700 515994 446074
is_linear=0
shrinkage=0.05


Tree=297
num_leaves=15
num_cat=0
split_feature=33 4 29 10 30 24 26 33 18 4 4 12 2 18
split_gain=3.32828 6.78756 5.97887 5.72076 6.91187 6.3402 5.59893 4.73208 4.11719 4.06023 4.89922 3.61526 4.9672 3.317
threshold=78.500000000000014 0.027719676494598392 1.468139708042145 0.0097088394686579722 -0.93614223599433888 1.6612914204597475 0.080128207802772536 98.500000000000014 0.077527087181806578 0.0015877783298492434 0.0068686306476593026 0.062996033579111113 -0.052441589534282677 0.061242876574397094
decision_type=10 10 8 10 10 8 8 10 10 8 10 8 10 10
left_child=-1 2 3 4 5 7 -5 -2 -9 -4 13 -12 -13 -11
right_child=1 -3 9 6 -6 -7 -8 8 -10 10 11 12 -14 -15
leaf_value=-0.00044428657164958721 -0.068103980893547314 -0.051827177640595815 -0.06343550500082544 -0.057203289298805915 -0.024032080688284177 -0.08001612707756986 0.065009319886082537 -0.020755186736888476 0.032174207066629983 -0.068905556365873824 0.065269943972647015 0.073923592155215295 -0.057483037552771767 0.086112673046182198
leaf_weight=964.41525142152079 1.4538271019515772 4.1338139952006676 0.82715249659668622 1.0945561580061711 17.867034787254482 1.6736526569100636 6.5171092286841041 4.3134204934014546 24.787150428249475 0.36352164789816033 2.2243489769144915 1.0408223257328466 2.3268778334672122 6.8022428811651601
leaf_count=410057 2626 943264 2325 58416 646893 4646 33261 24527 106288 623 2465 81 8930 5905
internal_value=0.0003468 0.0104619 0.0140737 0.00704821 0.000911635 0.0147403 0.0474352 0.0199307 0.0243288 0.0439168 0.050877 0.0158025 -0.0168705 0.0782485
internal_weight=1039.84 75.4255 71.2917 57.7068 50.0951 32.2281 7.61167 30.5544 29.1006 13.585 12.7578 5.59205 3.3677 7.16576
internal_count=2250307 1840250 896986 876657 784980 138087 91677 133441 130815 20329 18004 11476 9011 6528
is_linear=0
shrinkage=0.05


Tree=298
num_leaves=15
num_cat=0
split_feature=33 0 29 4 31 10 31 18 29 8 23 17 9 8
split_gain=3.32345 5.69741 6.55444 5.56564 4.11451 3.75379 3.68088 3.64609 3.66173 4.10017 6.04104 4.28258 3.69345 3.44636
threshold=2.5000000000000004 0.67790734767913829 3.4348374605178837 0.0031306147575378422 1.754506587982178 0.027814932167530063 3.2919197082519536 0.041181316599249847 3.4348374605178837 29.500000000000004 4.5000000000000009 4.2972624301910409 0.2340442091226578 188.50000000000003
decision_type=8 8 10 10 8 10 10 10 10 10 8 10 10 10
left_child=1 2 3 -1 5 -5 -6 -2 13 -10 12 -12 -11 -9
right_child=7 -3 -4 4 6 -7 -8 8 9 10 11 -13 -14 -15
leaf_value=-0.098914804016136226 0.012931627342183106 -0.0016322111836070163 -0.0099927328153819259 -0.098137607027195178 -0.0099927328153819259 -0.0099927328153819259 -0.058140121796941752 -0.001913599086871583 0.0037887107073198557 -0.031021518937384765 0.049698188776348788 -0.036885221109231578 0.055062506637944666 0.048838918342473087
leaf_weight=3.6413763696716925 61.397755039509207 271.98732583486128 44.219308361735443 3.2714233324617767 6.6926257626573715 0.82895731067071654 4.0309662166723683 521.32316339502427 92.657968157873881 1.3796293146424528 2.048732797097478 4.7148426003135029 12.867032439687703 3.366521463126559
leaf_count=71 153608 6529 1696 257 122 17 76 2055085 7593 167 346 1158 426 23073
internal_value=-0.000666034 -0.00476409 -0.0183533 -0.043529 -0.029924 -0.0725235 -0.0136352 0.00129394 0.000174622 0.00831066 0.028253 -0.0106585 0.0467262 -0.00158796
internal_weight=1034.43 334.672 62.6847 18.4653 14.824 4.10038 10.7236 699.756 638.358 113.668 21.0102 6.76358 14.2467 524.69
internal_count=2250224 8768 2239 543 472 274 198 2241456 2087848 9690 2097 1504 593 2078158
is_linear=0
shrinkage=0.05


Tree=299
num_leaves=15
num_cat=0
split_feature=33 4 33 14 10 27 22 28 30 18 18 30 4 30
split_gain=3.89539 6.43405 6.31155 3.66269 3.63178 4.97636 4.40353 3.57387 5.41723 4.19138 4.7351 3.56068 4.99767 5.12736
threshold=78.500000000000014 0.027719676494598392 82.500000000000014 1.0000000180025095e-35 0.0097088394686579722 1.023424029350281 0.55613553524017345 3.5000000000000004 0.46297782659530645 0.045490223914384849 0.066714018583297743 -1.5322763323783872 0.010367244482040407 -1.1689037680625913
decision_type=10 10 8 10 10 8 8 10 10 8 8 10 10 10
left_child=7 2 3 -2 6 -6 -4 -1 9 -9 -11 -8 13 -13
right_child=1 -3 4 -5 5 -7 11 8 -10 10 -12 12 -14 -15
leaf_value=-0.0017881314565165046 -0.058028536002983369 -0.051829961501970716 -0.02211118845674177 0.080049778343174879 -0.055799499541964219 0.059853084973635035 -0.0048568962180851362 0.083847479890474377 -0.053657376934619916 -0.068874894707487699 0.018888607052400259 0.059418961013794749 -0.0048568962180851362 0.014351073004600135
leaf_weight=913.65429105316525 0.5334757533121407 3.9100673453521742 11.4814451670201 4.8159198015662099 1.0907568101080443 6.3159442861236048 9.7950294569732019 2.3385046512081145 2.7532073123998222 1.6165543457369747 31.184925567532698 10.229570526363522 10.950591575384452 16.47519747046158
leaf_count=406511 4137 943290 660596 4402 58652 33599 20370 105 539 138 2676 11639 49851 54059
internal_value=-0.00029619 0.010628 0.0140346 0.0662797 0.00982171 0.0428214 0.00567423 -0.00116409 0.0138824 0.0191741 0.0145634 0.0123974 0.0198727 0.0316148
internal_weight=1027.15 75.598 71.6879 5.3494 66.3385 7.4067 58.9318 951.547 37.8932 35.14 32.8015 47.4504 37.6554 26.7048
internal_count=2250564 1840595 897305 8539 888766 92251 796515 409969 3458 2919 2814 135919 115549 65698
is_linear=0
shrinkage=0.05


Tree=300
num_leaves=15
num_cat=0
split_feature=32 0 31 4 16 2 32 2 0 2 18 17 17 3
split_gain=2.98022 4.62508 5.26397 5.19495 6.30177 4.80119 4.16826 4.87018 3.80114 3.60044 3.35261 3.28025 5.07943 3.26184
threshold=3.3140207529067998 0.70960751175880443 -1.2823640704154966 0.014867842197418215 3.6242519617080693 1.0361422300338747 3.2384861707687382 1.24817830324173 0.52329516410827648 1.0127832293510439 0.34559865295886999 5.728473663330079 6.1851787567138681 0.1053421199321747
decision_type=10 10 10 10 8 8 10 10 8 10 10 8 10 10
left_child=6 2 -2 8 5 13 -1 -8 -4 -6 -11 -10 -13 -5
right_child=1 -3 3 4 9 -7 7 -9 11 10 -12 12 -14 -15
leaf_value=0.0001816660930335432 -0.052159075196422655 0.050916472726077223 -0.027767882867463525 0.028441056008909338 -0.052321564890346076 -0.068319576978755889 -0.064300530511347848 0.033904584472874248 0.023738081273907561 -0.064435249288934487 0.028441056008909338 -0.0051874578894013593 0.028441056008909338 -0.00042731813835246923
leaf_weight=905.83431482251274 3.771392023979927 6.0124918156033678 4.9606329060241867 5.321738856400958 9.3258171338791254 1.914577151810241 4.9906936826792991 1.6899510060740182 55.733471606020792 1.0080775708849263 1.3453596696690597 13.40922105446622 7.5850414056536009 14.260920044992142
leaf_count=256285 459458 3656 234256 4197 614280 7107 11266 3551 194481 5391 6480 72607 25353 351941
internal_value=0.000882048 0.00813386 0.00596564 0.00787407 -0.00881116 0.00725095 -0.000108544 -0.0394583 0.0146505 -0.0383756 0.0168871 0.017393 0.000548592 0.0146394
internal_weight=1037.16 124.649 118.636 114.865 33.1765 21.4972 912.515 6.68064 81.6884 11.6793 2.35344 76.7277 20.9943 19.5827
internal_count=2250309 1979207 1975551 1516093 989396 363245 271102 14817 526697 626151 11871 292441 97960 356138
is_linear=0
shrinkage=0.05


Tree=301
num_leaves=15
num_cat=0
split_feature=2 4 18 27 0 2 3 2 16 30 3 30 30 0
split_gain=2.83745 4.34539 4.14324 3.99339 3.90203 3.89093 5.2977 3.44412 3.28048 6.02355 5.90714 4.80196 5.82265 6.38841
threshold=0.27231040596961981 0.025377541780471805 0.028860767371952537 inf 0.57894071936607372 0.31083074212074285 0.15755704045295718 0.28565400838851934 2.3502402305603032 -0.99640655517578114 0.1104034185409546 -1.4650781154632566 -1.8207324147224424 0.6022549867630006
decision_type=8 8 10 8 10 8 8 8 10 10 10 8 10 10
left_child=1 2 -1 -3 -5 6 -2 -8 -4 10 -10 12 -12 -14
right_child=5 3 8 4 -6 -7 7 -9 9 -11 11 -13 13 -15
leaf_value=-0.065584203095456553 -0.075755172479015309 -0.061432264029240083 0.043067853273626534 -0.064671917263701889 0.061258685309620753 -0.00093890307007811241 0.05319590872134819 -0.073344968241228756 -0.081341636996679206 -0.033130753558641549 0.018703933101773419 0.032653271003956069 -0.055768243821217506 0.03272251355631664
leaf_weight=1.6932298623129174 3.9819761190675216 4.0546575529568241 8.3437266038180677 0.94788602989620807 1.7522658101448945 941.05626278736736 1.8328474984738408 0.76097414334594526 1.5480630072507668 7.2760084747824925 20.84809967136491 27.764706994250641 6.6025299811268656 2.9512100982858556
leaf_count=27206 7288 498632 17852 112692 4662 1094099 6598 12183 362 339913 19611 83377 25050 143
internal_value=-0.000426939 0.00839291 0.0117649 -0.0300596 0.0170509 -0.00120672 -0.0395342 0.0160714 0.0135035 0.00982119 0.0150547 0.0176203 0.00389124 -0.0284329
internal_weight=1031.41 83.7824 77.0276 6.75481 2.70015 947.632 6.5758 2.59382 75.3343 66.9906 59.7146 58.1665 30.4018 9.55374
internal_count=2249668 1129500 513514 615986 117354 1120168 26069 18781 486308 468456 128543 128181 44804 25193
is_linear=0
shrinkage=0.05


Tree=302
num_leaves=15
num_cat=0
split_feature=29 29 17 16 17 22 24 16 23 12 31 22 16 24
split_gain=3.48705 5.33109 5.71451 5.39737 3.91732 3.69198 4.84014 4.50331 3.34262 3.24718 3.39878 3.21468 2.93351 2.86151
threshold=1.6063348650932314 1.5355888009071352 5.6222093105316171 4.8789997100830087 5.9776182174682626 0.68421930074691784 1.2516179084777834 3.6242519617080693 7.5000000000000009 0.077935222536325469 1.1786705255508425 0.67294281721115123 4.0163424015045175 -0.073475494980812059
decision_type=8 10 8 10 10 10 8 8 8 8 10 8 10 8
left_child=1 2 5 -4 -5 6 7 -1 -3 10 -9 -11 -7 -2
right_child=13 8 3 4 -6 12 -8 9 -10 11 -12 -13 -14 -15
leaf_value=0.025007983497206454 0.076955724755643648 -0.088385109939589937 -0.035225986868058133 -0.054848977538094978 0.041733244637556281 0.025007983497206454 -0.030233322767244587 0.025007983497206454 0.044852629555261224 -0.049313224633266838 -0.053778326845350236 0.025007983497206454 0.072800095746933843 -0.0017457783190235679
leaf_weight=25.131764194760599 1.1563779281133149 0.49039787803730961 14.394806192979646 1.3422448786654593 4.8197446633836032 3.9146851946735648 7.3013294140885767 2.4367617511990844 11.737777778155563 5.6587574073890012 1.3731251598099854 0.51330034635519872 4.4195596842369653 945.39949670136036
leaf_count=480394 30857 170 442358 69564 60408 1113 55504 159141 32706 544334 41779 177 918 330070
internal_value=-0.000785419 0.00900727 0.00377653 -0.0184634 0.0206951 0.0127852 0.00680714 0.0145091 0.0395093 -0.0139228 0.0223745 -0.0363284 0.0432088 -0.00164963
internal_weight=1030.09 83.5343 71.3061 20.5568 6.16199 50.7493 42.415 35.1137 12.2282 9.98194 3.80989 6.17206 8.33424 946.556
internal_count=2249493 1888566 1855690 572330 129972 1283360 1281329 1225825 32876 745431 200920 544511 2031 360927
is_linear=0
shrinkage=0.05


Tree=303
num_leaves=15
num_cat=0
split_feature=32 17 17 24 3 30 4 17 30 27 17 30 17 2
split_gain=3.07087 8.87363 3.88316 5.98755 4.11184 6.02913 3.45364 4.2455 5.43984 4.38392 4.50304 3.21341 6.13444 6.96632
threshold=1.0000000180025095e-35 3.5114340782165532 5.9121499061584482 1.7414228320121767 1.0000000180025095e-35 -0.21482259035110471 0.023597419261932377 5.4445774555206308 -0.84913575649261464 3.374601006507874 4.2268071174621591 -0.95078188180923451 6.239300251007081 1.3297549486160281
decision_type=8 8 8 8 10 10 8 10 10 10 10 8 8 10
left_child=1 -1 4 -4 6 -6 7 8 -3 10 -10 12 13 -2
right_child=11 2 3 -5 5 -7 -8 -9 9 -11 -12 -13 -14 -15
leaf_value=-0.078594782230373764 0.0069889910978505974 0.037821280472792491 -0.054849119526216919 0.012220283845207087 -0.0099526290250047736 -0.063025692900635741 0.013676327297920392 0.012051635207491468 0.012839342581331898 0.01085862543242988 -0.048428224037797285 0.00043274338968457847 -0.030430596884347523 0.041247977860909585
leaf_weight=3.9386231731532453 147.3911448417137 3.7818910755231654 3.5381758581392262 55.931691978407798 107.06840431764704 5.6326546976342788 36.149643506702205 18.662001144051345 3.6551352365329342 6.1102459749627078 16.708270256930987 605.86451512713154 9.7268982620504101 16.499773983300713
leaf_count=104 309178 127 264 881 1312 81 2090 445 107 116 660 1906922 26910 856
internal_value=0.000579072 -0.00411319 -0.00297279 0.00822997 -0.00634151 -0.0126052 0.00195686 -0.00670373 -0.0182723 -0.0262855 -0.037431 0.00215128 0.00814837 0.010438
internal_weight=1040.66 261.177 257.238 59.4699 197.768 112.701 85.0672 48.9175 30.2555 26.4737 20.3634 779.482 173.618 163.891
internal_count=2250053 6187 6083 1145 4938 1393 3545 1455 1010 883 767 2243866 336944 310034
is_linear=0
shrinkage=0.05


Tree=304
num_leaves=15
num_cat=0
split_feature=32 33 33 4 29 4 4 17 17 24 32 0 32 2
split_gain=2.34064 5.9316 3.94118 5.05075 3.94315 4.21868 3.85707 4.12681 3.96299 3.72243 4.242 3.3996 5.39352 4.83024
threshold=5.1149907112121591 235.50000000000003 172.50000000000003 0.017208456993103031 1.2098796367645266 0.00011849403381347658 0.0082857012748718279 5.0336952209472665 5.6716020107269296 0.61814880371093761 7.0053353309631357 0.59868362545967113 4.9522936344146737 -0.19708506017923352
decision_type=10 10 10 10 8 8 8 10 10 10 8 10 10 10
left_child=1 2 4 6 5 -1 7 -4 -9 10 -2 13 -13 -8
right_child=9 -3 3 -5 -6 -7 11 8 -10 -11 -12 12 -14 -15
leaf_value=0.062484136444125572 -0.051866489999480327 -0.055372162899451717 -0.064039164716837738 -0.053434130902198645 -0.00045051967832752731 -0.048691550041283796 0.056047743974589559 0.050061523782147635 -0.052509663274277467 0.049767519232727042 0.043935799213046821 0.087969693622611492 0.27124268816674552 -0.05374322967075678
leaf_weight=0.9688541479698819 2.6455757433130711 4.9149409064684724 1.7259444395691437 1.9561611285105716 988.5343175570049 7.1537419547589476 7.4339985375869242 3.9025135765157772 1.2412099632228395 5.8389634813829696 2.0514579413425129 0.62517991073799339 0.47277622690269716 1.1578117767260643
leaf_count=798 404108 296703 16178 127646 585648 184836 9549 13226 13056 36243 537558 9304 2384 13064
internal_value=-0.000334105 -0.000576267 -0.000310974 0.0225459 -0.000735602 -0.0354306 0.0315214 0.00286218 0.0253105 0.0231119 -0.0100243 0.0518397 0.134687 0.0412526
internal_weight=1030.62 1020.09 1015.17 18.5156 996.657 8.1226 16.5594 6.86967 5.14372 10.536 4.69703 9.68977 1.09796 8.59181
internal_count=2250301 1272392 975689 204407 771282 185634 76761 42460 26282 977909 941666 34301 11688 22613
is_linear=0
shrinkage=0.05


Tree=305
num_leaves=15
num_cat=0
split_feature=23 16 18 30 33 32 27 24 17 17 17 17 32 4
split_gain=3.33962 4.63859 5.98686 5.31368 5.4288 2.9197 2.75296 2.53811 2.49553 4.87767 2.37868 2.63244 2.06365 4.0991
threshold=165.50000000000003 2.2499048709869389 1.5638394951820376 -1.1505203843116758 32.500000000000007 4.9870197772979745 2.379601359367371 0.21707511693239215 4.7664294242858896 4.7578821182250985 6.816735267639161 4.2268071174621591 4.2696731090545663 0.0022478699684143071
decision_type=10 10 10 8 8 10 8 8 10 10 10 10 10 8
left_child=5 -2 3 -3 6 12 8 -4 9 -5 11 -6 -1 -14
right_child=1 2 7 4 10 -7 -8 -9 -10 -11 -12 -13 13 -15
leaf_value=-0.00026025075412889899 0.063869318307347184 0.063690815386383867 0.078026608322164459 -0.052645971564753369 0.025074638692646797 -0.052638349289952417 -0.084601039427192298 -0.056767139499847331 0.044481456552117056 0.50073398944098135 0.063584292776238435 -0.052994071977476055 -0.042899541088252474 0.020237808484420493
leaf_weight=985.1754318333401 4.6253514145785877 2.3334259025537394 3.4158181181022593 0.073387289397456423 1.2467117243761592 2.6295282738161623 0.39666090763085282 0.38900012267348527 2.6195201990228156 0.087059227663203842 0.55973031660961581 8.0654461205049124 2.870883772286315 24.587851882072776
leaf_count=386326 95395 49221 111126 614 89017 98679 1533 15629 3445 15 4512 1094237 20486 280073
internal_value=0.000414059 0.0189232 0.00808799 -0.00580291 -0.0182303 -2.00559e-05 0.0386234 0.0642455 0.0562057 0.247621 -0.0365249 -0.0425422 0.000116579 0.0136366
internal_weight=1039.08 23.8121 19.1868 15.3819 13.0485 1015.26 3.17663 3.80482 2.77997 0.160447 9.87189 9.31216 1012.63 27.4587
internal_count=2250308 1464744 1369349 1242594 1193373 785564 5607 126755 4074 629 1187766 1183254 686885 300559
is_linear=0
shrinkage=0.05


Tree=306
num_leaves=15
num_cat=0
split_feature=33 29 8 26 31 27 33 18 31 2 22 24 0 33
split_gain=2.94732 7.04686 3.83655 4.18185 4.00904 5.11945 4.92966 4.06369 3.76023 7.30319 5.65907 4.35519 3.2453 3.12796
threshold=80.500000000000014 1.4847955703735354 42.500000000000007 0.080128207802772536 2.1088203191757207 1.66561496257782 98.500000000000014 0.077527087181806578 3.5174729824066167 -0.67040342092514027 0.68421930074691784 1.3159175515174868 0.55941045284271251 82.500000000000014
decision_type=10 10 8 8 10 8 10 10 10 8 10 10 10 10
left_child=-1 2 3 -2 5 -4 -6 -8 11 10 -10 -9 -7 -3
right_child=1 13 4 -5 6 12 7 8 9 -11 -12 -13 -14 -15
leaf_value=-0.00054400609329989654 -0.057498245761096273 0.079716551838351371 -0.044638267786210065 0.058492627716896999 -0.063639916605633715 -0.054854695096676932 -0.028372043503004114 0.024034785725007359 -0.056011302598367868 -0.060904715029374945 0.065616673789452074 0.10085969116838296 0.020501843222722659 0.026746970526423882
leaf_weight=969.71612494077408 0.917436409726894 4.0376373593521881 9.9937510595293499 5.0789555840048317 2.231103694231229 1.7514531377886413 5.0557939977166475 18.931102660417423 1.313341578006576 3.6839039280262869 3.5183696678219007 2.0439484604535307 7.7541042897401455 8.9984635491918166
leaf_count=418549 101478 4079 939440 56033 8046 281411 48055 151969 25509 15623 474 683 179766 19200
internal_value=0.000195979 0.00972434 0.00272647 0.0407462 -0.0013246 -0.0196523 0.00839265 0.0130447 0.0201451 -0.00787558 0.0325561 0.0315211 0.00661697 0.0431531
internal_weight=1045.03 75.3094 62.2733 5.99639 56.2769 19.4993 36.7776 34.5465 29.4907 8.51562 4.83171 20.9751 9.50556 13.0361
internal_count=2250315 1831766 1808487 157511 1650976 1400617 250359 242313 194258 41606 25983 152652 461177 23279
is_linear=0
shrinkage=0.05


Tree=307
num_leaves=15
num_cat=0
split_feature=33 33 4 16 23 18 17 12 4 21 3 0 18 17
split_gain=4.84837 7.40514 4.6905 3.40761 6.0711 6.1899 6.47825 6.17308 3.10587 2.96182 2.73758 2.73355 2.69694 2.79893
threshold=80.500000000000014 82.500000000000014 0.027719676494598392 5.1445789337158212 17.500000000000004 0.49719092249870306 5.708768606185914 0.051503095775842674 0.014582753181457521 1.5000000000000002 0.18982976675033572 0.53016409277915966 0.47890022397041326 5.7021131515502939
decision_type=10 8 10 10 8 8 8 10 8 10 8 8 8 8
left_child=9 10 3 4 -3 6 12 -8 11 -1 -2 -5 13 -6
right_child=1 2 -4 8 5 -7 7 -9 -10 -11 -12 -13 -14 -15
leaf_value=-0.00058035331238121728 0.056717308586722616 -0.058082978496090898 -0.051478374140990817 -0.061009217364608549 0.019849463186675811 -0.052909468609217025 -0.044826241542897036 0.050391594969449949 -0.036204090093324821 -0.052404105959407081 0.15999680441159861 0.057484872216553129 0.10569660328043143 0.11587480298364364
leaf_weight=960.66702124770211 3.7847527816955218 3.4037067222798196 3.1191431630523843 0.5194405494215546 39.953600989108914 3.5703165271272104 7.1861060904013652 2.2305263651827261 1.195905456206481 2.7649575525078935 0.77259789582628613 7.7252872773506986 0.97795085806421767 0.77355099570956909
leaf_count=417820 6063 2438 933391 37477 354288 199689 187708 16207 40978 833 2635 38426 7817 3047
internal_value=0.000225405 0.0124518 0.00846732 0.0112359 0.00670843 0.0107407 0.015186 -0.0222719 0.0390969 -0.000729083 0.0742261 0.0500194 0.0236436 0.0216733
internal_weight=1038.64 75.2129 70.6555 67.5364 58.0958 54.6921 51.1217 9.41663 9.44063 963.432 4.55735 8.24473 41.7051 40.7272
internal_count=2248817 1830164 1821466 888075 771194 768756 569067 203915 116881 418653 8698 75903 365152 357335
is_linear=0
shrinkage=0.05


Tree=308
num_leaves=15
num_cat=0
split_feature=33 33 17 18 23 18 17 24 3 13 3 3 32 3
split_gain=4.40583 6.35567 3.10482 3.54989 5.94473 4.29496 3.9401 7.18519 5.05427 4.3005 3.66248 3.42641 2.8994 2.86405
threshold=80.500000000000014 82.500000000000014 4.0517470836639413 0.89800870418548595 17.500000000000004 0.49719092249870306 5.4049246311187753 1.3159175515174868 0.14145198464393618 0.098780486732721343 0.14770534634590152 0.14466488361358645 3.3842465877532963 0.28976310789585119
decision_type=10 10 10 8 8 8 8 8 10 10 10 10 10 10
left_child=-1 -2 -3 4 -4 6 -6 9 -9 13 11 -10 -12 -8
right_child=1 2 3 -5 5 -7 7 8 10 -11 12 -13 -14 -15
leaf_value=-0.00045204502873509458 0.068230874699958755 -0.053482478262525814 -0.056743873603937768 0.03931648693791933 0.023516376004330167 -0.052744704954790028 -0.040071431380717067 -0.056911125217743178 0.081385438232080234 0.0393892403232593 0.062411944023366729 0.2890690088050783 -0.053768672893956204 0.062199490614340408
leaf_weight=958.03183910666735 4.7242938726242434 1.9744684747337675 3.5831261921177724 9.0398575722502823 32.872943026973871 2.6277054437512382 11.92023715985378 1.0527829128673598 0.53835186154064718 2.3551645870654534 3.3720787320134304 0.31468567113222079 0.63872649604599629 0.72627720881276836
leaf_count=418953 8723 186171 4660 240711 558359 253908 404867 3721 258 38928 2519 221 12898 115419
internal_value=0.000465751 0.0120748 0.00833907 0.0101071 0.00570639 0.00967256 0.0127216 -0.00424219 0.0424193 -0.0226454 0.0639195 0.158 0.04391 -0.0341981
internal_weight=1033.77 75.7407 71.0164 69.0419 60.0021 56.419 53.7912 20.9183 5.91663 15.0017 4.86384 0.853038 4.01081 12.6465
internal_count=2250316 1831363 1822640 1636469 1395758 1391098 1137190 578831 19617 559214 15896 479 15417 520286
is_linear=0
shrinkage=0.05


Tree=309
num_leaves=15
num_cat=0
split_feature=30 4 9 32 9 17 29 29 16 17 8 8 4 32
split_gain=3.18109 3.78176 3.10844 3.33536 2.60074 2.69549 4.51723 2.51583 3.0248 2.36507 2.25063 4.72201 3.47164 2.34867
threshold=-1.9750727415084837 0.023353695869445804 0.11182787269353868 1.0000000180025095e-35 0.093861632049083724 4.8162329196929941 2.9576396942138676 2.6978409290313725 3.6762205362319951 5.0005793571472177 188.50000000000003 184.50000000000003 0.0037864446640014653 3.4498615264892583
decision_type=8 8 8 8 8 10 10 8 10 10 10 10 10 10
left_child=1 4 3 -2 -1 6 -6 -3 -9 -7 11 13 -12 -4
right_child=2 7 10 -5 5 9 -8 8 -10 -11 12 -13 -14 -15
leaf_value=0.32504781842778607 -0.37987322853371058 -0.082698527979689074 -0.0019817181905079566 -0.061751413083190404 -0.077035728862458824 0.061900034144394094 0.031318392589284802 0.07240057765493163 -0.045497021081279822 0.020754030640593956 -0.067134347028232788 -0.10170494367075433 0.043830815992925348 0.0060473095619349299
leaf_weight=0.071469214295791894 0.1006637344909212 1.4249486800686018 885.16332368603332 0.45398318269994647 1.6716556615343621 4.6172983673841737 2.265419032650243 0.91290567779367116 1.3464123573163531 14.335599600872975 0.8125962137173558 1.169021075851332 5.3162817174374046 101.53007155982073
leaf_count=15 8 21468 288465 39390 4226 1270 57 121 133 8815 2971 10549 18884 1853745
internal_value=-0.000696377 0.0163528 -0.00115315 -0.119488 0.0238981 0.0229578 -0.014688 -0.030672 0.00214098 0.030778 -0.00108712 -0.00127453 0.0291185 -0.00115554
internal_weight=1021.19 26.6457 994.546 0.554647 22.9614 22.89 3.93707 3.68427 2.25932 18.9529 993.991 987.862 6.12888 986.693
internal_count=2250117 36105 2214012 39398 14383 14368 4283 21722 254 10085 2174614 2152759 21855 2142210
is_linear=0
shrinkage=0.05


Tree=310
num_leaves=15
num_cat=0
split_feature=33 29 16 33 33 3 18 1 30 0 2 18 29 29
split_gain=3.92232 4.41241 4.1745 4.0741 5.39084 6.31614 4.01173 4.27027 4.0976 5.21005 3.76657 3.68097 3.49774 3.90388
threshold=172.50000000000003 1.2098796367645266 4.9732735157012948 80.500000000000014 82.500000000000014 0.16417610645294192 0.39094327390193945 199.50000000000003 -1.2101065516471861 0.67146849632263195 0.027140690945088867 0.23286247253417972 1.1104705929756167 0.97728782892227184
decision_type=10 8 10 10 8 8 10 8 10 10 10 8 8 8
left_child=1 2 -1 -3 -5 6 7 -6 -8 -10 -9 -12 13 -2
right_child=12 3 -4 4 5 -7 8 10 9 -11 11 -13 -14 -15
leaf_value=-0.055224923592688491 0.016877817036736072 -0.001177445855248311 0.028476757536728271 0.066431211715186275 -0.053792633259758416 -0.042195283032619352 0.087839868992867262 -0.07064673157312773 -0.053097079731297549 0.078148787342760873 0.034512156635252381 -0.0558129740738336 0.085774085404022551 -0.06108437191827315
leaf_weight=6.6811037956230406 30.117750525131321 959.99340822123486 1.9170505579815209 4.6904831269029268 2.5087514535035238 5.0334591552374439 3.6589835531977997 1.1164201850038118 1.5920450249912543 1.44018023078583 11.029233622990677 1.2564287833152104 1.7275030541624534 1.6961426252698526
leaf_count=204091 1404125 418672 23135 8590 46055 69924 318 800 24753 2879 14645 6030 2366 24233
internal_value=-0.000334961 -0.000898568 -0.0365627 -0.000589548 0.0168694 0.00845744 0.0197378 0.00607723 0.0522208 0.00923922 0.0172843 0.0252748 0.0164838 0.0127213
internal_weight=1034.46 1000.92 8.59815 992.319 32.326 27.6355 22.602 15.9108 6.69121 3.03223 13.4021 12.2857 33.5414 31.8139
internal_count=2250616 819892 227226 592666 173994 165404 95480 67530 27950 27632 21475 20675 1430724 1428358
is_linear=0
shrinkage=0.05


Tree=311
num_leaves=15
num_cat=0
split_feature=32 28 32 2 4 24 17 1 0 4 31 1 16 29
split_gain=3.78898 4.77547 3.96073 7.44199 4.71813 4.63847 3.91404 3.72267 3.71092 4.63762 3.73621 3.56361 3.53993 4.37305
threshold=3.3140207529067998 3.5000000000000004 3.0677825212478642 1.3610702157020571 0.020357549190521244 1.4287154674530032 3.4175922870635991 22.500000000000004 0.70960751175880443 0.014582753181457521 -1.2823640704154966 24.500000000000004 3.8393944501876835 2.3808401823043828
decision_type=10 8 10 10 10 10 8 8 10 10 8 8 8 8
left_child=2 8 -1 4 6 7 -4 -6 9 10 -2 -5 -11 -14
right_child=1 -3 3 11 5 -7 -8 -9 -10 12 -12 -13 13 -15
leaf_value=-0.0013918409484636881 -0.052365986169745943 -0.057544156904313561 0.078454213315803198 -0.061083018218886911 0.077603667538627005 0.04770145565860312 -0.054666268683828845 -0.06173568382254882 0.047159317196067807 0.0013256668609214089 0.014950353348544471 0.072539228348079118 -0.048944957783143055 0.027032334905915729
leaf_weight=886.72201212334687 2.1159573487592827 2.7640117945017542 0.57551443843537287 0.61290600255376015 0.57890083710566975 3.0034599255009198 13.614756272313405 2.7872814826448584 6.0288208946281818 22.728392690317524 79.722928918589304 2.6841065734701104 8.1076643570086038 1.0790546645163868
leaf_count=226743 148935 64184 222 2331 1656 2987 16837 19408 3490 548826 503680 1293 708634 1087
internal_value=-0.000821908 0.00743205 -0.00193274 -0.0220369 -0.0332198 0.00253068 -0.0492673 -0.0377727 0.00893139 0.00690535 0.0132099 0.0476992 -0.00926114 -0.0354534
internal_weight=1033.13 122.547 910.579 23.8569 20.5599 6.36964 14.1903 3.36618 119.783 113.754 81.8389 3.29701 31.9151 9.18672
internal_count=2250313 1978836 271477 44734 41110 24051 17059 21064 1914652 1911162 652615 3624 1258547 709721
is_linear=0
shrinkage=0.05


Tree=312
num_leaves=15
num_cat=0
split_feature=31 33 30 4 4 4 0 16 2 12 22 0 3 30
split_gain=5.01075 3.81287 6.1197 6.42218 5.67217 4.84051 4.40528 4.21629 4.96535 7.02618 4.07993 3.50097 3.35062 3.34437
threshold=-3.9600565433502193 78.500000000000014 -1.5322763323783872 0.010367244482040407 0.012331217527389528 0.017611175775527958 0.70110279321670543 1.8688347935676577 -0.27736578881740565 0.062996033579111113 0.66414529085159313 0.52329516410827648 0.15660622715950015 -0.95078188180923451
decision_type=8 10 10 10 10 10 8 8 8 8 10 8 10 8
left_child=-1 6 4 11 -3 10 13 -5 -9 12 -6 -4 -10 -2
right_child=1 2 3 7 5 -7 -8 8 9 -11 -12 -13 -14 -15
leaf_value=-0.068812740318547769 -0.0008974496111974861 -0.064278551983207574 -0.034008395129617446 0.061573743081221516 -0.060744571126786044 -0.060011029654098595 0.0025326271057077416 0.037201141323581675 0.051490256969340467 -0.049066432863773934 0.06972330042675555 0.030417156813813847 -0.052516766529401099 -0.0075455972185926971
leaf_weight=2.6783456898881419 186.73440410604735 4.889455211767431 2.2218016514773766 2.037439966115195 0.75604487344318672 1.6757766212681362 430.82727991930835 3.7522471376514792 3.2683679229829203 10.568734858118022 2.8887808834870157 41.418787779433899 1.0147801971944308 325.53650334959082
leaf_count=35378 34878 28521 167988 22301 7088 62917 35981 473733 46479 593829 361 305249 103336 332218
internal_value=-0.000513256 -0.000333489 0.0105566 0.0162681 -0.0254026 0.010323 -0.00119366 -0.00671137 -0.0141897 -0.0271733 0.0426604 0.0271372 0.0268485 -0.00432753
internal_weight=1020.27 1017.59 74.4922 64.2822 10.2101 5.3206 943.098 20.6416 18.6041 14.8519 3.64483 43.6406 4.28315 512.271
internal_count=2250257 2214879 1811802 1712915 98887 70366 403077 1239678 1217377 743644 7449 473237 149815 367096
is_linear=0
shrinkage=0.05


Tree=313
num_leaves=15
num_cat=0
split_feature=33 29 29 29 23 22 30 2 24 30 23 13 29 33
split_gain=4.25485 3.07713 4.00996 3.73529 4.6683 4.50755 5.22835 3.01961 5.19221 3.31647 2.86707 3.46827 2.6005 3.09912
threshold=172.50000000000003 1.1104705929756167 0.97728782892227184 0.9150998890399934 63.500000000000007 0.68421930074691784 -1.5322763323783872 -0.19708506017923352 0.088604684919118895 0.58205068111419689 526.50000000000011 0.1702898591756821 1.2465090751647951 154.50000000000003
decision_type=10 8 8 8 10 10 8 8 10 8 10 8 8 10
left_child=10 2 3 5 -5 6 -2 -8 9 -9 12 -12 -1 -14
right_child=1 -3 -4 4 -6 -7 7 8 -10 -11 11 -13 13 -15
leaf_value=-0.026645767617720292 -0.054225170359406827 0.082880679506290203 -0.062067600008156504 -0.061744248533304971 0.085176208875741788 0.062585915669681913 0.028963991543228807 0.032638038075262991 -0.052403565466191175 -0.051404448653480088 0.0766714329095185 -0.024889383039973383 -0.00082850060239838944 0.17341784532606033
leaf_weight=9.8172818243096511 3.4300287729934809 1.6905695972764991 1.6574836688369554 0.64088388022470066 3.4577506768486588 3.6411014681261866 11.582399248937772 2.8073537195981491 3.8750132905356236 1.1819294435522625 2.5080749525137294 1.2644089549507178 975.95318121225739 0.25524924010323857
leaf_count=217208 88900 2351 24238 2286 22911 781 692252 77496 159141 358999 16606 66850 518019 460
internal_value=-0.000276885 0.0171241 0.0136796 0.0177803 0.062203 0.0109143 0.00269016 0.0127289 -0.0111817 0.0288593 -0.000873991 0.0426317 -0.00104044 -0.00078294
internal_weight=1023.76 33.9645 32.2739 30.6165 4.09863 26.5178 22.8767 19.4467 7.8643 3.98928 989.798 3.77248 986.026 976.208
internal_count=2248498 1429355 1427004 1402766 25197 1377569 1376788 1287888 595636 436495 819143 83456 735687 518479
is_linear=0
shrinkage=0.05


Tree=314
num_leaves=15
num_cat=0
split_feature=33 33 4 16 16 22 18 29 4 33 18 18 17 24
split_gain=4.20863 3.24465 4.69707 3.71528 6.22113 4.42273 3.47879 3.2049 3.58149 2.90417 4.67254 6.4288 4.84712 5.10312
threshold=172.50000000000003 184.50000000000003 0.0051192343235015878 8.1175711154937762 3.6242519617080693 0.64971026778221141 0.077527087181806578 1.2098796367645266 0.00011849403381347658 20.500000000000004 0.15310224890708926 0.17584312707185748 4.9015574455261239 0.55667501688003551
decision_type=10 10 8 10 8 10 10 8 8 10 10 10 10 8
left_child=7 2 -2 4 6 -6 -3 8 -1 -9 12 -12 13 -11
right_child=1 3 -4 -5 5 -7 -8 9 -10 10 11 -13 -14 -15
leaf_value=0.063322265958520377 -0.062585208102595213 -0.018339616493261195 0.066551029328449571 0.10114740027235498 -0.049784124550702302 0.024604894758592954 0.036061985422514563 -0.0013392796802128362 -0.043032555174681554 0.094019186459440018 0.041342001306504617 0.0072526573357560853 0.0022843112297282388 -0.039396422527538111
leaf_weight=0.88788957422118264 0.80787696319828295 3.7544643569536076 5.4848639385905376 1.0789243796742827 6.3822229816923137 2.9087027458038506 13.523578634934255 814.97499537625356 7.29678346073577 0.76302685005847826 17.012394787473767 73.941703614040563 73.54611199699292 11.815581927149736
leaf_count=970 7463 139466 44814 497 933743 2621 301601 156769 226183 6385 21730 265414 111891 30239
internal_value=0.000252233 0.0175677 0.0499722 0.0101923 0.00649881 -0.0264952 0.0242407 -0.000335326 -0.031495 -7.82512e-05 0.00572542 0.0136289 -0.0026212 -0.0313033
internal_weight=1034.18 33.9406 6.29274 27.6479 26.569 9.29093 17.278 1000.24 8.18467 992.054 177.079 90.9541 86.1247 12.5786
internal_count=2249786 1430205 52277 1377928 1377431 936364 441067 819581 227153 592428 435659 287144 148515 36624
is_linear=0
shrinkage=0.05


Tree=315
num_leaves=15
num_cat=0
split_feature=16 18 2 17 16 24 0 18 18 4 2 31 24 4
split_gain=2.90824 2.53073 2.35944 5.67356 7.70739 5.59254 5.19174 4.68877 5.3718 3.90332 4.63409 3.69543 6.17304 3.50285
threshold=8.1175711154937762 3.7788928747177128 0.33474715054035192 5.7761018276214608 4.3107767105102548 2.3125263452529912 0.57137244939804088 0.063114859163761153 0.077527087181806578 0.024898648262023929 0.28565400838851934 3.7123802900314335 1.3159175515174868 0.0040574967861175546
decision_type=10 10 8 8 10 8 8 8 8 8 10 8 10 10
left_child=1 2 3 7 5 -5 -4 13 -9 -10 -11 12 -6 -1
right_child=-2 -3 6 4 11 -7 -8 8 9 10 -12 -13 -14 -15
leaf_value=-0.023246325803420252 0.083864948021945107 -0.073292732553393178 -0.038567639428138296 -0.066480260669328953 -0.010559976739408016 0.030723289891669808 -0.00073534909611025869 -0.070287247533296474 0.013934666799149295 -0.066022353297997868 0.042949156277199349 -0.022319895894853919 0.093544599147990404 0.049751459682982585
leaf_weight=1.9067589838558348 1.0243214726092436 1.1902241331672474 9.1578275382547893 7.9310551923940791 2.9053864012894905 1.8191434348238456 927.99519420340755 2.1451712269654175 55.423548668296021 3.2844343126971052 1.3878707765430056 3.9815651177640614 2.7927036645171377 11.898198213006676
leaf_count=6149 1124 31480 257794 154740 108057 2991 811075 22579 342903 438245 13161 7613 785 51563
internal_value=-0.000342739 -0.000426173 -0.000342186 0.00714573 -0.0169675 -0.0483445 -0.00110504 0.0133067 0.00745959 0.0102348 -0.0336532 0.0146383 0.0404629 0.0396689
internal_weight=1034.84 1033.82 1032.63 95.4758 19.4299 9.7502 937.153 76.046 62.241 60.0959 4.67231 9.67966 5.69809 13.805
internal_count=2250259 2249135 2217655 1148786 274186 157731 1068869 874600 816888 794309 451406 116455 108842 57712
is_linear=0
shrinkage=0.05


Tree=316
num_leaves=15
num_cat=0
split_feature=33 4 33 32 17 17 4 17 4 0 2 2 4 26
split_gain=5.40345 5.24415 5.05127 4.33981 2.96296 2.92455 4.45385 3.62515 3.77842 2.89134 3.22776 5.76454 3.05513 4.02988
threshold=80.500000000000014 0.02630296349525452 82.500000000000014 1.0000000180025095e-35 4.0517470836639413 5.708768606185914 0.0068686306476593026 5.9776182174682626 0.025377541780471805 0.61896523833274852 0.28565400838851934 0.39333927631378179 0.034766435623168952 0.30217391252517706
decision_type=10 10 10 10 10 8 8 10 10 8 8 10 8 8
left_child=9 2 -2 -4 -5 -6 -7 8 -8 10 -1 12 13 -12
right_child=1 -3 3 4 5 6 7 -9 -10 -11 11 -13 -14 -15
leaf_value=-0.0044519080742990592 0.064056932660412416 -0.051361814425620426 -0.10446169162523805 -0.053579687465257569 0.02013784844334324 -0.052521876135178273 -0.055564970828832543 0.034353934658236281 0.078080001447004832 -0.00033124498319298516 -0.088429074353462755 -0.010649555279497853 -0.0044519080742990592 -0.015930519180387317
leaf_weight=36.818353293955965 4.9382476629572656 3.0809951888182772 0.79502285249155491 1.6275030730971867 51.501873408229514 3.7272589525849886 2.7415308245076471 6.2693656457514395 0.6552726660924536 830.29929610626607 5.5280313639129188 75.365777365308531 1.4260682271596969 2.9341772995506554
leaf_count=50730 4158 960134 26 81495 542914 93143 69957 78751 1496 187241 4217 168308 6123 1755
internal_value=-0.000367898 0.0125226 0.0152466 0.011666 0.0130539 0.014725 -0.00608915 0.0118152 -0.0297837 -0.0013876 -0.00857257 -0.015359 -0.051253 -0.063291
internal_weight=1027.71 75.3371 72.2561 67.3178 66.5228 64.8953 13.3934 9.66617 3.3968 952.372 122.072 85.2541 9.88828 8.46221
internal_count=2250448 1832074 871940 867782 867756 786261 243347 150204 71453 418374 231133 180403 12095 5972
is_linear=0
shrinkage=0.05


Tree=317
num_leaves=15
num_cat=0
split_feature=33 33 13 2 16 3 16 17 23 22 24 16 17 33
split_gain=4.05546 5.35018 4.71925 4.40932 3.91662 4.12467 3.56421 6.69566 4.63416 3.57036 4.48867 2.99613 3.41394 3.07339
threshold=80.500000000000014 82.500000000000014 0.1234756112098694 -1.2328193187713621 3.8393944501876835 0.079801529645919814 4.4601275920867929 5.708768606185914 17.500000000000004 0.64971026778221141 0.71413999795913707 4.1026091575622567 5.7021131515502939 172.50000000000003
decision_type=10 10 10 10 8 8 10 8 8 10 8 8 10 8
left_child=-1 -2 3 -3 -4 -6 7 8 -5 10 -8 12 13 -10
right_child=1 2 4 6 5 -7 9 -9 11 -11 -12 -13 -14 -15
leaf_value=-0.0012295350797098534 0.059689991914294895 -0.06017914260291405 0.070625935978918378 -0.073984719365784407 0.077947716232918351 -0.055426525446989672 0.026652702901026632 -0.052006934529655192 -0.0046174468187703006 0.051775871768258389 -0.043022099604011085 -0.053532331927163328 0.12176528892133985 0.025127765034796197
leaf_weight=954.71123865118602 5.2247363500727166 2.6700433826765382 4.9398430311937931 1.7307874168850845 0.9180098804592447 1.5728446535008251 3.666444517151521 5.7039038316285717 16.887238602517293 7.2822796097536973 3.2049601705364728 1.783159507354475 0.70566748736417295 17.877270625489473
leaf_count=418621 8737 305795 26452 2659 1584 68868 345451 235663 184764 3235 72671 128270 2326 445175
internal_value=-0.000354596 0.010908 0.0072111 0.00266437 0.0448492 -0.00627116 0.005516 -0.00140945 0.00599365 0.027382 0.00152953 0.00970944 0.0128887 0.0106787
internal_weight=1028.88 74.1672 68.9425 61.5118 7.4307 2.49085 58.8417 44.688 38.9841 14.1537 6.8714 37.2533 35.4702 34.7645
internal_count=2250271 1831650 1822913 1726009 96904 70452 1420214 998857 763194 421357 418122 760535 632265 629939
is_linear=0
shrinkage=0.05


Tree=318
num_leaves=15
num_cat=0
split_feature=29 1 23 1 26 3 29 14 30 2 16 30 23 16
split_gain=2.74954 4.86383 4.63116 3.7311 3.78408 4.88196 4.13169 5.26201 7.73044 7.05887 6.93828 6.03618 10.5274 6.96134
threshold=2.1270071268081669 259.50000000000006 79.500000000000014 287.50000000000006 0.08893280848860742 0.12765246629714969 4.0631101131439218 1.0000000180025095e-35 -0.14283683896064756 1.5958924293518069 2.4414010047912602 -0.79655098915100087 75.500000000000014 4.8322978019714364
decision_type=10 10 10 10 8 10 10 10 10 10 8 10 10 10
left_child=1 -1 3 4 5 6 7 9 10 11 -9 -2 -13 -14
right_child=2 -3 -4 -5 -6 -7 -8 8 -10 -11 -12 12 13 -15
leaf_value=0.0061635555277092559 -0.013909915422072689 -0.057641737004901356 -0.059927868935736199 0.055301784559446614 0.0028763873262483853 -0.032635882778276191 0.005898894536646204 -0.088078563090937034 -0.017983123986317087 0.0057746462252318926 0.0021826141493680776 -0.057885051578924221 -0.053430702639826605 0.98376304618132393
leaf_weight=213.01103087836523 19.094623521360049 3.0292648700612679 3.3287212513858995 2.949586872410463 351.30317815584664 14.427284070865595 99.521263579250842 2.1493028099676996 66.99857641216488 17.546905981932028 226.15107167941449 16.279440754593626 0.026984227630918123 0.040395315917976404
leaf_count=2071925 2339 48004 15033 218 42364 27932 3709 201 10981 4200 10225 12085 192 12
internal_value=0.000250771 0.00526889 -0.00107162 -0.000831667 -0.00103519 -0.00400802 -0.0030857 -0.005653 -0.00304962 -0.0201613 0.00133286 -0.0330021 -0.0553036 0.568387
internal_weight=1035.86 216.04 819.817 816.489 813.539 462.236 447.809 348.287 295.299 52.9883 228.3 35.4414 16.3468 0.0673795
internal_count=2249420 2119929 129491 114458 114240 71876 43944 40235 21407 18828 10426 14628 12289 204
is_linear=0
shrinkage=0.05


Tree=319
num_leaves=15
num_cat=0
split_feature=33 31 4 32 16 30 1 1 2 31 16 4 30 7
split_gain=4.99011 5.68136 5.29115 4.41769 5.1557 4.12005 5.12333 5.63359 4.35946 3.95181 3.73251 5.15691 4.96163 3.66203
threshold=2.5000000000000004 1.9269295334815981 0.054951041936874397 1.7005987167358401 4.9732735157012948 -1.4978135824203489 46.500000000000007 14.500000000000002 1.5291209220886233 3.1571155786514287 2.3502402305603032 0.019323199987411502 -1.2768279910087583 12.219577789306642
decision_type=10 10 10 10 10 10 8 10 10 8 8 10 8 8
left_child=1 3 -2 10 -5 -3 7 8 -7 -9 11 12 -1 -12
right_child=2 5 -4 4 -6 6 -8 9 -10 -11 13 -13 -14 -15
leaf_value=0.057476849374902488 0.0034198986801739131 0.014644557418114879 -0.050711366812162845 -0.094483547761964104 0.059358683490437616 -0.067278975413475009 -0.066663666401978433 0.0075572163220303957 -0.014185177094263202 -0.035042434050922618 -0.024144204411394175 0.015784423884572168 -0.046081816404687864 0.0016535932949033744
leaf_weight=1.2632255762728162 648.46991314367187 7.9470609914271213 4.5459807316826746 2.4606235729103783 0.69939265466382483 8.1362557614443158 6.1950660996951674 19.608612294158778 7.3667672059673341 7.53648376406636 14.450630753303262 6.573601605691084 13.705850564258112 286.22958375925748
leaf_count=39 1474006 169 698243 211 25 92 103 306 82 63 5403 2373 1605 67940
internal_value=0.000387337 -0.00415048 0.00304306 -0.00160361 -0.0604343 -0.0187429 -0.0241752 -0.0180033 -0.0420497 -0.00427002 -0.00102667 -0.0211313 -0.0373426 0.000413756
internal_weight=1035.19 382.173 653.016 325.383 3.16002 56.7902 48.8432 42.6481 15.503 27.1451 322.223 21.5427 14.9691 300.68
internal_count=2250660 78411 2172249 77596 236 815 646 543 174 369 77360 4017 1644 73343
is_linear=0
shrinkage=0.05


Tree=320
num_leaves=15
num_cat=0
split_feature=25 33 33 23 18 29 4 29 17 14 2 10 17 23
split_gain=4.07362 3.5924 4.32302 3.6667 4.24694 3.63091 3.31901 3.28446 3.37949 3.14421 3.06697 3.01753 2.81308 2.43704
threshold=7.5000000000000009 78.500000000000014 82.500000000000014 17.500000000000004 2.6150693893432622 1.6063348650932314 0.027719676494598392 1.6894009709358218 5.6784632205963144 1.0000000180025095e-35 -0.14552255719900128 0.0050633235368877658 4.0517470836639413 835.50000000000011
decision_type=10 10 10 8 10 8 10 8 8 10 8 8 10 10
left_child=1 7 5 4 -4 9 12 8 10 -3 -1 -12 -5 -9
right_child=-2 2 3 6 -6 -7 -8 13 -10 -11 11 -13 -14 -15
leaf_value=0.035635001816849324 -0.089139139596227365 -0.05791924598510826 -0.068267652802158379 -0.053158061966970718 0.067130385600460224 -0.058724051465641469 -0.050729255246174554 -0.00045795145479013357 -0.059737861642310854 0.068057387099327696 0.085401557856883512 -0.032908308190317613 0.013053055585951399 0.076932089188433833
leaf_weight=2.8943456758559831 1.2806356968512762 0.53815433057747153 2.9748590821713656 1.6464312332770621 0.71915680095863077 0.7387364049923083 2.2274073644650079 934.16075971614009 4.5604278402986589 6.22037903155862 0.58084595730417143 7.4722965292281289 62.550408985754821 1.0183707138019134
leaf_count=579 1617 9270 5280 83737 61 2308 930343 295516 22281 5857 263 61255 801515 29775
internal_value=-1.87016e-05 9.22879e-05 0.0104353 0.00657673 -0.0419082 0.0465225 0.00927309 -0.00075213 -0.0235741 0.0580264 -0.0085093 -0.024375 0.011355 -0.000373677
internal_weight=1029.58 1028.3 77.6155 70.1183 3.69402 7.49727 66.4242 950.687 15.5079 6.75853 10.9475 8.05314 64.1968 935.179
internal_count=2249657 2248040 1838371 1820936 5341 17435 1815595 409669 84378 15127 62097 61518 885252 325291
is_linear=0
shrinkage=0.05


Tree=321
num_leaves=15
num_cat=0
split_feature=33 29 33 22 16 4 16 16 22 1 4 3 31 31
split_gain=3.59959 5.56697 5.65351 3.79919 7.93087 3.52911 2.91872 2.90841 4.47741 4.26564 5.96208 4.55179 4.17382 4.11397
threshold=80.500000000000014 1.468139708042145 98.500000000000014 0.64355045557022106 3.6242519617080693 0.0015877783298492434 4.4716224670410165 3.5114340782165532 0.68421930074691784 71.500000000000014 0.0082857012748718279 0.12980490922927859 2.1470263004302983 1.9625280499458315
decision_type=10 8 10 10 8 8 10 10 8 10 10 8 8 8
left_child=7 2 -2 4 -4 -3 -5 -1 -9 12 11 -11 13 -10
right_child=1 5 3 6 -6 -7 -8 8 9 10 -12 -13 -14 -15
leaf_value=0.0019340447157782216 -0.060152252090593689 -0.063733608733776634 0.01311869599206069 0.01311869599206069 -0.034122680922424882 0.041843149291261511 0.051861253814282984 -0.012870838442251734 -0.00078123341924032008 -0.0070901785262579356 0.022718344188053897 0.057149643030698777 -0.0070901785262579356 0.029247223448906869
leaf_weight=432.89857224402328 3.326721098315196 0.83494953512809988 27.634889931414492 8.961447924359744 12.619079340174371 15.222096878274007 7.0734537453607969 104.3714923453108 254.25943444629939 17.200221109111677 38.894585360765298 2.841028567127295 98.585939569805532 11.941754236421557
leaf_count=162701 53831 2006 590423 8423 1146371 26222 3752 229151 13917 1765 5413 567 5088 375
internal_value=-0.000277269 0.0102222 0.00318399 0.00692722 -0.00127126 0.0363533 0.0275086 -0.00110404 -0.00359447 -0.00130952 0.0111715 -0.00709018 -0.00332599 0.00056584
internal_weight=1036.67 75.6726 59.6156 56.2889 40.254 16.057 16.0349 960.993 528.094 423.723 58.9358 20.0412 364.787 266.201
internal_count=2250005 1831028 1802800 1748969 1736794 28228 12175 418977 256276 27125 7745 2332 19380 14292
is_linear=0
shrinkage=0.05


Tree=322
num_leaves=15
num_cat=0
split_feature=2 18 4 25 3 17 30 16 23 3 17 30 31 31
split_gain=3.04738 4.69484 4.35801 2.62859 2.43706 6.05965 5.71221 5.55852 4.27208 4.93086 6.8215 3.38266 6.04672 6.22333
threshold=0.2466378137469292 0.036599317565560348 0.026768505573272709 11.500000000000002 0.1425086855888367 5.7021131515502939 -1.1505203843116758 6.3198683261871347 165.50000000000003 0.14977687597274783 6.3447585105896005 -1.2101065516471861 3.2919197082519536 3.5174729824066167
decision_type=8 10 10 10 8 10 10 10 8 10 10 10 8 8
left_child=1 -1 4 -2 5 -3 8 -8 9 10 -6 12 -11 -14
right_child=3 2 -4 -5 6 -7 7 -9 -10 11 -12 -13 13 -15
leaf_value=-0.061047686967710582 -0.0015600690430633691 0.036576823842696018 -0.049307915369588319 -0.094847988854349252 -0.080303002420619843 -0.037754110221903656 -0.050474660194212852 0.048157902507365846 0.058404263233574984 -0.0564349360579691 0.19139062066591567 0.067698243743427297 0.064473439630268414 0.004882800280999469
leaf_weight=2.3438050196188547 945.34572497833392 20.216730583043496 2.8995150854391758 0.75571642278964546 2.5149096101373725 3.172094397746231 6.864742213207399 1.8037562879980971 4.9261767783797685 3.1334071027104367 0.2543956127756245 2.7041930222517037 5.4899940400340812 21.696089590204281
leaf_count=75685 1137587 16594 551473 49 1587 6277 354141 3588 39013 25009 86 5457 7288 26321
internal_value=-0.00085135 0.00864648 0.010805 -0.00163458 0.0132 0.0264957 0.00690345 -0.029951 0.0147492 0.00874099 -0.0553445 0.0141151 0.009336 0.0169166
internal_weight=1024.12 78.0198 75.676 946.101 72.7765 23.3888 49.3877 8.6685 40.7192 35.793 2.76931 33.0237 30.3195 27.1861
internal_count=2250155 1112519 1036834 1137636 485361 22871 462490 357729 104761 65748 1673 64075 58618 33609
is_linear=0
shrinkage=0.05


Tree=323
num_leaves=15
num_cat=0
split_feature=9 1 3 11 4 0 29 27 30 23 30 1 18 4
split_gain=2.94273 3.69223 2.55904 3.97494 3.41758 2.29783 3.2693 4.25244 3.56942 6.23375 4.17445 3.1681 3.11539 3.01338
threshold=0.093861632049083724 5.5000000000000009 0.21397408843040469 inf 0.024898648262023929 0.70110279321670543 2.6978409290313725 2.1672358512878422 -0.50537174940109242 7.5000000000000009 -0.56017404794692982 4.5000000000000009 0.045490223914384849 0.0045059025287628183
decision_type=8 10 10 8 8 10 8 10 10 10 10 10 10 10
left_child=1 -1 5 -4 -5 -2 7 13 9 12 11 -11 -8 -7
right_child=2 -3 3 4 -6 6 8 -9 -10 10 -12 -13 -14 -15
leaf_value=0.091458790523587852 -0.0026546903261593538 -0.17647214147958862 -0.054747637829285926 0.039125179889042003 -0.055244395337117114 0.029650437681911224 0.035850486421426568 0.083574322049733377 -0.00022276713723979916 0.058367165963073488 0.090782413613282167 -0.00022276713723979916 0.003265087084600916 -0.00022276713723979916
leaf_weight=1.4486001491018419 602.38315346257548 0.1411080523549938 1.5285667490679868 10.954838472058698 1.0514742939466959 13.953010219699488 7.8641229518930222 2.2555195518814868 248.68656108246233 2.8279237412036764 3.6029157861630647 1.8775567857371696 109.03902392155032 16.717122522595727
leaf_count=23112 1202448 2879 591859 172881 222151 4913 147 580 11540 155 35 639 2327 14161
internal_value=-0.000298713 0.0676763 -0.000404371 0.0211924 0.0308606 -0.000694014 0.00220916 0.0173136 0.000879054 0.00843131 0.0502795 0.0192671 0.00545712 0.0124407
internal_weight=1024.33 1.58971 1022.74 13.5349 12.0063 1009.21 406.824 32.9257 373.898 125.212 8.3084 4.70548 116.903 30.6701
internal_count=2249827 25991 2223836 986891 395032 1236945 34497 19654 14843 3303 829 794 2474 19074
is_linear=0
shrinkage=0.05


Tree=324
num_leaves=15
num_cat=0
split_feature=21 2 0 17 33 33 2 2 17 23 9 13 17 16
split_gain=3.21918 2.7261 4.04055 3.41267 2.59229 5.55268 3.55494 4.44615 3.60684 2.4768 2.3616 2.29648 2.54068 4.39374
threshold=1.5000000000000002 0.28565400838851934 0.58226931095123302 6.3621623516082773 154.50000000000003 193.50000000000003 0.52029892802238475 0.57425943017005932 5.0205800533294687 1610.5000000000002 0.093861632049083724 0.97222220897674572 5.7914869785308847 3.5694335699081425
decision_type=10 8 8 8 10 10 8 8 10 10 8 10 10 8
left_child=1 3 -3 10 6 -6 -4 8 -8 -9 -1 12 -12 -14
right_child=-2 2 4 -5 5 -7 7 9 -10 -11 11 -13 13 -15
leaf_value=0.23198357633592814 -0.052446315625826107 -0.022197164514528994 -0.011196635775376614 -0.067951219353212231 0.056347952918279411 -0.011196635775376614 -0.011196635775376614 -0.00035089220219555598 0.038573031972098409 0.091420154680236884 0.01258483412975903 0.082288527611906109 -0.06570861422851848 0.0041839925557682059
leaf_weight=0.11968273459978214 2.9258320955002537 21.355640084514096 26.462527983530123 1.4269086980977892 5.7222012201207777 1.9138253604401727 1.3411774250635033 866.51103822272921 12.320475395728478 0.73584807079214343 68.400806326628938 1.0758701657620395 2.908229197442906 9.9137952240820635
leaf_count=19962 6561 360119 39989 66136 69560 238230 3892 381747 11212 4154 857797 1825 48176 141265
internal_value=-7.46635e-05 7.5532e-05 -0.000697886 0.00871286 -0.000196107 0.0288146 -0.000440248 0.000172812 0.0284747 -0.000273026 0.0100401 0.00971738 0.00875611 -0.0116687
internal_weight=1023.13 1020.21 936.363 83.8453 915.007 7.63603 907.371 880.909 13.6617 867.247 82.4184 82.2987 81.2228 12.822
internal_count=2250625 2244064 1108903 1135161 748784 307790 440994 401005 15104 385901 1069025 1049063 1047238 189441
is_linear=0
shrinkage=0.05


Tree=325
num_leaves=15
num_cat=0
split_feature=33 33 4 8 22 33 33 3 23 31 13 1 1 9
split_gain=2.78374 3.22729 4.31698 5.96809 4.48172 3.63185 3.02525 4.5107 2.91986 5.69812 4.14309 3.0294 3.1075 2.38407
threshold=172.50000000000003 107.50000000000001 0.0012231767177581789 17.500000000000004 0.64971026778221141 103.50000000000001 176.50000000000003 0.12431648373603822 526.50000000000011 -3.094423651695251 0.1702898591756821 9.5000000000000018 10.500000000000002 0.61588251590728771
decision_type=10 10 8 8 10 10 10 10 10 8 8 8 8 8
left_child=1 5 4 -4 -3 8 7 -2 9 11 -10 -1 -13 -8
right_child=6 2 3 -5 -6 -7 13 -9 10 -11 -12 12 -14 -15
leaf_value=-0.061353684270235222 0.095855899967424038 -0.05951188495676836 0.052721808378572314 -0.049932207448936061 0.064000176605801026 0.046446187079191167 -0.045430049997576355 -0.058710494782035133 0.082169577390879822 -0.00070900469231868258 -0.03305878932939256 0.21426843210461302 -0.019702705543746462 0.012728281937625244
leaf_weight=5.4663793756435624 2.2319086128414476 1.0575682475105992 1.6244564294185391 11.026773512384118 2.4039216097798999 4.0760384130221601 1.879168308082154 0.59860850833094348 2.3834995660181493 959.20383573353104 1.1596237029999605 0.20351329201619694 0.46886355145732406 28.290556617243787
leaf_count=8163 3757 11037 2598 269496 272 17459 676276 13665 9262 461027 35698 647 4006 736398
internal_value=-0.000542797 -0.00101943 -0.0232135 -0.0367511 0.0262643 -0.000651888 0.0137428 0.0631676 -0.000850027 -0.00101632 0.0444567 -0.049035 0.0511151 0.0091058
internal_weight=1022.07 989.074 16.1127 12.6512 3.46149 972.962 33.0002 2.83052 968.886 965.343 3.54312 6.13876 0.672377 30.1697
internal_count=2249761 819665 283403 272094 11309 536262 1430096 17422 518803 473843 44960 12816 4653 1412674
is_linear=0
shrinkage=0.05


Tree=326
num_leaves=15
num_cat=0
split_feature=33 29 30 29 15 22 24 31 24 26 4 4 32 30
split_gain=4.24445 5.21439 6.0842 5.04882 3.2118 4.87732 4.04652 3.8739 3.42166 3.22405 3.03401 3.01165 4.92864 2.81044
threshold=80.500000000000014 1.468139708042145 -0.21482259035110471 1.3934499025344851 1.0000000180025095e-35 0.53570041060447704 1.0745273232460024 3.5174729824066167 0.71413999795913707 0.19523809850215915 0.0015877783298492434 0.0068686306476593026 3.6762205362319951 -0.72227743268012989
decision_type=10 10 10 10 8 10 8 8 8 10 8 10 10 10
left_child=13 2 3 4 6 -6 9 -8 -7 -2 -3 -12 -13 -1
right_child=1 10 -4 -5 5 8 7 -9 -10 -11 11 12 -14 -15
leaf_value=0.0026465035104654517 -0.052609773919829399 -0.061220500141095091 -0.042049261169792101 -0.058220704164174346 -0.045652813387615891 0.054430910570811092 0.071043296082635626 -0.015018983583194152 0.0068679950843178114 0.056145653888648311 0.057855492349022208 0.045343611884026608 -0.05555315111352789 -0.0029343193882700944
leaf_weight=368.01009966160154 1.8875571929639632 0.75344771478211692 6.2282374656264627 2.5601672968898859 3.9684867010678522 4.3323491720754932 6.8515615469078668 1.6159528953665629 29.7279874510048 1.0664892160214587 9.9755198066835415 3.6193463771502552 1.8184770695790602 582.91475376224616
leaf_count=133479 89252 2027 1073021 12206 454437 30172 6246 3850 129237 5181 5603 3916 16594 285210
internal_value=0.000125339 0.0116259 0.00465201 0.0102445 0.0137891 0.0068057 0.0370407 0.054619 0.0129178 -0.0133462 0.0367484 0.0415374 0.0116025 -0.000774528
internal_weight=1025.33 74.4056 58.2388 52.0106 49.4504 38.0288 11.4216 8.46751 34.0603 2.95405 16.1668 15.4133 5.43782 950.925
internal_count=2250431 1831742 1803602 730581 718375 613846 104529 10096 159409 94433 28140 26113 20510 418689
is_linear=0
shrinkage=0.05


Tree=327
num_leaves=15
num_cat=0
split_feature=33 29 1 23 3 16 1 18 3 18 18 33 18 23
split_gain=3.40187 3.95184 4.87519 9.42019 6.47202 6.17281 5.80827 4.3251 7.13367 6.15077 5.10002 7.57629 4.9891 4.80418
threshold=20.500000000000004 3.4348374605178837 104.50000000000001 11.500000000000002 0.070694327354431166 4.7664294242858896 98.500000000000014 0.38183735311031347 0.067805409431457533 0.66697305440902721 0.079216636717319502 2.5000000000000004 0.6786208748817445 209.50000000000003
decision_type=10 10 10 8 10 10 10 8 8 8 8 8 8 8
left_child=1 2 6 4 -4 -6 7 10 9 -9 11 -1 -11 -12
right_child=-2 -3 3 -5 5 -7 -8 8 -10 12 13 -13 -14 -15
leaf_value=-0.041559920177107239 0.005732685926106533 0.0022152110968348326 -0.08269191255422674 -0.07144048347911873 0.020413629130104555 -0.057814332587157395 -0.082604830345889849 0.03089276747758727 -0.017733908021782058 -0.10516414366261456 -0.011801328705971281 0.0090136369967446488 0.00069439026627333544 -0.064229141117386104
leaf_weight=8.4482163325443818 213.32477587564847 397.10427787983701 1.693822695329138 3.4637080951708219 51.285947486385787 2.6521393880926132 2.5179805785090243 27.919607429248963 23.695871113395171 1.1857978963111033 213.53183523156747 59.994821480208067 18.139987431451651 4.46082594560903
leaf_count=179 2094014 17763 83 17962 3873 646 1501 3214 34424 65 44147 14548 2999 15522
internal_value=0.000110799 -0.00135875 -0.00474601 0.00856385 0.013545 0.0165672 -0.00693153 -0.00639835 0.00465436 0.0158832 -0.00913577 0.00277113 -0.00580091 -0.0128742
internal_weight=1029.42 816.095 418.991 59.0956 55.6319 53.9381 359.895 357.377 70.9413 47.2454 286.436 68.443 19.3258 217.993
internal_count=2250940 156926 139163 22564 4602 4519 116599 115098 40702 6278 74396 14727 3064 59669
is_linear=0
shrinkage=0.05


Tree=328
num_leaves=15
num_cat=0
split_feature=23 17 16 22 0 31 23 31 1 18 2 8 18 16
split_gain=2.58959 4.09918 6.35467 4.25847 3.3594 7.64956 3.56644 4.54951 3.61906 4.42177 3.2819 3.50038 3.28802 3.26897
threshold=103.50000000000001 5.5471267700195321 5.6039605140686044 0.58352768421173107 0.68972954154014599 -1.0000000180025095e-35 23.500000000000004 -0.7080242633819579 36.500000000000007 0.21241230517625811 1.8220039606094363 88.500000000000014 0.41483098268508917 2.2499048709869389
decision_type=10 10 10 10 8 8 10 10 8 10 10 10 10 10
left_child=4 3 -3 13 5 10 -6 -8 9 -9 11 -1 -12 -2
right_child=1 2 -4 -5 6 -7 7 8 -10 -11 12 -13 -14 -15
leaf_value=-0.047065298259915178 0.030350027428624107 -0.035585423877274598 0.050635831494814612 0.051102261170571039 0.0011703896931383267 -0.0015560312190765584 -0.00033867020268108384 0.056979479043647863 0.0097513618123709622 -0.00033867020268108384 -0.00033867020268108384 -0.00033867020268108384 -0.082410169697608282 -0.0036861923466568582
leaf_weight=17.895212324788378 5.1534090269447494 8.1774784526496873 2.8930233700414307 9.0625928470861599 447.95474122313624 446.5669248389583 23.233026916702311 12.886917441741916 12.932949365399084 1.5915653218059151 11.246691637555402 2.4425302598139593 1.2893041606733309 14.278150672996455
leaf_count=67034 106058 503884 40329 22152 18317 394004 8779 955 11245 833 2591 9659 1451 1062633
internal_value=0.000226051 0.0127667 -0.0130535 0.0227983 -0.000281257 -0.0032696 0.00259226 0.0151688 0.0289741 0.0461448 -0.0265473 -0.0389505 -0.00642487 0.00959779
internal_weight=1017.6 39.5647 11.0705 28.4942 978.04 479.441 498.599 50.6445 27.4114 14.4785 32.8737 20.3377 12.536 19.4316
internal_count=2249924 1735056 544213 1190843 514868 474739 40129 21812 13033 1788 80735 76693 4042 1168691
is_linear=0
shrinkage=0.05


Tree=329
num_leaves=15
num_cat=0
split_feature=33 32 33 3 3 18 11 3 11 33 32 1 26 33
split_gain=2.55866 4.47186 4.1575 4.49635 2.98794 5.07279 4.68766 3.33185 4.23 3.62102 2.92791 2.66055 2.39963 3.06389
threshold=172.50000000000003 4.5379471778869638 176.50000000000003 0.12431648373603822 0.18408051133155826 0.10717424005270006 1.0000000180025095e-35 0.18783307075500491 0.52500000596046459 193.50000000000003 4.4829866886138925 144.50000000000003 0.097619049251079573 54.500000000000007
decision_type=10 10 10 10 8 8 8 8 8 10 10 10 10 10
left_child=1 10 3 -2 5 6 -4 9 -9 -6 12 -7 -1 -14
right_child=2 -3 4 -5 7 11 -8 8 -10 -11 -12 -13 13 -15
leaf_value=-0.0015456679389234942 0.095941693151207472 -0.038443461910636412 0.046834885392176909 -0.059486433888403495 0.2130131422675392 -0.055212969872817964 -0.055970207587199831 -0.053890632883099081 0.024512393974398708 0.038000485786089222 0.046320001083251683 0.027897810905638872 0.0062714354913652737 -0.042436555560218636
leaf_weight=825.2235485159656 2.5920191111675881 7.7502193156182093 4.6531456673315894 0.56711476435049135 0.44887772936938874 5.5153396389524509 1.455732148699864 1.958359088014695 14.154514107580612 0.86524995777625036 3.3543593997997041 1.1666158698376312 151.69691582677578 3.2988007024262336
leaf_count=500597 3805 228915 32025 13680 1664 218563 25950 605006 425555 17346 18502 86572 40530 31250
internal_value=-0.000153584 -0.000612035 0.0134628 0.0680399 0.00775702 -0.0105951 0.0223367 0.0212269 0.0149833 0.097781 -0.000313937 -0.0407025 -0.00047352 0.00523477
internal_weight=1024.7 991.324 33.377 3.15913 30.2178 12.7908 6.10888 17.427 16.1129 1.31413 983.574 6.68196 980.219 154.996
internal_count=2249960 819794 1430166 17485 1412681 363110 57975 1049571 1030561 19010 590879 305135 572377 71780
is_linear=0
shrinkage=0.05


Tree=330
num_leaves=15
num_cat=0
split_feature=32 1 0 22 11 30 3 23 13 22 28 23 18 2
split_gain=3.18718 4.53614 4.71377 3.50856 6.5175 3.5046 3.7726 4.55417 3.18614 2.66705 3.07119 2.67794 3.0459 2.86065
threshold=1.0000000180025095e-35 259.50000000000006 0.65789982676506054 0.64971026778221141 0.26136364042758947 -1.0950336456298826 0.29131673276424414 2.5000000000000004 0.97222220897674572 0.60673630237579357 3.5000000000000004 7.5000000000000009 0.093572616577148451 2.0754336118698125
decision_type=8 10 8 8 8 8 8 8 10 8 8 8 10 8
left_child=3 5 -3 4 -1 6 8 -8 9 -2 11 13 -13 -11
right_child=1 2 -4 -5 -6 -7 7 -9 -10 10 -12 12 -14 -15
leaf_value=-0.017596933573428709 -0.013159977110437785 -0.064780921306987302 0.073105716608802787 -0.003484330642055616 -0.094566731196728107 0.00049015095441557919 0.032289215603088048 -0.073316923413482712 0.085477764157199709 0.0028101977577012407 0.043547446842892246 -0.0001821705269359042 0.029326312180689304 0.064856362213785837
leaf_weight=8.3873657211849739 10.892540965207484 4.3843431063061287 0.72186828958409766 246.42873158397893 3.1377567511166271 635.17635209521666 1.5883495616484444 2.8573819951551482 1.4309981884314158 64.298460476752581 7.5528395609950243 6.6653209370121358 27.871188322470591 1.912966022956424
leaf_count=473 118285 48235 415 5198 494 1935480 70 100715 129 6011 1232 6550 26159 78
internal_value=6.11059e-05 0.00168109 -0.0452878 -0.0047454 -0.0317095 0.00199656 0.00964693 -0.0355865 0.0113141 0.0104237 0.0127956 0.0104902 0.0217773 0.00460282
internal_weight=1023.31 765.353 5.10621 257.954 11.5251 760.246 125.07 4.44573 120.624 119.193 108.301 100.748 34.5365 66.2114
internal_count=2249524 2243359 48650 6165 967 2194709 259229 100785 158444 158315 40030 38798 32709 6089
is_linear=0
shrinkage=0.05


Tree=331
num_leaves=15
num_cat=0
split_feature=2 17 3 17 30 29 29 17 17 4 9 29 18 30
split_gain=3.30444 3.36642 3.16736 5.75912 4.48693 6.33532 4.84788 3.98082 3.98613 3.50953 3.63662 3.20902 3.03841 2.99733
threshold=0.27231040596961981 6.3621623516082773 0.1425086855888367 5.7021131515502939 -2.2323697805404659 1.8320240378379824 1.7343788146972658 5.7349567413330087 4.7229433059692392 0.0039499104022979745 0.093861632049083724 1.6063348650932314 0.39551039040088659 -0.99640655517578114
decision_type=8 8 8 8 10 10 10 10 10 10 8 10 8 10
left_child=1 2 3 -1 9 6 11 8 -8 10 -4 12 13 -6
right_child=-2 -3 4 -5 5 -7 7 -9 -10 -11 -12 -13 -14 -15
leaf_value=0.033975262564718278 -0.0010731085268073852 -0.071870605234897481 0.20171030044628788 -0.036862020082382672 0.011420789655823453 -0.080473653114331439 0.068170102192843793 0.080093284448079671 -0.092065530018689473 0.039839739133157276 -0.052711572999320069 -0.071586952458339251 -0.03842527420310838 -0.036389087912921864
leaf_weight=22.764638152072543 948.65857779824591 1.2521207191368962 0.15235682986585053 3.2830777552424939 22.235079311538552 2.571249893484981 0.7263420348616545 3.1742835907467182 0.83352713247176169 11.225751542545723 1.7975456013704569 1.7735256633735499 4.9313692083657825 3.8451335666589612
leaf_count=19440 1120869 65785 3 6461 158266 1798 278 241 637 45289 5366 2507 442512 381302
internal_value=-0.000247479 0.00947424 0.0107584 0.0250469 0.00377123 -0.00454802 0.00065527 0.0479525 -0.0174529 0.0290848 -0.0328322 -0.00617443 -0.00243354 0.00437195
internal_weight=1029.22 80.566 79.3139 26.0477 53.2662 40.0905 37.5193 4.73415 1.55987 13.1757 1.9499 32.7851 31.0116 26.0802
internal_count=2250754 1129885 1064100 25901 1038199 987541 985743 1156 915 50658 5369 984587 982080 539568
is_linear=0
shrinkage=0.05


Tree=332
num_leaves=15
num_cat=0
split_feature=29 28 30 1 1 1 16 1 1 30 1 1 1 30
split_gain=3.75073 3.07144 3.1814 2.92132 3.20972 3.68392 3.39376 3.07625 2.82446 2.81848 2.62701 3.26229 4.73115 5.15231
threshold=1.9445817470550539 3.5000000000000004 0.46297782659530645 259.50000000000006 231.50000000000003 201.50000000000003 3.979637980461121 199.50000000000003 180.50000000000003 0.3294574916362763 287.50000000000006 169.50000000000003 149.50000000000003 -0.73438644409179676
decision_type=8 10 10 10 10 10 8 10 10 10 10 10 10 8
left_child=3 10 9 4 5 7 -6 8 -1 -3 11 12 -2 -14
right_child=1 2 -4 -5 6 -7 -8 -9 -10 -11 -12 -13 13 -15
leaf_value=0.0088615945078111946 -0.0016811452633261948 0.012620540655567983 -0.039459624769705715 -0.054051749530017124 0.069483010268279646 -0.050439319031721636 -0.052892909311327896 0.092181124149760318 -0.054816989624300642 0.062486978546012518 0.043649407339264985 -0.018585944434455767 0.040437893392372443 -0.070183803264496719
leaf_weight=120.56758104466023 819.6318802932949 31.452011173111693 2.677601198781324 1.8698944683026457 3.7282754406664287 2.6917883500086495 0.6680542759888296 1.093444414011741 1.7668802189046449 3.114163137839113 3.1929700719788334 27.961702335460927 10.946074678239521 1.1645842097387511
leaf_count=1826722 217585 2441 445 45677 18701 45026 15037 3817 52172 138 923 15228 2023 3740
internal_value=0.000143116 -0.00101258 0.0130459 0.00800111 0.00889014 0.00742619 0.0508871 0.00868816 0.00794188 0.0171131 -0.00161936 -0.00178749 -0.00122276 0.0298003
internal_weight=1032.53 900.141 37.2438 132.386 130.516 126.12 4.39633 123.428 122.334 34.5662 862.897 859.704 831.743 12.1107
internal_count=2249675 242523 3024 2007152 1961475 1927737 33738 1882711 1878894 2579 239499 238576 223348 5763
is_linear=0
shrinkage=0.05


Tree=333
num_leaves=15
num_cat=0
split_feature=33 29 29 30 0 15 30 17 13 23 4 4 32 18
split_gain=2.48838 6.33989 4.22134 3.48841 3.76985 4.09356 3.93448 3.26934 4.19446 2.75014 2.68462 2.71092 4.64989 2.65623
threshold=80.500000000000014 1.468139708042145 1.3934499025344851 -0.21482259035110471 0.55053758621215831 1.0000000180025095e-35 -0.30696405470371241 4.9870197772979745 inf 66.500000000000014 0.0015877783298492434 0.0068686306476593026 3.6762205362319951 2.4379280805587773
decision_type=10 10 10 8 10 8 8 10 8 10 8 10 10 10
left_child=13 2 3 4 7 9 -7 8 -2 -6 -3 -12 -13 -1
right_child=1 10 -4 -5 5 6 -8 -9 -10 -11 11 12 -14 -15
leaf_value=-0.00018822498793950591 0.007987220588663824 -0.059489316829242522 -0.056269792607845107 -0.032466049752305264 0.069690578708075615 0.007987220588663824 0.068564315577419516 0.0068549731885564087 -0.060048242060816964 0.007987220588663824 0.05505218849244873 0.043041863375415393 -0.055467245576897799 -0.04259322400268907
leaf_weight=944.94646205579363 2.1484936867849944 0.70387300127934738 3.0255811578040044 5.7265852609613495 5.7943962944284406 15.836581690791903 2.6957239051029669 15.513879328138506 4.9881746419892359 1.1642130358750939 10.622845968484755 3.7911946190842123 1.7512925496290979 3.7074242437209923
leaf_count=412297 43666 2046 30459 1054258 3798 103512 12866 318454 215761 20568 5632 3956 16727 6340
internal_value=0.00033388 0.00917993 0.00119801 0.00442578 0.00881418 0.0220034 0.00972549 -0.00602896 -0.0340364 0.0547022 0.0361 0.0402622 0.0119154 -0.000353948
internal_weight=1022.42 73.7628 56.8936 53.868 48.1415 25.4909 18.5323 22.6505 7.13667 6.95861 16.8692 16.1653 5.54249 948.654
internal_count=2250340 1831703 1803342 1772883 718625 140744 116378 577881 259427 24366 28361 26315 20683 418637
is_linear=0
shrinkage=0.05


Tree=334
num_leaves=15
num_cat=0
split_feature=3 31 3 30 3 33 33 17 4 30 32 23 16 2
split_gain=3.84005 5.10945 7.55514 5.45698 4.57861 3.71431 4.63695 4.13214 3.49997 4.474 3.2328 3.19557 3.00054 4.94654
threshold=0.087295621633529677 3.1571155786514287 0.079801529645919814 -0.72227743268012989 0.07760676741600038 78.500000000000014 48.500000000000007 5.4445774555206308 0.045745790004730232 -1.188952565193176 4.5379471778869638 103.50000000000001 3.5972183942794804 1.1025925278663637
decision_type=10 10 10 10 10 10 10 8 10 8 8 8 10 8
left_child=1 5 3 4 12 6 -1 10 11 -10 -7 -2 -3 -14
right_child=8 2 -4 -5 -6 7 -8 -9 9 -11 -12 -13 13 -15
leaf_value=-0.0007907850099374311 0.0041020476917394298 -0.007153962809128514 0.01635108118215629 -0.14403821987633322 -0.1018460604758392 0.058360280298914539 -0.055749941982131249 -0.027513467644599051 0.020254568424542922 -0.040848551571826236 -0.052416539062889456 0.01964406311162456 -0.0086820568132609053 -0.073967466631251019
leaf_weight=659.57331684646476 265.94516069007199 14.05052949596948 10.870018118359665 1.0580235887319336 1.9671534182625681 6.854891743974207 3.8603466239181889 2.4038432290543756 4.5347538324415941 8.827326978539757 0.72860099859520833 37.770044940635103 5.7703798481034001 5.8356253290467999
leaf_count=73841 223115 1409 217 17 37 25501 20423 52687 85208 744360 32905 988300 111 1782
internal_value=0.000355133 -0.00168076 -0.0191463 -0.0325993 -0.0283311 -0.000654969 -0.00111058 0.02961 0.004933 -0.0201117 0.0477172 0.00603485 -0.0226945 -0.0415083
internal_weight=1030.05 712.973 39.5517 28.6817 27.6237 673.421 663.434 9.98734 317.077 13.3621 7.58349 303.715 25.6565 11.606
internal_count=2249913 208930 3573 3356 3339 205357 94264 111093 2040983 829568 58406 1211415 3302 1893
is_linear=0
shrinkage=0.05


Tree=335
num_leaves=15
num_cat=0
split_feature=33 32 31 26 24 16 18 18 30 18 29 12 11 13
split_gain=4.11537 5.24159 5.53638 5.06983 4.05234 4.83014 5.26759 5.46551 7.15471 3.58658 3.21065 2.84296 4.13345 4.55053
threshold=2.5000000000000004 1.7005987167358401 1.9269295334815981 0.39565217494964605 2.3125263452529912 2.9174053668975835 0.089951056987047209 0.24366284906864169 -0.72227743268012989 0.031605953350663192 4.0631101131439218 0.13270440697669986 inf 0.22401433438062671
decision_type=8 10 10 10 10 8 8 8 10 8 10 10 8 8
left_child=1 2 9 -3 5 -4 -7 -8 -9 -1 -6 -2 13 -13
right_child=11 3 4 -5 10 6 7 8 -10 -11 -12 12 -14 -15
leaf_value=-0.050837575163031758 0.0015014185800000996 -0.094973762193060751 0.014064544233486792 0.051700137387567839 0.010150268695835877 -0.096475248810739753 -0.0064253212695688485 -0.026312934701882385 -0.11366816813733148 -0.00044259615378149672 -0.026304027577591416 0.042580725548057953 0.030509929784875607 -0.060999783076914921
leaf_weight=3.5771860431565434 674.64785889887264 2.8545007141408401 4.9966773141484309 0.74237358999107517 15.824333055432021 3.5205856761706427 11.259350545670943 6.7152957342250996 3.6008684116559309 270.97703488101689 9.7685198659983143 1.678409803987148 17.792446052921647 2.8794453615538256
leaf_count=90 2205559 233 63 10 249 45 128 104 61 7601 151 3945 16337 15454
internal_value=-0.000103765 -0.00466864 -0.00401478 -0.0647011 -0.0183899 -0.0308287 -0.039767 -0.0305137 -0.0568044 -0.0010992 -0.00376395 0.00208264 0.019627 -0.0228567
internal_weight=1030.83 333.837 330.24 3.59687 55.6856 30.0928 25.0961 21.5755 10.3162 274.554 25.5929 696.998 22.3503 4.55786
internal_count=2250030 8735 8492 243 801 401 338 293 165 7691 400 2241295 35736 19399
is_linear=0
shrinkage=0.05


Tree=336
num_leaves=15
num_cat=0
split_feature=33 22 18 24 18 18 31 14 18 18 4 30 17 31
split_gain=2.65042 6.66757 4.14445 4.09098 3.91686 4.55204 3.54207 4.49713 3.6177 4.8192 3.34369 2.79199 5.03388 3.32014
threshold=2.5000000000000004 0.67294281721115123 0.47323265671730047 1.3687688708305361 0.088260263204574599 0.061242876574397094 3.1571155786514287 inf 0.15504550933837893 0.064969953149557128 0.056913852691650398 -0.15292856097221372 5.6542406082153329 -0.62621226906776417
decision_type=8 8 8 8 10 10 8 8 8 10 10 10 10 10
left_child=1 2 4 -3 5 -1 7 8 9 -5 -2 13 -13 -11
right_child=10 3 -4 6 -6 -7 -8 -9 -10 11 -12 12 -14 -15
leaf_value=-0.015079354230352261 0.0013618642495925883 0.0441012943598178 -0.078673071050244112 -0.015079354230352261 -0.015079354230352261 -0.095088735384364159 -0.015079354230352261 -0.015079354230352261 -0.0034669714104153199 0.055338768442661168 -0.048884061428748321 0.019778157452647299 -0.015079354230352261 0.016356079973073236
leaf_weight=3.3824739909837893 684.83279474787014 4.6978178754820021 3.5123872026028797 14.692059628105083 17.058447045977601 3.4168760320804097 16.242113857507718 27.100170848569178 168.40416478346799 6.2957896927837274 3.3271291112484951 15.104754192599104 8.6127227532906527 41.243711462251895
leaf_count=169 1548278 48 451 359 1186 133 196 1106 3731 44 693793 260 185 855
internal_value=-0.000647212 -0.00433286 -0.0279648 -0.00219388 -0.0204995 -0.0543635 -0.00292445 -0.0013779 0.000793052 0.00913992 0.00111893 0.014528 0.000515759 0.0215187
internal_weight=1017.92 329.763 27.3702 302.393 23.8578 6.79935 297.695 281.453 254.353 85.949 688.16 71.257 23.7175 47.5395
internal_count=2250794 8723 1939 6784 1488 302 6736 6540 5434 1703 2242071 1344 445 899
is_linear=0
shrinkage=0.05


Tree=337
num_leaves=15
num_cat=0
split_feature=29 29 2 3 3 3 23 29 29 1 1 1 16 22
split_gain=2.76169 6.22256 4.71071 5.65688 3.69141 6.38386 6.32302 5.38395 3.75169 3.39024 4.36412 4.64449 4.18645 3.34629
threshold=2.1270071268081669 2.1724883317947392 1.24817830324173 0.07760676741600038 0.089101433753967299 0.093985766172409071 32.500000000000007 1.9784457087516787 1.6894009709358218 259.50000000000006 231.50000000000003 201.50000000000003 3.979637980461121 0.53069600462913524
decision_type=8 8 10 8 8 8 10 10 10 10 10 10 8 8
left_child=2 -2 3 -1 6 -6 -5 8 -8 10 11 13 -12 -7
right_child=1 -3 -4 4 5 9 7 -9 -10 -11 12 -13 -14 -15
leaf_value=-0.046521020454436429 -0.056165573349522539 -0.00079296132127779995 0.044753764067654286 -0.06772755869081816 -0.064917040678281482 -0.025280900892444769 0.039259722175984141 0.090772586484571316 -0.055098962902999163 -0.056998685308434008 0.064178780751163941 -0.059108799216325239 -0.056135118400664909 0.0079121799268501002
leaf_weight=5.332141163603727 5.103754224547421 859.66978466246485 7.4632132481091267 1.3528512536001294 3.3114866572601378 8.1122629126480152 4.2243153727910059 4.1545701048530859 1.4033911549129916 2.1473691004323703 5.2625202824849993 2.8183558459486155 0.83818540672090946 118.60349107977987
leaf_count=46079 9112 190213 43415 1573 19939 1420542 30898 1448 4178 45670 18672 44692 14986 358781
internal_value=1.13464e-05 -0.00111976 0.00593867 0.00410011 0.00587323 0.00368591 0.0335888 0.0476005 0.0157293 0.00533473 0.00632159 0.0043752 0.0476487 0.00578718
internal_weight=1029.8 864.774 165.024 157.561 152.229 141.094 11.1351 9.78228 5.62771 137.782 135.635 129.534 6.10071 126.716
internal_count=2250198 199325 2050873 2007458 1961379 1923282 38097 36524 35076 1903343 1857673 1824015 33658 1779323
is_linear=0
shrinkage=0.05


Tree=338
num_leaves=15
num_cat=0
split_feature=33 33 4 0 31 13 33 17 23 16 0 25 33 28
split_gain=4.11812 5.05655 2.86981 2.68702 2.86284 2.49053 5.0744 2.78968 7.09116 4.63035 3.68315 5.43522 2.61895 2.58862
threshold=80.500000000000014 82.500000000000014 0.027719676494598392 0.70960751175880443 -1.2823640704154966 0.1234756112098694 91.500000000000014 5.2704288959503183 35.500000000000007 6.3198683261871347 0.55053758621215831 1.5000000000000002 178.50000000000003 1.5000000000000002
decision_type=10 10 10 10 10 10 10 8 10 10 8 8 8 10
left_child=-1 -2 3 4 -3 6 -6 10 13 -10 11 12 -8 -9
right_child=1 2 -4 -5 5 -7 7 8 9 -11 -12 -13 -14 -15
leaf_value=-0.00053257557241222274 0.055064672383114438 -0.05133416743298759 -0.050836317619081577 0.072802581728486554 -0.048538181404327946 0.037825543977406284 -0.061664223024022469 0.034955499205276283 -0.037460151957607282 0.040360363310222462 0.034490347981462367 -0.058135694775618675 0.0162522182660109 -0.066316675189766736
leaf_weight=952.4588471606437 6.1335054510610965 1.978139294185367 2.0313695852497906 1.6347165708175868 3.9303925092934824 7.03053687510912 1.0961579902448653 9.934296445683005 11.881338336161287 1.8802615873634874 18.276657496567861 3.1250844330834573 6.9167062423520935 0.67379525040023835
leaf_count=418401 8739 216214 933624 2322 14046 39245 15128 11927 302166 2121 86406 73748 123295 1502
internal_value=0.000364003 0.0115235 0.00772942 0.00946979 0.00791814 0.00972846 0.0063058 0.0103136 -0.0021969 -0.0258772 0.0206785 -0.00198591 0.0162522 0.028523
internal_weight=1028.98 76.523 70.3895 68.3581 66.7234 64.7452 57.7147 53.7843 24.3697 13.7616 29.4146 11.1379 8.01286 10.6081
internal_count=2248884 1830483 1821744 888120 885798 669584 630339 616293 317716 304287 298577 212171 138423 13429
is_linear=0
shrinkage=0.05


Tree=339
num_leaves=15
num_cat=0
split_feature=21 33 30 4 33 30 16 3 22 29 0 30 16 16
split_gain=2.72027 2.61891 5.45782 4.52875 3.85605 4.31062 5.8144 4.28775 3.74175 3.89074 2.91931 2.95189 2.76801 5.55339
threshold=1.5000000000000002 80.500000000000014 -1.5322763323783872 0.010367244482040407 82.500000000000014 -0.93614223599433888 3.6762205362319951 0.14770534634590152 0.68421930074691784 0.85134559869766246 0.55053758621215831 -1.2328234910964964 3.2769666910171513 2.2499048709869389
decision_type=10 10 8 10 10 8 8 8 10 10 8 8 10 8
left_child=1 -1 8 4 -4 10 7 12 -3 -10 11 -6 13 -7
right_child=-2 2 3 -5 5 6 -8 -9 9 -11 -12 -13 -14 -15
leaf_value=0.00012038268070798599 -0.049743328507073324 -0.056653524070311281 0.066146549373264349 -0.005189831809543086 -0.037772060362381413 0.04912757305567278 -0.04553081263975161 -0.05302628710937915 0.045966660487990439 -0.024394687925673432 0.045100965365658649 0.025646468967586357 0.0570046898086492 -0.053594206513100144
leaf_weight=953.06631395053432 2.6669811458887116 4.8001277478958944 4.8025353052397852 19.248380724304667 2.4908775919536188 3.1076006180551889 4.999403216934005 1.7933365202972051 2.8529390505154737 1.3726258469062385 15.629273530155162 4.4801232452223827 5.1077456954021931 2.2818970489568224
leaf_count=417774 6555 96544 2342 1251993 17405 4636 276261 84403 672 1179 15938 22777 23264 28660
internal_value=0.000688253 0.000819341 0.00994887 0.0150866 0.0238192 0.0187233 -6.84208e-05 0.0184242 -0.0264482 0.00786415 0.0330996 0.00619197 0.0306307 0.00563548
internal_weight=1028.7 1026.03 72.9669 63.9412 44.6928 39.8903 17.29 12.2906 9.02569 4.22556 22.6003 6.971 10.4972 5.3895
internal_count=2250403 2243848 1826074 1727679 475686 473344 417224 140963 98395 1851 56120 40182 56560 33296
is_linear=0
shrinkage=0.05


Tree=340
num_leaves=15
num_cat=0
split_feature=33 29 29 30 22 4 18 30 8 8 7 18 4 30
split_gain=3.39458 4.50859 4.21694 4.46628 4.32187 3.91038 2.8592 2.84324 2.58971 4.51891 4.1144 2.98708 3.86213 3.93054
threshold=80.500000000000014 1.468139708042145 1.3934499025344851 -1.5322763323783872 0.55096912384033214 0.0015877783298492434 3.7788928747177128 -2.2323697805404659 137.50000000000003 119.50000000000001 29.104444503784183 1.4246535897254946 0.027719676494598392 -0.26537504792213434
decision_type=10 10 10 8 8 10 10 8 10 10 10 10 8 8
left_child=6 2 3 7 -5 -3 8 -2 9 -1 -11 12 13 -10
right_child=1 5 -4 4 -6 -7 -8 -9 11 10 -12 -13 -14 -15
leaf_value=-0.0012614108251214004 0.0066981938148721601 -0.060560445552865244 -0.056687773501958472 -0.018747488630081771 0.019605692245991822 0.038762802316601667 -0.080079848160821421 -0.056254729119439711 0.035044694040609593 -0.061774239612890462 0.025971236221537131 0.08708567934546925 -0.0381083852634235 -0.0099713284589069417
leaf_weight=921.9568631593155 3.0857323314160734 1.056965504249926 2.7993123278883933 9.1570358763049615 37.124846761729273 15.869051048929085 1.1484099928317153 4.2831857260553097 13.300658269052969 5.5625710925430969 1.7582553781300845 1.3433145295645399 3.5004368178569427 7.6311997465197008
leaf_count=394479 17112 2761 30523 1489814 184682 25611 2591 81049 1290 4450 878 1049 7855 5828
internal_value=-0.000437986 0.00992609 0.0031394 0.00626097 0.0120174 0.0325604 -0.00123329 -0.0298932 -0.00113849 -0.00157211 -0.0407003 0.0144948 0.0105037 0.018633
internal_weight=1029.58 73.3761 56.4501 53.6508 46.2819 16.926 956.202 7.36892 955.053 929.278 7.32083 25.7756 24.4323 20.9319
internal_count=2249972 1831552 1803180 1772657 1674496 28372 418420 98161 415829 399807 5328 16022 14973 7118
is_linear=0
shrinkage=0.05


Tree=341
num_leaves=15
num_cat=0
split_feature=33 4 16 0 17 3 3 3 18 2 16 1 22 1
split_gain=3.2326 3.95745 3.85111 3.63765 3.46368 2.98045 3.01602 4.64531 3.42059 2.80489 2.50987 2.2793 3.00787 2.83666
threshold=80.500000000000014 0.014582753181457521 3.9607677459716801 0.51506972312927257 4.8713660240173349 0.14977687597274783 0.15849518775939944 0.19837871193885806 0.10717424005270006 1.24817830324173 2.6020033359527592 287.50000000000006 0.69876605272293102 271.50000000000006
decision_type=10 10 8 8 10 10 10 8 8 10 8 10 10 10
left_child=11 3 4 10 -3 -6 -7 -8 -9 -5 -2 13 -13 -1
right_child=1 2 -4 9 5 6 7 8 -10 -11 -12 12 -14 -15
leaf_value=-0.00073435102135711969 -0.0036398201489228621 -0.05349873874927305 -0.057571131150586707 0.017030121329328244 -0.053277766288168604 0.072544450359729923 -0.059870554857750363 -0.058516165350721308 0.061666087412470663 0.068034895001722773 -0.058198172904518709 -0.061020755876950064 0.06211673671900917 -0.07440295091326285
leaf_weight=954.67768661707998 1.5776001495689027 2.2990162977268147 3.6137837459534792 51.001448400121689 1.3658793835524683 2.4725091019840324 1.7995477826407773 0.737827765688433 2.9966108198682271 2.8458725295436258 2.9358102663299586 0.603177174574966 2.7891522109201787 1.308511629131657
leaf_count=411934 19470 234590 634602 400728 48539 10409 57209 114699 104934 5820 200825 2632 150 3700
internal_value=8.49353e-05 0.0101801 -0.0124679 0.0161117 0.00149732 0.0149877 0.0266335 0.00612117 0.0379212 0.0197258 -0.0270054 -0.000690008 0.0402221 -0.000835185
internal_weight=1033.02 73.6459 15.2852 58.3607 11.6714 9.37237 8.0065 5.53399 3.73444 53.8473 4.51341 959.379 3.39233 955.986
internal_count=2250241 1831825 1204982 626843 570380 335790 287251 276842 219633 406548 220295 418416 2782 415634
is_linear=0
shrinkage=0.05


Tree=342
num_leaves=15
num_cat=0
split_feature=33 33 2 33 18 18 8 18 3 30 2 33 1 28
split_gain=4.47387 3.97956 2.62993 3.98349 3.19316 4.45397 4.41748 4.2695 5.76062 8.04816 11.2457 6.59826 4.15304 4.2008
threshold=80.500000000000014 82.500000000000014 0.52868792414665233 74.500000000000014 0.11674567684531213 0.05353058502078057 107.50000000000001 0.15310224890708926 0.12089970707893373 -0.74679052829742421 0.45750132203102117 62.500000000000007 243.50000000000003 2.5000000000000004
decision_type=10 8 10 10 8 10 10 10 10 10 8 8 8 8
left_child=2 -2 3 4 5 12 7 -6 9 -9 -11 -10 -1 -14
right_child=1 -3 -4 -5 6 -7 -8 8 11 10 -12 -13 13 -15
leaf_value=0.16813741113603259 0.048622741109429976 0.0074751087264115119 -0.00082387984272860686 -0.068930890093472683 -0.049356939558322495 0.012479802842068521 0.048816604090998361 -0.070589181824044792 0.013423273122451432 0.28511999970205232 -0.012654169668837917 -0.061775094348705331 -0.058589012346443398 0.030658988084942041
leaf_weight=0.25401715131030389 6.4287334421786513 68.348886787112988 859.57588155746896 2.7521215361780085 9.3451607816961282 28.934422898398029 2.5352770592979814 8.0783985313623301 21.616617798058105 0.32930434602119973 8.5332883313587509 3.3721781146808629 5.5843905576748112 1.7259967911583478
leaf_count=481 8721 1822807 321529 7938 7778 14427 9655 2962 13610 169 4998 28366 6658 264
internal_value=-0.000763888 0.0110126 -0.00168829 -0.00967257 -0.00786671 0.00354913 -0.0156099 -0.0187955 -0.0119841 -0.0344925 -0.00158988 0.00327543 -0.0306114 -0.0375174
internal_weight=1027.41 74.7776 952.637 93.0612 90.3091 36.4988 53.8102 51.2749 41.9298 16.941 8.86259 24.9888 7.5644 7.31039
internal_count=2250363 1831528 418835 97306 89368 21830 67538 57883 50105 8129 5167 41976 7403 6922
is_linear=0
shrinkage=0.05


Tree=343
num_leaves=15
num_cat=0
split_feature=33 33 3 17 33 33 29 17 15 18 1 31 24 18
split_gain=4.07182 4.56406 4.72789 3.5885 4.07692 6.50598 6.05824 4.29553 3.58372 5.10644 6.25557 6.14011 4.9767 5.03056
threshold=54.500000000000007 48.500000000000007 0.16326230764389041 5.708768606185914 56.500000000000007 80.500000000000014 1.5525318980216982 5.9776182174682626 1.0000000180025095e-35 0.27523843944072729 10.500000000000002 1.1232668757438662 1.9989223480224612 0.23813545703887942
decision_type=10 10 10 8 8 10 10 10 8 10 10 8 10 8
left_child=1 8 -3 -2 -5 -6 7 -7 9 12 11 -11 -1 -14
right_child=3 2 -4 4 5 6 -8 -9 -10 10 -12 -13 13 -15
leaf_value=-0.038181297382585078 0.014617433939460156 -0.062095055648190879 0.034605683004428976 0.064352186319199325 -0.058776448170602728 -0.053002425611390749 0.05401349698625886 0.0081684984747078682 0.00064643817532354512 0.0010286946947191489 0.023790629441408459 -0.065317666283575521 0.0027406392192187642 -0.08116672728248113
leaf_weight=22.580855274685682 82.819815161463026 5.5880662599914439 1.6334925425772207 1.8332539341613021 5.7954554740815842 4.639818115870864 4.2776978065874607 7.5234160407331538 839.99218444274595 11.994894766350603 18.540434143383614 4.9166397447713264 20.001990436879733 1.9614802912889135
leaf_count=17439 1425221 16864 9344 2316 27969 265188 3332 221547 245137 1855 9287 4311 676 129
internal_value=0.000437875 -0.000627399 -0.0402217 0.00967857 -0.00731526 -0.0132238 0.00283359 -0.0151659 -0.000316599 -0.0104289 0.00373137 -0.01826 -0.0216987 -0.00475283
internal_weight=1034.1 927.21 7.22156 106.889 24.0696 22.2364 16.4409 12.1632 919.988 79.9963 35.452 16.9115 44.5443 21.9635
internal_count=2250615 305042 26208 1945573 520352 518036 490067 486735 278834 33697 15453 6166 18244 805
is_linear=0
shrinkage=0.05


Tree=344
num_leaves=15
num_cat=0
split_feature=21 29 29 32 23 31 30 26 18 29 12 4 2 2
split_gain=2.84044 2.37916 2.93761 3.44164 2.90492 2.95241 2.89226 4.22821 3.08473 2.81675 2.65776 2.41627 2.29985 2.61887
threshold=1.5000000000000002 1.1321720480918886 1.1104705929756167 4.7749040126800546 526.50000000000011 -3.9600565433502193 -0.95078188180923451 0.24404761940240863 0.4194773137569428 1.2098796367645266 0.09175084158778192 0.0086062550544738787 -1.0533676147460935 -0.7712535262107848
decision_type=10 8 8 10 10 8 8 10 10 8 8 10 10 8
left_child=1 2 6 -4 5 -3 12 8 -8 -7 -6 -10 -1 -14
right_child=-2 4 3 -5 10 9 7 -9 11 -11 -12 -13 13 -15
leaf_value=0.047260277392510645 -0.050742816037370998 -0.067782484131395329 -0.054070083209508561 0.085660415360510597 0.073872753957200318 -0.054597826513671815 -0.052065609559348205 0.046411059190497095 -0.055909945629511459 -0.00060697794280828628 -0.022392611029826152 0.037623026639783959 -0.059326918541587052 0.014573398258811038
leaf_weight=5.1541684026328261 2.7887118961630213 1.6450103642936467 0.53980213774209973 2.3998477197328327 2.4101710183221075 2.4217542520811226 5.4862366940995555 2.3474863219872466 0.9905829125498643 970.15422427998635 1.0206143204865106 2.2792141464823565 1.2836464302182884 18.145525772752134
leaf_count=94601 6541 3602 9757 7709 13321 53472 729484 101414 110693 538602 42329 356957 35911 145688
internal_value=-0.000350292 -0.000212013 0.0119589 0.060002 -0.000692881 -0.000854619 0.00800147 -0.0131785 -0.0291544 -0.000741417 0.0452351 0.00928727 0.0175678 0.00969095
internal_weight=1019.07 1016.28 38.6265 2.93965 977.652 974.221 35.6869 11.1035 8.75603 972.576 3.43079 3.2698 24.5833 19.4292
internal_count=2250081 2243540 1592214 17466 651326 595676 1574748 1298548 1197134 592074 55650 467650 276200 181599
is_linear=0
shrinkage=0.05


Tree=345
num_leaves=15
num_cat=0
split_feature=29 8 17 17 26 22 33 17 3 3 2 33 25 22
split_gain=3.97865 3.10279 2.61767 5.04833 2.97274 2.56068 2.50158 7.01161 5.13611 2.76808 2.68929 2.5469 5.98121 4.45119
threshold=1.6063348650932314 42.500000000000007 5.7822844982147226 6.0672669410705575 0.81666666269302379 0.64971026778221141 58.500000000000007 4.7405652999877939 0.039519160985946662 0.13611432909965518 -0.25054924190044398 54.500000000000007 1.0000000180025095e-35 0.63311594724655162
decision_type=8 10 8 10 8 10 10 8 8 8 8 10 8 10
left_child=1 2 -1 -4 5 -5 11 9 -9 -8 -10 -2 13 -13
right_child=6 -3 3 4 -6 -7 7 8 10 -11 -12 12 -14 -15
leaf_value=0.015834081504949971 -0.00093130245851693488 -0.046741272388160782 -0.045722998378571883 -0.051487932435710794 0.056509628373588305 0.023024063866817487 0.071096407757374941 0.056262373256014089 0.028918276055228814 -0.059257139900663405 -0.059141359542199325 -0.055129848623909322 -0.061284762091568058 0.077054884032482465
leaf_weight=68.717531752598703 926.6060935141993 2.3177466866249423 5.3838394764653703 1.9363659988271349 2.977573528847433 2.8502556112973565 2.3510724365368563 1.2553397333096108 0.95649199521619721 0.49258988770997625 9.2674461481080357 0.75208485884069176 1.3718797942942691 4.1574633370527323
leaf_count=990233 302270 603195 175971 97008 20349 1399 4242 408 36 6225 33864 8022 5294 1079
internal_value=-0.000108792 0.0103081 0.0119232 -0.00851677 0.0172827 -0.0071188 -0.00103459 -0.0217719 -0.0391837 0.0485161 -0.050903 -0.000716201 0.0310145 0.0568057
internal_weight=1031.39 84.1833 81.8656 13.148 7.7642 4.78662 947.21 14.3229 11.4793 2.84366 10.2239 932.888 6.28143 4.90955
internal_count=2249595 1888155 1284960 294727 118756 98407 361440 44775 34308 10467 33900 316665 14395 9101
is_linear=0
shrinkage=0.05


Tree=346
num_leaves=15
num_cat=0
split_feature=33 1 29 16 1 2 3 4 24 4 17 33 29 17
split_gain=4.21509 4.38227 3.06908 5.99407 4.49116 3.77482 6.81368 7.21567 4.51793 4.29503 3.53945 3.42214 3.23418 3.1658
threshold=20.500000000000004 259.50000000000006 2.4479967355728154 4.9938225746154794 293.50000000000006 1.074932396411896 0.057563573122024543 0.014331191778182985 1.5480935573577883 0.014582753181457521 6.6528596878051767 10.500000000000002 2.0846210718154912 5.8902609348297128
decision_type=10 10 8 8 10 8 10 10 10 10 10 10 10 8
left_child=2 -2 3 5 -4 6 -1 10 9 -9 12 -10 -8 -5
right_child=1 -3 4 13 -6 -7 7 8 11 -11 -12 -13 -14 -15
leaf_value=0.058068200860372579 0.0067712698712341021 -0.060038605432442577 -0.0013689203964358503 -0.057935179082201221 0.079726133565671098 -0.066582630240280827 0.045709595457496567 0.10428002128155459 -0.077384324712781657 -0.067869663953342138 0.068517882548590134 0.034998073863387151 -0.063759747564316613 0.045953841355713024
leaf_weight=2.6862042039439222 213.35577196144396 2.4830375964853024 767.77564317326539 0.86041059484780724 1.7111033297338725 4.5794716992785842 0.71690103869342969 0.41534145793639243 0.74921715155662827 2.8383174233810631 0.58568095902228456 7.066146111867087 11.465427045947342 4.9639195310282833
leaf_count=217 2046543 46849 138686 1228 265 7960 151 29 133 3451 20 1568 1986 1231
internal_value=-0.00020327 0.00600268 -0.00186431 -0.015945 -0.00118859 -0.0246623 -0.0174244 -0.0259317 0.00361369 -0.0458941 -0.0515455 0.0242246 -0.0573177 0.0306066
internal_weight=1022.25 215.839 806.414 36.927 769.487 31.1027 26.5232 23.837 11.069 3.25366 12.768 7.81536 12.1823 5.82433
internal_count=2250317 2093392 156925 17974 138951 15515 7555 7338 5181 3480 2157 1701 2137 2459
is_linear=0
shrinkage=0.05


Tree=347
num_leaves=15
num_cat=0
split_feature=32 28 32 30 15 24 18 30 30 0 24 31 24 18
split_gain=3.469 4.64164 2.86316 4.04638 2.82457 6.91845 4.25142 3.63511 3.4219 3.13971 4.00974 3.7355 3.34186 3.83969
threshold=3.3140207529067998 3.5000000000000004 3.2384861707687382 -0.073941551148891435 1.0000000180025095e-35 1.0745273232460024 0.089951056987047209 -1.9750727415084837 -1.5322763323783872 0.70960751175880443 0.97324538230896007 -1.2823640704154966 1.0268613100051882 0.34559865295886999
decision_type=10 8 10 10 8 8 10 10 8 10 8 10 10 10
left_child=2 4 -1 -4 5 7 -7 -2 -6 10 11 -10 -12 -14
right_child=1 -3 3 -5 8 6 -8 -9 9 -11 12 -13 13 -15
leaf_value=-0.00039952996591852813 0.083691279017587383 -0.060756615812508546 -0.06244460197481521 0.027150785175292014 -0.052756558171194845 -0.058524379422105005 0.053818390042571357 -0.044076927537949034 -0.051012370465189576 0.041234408773508882 -0.031398172360851122 0.023396391656008392 -0.0041737408550441514 0.023396391656008392
leaf_weight=892.38810255528847 0.65084339904161836 2.3947240216799051 4.1424927705555357 1.811164525650083 2.3857515061995143 0.90372882228844176 12.35717328419541 3.8480507701708406 1.7743785761900266 6.5813025672703978 8.2753684205007101 31.728606454832953 44.494321223540162 11.699272503656521
leaf_count=256576 2419 64035 7467 7327 74788 3951 17431 263391 370920 2717 75365 1002676 67829 33196
internal_value=0.000463761 0.00819549 -0.000630092 -0.0351888 0.00951965 0.0279853 0.0461622 -0.025593 0.006453 0.00780407 0.00555837 0.0195901 -0.00173358 0.00263499
internal_weight=1025.44 127.094 898.342 5.95366 124.699 17.7598 13.2609 4.49889 106.939 104.553 97.9719 33.503 64.469 56.1936
internal_count=2250088 1978718 271370 14794 1914683 287192 21382 265810 1627491 1552703 1549986 1373596 176390 101025
is_linear=0
shrinkage=0.05


Tree=348
num_leaves=15
num_cat=0
split_feature=33 2 32 3 18 9 17 2 18 3 18 3 18 0
split_gain=2.39786 2.68668 2.80558 6.04219 6.57445 4.64334 3.85517 4.04597 4.16635 3.29268 3.31055 4.95762 3.91056 3.53448
threshold=137.50000000000003 -0.4059996604919433 3.8176519870758061 0.12202852964401247 0.3419447541236878 0.22546796500682834 4.8940944671630868 0.68613827228546154 0.04751375503838063 0.19931721687316897 0.38183735311031347 0.17273622751235965 0.3614740669727326 0.70110279321670543
decision_type=10 8 8 8 8 8 8 10 10 10 8 10 10 8
left_child=1 -1 9 4 6 -5 -4 -8 -9 10 11 12 13 -3
right_child=-2 2 3 5 -6 -7 7 8 -10 -11 -12 -13 -14 -15
leaf_value=0.038636332230691503 0.011411879692188232 -0.005013744864150297 0.029197673855732589 0.082649746278385339 -0.041544008051972885 -0.048411856837174923 -0.056802565865563703 0.045218699939196867 -0.0054961046142972961 -0.063774856337334429 0.0056835837168622023 0.032181876884660968 -0.032236782639835947 0.0022806277816154823
leaf_weight=4.3386272099992773 43.233563202299592 355.10746254109216 11.418622077355256 0.71527897569879084 9.5778589039857831 12.244654246524242 3.2990253891657906 4.6497942220791293 31.380945766156721 2.0211428062799532 205.57762539043472 10.724788470722613 10.582747507307202 311.96146844501817
leaf_count=23175 1583076 108284 10820 8442 35731 253890 12230 3210 36551 45089 82711 17788 4237 25147
internal_value=-0.000110361 -0.000622016 -0.000797745 -0.0102036 -0.00354927 -0.0411784 0.00362157 -0.00380395 0.00104868 -2.83943e-05 0.00011573 -0.00154706 -0.00208087 -0.00160246
internal_weight=1016.83 973.6 969.261 73.2862 60.3262 12.9599 50.7484 39.3298 36.0307 895.975 893.954 688.376 677.652 667.069
internal_count=2250381 667305 644130 360874 98542 262332 62811 51991 39761 283256 238167 155456 137668 133431
is_linear=0
shrinkage=0.05


Tree=349
num_leaves=15
num_cat=0
split_feature=33 4 17 26 33 17 31 31 32 17 17 24 2 27
split_gain=2.80367 4.26373 3.51253 6.16302 4.72133 4.96538 4.29271 5.2761 3.97011 3.9525 4.804 3.61703 3.31552 3.2601
threshold=54.500000000000007 0.0090158581733703631 5.708768606185914 0.34057971835136419 60.500000000000007 5.2704288959503183 2.9287519454956059 2.5555294752120976 4.0859410762786874 4.6586997509002694 4.6395599842071542 0.088604684919118895 0.2466378137469292 6.2181553840637216
decision_type=10 8 8 8 10 10 10 10 10 8 8 8 8 8
left_child=-1 2 3 4 5 8 7 9 12 10 11 -5 -2 -4
right_child=1 -3 13 6 -6 -7 -8 -9 -10 -11 -12 -13 -14 -15
leaf_value=-0.00071430912132784967 0.11065599624105132 -0.0036192289150160533 -0.030841942960851344 0.061320624362834232 0.028154816836099147 -0.060421800901955286 -0.050588870926604558 0.051756732276352614 0.22266395210139167 -0.05548993287539003 0.32383400553960728 -0.052770752094811725 -0.064281765486618 0.02526143215644518
leaf_weight=918.38400742513613 1.7118125861283293 45.525852231497794 6.644463557226099 1.5516652373772934 30.878338112965785 0.45591724207023165 3.7739580710777814 4.6343769665878192 0.67833811022733481 3.3674524618766686 0.12767742587367736 1.2578007690656998 0.32175658433406873 4.2427880482320246
leaf_count=305393 88 1509372 103471 20913 202782 874 5859 2753 689 50951 386 14147 1142 31495
internal_value=0.000171246 0.00790409 0.0166994 0.0224329 0.0341186 0.0922505 -0.00460816 0.0112552 0.117917 -0.0185166 0.0238736 0.0102418 0.0829769 -0.00897832
internal_weight=1023.56 105.172 59.6463 48.7591 34.0462 3.16782 14.7129 10.939 2.71191 6.3046 2.93714 2.80947 2.03357 10.8873
internal_count=2250315 1944922 435550 300584 205575 2793 95009 89150 1919 86397 35446 35060 1230 134966
is_linear=0
shrinkage=0.05


Tree=350
num_leaves=15
num_cat=0
split_feature=33 29 4 33 29 29 29 32 26 33 32 24 13 16
split_gain=2.52354 3.86185 3.55703 2.84914 2.75145 3.05906 2.25071 3.87899 3.39641 3.08536 3.23083 2.70306 2.54316 2.46182
threshold=172.50000000000003 1.2098796367645266 0.00011849403381347658 137.50000000000003 1.1104705929756167 0.97728782892227184 0.9150998890399934 4.182021141052247 0.34057971835136419 209.50000000000003 1.7005987167358401 0.088604684919118895 0.97222220897674572 3.0201274156570439
decision_type=10 8 8 10 8 8 8 10 8 10 10 8 10 10
left_child=1 2 -1 -3 5 6 8 -8 9 10 -2 -10 -13 -9
right_child=4 3 -4 -5 -6 -7 7 13 11 -11 -12 12 -14 -15
leaf_value=0.063374333120724852 0.056092614814449507 0.00017316412772626062 -0.049558079004985475 0.04250536195514313 0.063458227303893042 -0.057754597816682678 -0.066249963316953361 -0.056336547227995082 0.032714861463191761 0.027913603074911381 -0.05462144909493101 -0.054264237214542294 0.08572129751860616 0.074651254131870376
leaf_weight=0.78523841267537386 0.89889137989287338 982.66309406390189 6.2227282766515009 3.9909181019389726 2.5965944652059454 1.5864313897238975 0.68106266955917494 0.3958711407848855 1.5409162188873902 14.936284961426827 2.4685273879215113 4.2984537384196297 0.35093910068082923 3.8205032478865286
leaf_count=975 79 584347 226117 8373 2324 24285 3960 4254 255580 931930 84907 105507 162 17141
internal_value=0.000537231 8.16927e-05 -0.0369041 0.000344394 0.0140192 0.0098752 0.0135256 0.0444688 0.00733868 0.0181664 -0.0250677 -0.024677 -0.043698 0.0623529
internal_weight=1027.24 993.662 7.00797 986.654 33.5745 30.9779 29.3914 4.89744 24.494 18.3037 3.36742 6.19031 4.64939 4.21637
internal_count=2249941 819812 227092 592720 1430129 1427805 1403520 25355 1378165 1016916 84986 361249 105669 21395
is_linear=0
shrinkage=0.05


Tree=351
num_leaves=15
num_cat=0
split_feature=33 4 33 13 17 33 33 32 1 3 30 31 22 18
split_gain=2.9641 4.45592 3.85216 4.48239 3.688 4.40165 5.60673 3.41989 3.39964 3.26374 3.24517 4.96144 5.45525 5.32979
threshold=54.500000000000007 0.026768505573272709 48.500000000000007 1.0000000180025095e-35 5.708768606185914 56.500000000000007 85.500000000000014 4.388237953186036 119.50000000000001 0.12870657444000247 -1.1689037680625913 0.93137124180793773 0.58352768421173107 0.25452208518981939
decision_type=8 8 8 8 8 8 8 8 10 10 8 8 10 10
left_child=2 4 -1 8 10 9 -7 -3 -4 -6 -2 12 -12 -13
right_child=1 7 3 -5 5 6 -8 -9 -10 -11 11 13 -14 -15
leaf_value=-0.001389474306616123 0.025860134245401525 -0.05618240280220748 -0.062498076357148852 -0.06118802450250508 -0.057440583340323204 -0.057704695542304833 -0.0010179362013406907 1.0317539450987367e-05 0.087442659002793965 0.10869895279109372 0.011012750758146096 0.0093209970303456593 0.067908840632736445 -0.024931689223878239
leaf_weight=859.8480316420081 32.822775980482113 4.8315659890878564 0.59099017315567892 5.2930906685120149 0.38124711085307694 5.3478473455555813 23.662434595773657 6.1594473602193656 1.0491255508320603 1.315886437215777 13.803085900098951 38.410193189151315 6.0637694861392921 16.124561985979255
leaf_count=209331 65329 197228 2661 22555 921 17756 266357 897406 1004 295 426832 58622 8123 75849
internal_value=-0.000569197 0.00594719 -0.00168879 -0.0388091 0.00838862 -0.0068891 -0.0114678 -0.0246916 0.0334138 0.0713771 0.0127639 0.00698644 0.0283786 -0.000806665
internal_weight=1015.7 148.923 866.781 6.93321 137.932 30.7074 29.0103 10.991 1.64012 1.69713 107.224 74.4016 19.8669 54.5348
internal_count=2250269 2014718 235551 26220 920084 285329 284113 1094634 3665 1216 634755 569426 434955 134471
is_linear=0
shrinkage=0.05


Tree=352
num_leaves=15
num_cat=0
split_feature=30 31 23 24 1 2 16 17 8 17 8 2 4 33
split_gain=3.13379 7.39397 3.6543 4.58228 4.09236 6.21383 4.90586 4.44369 6.26863 4.92747 3.75692 3.61542 3.71519 5.51266
threshold=-0.31770950555801386 1.48625123500824 11.500000000000002 1.4645188450813296 25.500000000000004 1.16555792093277 2.1383330821990971 3.7012257575988774 15.500000000000002 4.6395599842071542 192.50000000000003 2.0754336118698125 0.0051192343235015878 36.500000000000007
decision_type=10 8 8 8 8 10 8 8 10 8 8 10 8 10
left_child=2 -2 3 -1 -4 6 -6 -8 9 -9 -10 12 13 -5
right_child=1 -3 4 11 5 -7 7 8 10 -11 -12 -13 -14 -15
leaf_value=-0.074005956904968251 -0.0037666995659436683 -0.078485669081592158 0.030257539990219691 -0.007847319941405962 -0.039311229851607773 -0.076745226955706097 0.060270681410543592 -0.028228840711226239 -0.063010245094479098 0.011099298388795078 0.11683249459588868 0.010744500559256112 0.00074163344621343437 -0.074201687508077971
leaf_weight=2.127312565909512 344.0956837127776 3.3431416877914435 18.019896808398734 114.86654094309803 5.6681381785937184 2.2870307641415755 3.9711550299483855 8.5054107854342487 4.2811440565235284 125.2307251861 0.3115241480682166 62.818061786806879 315.43962371203338 3.2178135021726879
leaf_count=971 1372267 127 4027 4275 35471 2315 20133 102935 230835 439573 4586 2565 29899 886
internal_value=-0.00063543 -0.00448566 0.00137092 -0.0007798 0.00774183 0.00504156 0.00630567 0.0081227 0.00662563 0.00859809 -0.0508114 -0.000465954 -0.00209036 -0.00965548
internal_weight=1014.18 347.439 666.744 498.469 168.275 150.255 147.968 142.3 138.329 133.736 4.59267 496.342 433.524 118.084
internal_count=2250865 1372394 878471 38596 839875 835848 833533 798062 777929 542508 235421 37625 35060 5161
is_linear=0
shrinkage=0.05


Tree=353
num_leaves=15
num_cat=0
split_feature=33 1 1 30 24 1 30 18 31 30 30 2 30 0
split_gain=4.1797 5.40412 5.18461 5.04336 4.83748 4.61463 4.35649 4.54399 4.47562 4.21555 7.02345 3.98961 4.31403 5.59115
threshold=2.5000000000000004 25.500000000000004 18.500000000000004 -0.72227743268012989 1.9989223480224612 17.500000000000004 -1.4329961538314817 0.14912968873977664 3.4382042884826665 -0.73438644409179676 -0.69837111234664906 2.0754336118698125 -0.3689159601926803 0.7205985188484193
decision_type=10 10 10 10 10 10 10 10 10 8 8 8 8 10
left_child=1 2 5 -4 9 11 7 -6 -8 -3 -11 12 13 -1
right_child=-2 4 3 -5 6 -7 8 -9 -10 10 -12 -13 -14 -15
leaf_value=-0.0098327835731676916 0.0026556702032828785 -0.11620610166083351 0.035544942942152366 -0.058506580313858914 0.041358411972747859 -0.090025170736923871 -0.0078578314027612211 -0.017497199173068252 -0.069778896043035651 0.048344596072264913 -0.060197131134382714 0.0032500536948343222 -0.015565708022816991 0.015475965748718049
leaf_weight=57.632389142982703 647.77868306199582 2.0025477358290118 14.117926558416233 1.5854426440471279 6.0183730786480982 1.5287121145865956 7.4550553079409365 7.2061238614983267 4.7952749834803399 1.9279444278945446 6.5667344907989769 144.98151474014696 91.165951203349692 35.120518586278195
leaf_count=1301 2171704 51 1107 56 105 167 105 152 60 12 27371 5117 42473 384
internal_value=0.000209277 -0.00393807 -0.00202116 0.0260493 -0.0223831 -0.00335518 -0.0106131 0.00928756 -0.0320962 -0.0509469 -0.0355626 -0.00295235 -0.00784164 -0.000249727
internal_weight=1029.88 382.105 346.132 15.7034 35.9721 330.429 25.4748 13.2245 12.2503 10.4972 8.49468 328.9 183.919 92.7529
internal_count=2250165 78461 50605 1163 27856 49442 422 257 165 27434 27383 49275 44158 1685
is_linear=0
shrinkage=0.05


Tree=354
num_leaves=15
num_cat=0
split_feature=32 20 33 2 2 0 24 24 25 4 30 24 30 13
split_gain=3.85367 2.97162 2.83689 2.90148 7.7939 5.38383 4.73217 4.88833 3.11052 3.36475 2.97152 2.82757 2.58354 2.56586
threshold=3.3140207529067998 1.0000000180025095e-35 10.500000000000002 2.0754336118698125 1.3297549486160281 0.70960751175880443 1.5994083285331728 1.4645188450813296 1.0000000180025095e-35 0.012331217527389528 0.60413429141044628 0.53871697187423717 -0.19419246912002561 0.089898992329835906
decision_type=8 10 8 10 10 10 8 10 8 10 10 8 10 10
left_child=11 -2 -3 4 5 10 7 -6 9 -8 13 -1 -7 -4
right_child=1 2 3 -5 6 12 8 -9 -10 -11 -12 -13 -14 -15
leaf_value=0.037065349951218129 -0.060070215939821481 0.059207572781267453 0.0048241340787816911 0.034478737470318523 -0.057137919284797035 0.073015538762447471 -0.0054325511898077198 0.070488674165488568 -0.075054148300864071 -0.082000820415265796 -0.05536887237017879 -0.0017984813259487424 0.027243091419761913 0.027243091419761913
leaf_weight=4.7062765713594947 1.6564394719395057 2.5848331479921276 122.23244780615218 8.7455976436973781 1.1636327733146901 4.7830109459052892 6.1025119285172833 2.1120454301425724 4.6017657822280862 1.8758604324865471 1.9316030302516072 843.77319094689358 3.268247629902417 13.201059698273609
leaf_count=39661 85210 244 1365261 244 3684 191 114 109 142 176 493911 161743 3189 96120
internal_value=-0.000191996 0.00658049 0.00722012 0.00642974 0.00490868 0.00853825 -0.0283787 0.0251513 -0.0423172 -0.0234351 0.00620907 -0.00158291 0.0482771 0.00708732
internal_weight=1022.74 174.259 172.603 170.018 161.272 145.416 15.8558 3.27568 12.5801 7.97837 137.365 848.479 8.05126 135.434
internal_count=2249999 2048595 1963385 1963141 1962897 1958672 4225 3793 432 290 1955292 201404 3380 1461381
is_linear=0
shrinkage=0.05


Tree=355
num_leaves=15
num_cat=0
split_feature=33 31 3 24 17 30 2 31 31 30 3 30 2 24
split_gain=3.90241 3.41063 5.21744 3.05016 5.54641 5.2526 6.50464 4.32679 4.44909 11.2398 4.28595 5.37476 5.08222 4.07191
threshold=8.5000000000000018 3.2219190597534184 0.052868932485580451 1.5994083285331728 5.4049246311187753 -0.87732106447219838 1.4776240587234499 -1.7665244340896604 -1.8982323408126829 0.50516641139984142 0.073213517665863051 -0.21482259035110471 1.3610702157020571 1.5480935573577883
decision_type=8 8 10 10 8 10 10 10 10 8 10 10 8 8
left_child=1 3 -3 4 5 -1 -7 8 9 -5 11 13 -13 -6
right_child=-2 2 -4 7 10 6 -8 -9 -10 -11 -12 12 -14 -15
leaf_value=0.042013141090647528 0.0036713576874872161 -0.071423696228710323 -0.010192960462010764 -0.065349101223366943 0.053870858791810951 -0.08259268376453166 -0.021644579788945083 -0.00074652075711438418 0.057937687237762964 0.046073689983272249 -0.073648749094582411 -0.075477031197156083 -0.002300751545185577 -0.0032010048221071882
leaf_weight=2.459833625176759 420.25979300524989 3.7163692583855967 54.476881659960682 3.62578273658744 7.5213103854853198 5.5324430340663708 20.973036301883049 455.75367469578202 6.4127146354351217 6.0233081290825803 1.9244545645659048 2.5541205546899124 33.414622247710739 5.3472483410132554
leaf_count=81 2215352 66 1560 172 176 1880 4228 21331 116 112 1915 299 2739 196
internal_value=-3.57131e-05 -0.00259081 -0.0141033 -0.00137612 -0.0104215 -0.0278798 -0.0343662 0.000152353 0.0256579 0.004205 -0.000459538 0.00242451 -0.00749696 0.0301559
internal_weight=1030 609.736 58.1933 551.543 79.7271 28.9653 26.5055 471.815 16.0618 9.64909 50.7618 48.8373 35.9687 12.8686
internal_count=2250223 34871 1626 33245 11514 6189 6108 21731 400 284 5325 3410 3038 372
is_linear=0
shrinkage=0.05


Tree=356
num_leaves=15
num_cat=0
split_feature=21 33 17 33 13 16 18 2 23 4 3 3 16 10
split_gain=2.37369 2.23648 3.64505 4.39482 3.76892 4.72811 4.02456 3.82645 3.33743 2.99396 3.56214 3.48339 3.95795 2.91142
threshold=1.5000000000000002 54.500000000000007 5.708768606185914 56.500000000000007 0.098780486732721343 4.3757371902465829 0.14912968873977664 0.064983062446117415 21.500000000000004 0.014867842197418215 0.23163071274757388 0.270800530910492 3.9607677459716801 0.011363820172846319
decision_type=10 10 8 8 10 10 8 10 8 8 8 10 10 10
left_child=1 -1 9 8 5 -5 -6 -7 -4 10 13 12 -11 -3
right_child=-2 2 3 4 6 7 -8 -9 -10 11 -12 -13 -14 -15
leaf_value=-0.00041036894509082595 -0.047886111524657181 0.021120935020103437 0.10058432974708326 -0.054441253791954469 0.061854665019764721 0.030577084351756829 -0.056656399847593408 -0.051776781239229241 -0.055002040229284316 0.00040970240773334959 -0.05944628124779551 0.062862441199435792 -0.05794781663202081 -0.06005261721161459
leaf_weight=923.77671150018375 2.5549039129157327 58.362522641432186 1.385060578432326 8.5100108747352916 2.481043729116184 4.1671912486905711 1.0071919850704341 2.1321637567995912 0.45886397563641179 16.346830037909875 1.4608107103489434 1.7898586527096743 3.5335126446066871 1.1259363923763803
leaf_count=304738 6535 281757 180 290781 11886 99381 27784 86053 2133 371575 122750 342714 283495 18637
internal_value=0.000248219 0.000368019 0.00736538 -0.0117069 -0.0191212 -0.0301344 0.0276358 0.0027025 0.0618664 0.0120149 0.0176904 -0.00394768 -0.00996271 0.0195846
internal_weight=1029.09 1026.54 102.761 20.1415 18.2976 14.8094 3.48824 6.29936 1.84392 82.6195 60.9493 21.6702 19.8803 59.4885
internal_count=2250399 2243864 1939126 518198 515885 476215 39670 185434 2313 1420928 423144 997784 655070 300394
is_linear=0
shrinkage=0.05


Tree=357
num_leaves=15
num_cat=0
split_feature=33 13 16 32 33 3 13 17 13 2 24 11 32 2
split_gain=3.17509 4.70127 6.59098 4.07224 3.67351 3.9113 3.62493 5.7302 4.7878 5.7127 4.43865 4.38906 3.48112 4.89523
threshold=20.500000000000004 0.1234756112098694 4.5379471778869638 3.4498615264892583 25.500000000000004 0.13834953308105472 0.091966174542903914 5.7219483852386483 0.13714733719825747 0.99082106351852428 1.3421765565872195 0.046536797657608993 1.7005987167358401 0.42678420245647436
decision_type=8 8 10 8 10 8 8 10 8 8 8 10 8 10
left_child=6 2 -2 4 -4 -6 7 10 9 -8 -1 -12 13 -3
right_child=1 12 3 -5 5 -7 8 -9 -10 -11 11 -13 -14 -15
leaf_value=-0.052090186793103822 -0.03134854899011285 -0.0016694965777839953 -0.065362261461738083 -0.018157604713861141 0.076551151207258056 -0.0019817620264181157 0.045858596629573513 -0.0094525302932996057 -0.0020254611932141947 -0.053502721399402646 0.018717054061050235 -0.089223303143365684 0.0098855523159395615 -0.069480832323490449
leaf_weight=2.381015956489489 19.181637960720224 22.334793084681671 0.77654929552306029 5.5877307973344088 4.5633644327060177 2.4295951623898713 1.7445818580993355 34.936002988310122 638.60483993172181 8.4691930319499011 71.349574869295836 0.95436510584389012 205.61009062119578 3.021417693221216
leaf_count=2939 215440 1865 1031 160127 4311 3940 150 4152 72656 1182 5805 102 1771167 3172
internal_value=0.000494923 0.00522317 -0.0125701 0.0143966 0.0378092 0.0492661 -0.00114782 0.00726176 -0.00256865 -0.0365311 0.0150803 0.0172923 0.00772992 -0.00974982
internal_weight=1021.94 263.505 32.5389 13.3572 7.76951 6.99296 758.44 109.621 648.819 10.2138 74.685 72.3039 230.966 25.3562
internal_count=2248039 2161053 384849 169409 9282 8251 86986 12998 73988 1332 8846 5907 1776204 5037
is_linear=0
shrinkage=0.05


Tree=358
num_leaves=15
num_cat=0
split_feature=32 2 2 30 17 4 32 24 17 18 18 24 27 18
split_gain=3.56012 4.27693 5.13461 5.0186 4.77165 4.57071 6.30092 5.45089 4.88612 3.77431 7.14123 4.73186 4.66951 7.39208
threshold=2.4414010047912602 1.4776240587234499 1.3954287171363833 -0.35882879793643946 5.0271592140197763 0.0096993148326873797 2.6020033359527592 1.6612914204597475 6.0672669410705575 0.38638775050640112 0.20302703231573108 1.1941305398941042 1.023424029350281 0.073959741741418852
decision_type=10 10 10 10 8 10 10 8 8 8 10 8 10 8
left_child=-1 2 5 -3 -4 6 8 -7 -2 10 12 -11 13 -8
right_child=1 3 4 -5 -6 7 9 -9 -10 11 -12 -13 -14 -15
leaf_value=-0.0017721211735804371 0.04837418594904988 0.098359008896966929 -0.068596339502752901 -0.05207754225414836 0.055825427559277878 -0.001217842643502807 -0.026458285132046889 -0.064552227917650654 -0.046554227675273105 -0.0075059624562061264 -0.026697367451689238 0.039247514232849452 0.040037488938777697 0.013614587242171024
leaf_weight=794.47148214955894 14.962131088173381 0.61820206916706855 0.85348383730259603 5.3709262669265447 7.9327405353637417 91.360955706716737 15.303855364450802 3.5284620998091034 1.490582696305977 8.0284567116886425 17.542311034220745 16.604800460197062 10.303458092444712 46.399556074419884
leaf_count=151485 2257 92 4277 9646 6379 1483314 51120 48563 394 208964 120341 15267 21097 126515
internal_value=-0.000159182 0.00517346 0.00623992 -0.0365494 0.0437392 0.00477899 0.0108456 -0.00357293 0.0397739 0.00667724 0.00190943 0.0240096 0.00887862 0.0036756
internal_weight=1034.77 240.3 234.311 5.98913 8.78622 225.525 130.635 94.8894 16.4527 114.182 89.5492 24.6333 72.0069 61.7034
internal_count=2249711 2098226 2088488 9738 10656 2077832 545955 1531877 2651 543304 319073 224231 198732 177635
is_linear=0
shrinkage=0.05


Tree=359
num_leaves=15
num_cat=0
split_feature=33 33 13 10 27 4 32 3 13 32 12 24 30 23
split_gain=3.2554 3.78334 4.13556 3.45321 3.43778 3.15274 2.88176 8.22501 6.96912 4.25768 3.76592 3.28786 3.13855 2.82142
threshold=54.500000000000007 48.500000000000007 1.0000000180025095e-35 0.0097088394686579722 6.1864547729492196 0.031703263521194465 3.4498615264892583 0.1104034185409546 0.18898809701204303 3.3842465877532963 0.16807910054922107 1.0498690009117129 -0.67459985613822926 215.50000000000003
decision_type=10 10 8 8 8 10 10 10 8 10 8 8 8 10
left_child=1 6 4 -2 -3 -5 9 8 -8 13 11 -10 -12 -1
right_child=3 2 -4 5 -6 -7 7 -9 10 -11 12 -13 -14 -15
leaf_value=-0.00066188438740307659 -0.060397023061334647 -0.061915869648179495 -0.060273509109479345 0.011277039698061674 0.091964486707139387 -0.05141382465054728 -0.055507585646537343 -0.058912154194639736 0.22524662773971832 -0.05492970496077472 0.098835386204823295 0.063535047722923996 0.019231115265885862 0.043438153915394732
leaf_weight=881.49639366544136 1.7699409165681981 0.58592699107151514 5.0165685456875559 101.42699539028554 0.95377248319392305 2.045942354471932 2.6152733339054715 3.4549800704981584 0.35663356399521895 3.6049100786153749 1.3074561638435964 2.6491559292722546 23.381592085721 3.6418382719987212
leaf_count=165137 571007 2788 22466 726208 922 647555 4782 35253 488 5725 239 489 15940 51140
internal_value=0.00051853 -0.000425576 -0.0382735 0.00885293 0.0334059 0.0100375 -0.000156591 0.0141807 0.0225124 -0.000701294 0.02988 0.0827219 0.0234467 -0.000480438
internal_weight=1034.31 929.065 6.55627 105.243 1.5397 103.473 922.508 33.7651 30.3101 888.743 27.6948 3.00579 24.689 885.138
internal_count=2250139 305369 26176 1944770 3710 1373763 279193 57191 21938 222002 17156 977 16179 216277
is_linear=0
shrinkage=0.05


Tree=360
num_leaves=15
num_cat=0
split_feature=33 33 2 3 14 11 9 9 7 18 9 12 23 11
split_gain=2.27834 4.15931 4.39517 4.96277 3.85148 3.71388 3.2581 4.91496 5.75505 5.62784 3.30029 3.22111 3.04274 2.98814
threshold=20.500000000000004 18.500000000000004 1.3954287171363833 0.12542884051799777 inf inf 0.25169883668422705 0.1450617536902428 13.306579589843752 0.3776515424251557 0.25898894667625433 0.041381279006600387 4.5000000000000009 0.6904762089252473
decision_type=8 10 10 10 8 8 8 10 10 10 8 10 8 10
left_child=1 6 3 -3 -4 -5 7 8 -1 11 -8 -9 -11 -2
right_child=13 2 4 5 -6 -7 10 9 -10 12 -12 -13 -14 -15
leaf_value=-0.11157544623959166 0.004264109376297137 -0.069754386203033258 0.024119139283003369 0.057203374847799505 0.30455279047118955 -0.06888431325641399 0.063114865716484128 -0.068713805193016744 0.051775816810925947 0.032598637187728562 -0.00073963237575135109 0.0083001129388486951 -0.059394309534797733 -0.066139593800219887
leaf_weight=0.63733340488582868 263.8717569299788 6.2418984886767044 1.03524473129159 1.6617025663415383 0.13885789896311362 0.90049717195356205 2.0291187123457481 8.4156024117812596 3.501561339569168 3.5922817446532926 734.26533542600123 1.6188893580610102 1.1988453007932607 1.5157833737521276
leaf_count=480 2150575 3456 1567 2159 375 1128 206 1632 618 152 74317 166 768 11578
internal_value=-0.000129977 -0.00151441 -0.0335848 -0.0457031 0.0572853 0.0128893 -0.00109071 -0.0215532 0.0266219 -0.0350024 -0.000563659 -0.056289 0.00957998 0.00386199
internal_weight=1030.62 765.237 9.9782 8.8041 1.1741 2.5622 755.259 18.9645 4.13889 14.8256 736.294 10.0345 4.79113 265.388
internal_count=2249177 87024 8685 6743 1942 3287 78339 3816 1098 2718 74523 1798 920 2162153
is_linear=0
shrinkage=0.05


Tree=361
num_leaves=15
num_cat=0
split_feature=33 31 30 22 18 0 17 3 31 17 11 16 7 16
split_gain=3.19053 6.14078 4.26566 4.84895 5.65458 6.45891 4.19898 4.80334 5.56917 4.68022 4.19891 4.4127 3.21473 3.84968
threshold=2.5000000000000004 2.304796695709229 -0.69837111234664906 0.7193230688571931 0.38638775050640112 0.73909938335418712 6.0991966724395761 0.061365693807601936 3.0946450233459477 5.1676349639892587 inf 3.5114340782165532 31.890859603881839 3.5114340782165532
decision_type=8 8 8 10 8 10 10 10 10 10 8 10 8 10
left_child=1 2 -1 4 12 -6 7 8 9 -3 11 -9 13 -4
right_child=-2 6 3 -5 5 -7 -8 10 -10 -11 -12 -13 -14 -15
leaf_value=0.010850136343261671 0.0027588275057697873 0.006351386069988931 -0.022790239515698436 0.0007174473974087478 -0.083283825653949622 -0.0074255891089700463 0.022847621503555168 -0.0050696595434495239 -0.081401998070759221 -0.050509818211503292 0.0079722685023208891 -0.10606491152959235 -0.0074255891089700463 -0.094369110136072909
leaf_weight=63.937158022154932 706.71557018280214 6.4745730899493905 6.3639171389113525 166.49148626040778 5.9673169141098636 4.3256034256119165 4.8830339860492122 2.503577650515072 6.373929144232533 8.2049010302871448 12.645802656022168 1.9041145562283643 44.064473576680555 2.2765504117137993
leaf_count=2124 2241240 57 264 3316 644 156 63 77 57 82 138 69 1547 112
internal_value=0.000850962 -0.00315692 -0.000571231 -0.0037533 -0.0155686 -0.0494658 -0.0208055 -0.0263992 -0.0423759 -0.0254304 -0.00667525 -0.0486994 -0.00894874 -0.0381549
internal_weight=1043.13 336.416 293.427 229.489 62.9979 10.2929 42.9899 38.1069 21.0534 14.6795 17.0535 4.40769 52.7049 8.64047
internal_count=2249946 8706 8163 6039 2723 800 543 480 196 139 284 146 1923 376
is_linear=0
shrinkage=0.05


Tree=362
num_leaves=15
num_cat=0
split_feature=33 18 2 18 8 4 31 1 1 30 2 10 12 17
split_gain=4.34838 5.26164 5.16323 6.82181 8.45795 5.10584 4.62224 4.4031 8.79232 5.81386 6.03037 4.72556 4.19919 4.1908
threshold=8.5000000000000018 0.15310224890708926 1.299266576766968 0.21241230517625811 181.50000000000003 0.035510540008544929 3.5174729824066167 93.500000000000014 98.500000000000014 -1.188952565193176 0.74121373891830455 0.020975233055651191 0.051503095775842674 4.4005842208862314
decision_type=10 8 8 10 10 8 10 10 10 10 10 10 8 10
left_child=2 12 3 5 -5 7 -4 11 -9 10 -10 -1 -2 -14
right_child=1 -3 6 4 -6 -7 -8 8 9 -11 -12 -13 13 -15
leaf_value=-0.014131549360068671 -0.032632906858485383 0.0095913348488521448 0.00023791612295478095 -0.028757748483704028 0.089258893084117011 0.036890799158257 -0.076667092175387155 0.07653875286916452 -0.027554738794734586 -0.087495958539026836 0.043455699635627218 0.042340677825714192 -0.04725176064341563 0.0011532375039031506
leaf_weight=73.963948934656017 10.682286557822446 206.88643382119832 510.22276792041669 50.534837155333719 1.5651841263083941 7.4341746301138576 1.961324850791583 4.5119626213135158 5.8496432604520745 1.8063517701903027 6.1153852416339252 3.8997644817191022 4.6048693633603923 154.42566012915054
leaf_count=13429 67201 1567697 30227 41506 956 13638 33 205 3320 109 1183 132 22992 487437
internal_value=-5.77478e-05 0.00423852 -0.00248035 -0.0104544 -0.0252123 -0.00303143 -5.6579e-05 -0.00611825 0.0159629 -0.00388382 0.00873905 -0.0113032 -0.00228676 -0.000248372
internal_weight=1044.46 376.599 667.865 155.681 52.1 103.581 512.184 96.1471 18.2833 13.7714 11.965 77.8637 169.713 159.031
internal_count=2250065 2145327 104738 74478 42462 32016 30260 18378 4817 4612 4503 13561 577630 510429
is_linear=0
shrinkage=0.05


Tree=363
num_leaves=15
num_cat=0
split_feature=1 1 17 2 18 23 29 16 13 32 18 26 2 30
split_gain=4.21006 4.15425 4.21463 3.70916 6.03379 3.66076 5.98469 4.96434 7.24707 4.87296 6.76705 4.56318 5.08036 4.91974
threshold=71.500000000000014 77.500000000000014 6.0879099369049081 0.95153120160102855 0.070361062884330763 11.500000000000002 2.6978409290313725 4.182021141052247 0.057983193546533592 2.6020033359527592 0.28456890583038336 0.24404761940240863 1.0019342899322512 -0.49462687969207758
decision_type=8 8 10 10 8 10 8 8 8 8 10 10 8 8
left_child=3 2 -2 4 -1 6 9 8 -7 -5 -11 12 -10 -14
right_child=1 -3 -4 5 -6 7 -8 -9 11 10 -12 -13 13 -15
leaf_value=0.039038409629238102 0.033769492020254192 0.0029912030790832274 -0.078666948366676911 -0.06098575242861573 -0.064532466315293371 -0.055139077259052427 -0.0033401727490789644 0.018489298831529079 -0.065492709215958955 -0.063925318706036557 0.095084715066969971 0.030046523288733858 0.047181880605036697 -0.0028172542697837352
leaf_weight=1.893881804127677 16.540262420582593 302.04522374970048 0.87768813661905909 7.9212984921601537 5.4612799854001919 5.8834449998449108 545.72800007645537 45.597581157172755 3.0467897412382783 1.3140438823963703 1.363255888017102 12.645345183544221 5.2351852615478052 81.695923216324175
leaf_count=2331 24002 1912568 2277 1994 26492 16222 26668 95538 16386 3062 2918 8834 988 109722
internal_value=-0.000414443 0.00436041 0.0281038 -0.00253957 -0.037864 -0.00217386 -0.00406288 0.00464564 -0.00117185 -0.0412755 0.0170411 0.00192212 -0.00203044 0.000193805
internal_weight=1037.25 319.463 17.418 717.786 7.35516 710.431 556.327 154.104 108.507 10.5986 2.6773 102.623 89.9779 86.9311
internal_count=2250002 1938847 26279 311155 28823 282332 34642 247690 152152 7974 5980 135930 127096 110710
is_linear=0
shrinkage=0.05


Tree=364
num_leaves=15
num_cat=0
split_feature=33 23 29 22 4 24 4 3 13 18 22 2 17 4
split_gain=2.56732 3.27732 3.16017 5.06933 4.61156 4.59686 3.3291 3.04092 3.69432 3.19375 3.51526 3.04094 2.95178 2.91385
threshold=2.5000000000000004 26.500000000000004 4.0631101131439218 0.67294281721115123 0.007721424102783204 1.3687688708305361 0.00022497773170471194 0.027705729007720951 0.087337911128997817 1.0546426177024844 0.7193230688571931 0.27231040596961981 5.5114085674285898 0.007721424102783204
decision_type=10 10 8 10 8 10 8 10 8 10 10 8 10 8
left_child=1 2 3 4 -1 -5 -4 9 -9 10 -8 12 -10 -7
right_child=-2 -3 6 5 -6 13 7 8 11 -11 -12 -13 -14 -15
leaf_value=-0.067869085756125477 0.0014564042351135676 -0.047687398368430875 -0.044719772373413978 0.047168328801178883 -0.019513497714294635 0.00068899185121676604 -0.007567270396927811 -0.042255494253268709 -0.059574637360092941 -0.02870719901936801 0.011736078608267343 -0.0053241309456827698 0.083561886365428592 -0.013679274285051172
leaf_weight=6.451185144105831 651.10685503754348 4.1888324035546693 3.9492779518477823 4.0461632452341965 11.348912918213562 66.964898452963098 30.378453235017332 6.7078370589111955 0.45265430867944667 6.4062729222714543 105.46136979458697 60.083907811385835 1.7631209509030012 74.588219608439431
leaf_count=223 2171021 66325 80 29 874 653 805 717 391 173 3264 3459 311 1226
internal_value=-0.000454004 -0.0037035 -0.00321687 -0.0084593 -0.033647 -0.00538 0.000763602 0.00161389 -0.00699887 0.00579218 0.00741919 -0.00320277 0.0543209 -0.00688204
internal_weight=1033.9 382.791 378.602 163.399 17.8001 145.599 215.203 211.254 69.0075 142.246 135.84 62.2997 2.21578 141.553
internal_count=2249551 78530 12205 3005 1097 1908 9200 9120 4878 4242 4069 4161 702 1879
is_linear=0
shrinkage=0.05


Tree=365
num_leaves=15
num_cat=0
split_feature=30 13 26 4 16 16 4 12 7 2 3 8 3 22
split_gain=3.7946 3.7916 2.64301 3.3671 3.18156 4.31646 3.44339 4.26142 3.49446 3.40252 3.13883 3.08889 2.99123 2.64994
threshold=-1.3518370389938352 0.59166666865348827 0.61324787139892589 0.099377244710922255 3.9415346384048466 4.0517470836639413 0.012331217527389528 0.053101504221558578 50.332908630371101 -0.052441589534282677 0.039519160985946662 137.50000000000003 0.14875653386116031 0.75462436676025402
decision_type=8 10 10 8 10 8 10 8 10 10 8 10 10 10
left_child=1 2 3 4 11 9 7 12 -9 -6 -4 -1 -7 -5
right_child=-2 -3 10 13 5 6 -8 8 -10 -11 -12 -13 -14 -15
leaf_value=-0.0017065640873369309 -0.0017437574772841209 0.081310889931539967 -0.055291559760203446 -0.073952413443207257 -0.062892820937132637 0.047972982691385641 0.026380461688752944 -0.034107939525760265 0.05269501727240631 0.063934030544391604 0.056764124606531019 0.057541890883351668 -0.061095971854944031 0.001056961471824372
leaf_weight=65.643507890482198 918.69990055514938 1.725804338881672 0.72491967960377324 2.3485010212340418 0.57586104674669059 4.2864760429011595 16.588759448297875 9.6240622483552674 1.3182635041294375 6.4755065842429147 4.5313861097788486 2.2760994582078515 0.73665035404584767 2.3613685792058732
leaf_count=69927 2093091 170 52 27065 5731 253 33007 11575 189 392 1529 3233 3852 91
internal_value=-0.000654692 0.00773776 0.00665706 0.00503416 0.00684668 0.0181097 0.0104274 -0.00614842 -0.0236505 0.0535765 0.04131 0.000278951 0.0319778 -0.0363453
internal_weight=1037.92 119.217 117.491 112.235 107.525 39.6056 32.5542 15.9655 10.9423 7.05137 5.25631 67.9196 5.02313 4.70987
internal_count=2250157 157066 156896 155315 128159 54999 48876 15869 11764 6123 1581 73160 4105 27156
is_linear=0
shrinkage=0.05


Tree=366
num_leaves=15
num_cat=0
split_feature=9 8 31 3 30 18 16 7 9 26 4 2 24 8
split_gain=2.25546 5.39641 4.29945 8.00678 7.40487 6.92988 4.87557 5.65437 3.90529 4.1778 4.09788 3.76537 6.88547 7.77845
threshold=0.66192409396171581 27.500000000000004 0.50850313901901256 0.13611432909965518 -0.2864158153533935 0.17584312707185748 3.113268375396729 12.219577789306642 0.1450617536902428 0.24404761940240863 0.0023774206638336186 0.65904647111892711 1.8449382185935976 8.5000000000000018
decision_type=8 10 10 8 8 10 8 8 8 10 10 8 10 10
left_child=2 -2 6 4 11 -6 -1 -8 -9 10 -10 -4 13 -13
right_child=1 -3 3 -5 5 -7 7 8 9 -11 -12 12 -14 -15
leaf_value=0.030403043952787423 -0.0011581692959408312 -0.06989321140501642 0.043015051170032424 -0.069190225025629701 0.0025607619786661259 -0.10532230524938407 -0.040769653434216541 0.073557368087318817 0.036773004003051925 0.038910538384950448 -0.010917193237339924 0.056195890377242722 0.0097347955008705786 -0.067116903192907085
leaf_weight=27.589547772383163 891.78642187621858 2.8647149806932921 6.250119677913422 4.3651233627914001 2.9325678647350988 3.0229459065280211 6.1597432760051385 2.3275321280279138 5.5541693550741504 7.9704211113998751 23.833353743468521 1.6149051796093932 42.795723122439398 6.1452840512974305
leaf_count=85894 1452725 9698 3157 172429 381 729 131823 30337 35502 20901 302432 90 1514 2029
internal_value=-0.000453182 -0.00137826 0.0054348 -0.00371153 0.000842577 -0.0521994 0.0137955 0.00380105 0.0107191 0.006804 -0.00190386 0.00640346 0.00187725 -0.0414554
internal_weight=1035.21 894.651 140.561 67.1267 62.7615 5.95551 73.4348 45.8452 39.6855 37.3579 29.3875 56.806 50.5559 7.76019
internal_count=2249641 1462423 787218 180329 7900 1110 606889 520995 389172 358835 337934 6790 3633 2119
is_linear=0
shrinkage=0.05


Tree=367
num_leaves=15
num_cat=0
split_feature=33 29 4 4 23 4 23 16 17 18 16 10 33 29
split_gain=2.75636 3.60834 3.80074 2.88135 2.86288 3.64976 2.91053 3.96511 5.50619 5.51667 4.55382 4.04995 3.27262 3.14013
threshold=54.500000000000007 1.7821518182754519 0.00037497282028198248 0.031703263521194465 215.50000000000003 0.01055535674095154 79.500000000000014 4.5053346157073983 5.4138731956481942 0.04751375503838063 2.3502402305603032 0.032654678449034698 15.500000000000002 3.4348374605178837
decision_type=10 8 8 10 10 10 8 10 8 10 10 8 10 10
left_child=1 2 -1 -2 6 -6 -3 8 9 10 -8 12 -11 -13
right_child=3 4 -4 -5 5 -7 7 -9 -10 11 -12 13 -14 -15
leaf_value=0.082066978493137738 0.0087928659949988615 -0.00021496351562574385 -0.061300116904650086 -0.051381408102360519 -0.05403391972621855 0.065424265160795955 0.059716468994034891 0.020299140143051324 -0.060654140127000766 -0.072428902267625911 0.37534148952081658 -0.021673967965155871 0.045902258958528022 0.036425213027319832
leaf_weight=0.52159704660956463 106.31925551168641 891.1997686178396 4.0653559057371655 2.0272963758777385 0.7984731134542703 3.2094875507329093 1.1383167619908441 5.9211390140147939 7.5440682124876721 4.0569305306588017 0.12703424514637607 5.9789446402153104 0.68261627640228617 3.8061742832112841
leaf_count=260 1031423 169290 24782 913798 15698 35229 925 13398 18204 1126 15 23744 2531 177
internal_value=0.00011988 -0.000760263 -0.0449974 0.00766693 -0.000540769 0.0416256 -0.000724375 -0.0162426 -0.0255152 -0.0087267 0.0914035 -0.0174498 -0.0553862 0.000925206
internal_weight=1037.4 929.05 4.58695 108.347 924.463 4.00796 920.455 29.2552 23.3341 15.79 1.26535 14.5247 4.73955 9.78512
internal_count=2250600 305379 25042 1945221 280337 50927 229410 60120 46722 28518 940 27578 3657 23921
is_linear=0
shrinkage=0.05


Tree=368
num_leaves=15
num_cat=0
split_feature=27 27 32 32 4 33 0 31 17 17 29 17 3 0
split_gain=2.50644 2.84662 2.606 3.63978 11.4659 4.65941 5.89559 5.11165 4.54643 4.32927 3.69465 3.63694 3.51823 4.82438
threshold=7.2879035472869882 7.139348268508912 2.4414010047912602 2.6020033359527592 0.0053000152111053475 23.500000000000004 0.64633324742317211 -1.8658209443092344 6.0672669410705575 4.9015574455261239 1.6267598271369936 6.1933839321136483 0.14770534634590152 0.59696981310844432
decision_type=10 10 10 8 8 10 10 8 8 8 10 10 10 8
left_child=1 2 12 4 8 7 10 -6 9 -4 -7 -9 13 -1
right_child=-2 -3 3 -5 5 6 -8 11 -10 -11 -12 -13 -14 -15
leaf_value=-0.022615603434953498 0.013309482862745477 -0.08164990730413843 -0.043700891977194692 0.0019180009761074887 0.22747651061482174 0.034919058696411438 0.090611078638391754 -0.050059233706429146 -0.065533836108068164 0.064905369882374622 -0.070435571776842093 0.038539606400823628 0.013953228977452908 -0.0016701953225779238
leaf_weight=28.622468877647428 34.443792114903999 1.0770800501726387 0.98525423409673862 211.49376391875296 0.18625423000426089 1.100462016713214 2.1326658401199148 7.9073303926101044 0.79307487989869763 13.35951112542622 1.5816226771581465 1.3570896353767805 34.026750334442795 695.98016717004589
leaf_count=11566 38643 2093 655 2046464 532 1947 1975 5138 293 1250 2949 263 68110 67865
internal_value=4.79345e-05 -0.000408568 -0.000321023 0.00420961 0.0206929 -0.0114708 0.028564 -0.031867 0.0510029 0.0574459 -0.020773 -0.0370809 -0.00175969 -0.00249756
internal_weight=1035.05 1000.6 999.526 240.897 29.4033 14.2654 4.81475 9.45067 15.1378 14.3448 2.68208 9.26442 758.629 724.603
internal_count=2249743 2211100 2209007 2061466 15002 12804 6871 5933 2198 1905 4896 5401 147541 79431
is_linear=0
shrinkage=0.05


Tree=369
num_leaves=15
num_cat=0
split_feature=30 32 23 1 2 17 32 2 0 30 26 30 15 30
split_gain=3.33687 4.09242 3.15227 3.76755 5.16156 3.26827 3.11495 6.18283 4.15497 3.81735 3.06985 3.64526 2.93247 2.89859
threshold=-1.3776915073394773 3.979637980461121 45.500000000000007 177.50000000000003 0.55230897665023815 4.135134458541871 2.4414010047912602 1.4776240587234499 0.70960751175880443 -0.47245465219020838 0.13961039483547213 -0.34867464005947107 inf 0.82793894410133373
decision_type=8 10 8 8 10 10 10 10 10 10 10 8 8 10
left_child=1 2 3 5 -5 -1 -2 8 -8 -9 11 -10 -4 -13
right_child=6 -3 12 4 -6 -7 7 9 10 -11 -12 13 -14 -15
leaf_value=-0.014027205003110327 -0.0032190254084871633 -0.054126066739729022 0.062137488907346251 0.0028591219914985136 -0.0626718726830265 0.025652334529498513 0.0022718288199276467 0.10105192578293912 0.055436443343235497 -0.064717788247435001 0.07567203039671283 0.012919793888250595 -0.037954175451706908 0.070690863500474488
leaf_weight=6.1657922683598221 695.2325780310382 2.6024885908562529 4.6118615308722539 55.931110250311413 3.1754827555782361 32.773982747225787 194.65612703463262 0.37615482208133233 5.3617565765853215 4.5257093893292781 2.5492845018210302 15.669765263316682 0.86978627807311326 2.3777504706523507
leaf_count=322 140879 105229 1771 34659 284 1492 1942526 40 141 9658 268 5637 5281 2306
internal_value=-0.000595014 0.00780017 0.00935687 0.0072939 -0.00066151 0.0193694 -0.00156269 0.00354354 0.00477761 -0.0519971 0.0235678 0.0178936 0.0462557 0.0129198
internal_weight=1026.88 106.131 103.528 98.0464 59.1066 38.9398 920.749 225.517 220.615 4.90186 25.9586 23.4093 5.48165 18.0475
internal_count=2250493 149038 43809 36757 34943 1814 2101455 1960576 1950878 9698 8352 8084 7052 7943
is_linear=0
shrinkage=0.05


Tree=370
num_leaves=15
num_cat=0
split_feature=29 29 18 18 1 16 3 24 32 29 16 12 1 1
split_gain=2.57088 5.27345 6.23128 5.87487 7.36957 4.38143 3.94256 3.99041 3.84756 3.79455 6.70194 3.93101 6.21581 3.74613
threshold=2.5968500375747685 2.8136668205261235 0.43423065543174749 0.3419447541236878 16.500000000000004 4.8559212684631357 0.057563573122024543 1.087995767593384 1.0000000180025095e-35 2.4479967355728154 4.7229433059692392 0.014389234129339458 155.50000000000003 43.500000000000007
decision_type=8 8 10 10 8 10 10 10 10 8 10 8 10 8
left_child=9 2 3 4 6 13 7 -2 -6 -1 11 12 -11 -5
right_child=1 -3 -4 5 8 -7 -8 -9 -10 10 -12 -13 -14 -15
leaf_value=0.00063000398569748779 -0.077915146112167738 -0.00065967477758412183 -0.068141725084699872 -0.06441914856182572 0.0091325724595494474 -0.073816123830537733 -0.067480123797771616 0.034876232681346826 -0.033177462763343234 -0.073019375990127283 -0.058126396188956958 0.021598479209656907 0.049457066057627203 0.07187458990481714
leaf_weight=241.77520427086176 0.84732841948440096 663.1210333471746 5.2027405193049026 0.57261079507849189 6.3746954976013575 0.75764298008854769 1.2383832192155289 10.519028514537522 34.204207043280618 2.7771164370256383 3.0355333527802548 55.984953741053239 1.6522755332492804 4.2177013339567786
leaf_count=2103362 653 113249 4672 898 56 239 2382 779 7635 1778 2499 12098 71 378
internal_value=-0.000365163 -0.0019819 -0.0156959 -0.0110499 -0.0161575 0.0379117 0.0172378 0.026468 -0.0265308 0.00348595 0.0143685 0.018011 -0.0273326 0.0555827
internal_weight=1032.28 727.055 63.9343 58.7316 53.1836 5.54796 12.6047 11.3664 40.5789 305.225 63.4499 60.4143 4.42939 4.79031
internal_count=2250749 130941 17692 13020 11505 1515 3814 1432 7691 2119808 16446 13947 1849 1276
is_linear=0
shrinkage=0.05


Tree=371
num_leaves=15
num_cat=0
split_feature=23 31 1 8 0 18 30 17 27 13 16 1 18 4
split_gain=2.72434 3.6152 14.9298 8.05087 3.12975 2.99054 4.22569 3.79406 4.38447 3.58367 5.14933 3.50612 3.35625 2.9957
threshold=11.500000000000002 -1.7989253997802732 14.500000000000002 161.50000000000003 0.7205985188484193 0.68834188580513012 -0.99640655517578114 3.7494349479675297 1.023424029350281 0.077935222536325469 5.0336952209472665 16.500000000000004 0.8817029893398286 0.077025413513183608
decision_type=10 8 8 10 8 10 10 8 8 8 10 8 10 8
left_child=1 2 3 -1 -4 -3 12 -8 9 10 -9 -10 -7 -14
right_child=-2 5 4 -5 -6 6 7 8 11 -11 -12 -13 13 -15
leaf_value=-0.076650324963963498 0.0042755364640997646 -2.3643103914373727e-06 -0.057296570635559846 0.069819160148604315 0.079134266756153038 -0.033755243527985555 -0.081485870863490656 -0.088678249628004524 0.0084802651350757707 -0.0569528015349881 0.028151247547282494 -0.067981745124752677 0.021667342250352377 -0.086561968130755715
leaf_weight=8.3948268896404716 302.40074386750177 668.48994648458938 0.48783532195976875 1.0562255367234463 3.0393091398584602 4.1775336326437182 2.6114404522569092 1.2947361791034522 13.523333220473139 9.2321193459491315 3.4733550202973023 1.6861943348179735 14.445746735436568 0.66897328053705685
leaf_count=1190 2137735 82989 10362 20 73 1364 1216 561 737 5638 1105 4529 2309 790
internal_value=0.000282797 -0.00136536 -0.0275199 -0.0602813 0.0602647 -0.000893654 -0.0125504 -0.0237444 -0.0185821 -0.038773 -0.00357285 3.35433e-06 0.00591324 0.0168771
internal_weight=1034.98 732.582 12.9782 9.45105 3.52714 719.603 51.1134 31.8212 29.2097 14.0002 4.76809 15.2095 19.2923 15.1147
internal_count=2250618 112883 11645 1210 10435 101238 18249 13786 12570 7304 1666 5266 4463 3099
is_linear=0
shrinkage=0.05


Tree=372
num_leaves=15
num_cat=0
split_feature=3 3 17 31 30 16 31 16 30 31 23 33 24 16
split_gain=2.91638 4.00669 5.84458 3.31458 4.56697 7.63556 7.53509 8.87527 5.34782 4.78905 4.53133 4.20942 4.62675 4.43665
threshold=0.14466488361358645 0.15660622715950015 4.9163179397583017 3.2919197082519536 -0.72227743268012989 3.2769666910171513 1.9269295334815981 2.6735538244247441 -0.73438644409179676 3.1571155786514287 1.0000000180025095e-35 2.5000000000000004 1.6612914204597475 4.7140145301818857
decision_type=10 10 8 10 8 10 10 10 8 10 10 8 8 10
left_child=3 2 -2 4 5 6 -1 -8 -7 -6 -9 -5 13 -13
right_child=1 -3 -4 11 9 8 7 10 -10 -11 -12 12 -14 -15
leaf_value=0.01136317500308795 -0.036491834985147242 0.00099948270393412876 0.031739281523123782 -0.032171995846583069 -0.0017564760473007578 0.011825229287077464 -0.0024301327382130582 0.059700186150563141 0.059612977457748587 -0.11870814455708803 -0.060127539862737694 -0.046802582316895928 -0.00071619076520670108 0.03228906392932987
leaf_weight=31.201166005165618 3.5686113518851976 59.359569058855811 26.043082301797753 16.733892086453064 640.98842731966693 118.96075578064305 22.27644557660491 0.83855820120805624 6.1574442644433125 0.87653589449473557 13.337067396962613 10.39309950727883 83.070754619677032 2.1378241994289757
leaf_count=3960 34968 1528974 69020 180 570155 24656 4447 121 965 15 4834 3980 3323 719
internal_value=-0.000161345 0.00849367 0.0235165 -0.000974514 0.000110726 0.00685967 -0.00667305 -0.0221112 0.014177 -0.00191619 -0.0530391 -0.00903768 -0.0049883 -0.0333092
internal_weight=1035.94 88.9713 29.6117 946.972 834.636 192.771 67.6532 36.4521 125.118 641.865 14.1756 112.336 95.6017 12.5309
internal_count=2250317 1632962 103988 617355 609153 38983 13362 9402 25621 570170 4955 8202 8022 4699
is_linear=0
shrinkage=0.05


Tree=373
num_leaves=15
num_cat=0
split_feature=3 1 3 18 4 31 4 3 22 3 0 18 17 24
split_gain=2.69016 4.92887 3.70947 4.63681 5.01739 3.56462 10.5873 4.74397 3.74241 3.5104 3.79654 4.0376 3.41059 3.2833
threshold=0.087295621633529677 10.500000000000002 0.073213517665863051 1.0326442718505862 0.0010876357555389406 3.2919197082519536 0.0053000152111053475 0.057563573122024543 0.75462436676025402 0.089101433753967299 0.70960751175880443 0.10910894721746446 5.2496488094329843 2.3125263452529912
decision_type=10 8 10 8 10 10 10 10 8 8 10 10 8 8
left_child=2 -2 5 4 -4 -1 7 8 -7 10 11 12 -3 -11
right_child=1 9 3 -5 -6 6 -8 -9 -10 13 -12 -13 -14 -15
leaf_value=-4.60746028647164e-05 -0.050091826562150693 0.038454547642801297 0.027375014761953899 0.024555427234217189 -0.020862489587626955 -0.071557035111327036 -0.096716215085106916 0.020800444953426159 0.00058925424507770086 0.001139843097212591 0.072073677606710074 0.030586774863727031 -0.080889342852423371 0.016846666150544622
leaf_weight=610.95803475822424 4.2313506822951572 0.90863804345573829 5.9075219130355086 7.5981854779786024 61.623028856313994 3.4441184089290418 3.7925635345745823 8.8097801596841219 3.7596025792008949 268.7204712908574 3.6817742292236479 8.2935262059098545 1.7547230640293308 37.973327785806589
leaf_count=146397 14096 328 4603 6412 49026 2485 72 95 55 1956065 227 6599 1554 61732
internal_value=-0.000239616 0.00352036 -0.00197375 -0.0124761 -0.0166427 -0.000722838 -0.021599 -0.00380855 -0.0339041 0.00422633 0.028147 0.0133866 -0.0401737 0.00308459
internal_weight=1031.46 325.564 705.893 75.1287 67.5306 630.764 19.8061 16.0135 7.20372 321.332 14.6387 10.9569 2.66336 306.694
internal_count=2249746 2040601 209145 60041 53629 149104 2707 2635 2540 2026505 8708 8481 1882 2017797
is_linear=0
shrinkage=0.05


Tree=374
num_leaves=15
num_cat=0
split_feature=30 7 31 1 32 18 17 4 18 16 26 4 31 1
split_gain=2.92879 3.59815 3.21628 4.16187 5.53068 4.36772 3.81909 3.60404 5.83612 3.8575 4.57792 5.83249 4.37994 6.36053
threshold=-0.72227743268012989 12.440217018127443 1.6873462796211245 61.500000000000007 1.7005987167358401 0.40567258000373846 6.01249122619629 0.034766435623168952 0.20302703231573108 3.4811217784881596 0.81666666269302379 0.025377541780471805 2.8296260833740239 241.50000000000003
decision_type=8 8 10 10 8 10 10 8 8 10 8 10 8 10
left_child=2 -2 3 4 -1 6 -5 9 -9 10 11 12 13 -4
right_child=1 -3 7 5 -6 -7 -8 8 -10 -11 -12 -13 -14 -15
leaf_value=0.014115570122394144 -0.023781400756976018 -0.0016492252851199919 -0.042030771660518981 -0.067369597912578114 -0.066315771561985051 0.25562508125533917 0.090463268731430749 0.00022720027521252691 -0.050524010438950863 0.0077549092720914734 0.0094798272115247002 0.024529583184972413 -0.007751401914632936 0.067795745099733115
leaf_weight=56.805439606864468 18.915541672884366 630.02267738102353 20.071166570624207 0.50422420726162087 2.2208721201664607 0.30311563388685492 1.5977409368754676 16.820036626283127 8.5410803959362074 166.3155752985756 41.894190439385 10.16168493360618 49.138441507136697 1.4109917497906277
leaf_count=2723 184481 1578678 26837 1288 101081 746 76 83130 102069 119668 19595 8878 20232 699
internal_value=-0.000260214 -0.00229434 0.0032525 0.0137163 0.0110893 0.0781892 0.052602 0.00120764 -0.0168647 0.00279362 -0.00393252 -0.0108882 -0.0159846 -0.0348171
internal_weight=1024.72 648.938 375.785 61.4314 59.0263 2.40508 2.10197 314.353 25.3611 288.992 122.676 80.7823 70.6206 21.4822
internal_count=2250181 1763159 487022 105914 103804 2110 1364 381108 185199 195909 76241 56646 47768 27536
is_linear=0
shrinkage=0.05


Tree=375
num_leaves=15
num_cat=0
split_feature=32 9 17 12 18 3 24 0 0 24 18 16 18 4
split_gain=2.4354 5.21677 5.02154 4.13833 5.39436 3.96338 3.55432 3.47849 3.23189 3.03243 5.06349 5.92979 4.50866 5.28993
threshold=1.0000000180025095e-35 0.1556273698806763 3.8606742620468144 0.062996033579111113 0.0986185558140278 0.12657713890075686 2.3125263452529912 0.60884535312652599 0.6853715479373933 2.3125263452529912 0.23009801656007769 3.65057384967804 0.1672443822026253 0.028824180364608768
decision_type=8 8 8 8 10 8 10 10 10 10 10 10 8 8
left_child=2 -2 8 4 -4 -6 -3 -8 -1 10 12 -12 -5 -14
right_child=1 6 3 9 5 -7 7 -9 -10 -11 11 -13 13 -15
leaf_value=-0.089717713911805733 -0.083090357304744927 7.1828345128514381e-05 -0.041875630347006594 -0.013319325475763736 0.011104821450334401 0.057343790925821383 -0.025689946262909932 0.013618940561605272 -0.021699019018067048 9.7609947898710614e-06 -0.09651573810510676 -0.021276290737271317 0.024057305780371248 -0.040614231641321427
leaf_weight=2.5712169798959064 1.8367661418294661 685.42013221419393 4.0736493019171709 45.056603293318062 26.448706940562147 5.6189082256314569 6.05389085182071 79.987745704640588 5.4439466879783822 104.79612912973403 2.84378007171017 33.08836036562306 19.735173798214564 3.7652921189437611
leaf_count=58 95505 2143489 101 777 661 47 1534 3456 203 3109 108 755 290 82
internal_value=-0.000320197 0.00107389 -0.00457382 -0.00330195 0.012322 0.0192068 0.00127428 0.0108532 -0.043519 -0.00600002 -0.0120275 -0.027231 -0.004059 0.0136955
internal_weight=1026.74 773.299 253.442 245.427 36.1413 32.0676 771.462 86.0416 8.01516 209.285 104.489 35.9321 68.5571 23.5005
internal_count=2250175 2243984 6191 5930 809 708 2148479 4990 261 5121 2012 863 1149 372
is_linear=0
shrinkage=0.05


Tree=376
num_leaves=15
num_cat=0
split_feature=32 17 27 4 4 30 0 22 12 4 25 23 16 0
split_gain=2.20186 3.91805 5.40825 5.06247 6.88318 4.19004 4.35187 3.81892 3.60488 3.54834 3.45727 3.2174 3.16818 3.12171
threshold=1.0000000180025095e-35 5.2600927352905282 2.9892170429229741 0.01854994893074036 0.013544559478759767 0.22753998637199405 0.73909938335418712 0.64971026778221141 0.062996033579111113 0.0049119889736175546 3.5000000000000004 4.5000000000000009 3.65057384967804 0.65789982676506054
decision_type=8 8 8 8 8 10 8 10 8 10 8 8 10 8
left_child=1 2 3 4 9 -5 -7 -3 -4 -1 12 -12 -10 -9
right_child=-2 7 8 5 -6 6 -8 13 10 -11 11 -13 -14 -15
leaf_value=-0.048653847556596713 0.0019714495063528174 -0.035134791624472257 0.032668906117701672 -0.017365478930754612 -0.090048885150095848 -0.035198196514776701 0.056803576117890178 -0.0129847537229087 0.026561266513168216 -0.010036908662514884 -0.00978408296081585 -0.068012018118144058 -0.024410725771855407 0.0068663114807766615
leaf_weight=9.719777192782507 785.84029299871872 6.6701955720517381 7.5167275366948161 17.066961080146942 4.8585046574221442 1.8027515418702922 4.4785527579160771 23.747467940837851 12.177422894845906 15.331361675437817 26.723600343187631 2.6034952457059708 4.0665094679056883 119.27957666482325
leaf_count=248 2243991 607 157 467 124 67 142 309 546 287 665 163 156 2224
internal_value=0.000659417 -0.00336744 -0.0107057 -0.0219633 -0.0355834 -0.00451561 0.0303988 0.00184572 0.000587889 -0.0250202 -0.00470372 -0.0149532 0.0138009 0.00357034
internal_weight=1041.88 256.043 106.346 53.2579 29.9096 23.3483 6.2813 149.697 53.0878 25.0511 45.571 29.3271 16.2439 143.027
internal_count=2250153 6162 3022 1335 659 676 209 3140 1687 535 1530 828 702 2533
is_linear=0
shrinkage=0.05


Tree=377
num_leaves=15
num_cat=0
split_feature=29 9 23 18 33 0 0 30 3 11 18 17 33 28
split_gain=3.48017 5.03939 4.053 5.97656 6.362 2.85015 2.79075 4.26443 3.92805 3.73882 4.45734 6.97355 4.62046 4.11806
threshold=2.5968500375747685 0.27378915250301367 2.5000000000000004 0.11674567684531213 43.500000000000007 0.62907248735427868 0.64207571744918834 -1.0623188614845274 0.16326230764389041 0.6904762089252473 0.093572616577148451 5.7413980960845956 12.500000000000002 2.5000000000000004
decision_type=8 8 8 10 8 8 10 8 10 8 10 10 8 8
left_child=1 -1 3 5 -5 -3 9 -8 -9 -4 13 12 -12 -11
right_child=-2 2 6 4 -6 -7 7 8 -10 10 11 -13 -14 -15
leaf_value=-0.062301834482275789 -0.0025950659822159988 -0.0094381536059233734 0.0070817031795168814 -0.062360783678143274 0.01632772012728622 0.044199241843660156 0.047726096765209211 0.0084001979580804863 0.097489875630526246 -0.032554733885002067 -0.070571600754680025 -0.031435262501702414 0.0070817031795168814 0.0070817031795168814
leaf_weight=2.8599749358515529 707.83535523757973 6.1330504862562956 65.308073769352902 8.7734037442382053 3.6320934112286816 4.1543146653857557 7.8351123553186426 102.68604435562477 1.2523537406863727 20.630306935340933 1.9202943594390243 13.641729406453562 67.031279054136476 3.5822590945913602
leaf_count=330822 130746 176 966280 398 122 25 331 168184 14826 98820 818 104528 429406 3858
internal_value=-0.000661436 0.00376168 0.00437797 -0.0159557 -0.0393223 0.0122221 0.00600336 0.0121551 0.00947364 0.00200834 -0.00427575 0.00125467 0.0070817 -0.023141
internal_weight=1017.28 309.44 306.58 22.6929 12.4055 10.2874 283.887 111.774 103.938 172.114 106.806 82.5933 68.9516 24.2126
internal_count=2249340 2118594 1787772 721 520 201 1787051 183341 183010 1603710 637430 534752 430224 102678
is_linear=0
shrinkage=0.05


Tree=378
num_leaves=15
num_cat=0
split_feature=9 9 2 3 8 16 4 2 26 18 18 18 13 30
split_gain=2.24061 5.1673 3.58394 4.23772 2.8734 2.60296 2.34571 1.94691 3.67052 3.13822 2.22569 2.42431 2.05371 3.48068
threshold=0.19180605560541156 0.19504664093255999 1.5958924293518069 1.0000000180025095e-35 36.500000000000007 4.8242976665496835 0.02853798866271973 -0.58871665596961964 0.20416666567325595 0.091675553470850005 0.32146584987640386 1.5638394951820376 0.001508420624304563 0.60413429141044628
decision_type=8 8 8 10 10 8 10 8 8 10 8 8 10 10
left_child=2 -2 5 6 -5 -1 -4 8 9 -3 -11 -12 -9 -14
right_child=1 7 3 4 -6 -7 -8 12 -10 10 11 -13 13 -15
leaf_value=0.051052624277329511 -0.11862464322142736 -0.065082040892303725 0.053576924012154831 0.1629689712007826 -0.062377014023801816 -0.071157189884615099 -0.12429215952633568 -0.0012057913735266561 -0.034202300649952631 0.056673032186397167 -0.068094703482320926 0.049222748896571772 0.0075337856535825478 -0.043991314232006161
leaf_weight=6.9273227257477803 0.92159505290089572 0.72414474167165899 2.2093300115456165 0.14906243859218582 2.7740060943276252 0.46495250747494488 0.20233402097801434 898.42626336731587 2.4440417425836261 6.6362693933035883 0.83857952835390037 0.92730099786140907 108.51538649003686 3.3797596957111287
leaf_count=108649 7042 67296 4667 136 838 49937 14 1470991 159607 107463 123276 27914 83545 38639
internal_value=-2.39647e-05 -0.000283403 0.020826 -0.0104075 -0.0508855 0.043366 0.038654 -0.000176677 0.0202171 0.0347907 0.0433983 -0.00648884 -0.000410229 0.00597749
internal_weight=1035.54 1022.81 12.727 5.33473 2.92307 7.39228 2.41166 1021.89 11.5703 9.12629 8.40215 1.76588 1010.32 111.895
internal_count=2250014 2085773 164241 5655 974 158586 4681 2078731 485556 325949 258653 151190 1593175 122184
is_linear=0
shrinkage=0.05


Tree=379
num_leaves=15
num_cat=0
split_feature=32 31 3 13 29 0 18 18 32 16 4 17 3 12
split_gain=2.38637 3.40818 3.21493 7.35912 5.8876 5.38796 4.53949 6.75849 4.14541 4.14464 5.8994 4.67044 4.52605 3.98268
threshold=3.4498615264892583 -1.2823640704154966 0.1053421199321747 0.15849281847476962 1.6477448344230654 0.66627684235572826 0.14912968873977664 0.10212016478180887 3.6762205362319951 3.6242519617080693 0.0025076568126678471 5.5194568634033212 0.10259878635406496 0.077935222536325469
decision_type=10 10 10 8 10 10 10 8 10 8 10 10 10 8
left_child=-1 -2 3 -3 -4 -6 7 9 -7 10 -5 12 -12 -13
right_child=1 2 4 6 5 8 -8 -9 -10 -11 11 13 -14 -15
leaf_value=-0.0011602819393959388 -0.051887702300572103 -0.049289296513394823 0.0071147813236865356 -0.058443443995913662 -0.056844921388980618 0.079138670866800501 0.03756733425613934 -0.045060962172320085 -0.015985409472542036 0.091307755282813305 0.04154935959841638 0.092139209341520381 0.17420478500353487 -0.034604074590629426
leaf_weight=918.47835902702582 2.4422237464032994 3.7767532011529159 53.085953511673296 2.383287388479661 7.363944684051722 1.6578637275258432 24.726060866901438 4.9666487643305652 1.120102916610797 1.9089365252367407 4.8136778481629712 0.76107768222496386 0.74212819714662881 3.3395097968545295
leaf_count=300926 450004 20720 1329626 8132 62028 1105 51864 11670 4381 1796 2643 30 393 4110
internal_value=-0.000316433 0.00653713 0.00782671 0.0176684 0.000445872 -0.0344613 0.023463 0.00502574 0.0248741 0.02286 0.0120073 0.0293952 0.0592691 -0.0110803
internal_weight=1031.57 113.088 110.646 47.4181 63.2279 10.1419 43.6413 18.9153 2.77797 13.9486 12.0397 9.65639 5.55581 4.10059
internal_count=2249428 1948502 1498498 101358 1397140 67514 80638 28774 5486 17104 15308 7176 3036 4140
is_linear=0
shrinkage=0.05


Tree=380
num_leaves=15
num_cat=0
split_feature=2 29 26 26 10 31 3 16 3 16 27 28 32 13
split_gain=3.20815 3.59482 3.56119 3.16389 3.24016 3.37815 5.31158 5.68248 4.66926 4.09473 3.88368 3.5065 3.14694 3.70522
threshold=-0.58871665596961964 0.74445191025733959 0.20416666567325595 0.3717105239629746 0.011111282743513586 0.52907195687294017 0.067805409431457533 4.1510088443756112 0.07551178336143495 2.6735538244247441 4.2518329620361337 1.0000000180025095e-35 3.4498615264892583 0.10762548446655275
decision_type=8 8 8 10 8 10 8 10 8 8 8 10 8 8
left_child=2 -2 -1 12 -5 -6 7 9 -8 -7 -11 -10 -3 -14
right_child=1 3 -4 4 5 6 8 -9 11 10 -12 -13 13 -15
leaf_value=0.038640028644545965 -0.036331878478841083 -0.0026995296191449415 -0.034631567571794128 0.087479422978784777 0.018071063237916279 -0.060823656152156159 0.05458657185504262 -0.089171931129606141 0.068168237542329715 -0.051803043589510434 0.026784474691715372 -0.0095924965897306591 -0.017858565611787065 0.0082540956281732403
leaf_weight=9.3962393409018201 7.1294977605299215 798.61038679119122 2.0136899138584949 1.300985082554889 38.255728039442417 3.0163685096813468 5.0685048403870541 2.9084973525132236 1.629281102532208 2.0969286222123165 6.2810497348036742 13.156825784205678 15.239463636618707 125.11085242069755
leaf_count=400655 718198 210963 181744 1273 19512 68 126 96 448 95 101 10807 121814 584215
internal_value=-0.000657088 -0.000952077 0.0257086 -0.000702994 0.00927157 0.00786648 -0.00356247 -0.026793 0.0131723 -0.0108702 0.00711476 -0.00102404 -0.00148606 0.00541874
internal_weight=1031.21 1019.8 11.4099 1012.67 73.7142 72.4132 34.1575 14.3028 19.8546 11.3943 8.37798 14.7861 938.961 140.35
internal_count=2250115 1667716 582399 949518 32526 31253 11741 360 11381 264 196 11255 916992 706029
is_linear=0
shrinkage=0.05


Tree=381
num_leaves=15
num_cat=0
split_feature=2 15 30 31 3 15 31 33 18 18 30 30 2 1
split_gain=3.52641 3.38667 2.38291 7.14886 4.54154 4.4291 3.77383 4.13226 5.65775 4.3869 7.40005 5.51426 4.61425 6.04554
threshold=-0.58871665596961964 inf -0.29640902578830713 1.2081924080848696 0.067805409431457533 inf 1.3906612396240237 2.5000000000000004 0.76844698190689098 0.27523843944072729 -0.32860140502452845 -0.33907009661197657 0.96104571223258983 44.500000000000007
decision_type=8 8 10 8 8 8 8 8 10 8 10 10 8 8
left_child=1 -1 6 -4 5 -5 7 -2 9 10 -9 12 -11 -14
right_child=2 -3 3 4 -6 -7 -8 8 -10 11 -12 -13 13 -15
leaf_value=0.044883377267318787 -0.00034106160600881093 -0.011834261835305816 -0.0025635655196293884 -0.11500869260823215 0.012491679219391677 -0.030124319769816069 -0.0012132215225897662 0.013298675114257039 -0.044755262698063417 -0.033823978032136125 -0.0427246035017491 0.063766087570441402 0.010071747004715775 0.071560370258457615
leaf_weight=8.2728389317140465 110.88503684934919 3.8599617609055796 328.48916671437286 2.9942680480089621 2.183693467631346 3.156992632472476 460.02861522353783 77.17688985371349 4.0897396091792038 3.6472252492052979 6.3817783546693354 9.0724779129646915 14.196712001111257 5.5642309877573686
leaf_count=162629 3539 419254 1087067 63 210 50 415821 72630 24499 39455 9192 8110 2957 3421
internal_value=4.07445e-05 0.0268391 -0.000275579 -0.00372389 -0.0494533 -0.0714437 0.00140517 0.0066193 0.0130441 0.0150812 0.00901991 0.0306742 0.0178485 0.0273855
internal_weight=1040 12.1328 1027.87 336.824 8.33495 6.15126 691.043 231.014 120.129 116.039 83.5587 32.4806 23.4082 19.7609
internal_count=2248897 581883 1667014 1087390 323 113 579624 163803 160264 135765 81822 53943 45833 6378
is_linear=0
shrinkage=0.05


Tree=382
num_leaves=15
num_cat=0
split_feature=30 23 28 33 1 30 30 25 2 32 1 26 26 0
split_gain=4.37853 3.45078 3.42232 3.95451 3.13283 3.97344 3.25614 3.08301 3.04856 4.36963 2.96333 2.83744 3.54489 3.13428
threshold=-2.2323697805404659 11.500000000000002 3.5000000000000004 10.500000000000002 6.5000000000000009 -0.90634799003601063 0.46297782659530645 11.500000000000002 0.040089534595608718 1.0000000180025095e-35 99.500000000000014 0.12771739065647128 0.057189542800188072 inf
decision_type=8 10 8 10 10 8 10 8 8 10 10 10 10 8
left_child=10 2 8 4 6 -6 7 -4 9 -2 -1 12 -3 -14
right_child=1 11 3 -5 5 -7 -8 -9 -10 -11 -12 -13 13 -15
leaf_value=0.031185424733902341 0.015636169717581225 0.0037076940110260187 0.02110159790939424 0.044809482651068586 0.0157053674968212 -0.036863019760826517 -0.052096753744551451 -0.045662035617524584 -0.0023376840386173845 -0.067068437927341407 -0.064804852825585166 0.018506271062818762 -0.057058374460706343 0.073186325029879706
leaf_weight=15.555638367947907 2.5594552496889875 266.38302218989861 29.849673109998616 7.2036253021988221 6.3205980476985388 8.334850983037283 1.7891478909414207 1.8354850759666295 661.64262862145949 4.2474329122237178 0.84784041753329198 32.977443010819627 3.8761879798464896 0.52440093640430641
leaf_count=17829 169 1807665 1509 779 255 565 155 109 76356 30909 44 237859 73717 2333
internal_value=0.000595276 0.000186144 -0.00169097 0.010259 0.0050878 -0.0141913 0.0135284 0.0172341 -0.00268017 -0.0359707 0.026224 0.00465881 0.0029724 -0.0415376
internal_weight=1043.95 1027.54 723.783 55.3334 48.1298 14.6554 33.4743 31.6852 668.45 6.80689 16.4035 303.761 270.784 4.40059
internal_count=2250253 2232380 110806 3372 2593 820 1773 1618 107434 31078 17873 2121574 1883715 76050
is_linear=0
shrinkage=0.05


Tree=383
num_leaves=15
num_cat=0
split_feature=2 4 32 30 2 4 4 30 24 1 4 16 30 16
split_gain=3.27913 4.91368 2.28409 3.82871 3.98462 3.36716 3.89979 3.2099 2.98545 3.52485 5.35186 4.78908 4.64992 3.29771
threshold=1.0000000180025095e-35 0.024898648262023929 3.4498615264892583 0.3294574916362763 0.28565400838851934 0.001484036445617676 0.0031306147575378422 -0.064447361975908266 1.399136006832123 82.500000000000014 0.0049119889736175546 3.9415346384048466 -0.71000230312347401 3.3842465877532963
decision_type=8 8 10 8 8 8 8 10 10 10 8 8 10 10
left_child=1 -1 -2 4 -4 -6 7 -7 9 10 -8 12 -11 -10
right_child=2 -3 3 -5 5 6 8 -9 13 11 -12 -13 -14 -15
leaf_value=0.015493198476587384 -0.0019802268946081526 -0.064298013656712921 -0.018297250591945743 -0.042819666358058395 -0.023461031615482061 0.050544581503205316 -0.057109064953050681 -0.05350216646225027 -0.078734748069489477 0.094433680265955292 0.023279626605126721 -0.053054208766036129 -0.0030543824873657684 0.10185689669370657
leaf_weight=46.098935017778203 894.69995656992933 2.0137489706431841 11.952004809720624 3.7921380537612768 5.8981205314554455 10.295379918061156 2.2091122144719089 0.79877853926999343 0.30127156305900271 1.3334673833908404 32.973696622197657 4.5545512745851005 14.785951604007256 1.5708031466564731
leaf_count=427735 252013 519684 135929 532157 17868 8758 5439 7159 207 2129 122535 97619 120555 353
internal_value=-0.000592209 0.0121535 -0.00121468 0.00635661 0.00850818 0.0127958 0.015903 0.0430532 0.0106854 0.00860378 0.0182321 -0.00778156 0.00501025 0.0727944
internal_weight=1033.28 48.1127 985.165 90.4653 86.6731 74.7211 68.823 11.0942 57.7289 55.8568 35.1828 20.674 16.1194 1.87207
internal_count=2250140 947419 1302721 1050708 518551 382622 364754 15917 348837 348277 127974 220303 122684 560
is_linear=0
shrinkage=0.05


Tree=384
num_leaves=15
num_cat=0
split_feature=30 32 33 2 33 17 31 2 30 23 30 22 8 8
split_gain=2.83439 2.65455 3.94066 5.86418 5.15307 3.81027 3.05935 5.56107 5.02389 5.16604 4.27299 3.46146 3.26346 4.30448
threshold=-1.9750727415084837 1.0000000180025095e-35 15.500000000000002 0.20868886262178424 8.5000000000000018 3.5114340782165532 3.5174729824066167 0.1174360364675522 -1.4329961538314817 53.500000000000007 -1.0623188614845274 inf 181.50000000000003 170.50000000000003
decision_type=8 8 10 10 10 8 10 8 8 8 10 8 10 10
left_child=-1 2 4 -4 5 -2 8 11 9 -3 -9 -8 13 -10
right_child=1 6 3 -5 -6 -7 7 10 12 -11 -12 -13 -14 -15
leaf_value=0.015740618787382383 -0.055750798188425703 0.045151734130681929 0.015901896340277191 -0.10375743562016788 0.031935759837489773 -0.005440408614796775 -0.051864080707584671 -0.00031833166878627206 0.00067326534411429797 -0.054308081482105343 -0.059313329410940821 0.065435966966822037 0.036688965024292967 -0.076455413008492873
leaf_weight=25.789528419902048 3.8287495890555183 10.771005221242001 1.7621077109745318 2.4440158708707145 9.1725922370253254 220.49984449663663 9.4234030249966096 52.985632966230838 676.04694113529865 1.4856561332956193 3.2580439732942486 0.67390759227611319 6.2758784077099099 1.813813068331682
leaf_count=36063 99 4606 25 272 206 5321 30822 8298 2019043 58509 463 968 44872 40850
internal_value=-0.000625705 -0.0010476 -0.00566114 -0.0536275 -0.00479711 -0.00629909 0.00039022 -0.00986948 0.0013676 0.033096 -0.00373575 -0.0440353 0.000799166 0.000466885
internal_weight=1026.23 1000.44 237.707 4.20612 233.501 224.329 762.734 66.341 696.393 12.2567 56.2437 10.0973 684.137 677.861
internal_count=2250417 2214354 5923 297 5626 5420 2208431 40551 2167880 63115 8761 31790 2104765 2059893
is_linear=0
shrinkage=0.05


Tree=385
num_leaves=15
num_cat=0
split_feature=30 4 16 4 22 32 0 18 24 17 10 28 31 30
split_gain=2.67354 2.95384 6.06206 3.43273 4.1221 2.60792 3.85903 4.27609 5.16385 4.18958 4.05936 3.30744 3.05405 2.62094
threshold=-1.9750727415084837 0.0042211115360260018 4.5163240432739267 0.011275857686996462 0.68421930074691784 3.4498615264892583 0.58837208151817333 0.15902552753686908 1.6612914204597475 5.5194568634033212 0.019321458414196972 3.5000000000000004 -1.2823640704154966 -1.5322763323783872
decision_type=8 8 8 10 8 10 8 10 10 10 8 8 10 8
left_child=1 2 -1 -3 -5 6 7 8 -2 10 -10 12 -7 -14
right_child=5 3 -4 4 -6 11 -8 -9 9 -11 -12 -13 13 -15
leaf_value=0.052694599382754982 -0.065712534797957328 -0.029664728519717916 -0.076435473728706724 -0.060932692516536414 0.029253302140087475 -0.051339413055686192 -0.00097513430884709124 -0.0088221054407211143 -0.11040115068558781 -0.067516891387326847 -0.0088221054407211143 -0.060043928957320296 -0.052794234075573647 0.0096234757418478811
leaf_weight=8.1350284096447805 7.9273316296814142 5.455966248336348 1.023193160611245 1.4427562106708904 10.40123795632141 2.1641997343749741 865.04259176277742 19.767772031099394 1.0935025937649507 3.1764509244695942 9.0628073905116917 1.8438579646907403 1.7086323152823493 107.19277590855948
leaf_count=3017 33413 5660 956 24531 1850 435782 185726 69910 410 1219 2624 62321 55651 1366958
internal_value=-0.000385404 0.0153062 0.0382677 0.00315086 0.0182674 -0.000792841 -0.00168577 -0.0166691 -0.0337552 -0.0147541 -0.00882211 0.00637272 0.00747533 0.00864416
internal_weight=1045.44 26.4582 9.15822 17.3 11.844 1018.98 906.07 41.0279 21.2601 13.3328 10.1563 112.909 111.066 108.901
internal_count=2250028 36014 3973 32041 26381 2214014 293302 107576 37666 4253 3034 1920712 1858391 1422609
is_linear=0
shrinkage=0.05


Tree=386
num_leaves=15
num_cat=0
split_feature=32 17 29 33 4 2 2 11 13 17 24 12 18 31
split_gain=2.23058 7.55923 5.06426 4.03031 3.77354 3.39813 6.71933 4.77025 4.66897 7.99458 5.76297 4.53042 4.63318 4.52405
threshold=1.0000000180025095e-35 5.3589394092559823 4.0631101131439218 10.500000000000002 0.0021094977855682377 1.688286364078522 2.0754336118698125 1.0000000180025095e-35 0.053342817351222045 5.7219483852386483 1.5994083285331728 0.032522473484277732 0.45654369890689855 -0.68914487957954396
decision_type=8 8 10 8 8 10 10 8 10 8 10 10 8 8
left_child=1 3 5 -1 -5 -2 7 11 -9 10 -10 12 -7 -12
right_child=2 -3 -4 4 -6 6 -8 8 9 -11 13 -13 -14 -15
leaf_value=-0.012348849453012827 0.00087729654695741812 0.0034893827220819629 0.012614090015524774 0.030167812516849003 -0.10835934062676006 0.013332633687151849 0.016532256804370361 -0.036141563618779619 -0.084235957607801434 -0.086168942808829946 0.075000835963516269 -0.081163196576922558 -0.079765562900039569 -0.000429311203064016
leaf_weight=114.81294337319541 604.07632423299754 138.27923640595009 83.09913393274087 0.65032628152573524 2.0143062934238856 20.225879324336592 19.028624991239482 33.159465149862349 1.1263591369438364 2.1225323197024304 3.9051390972354056 1.5553997459801561 1.4309497683725414 4.048733731020377
leaf_count=3095 2221851 2862 4656 29 180 5285 2527 5979 437 288 32 637 2232 93
internal_value=-0.000385578 -0.0044337 0.000952446 -0.0137597 -0.0745506 -0.000450626 -0.00971319 -0.0171038 -0.0267133 0.00119383 0.0216152 0.00126151 0.00718128 0.0366049
internal_weight=1029.54 255.757 773.779 117.478 2.66463 690.679 86.6031 67.5745 44.3622 11.2028 9.08023 23.2122 21.6568 7.95387
internal_count=2250183 6166 2244017 3304 209 2239361 17510 14983 6829 850 562 8154 7517 125
is_linear=0
shrinkage=0.05


Tree=387
num_leaves=15
num_cat=0
split_feature=23 24 4 30 16 18 16 10 1 0 30 1 29 4
split_gain=3.18745 4.21631 5.33709 7.88804 6.48313 5.30421 5.04471 4.80808 6.2162 4.63132 4.48314 4.89023 4.7869 4.62829
threshold=11.500000000000002 1.6612914204597475 0.006345391273498536 -0.30696405470371241 3.4498615264892583 0.75680977106094371 3.7954261302948002 0.020383813418447975 111.50000000000001 0.65603026747703563 -1.3013975024223325 4.5000000000000009 2.9576396942138676 0.020770788192749027
decision_type=10 8 10 8 10 10 10 10 8 10 8 10 10 8
left_child=1 2 3 -1 -5 6 10 8 -8 -10 -4 -12 13 -13
right_child=-2 -3 5 4 -6 -7 7 -9 9 -11 11 12 -14 -15
leaf_value=-0.064502066511493816 0.0034520320049076288 -0.0013989387080396804 -0.082605051300461987 -0.068666963390396379 0.016887906138295911 0.058125902013079302 -0.071633429667284462 0.053341768570693608 -0.034931606918109703 0.075319000370786898 0.030026768860337352 -0.031460434283572612 -0.081318131281898076 0.028846942488546096
leaf_weight=11.061859382939341 307.35101482809455 657.59336697064987 1.4700781570740673 2.992856833410662 8.5119055602591498 3.137645906547923 7.7164549992839957 1.3859091208948928 2.6845919290106215 1.476384283984771 12.537138182405892 6.2371447609221624 2.1526160128508982 6.4936717803791799
leaf_count=1724 2137510 101700 950 145 329 915 1584 108 1779 63 614 654 396 1676
internal_value=-0.000815435 -0.00262343 -0.0144896 -0.0343549 -0.0053684 -0.00459161 -0.00925986 -0.0347881 -0.0450715 0.00418716 0.00245984 0.00702036 -0.0123592 -0.000699147
internal_weight=1032.8 725.452 67.8583 22.5666 11.5048 45.2916 42.154 13.2633 11.8774 4.16098 28.8906 27.4206 14.8834 12.7308
internal_count=2250147 112637 10937 2198 474 8739 7824 3534 3426 1842 4290 3340 2726 2330
is_linear=0
shrinkage=0.05


Tree=388
num_leaves=15
num_cat=0
split_feature=33 32 16 26 18 16 18 13 18 8 0 1 15 18
split_gain=3.67098 3.90203 6.12296 2.93623 2.93371 3.7425 3.2639 4.49776 4.11012 4.63723 4.25025 5.90883 5.16967 7.60741
threshold=2.5000000000000004 1.7005987167358401 5.0336952209472665 0.62019231915473949 0.041181316599249847 3.1984648704528813 0.39094327390193945 0.25543478131294256 0.3614740669727326 29.500000000000004 0.70960751175880443 49.500000000000007 inf 0.12031080573797227
decision_type=8 10 10 10 8 8 10 10 10 8 10 8 8 10
left_child=1 -1 -3 4 5 -2 7 8 10 -10 11 12 13 -6
right_child=3 2 -4 -5 6 -7 -8 -9 9 -11 -12 -13 -14 -15
leaf_value=-0.0031090547707170197 0.017889803080265207 -0.093152648639889923 0.078742628557756433 0.018624083867122276 -0.045003813235903425 -0.084574668844829892 0.0089304456317765377 -0.036807257648018593 0.055526252007338406 -0.048288328242720814 0.0090878458694473429 0.0026330958001395169 -0.0016076934211876456 -0.0077445065362963215
leaf_weight=334.37693949347937 37.571684928185377 2.5663604665182898 0.64907642978141655 27.763004464546043 21.475669253482238 0.91280899511083546 114.3950350032261 8.336096216264762 1.2531373840315412 7.5959323293102621 118.93273415419418 269.54040209953888 77.22799710821414 37.834883497611145
leaf_count=8455 81815 233 20 31960 10295 3302 842303 17229 3070 54453 13618 1084142 81938 18132
internal_value=0.000668527 -0.00363619 -0.0584534 0.00267899 0.0020421 0.0154595 0.00125568 -0.00036358 0.000205478 -0.0335869 0.000775049 -0.00165961 -0.0101338 -0.0212357
internal_weight=1060.43 337.592 3.21544 722.839 695.076 38.4845 656.592 542.197 533.861 8.84907 525.012 406.079 136.539 59.3106
internal_count=2250965 8708 253 2242257 2210297 85117 2125180 1282877 1265648 57523 1208125 1194507 110365 28427
is_linear=0
shrinkage=0.05


Tree=389
num_leaves=15
num_cat=0
split_feature=29 33 33 8 8 8 17 1 32 1 7 30 8 4
split_gain=2.23282 4.27002 2.23202 3.02909 2.9062 4.87135 6.44268 3.94741 3.91544 3.80541 4.86138 4.55827 3.88479 3.12403
threshold=0.097525939345359816 235.50000000000003 54.500000000000007 28.500000000000004 64.500000000000014 78.500000000000014 5.7975752353668222 9.5000000000000018 1.2424533367156985 19.500000000000004 10.412783622741701 -0.21482259035110471 92.500000000000014 0.083931684494018569
decision_type=8 10 10 10 10 8 8 8 8 10 10 10 10 8
left_child=-1 2 4 -4 -2 6 13 8 -7 11 -11 12 -9 -6
right_child=1 -3 3 -5 5 7 -8 9 -10 10 -12 -13 -14 -15
leaf_value=0.026607897236839102 -0.0013928328513829816 -0.053054033411523774 0.0084075632236354381 -0.055127118205474071 0.051870487287530666 -0.0050367212212036137 -0.073265951049553801 -0.11325785958364812 -0.072842519173311374 -0.065341386078893962 0.01307496224149474 -0.052408687071179141 0.058731878891916792 -0.08785267099683923
leaf_weight=7.9078452205287526 865.80555435051656 3.7875219040774928 98.839157241627049 1.9122843789886008 11.889946419695811 23.341189468534026 1.220613561449311 0.3412216466234711 2.3427482936688007 2.3605427833512467 12.146856508717251 1.1763780430036703 8.6860759357705994 0.41398342645960973
leaf_count=885008 271208 270123 733221 55215 2648 1086 791 1904 1689 2686 7357 1946 13116 821
internal_value=0.000140357 -6.201e-05 0.000132762 0.00720166 -0.000633272 0.00965516 0.0362998 0.00250451 -0.0112216 0.016771 0.000315601 0.040167 0.0522309 0.0471693
internal_weight=1042.17 1034.26 1030.48 100.751 929.725 63.9196 13.5245 50.395 25.6839 24.7111 14.5074 10.2037 9.0273 12.3039
internal_count=2248819 1363811 1093688 788436 305252 34044 4260 29784 2775 27009 10043 16966 15020 3469
is_linear=0
shrinkage=0.05


Tree=390
num_leaves=15
num_cat=0
split_feature=32 17 17 27 9 4 25 24 22 31 29 0 31 9
split_gain=2.93491 5.36998 4.40324 3.89681 4.19314 4.13385 4.90017 4.71901 4.56718 4.21211 3.43714 3.4676 3.53691 4.92176
threshold=1.0000000180025095e-35 5.3589394092559823 5.3302974700927743 4.3521587848663339 0.90752768516540538 0.02630296349525452 1.5000000000000002 2.3125263452529912 0.68421930074691784 2.1088203191757207 4.0631101131439218 0.60507187247276317 0.50850313901901256 0.37232486903667456
decision_type=8 8 8 10 10 8 10 8 8 8 10 10 10 10
left_child=1 2 3 5 -5 7 -7 -1 -9 -10 -2 -12 13 -13
right_child=10 -3 -4 4 -6 6 -8 8 9 -11 11 12 -14 -15
leaf_value=-0.038238496738626324 0.00042725462200299941 0.002237363294015774 -0.074049288215878334 0.027046431861076137 -0.030989797296852292 0.0048080894711599736 -0.075625901341901308 -0.066152890204935033 -0.016634899400906438 0.01856243024284724 -0.047105689373692722 -0.011997862130956678 0.02712677266743161 0.018611147566489621
leaf_weight=25.491716072959179 698.98251236708586 139.18009981415702 2.7989699933186776 12.112851941905776 4.1884903373811531 32.4031278257346 2.011048094049328 3.5181609627688895 30.630363335567381 11.764801543089531 2.4824493377050905 23.242619633683532 28.427304281401206 30.19323265591018
leaf_count=678 2239665 2843 74 324 482 991 39 75 563 119 500 1748 1039 1371
internal_value=4.0975e-05 -0.00451723 -0.0120429 -0.0106217 0.0121345 -0.0141273 0.000107799 -0.020988 -0.0114103 -0.00686752 0.00157778 0.0111123 0.0128777 0.00529736
internal_weight=1047.43 264.1 124.92 122.121 16.3013 105.819 34.4142 71.405 45.9133 42.3952 783.328 84.3456 81.8632 53.4359
internal_count=2250511 6188 3345 3271 806 2465 1030 1435 757 682 2244323 4658 4158 3119
is_linear=0
shrinkage=0.05


Tree=391
num_leaves=15
num_cat=0
split_feature=33 22 29 11 3 32 22 15 17 16 7 30 30 4
split_gain=3.14168 4.91665 4.38122 4.0127 5.34113 3.93407 3.45473 2.73271 3.57459 2.86581 2.55383 2.48096 8.94501 5.21914
threshold=2.5000000000000004 0.68421930074691784 3.4348374605178837 0.6904762089252473 0.1456427872180939 1.2424533367156985 0.60673630237579357 1.0000000180025095e-35 5.3683068752288827 1.7005987167358401 37.03813552856446 0.17829409241676333 0.27953480184078222 0.058678865432739265
decision_type=8 10 10 10 8 8 8 10 10 10 10 10 10 8
left_child=1 5 3 -2 -5 7 -4 9 -9 -1 -7 -3 -13 -14
right_child=2 11 6 4 -6 10 -8 8 -10 -11 -12 12 13 -15
leaf_value=-0.078763998148668857 0.00071994205817123638 -0.0034346108615754705 -0.034884964718275208 -0.075656678960092427 0.040012145378465661 -0.089999010132607832 0.012161239764616477 -0.081290164415259505 -0.01462333705907645 -0.0098730762715798694 -0.0098730762715798694 0.039613900873534405 -0.0098730762715798694 0.046685874432507685
leaf_weight=1.5274979277719243 584.78797399770724 230.73497730569511 4.0322608840162939 3.6603917012162377 1.3721451494946872 2.9447184934233941 120.94221238275975 3.2473259884345662 5.2799874952859227 34.478103565801554 0.74416106312219188 16.068712255431819 30.375601403713517 4.2843456458595019
leaf_count=91 2218606 5172 3324 4307 8066 356 6944 61 164 1762 22 241 424 341
internal_value=0.000276905 -0.00376087 0.00213925 0.000337362 -0.044119 -0.0185126 0.0106433 -0.0144023 -0.040011 -0.00987308 -0.0681333 -0.00123352 0.00877797 -0.00551789
internal_weight=1044.48 329.685 714.795 589.821 5.03254 48.2218 124.974 44.5329 8.52731 36.0056 3.68888 281.464 50.7287 34.6599
internal_count=2249881 8634 2241247 2230979 12373 2456 10268 2078 225 1853 378 6178 1006 765
is_linear=0
shrinkage=0.05


Tree=392
num_leaves=15
num_cat=0
split_feature=32 1 17 4 30 15 33 16 1 26 1 18 18 30
split_gain=2.31012 4.22251 3.77998 5.84579 2.86192 4.8287 6.76728 4.49848 3.74666 5.40893 5.93842 4.79979 2.81093 2.80212
threshold=1.0000000180025095e-35 271.50000000000006 5.3589394092559823 0.027163028717041019 -0.58297881484031666 inf 2.5000000000000004 4.3107767105102548 6.5000000000000009 0.43167701363563543 35.500000000000007 0.42904315888881689 0.47323265671730047 -0.71000230312347401
decision_type=8 10 8 8 10 8 10 10 8 8 10 8 10 8
left_child=2 13 3 4 7 12 -7 8 11 10 -10 -1 -6 -2
right_child=1 -3 -4 -5 5 6 -8 -9 9 -11 -12 -13 -14 -15
leaf_value=0.016029902598628736 0.0063837137250893116 -0.063487934190692513 0.002257382823292116 0.0067473267500650844 -0.047355159095351443 -0.028536630106176138 0.034826156625059709 0.026731350579933956 -0.077804607900148495 -0.0011047220413925478 -0.0078329028832848282 -0.05325102922366079 -0.1227094313298069 8.317141749075313e-05
leaf_weight=13.143305050165511 266.68213817421065 2.4529978339661502 137.87231947556165 37.118824974741301 6.0493440306336197 26.18663057701011 5.0220582249918087 7.5272133671678594 7.7029474483570102 10.002896100922952 5.0008218147559091 3.0871785985655142 1.5558899177281089 521.677193919145
leaf_count=325 489064 34110 2832 1594 171 463 266 107 81 106 58 65 83 1721022
internal_value=0.00066593 0.00201069 -0.00342003 -0.00981526 -0.0170244 -0.0270462 -0.0183404 -0.00865272 -0.0154931 -0.028606 -0.0502603 0.00285207 -0.0627712 0.00221449
internal_weight=1051.08 790.812 260.269 122.397 85.2783 38.8139 31.2087 46.4644 38.9371 22.7067 12.7038 16.2305 7.60523 788.359
internal_count=2250347 2244196 6151 3319 1725 983 729 742 635 245 139 390 254 2210086
is_linear=0
shrinkage=0.05


Tree=393
num_leaves=15
num_cat=0
split_feature=32 32 4 25 18 4 18 24 17 23 33 3 18 3
split_gain=1.81303 3.36415 4.887 4.14826 4.83442 4.44567 4.28957 3.87794 4.33076 3.70736 3.56257 4.19313 3.43066 4.27989
threshold=2.4414010047912602 2.6020033359527592 0.0053000152111053475 1.5000000000000002 0.13535632938146594 0.037465095520019538 0.20988876372575763 1.399136006832123 4.9015574455261239 541.50000000000011 18.500000000000004 0.11979523301124574 0.049741558730602271 0.15369671583175662
decision_type=10 8 8 8 8 10 10 8 10 10 10 8 10 8
left_child=-1 2 7 5 -5 6 -4 -2 -9 -6 -8 -12 13 -3
right_child=1 12 3 4 9 -7 10 8 -10 -11 11 -13 -14 -15
leaf_value=-0.00097705400738837332 -0.047941004732095192 0.023924458310778537 -0.072494261762430803 0.058482468905021248 -0.063487385083918282 0.05680635252003241 -0.049264214801889472 -0.064417881297988602 0.054089674529501669 0.1035165257441836 0.11410639272601811 -0.06490013085559164 -0.00064783270161212505 -0.042502061874217845
leaf_weight=799.85443111856569 1.1634838422928275 26.297612304966211 4.1442964433059117 4.5367331642992275 1.7698659509253678 1.4409112465439289 1.4921410432113655 0.81930125948885191 13.056107112329988 0.40913778667390976 1.0661138760913089 0.47197446195181236 193.89815910791395 2.6711810382863623
leaf_count=151525 1027 42627 2028 758 2498 4866 859 419 765 306 851 691 1906905 134194
internal_value=0.000190286 0.00387735 0.0194888 -0.000376164 0.0290821 -0.0233389 -0.039435 0.0397399 0.0470922 -0.0321301 0.00577846 0.0591768 0.00174998 0.0177993
internal_weight=1053.09 253.237 30.3701 15.3312 6.71574 8.61544 7.17453 15.0389 13.8754 2.179 3.03023 1.53809 222.867 28.9688
internal_count=2250319 2098794 15068 12857 3562 9295 4429 2211 1184 2804 2401 1542 2083726 176821
is_linear=0
shrinkage=0.05


Tree=394
num_leaves=15
num_cat=0
split_feature=23 24 1 30 4 31 1 17 29 30 4 17 30 17
split_gain=2.29799 5.43415 4.80295 4.26043 3.33213 3.22478 3.09128 5.80425 6.52552 5.11662 4.27417 4.074 4.39956 3.44962
threshold=11.500000000000002 1.5027571320533755 9.5000000000000018 -0.0094845276325941068 0.0023774206638336186 -2.7217658758163448 4.5000000000000009 5.8507635593414316 2.6978409290313725 -0.15292856097221372 0.0015877783298492434 5.7021131515502939 -0.0094845276325941068 6.4512596130371103
decision_type=10 8 10 8 10 8 8 8 10 8 10 10 10 10
left_child=1 2 3 4 -1 -3 7 11 -9 -8 -11 12 -2 -10
right_child=6 5 -4 -5 -6 -7 9 8 13 10 -12 -13 -14 -15
leaf_value=-0.081281463034001133 0.068905671844080696 -0.077011909568752576 -0.076270738839355021 -0.090924339997025483 0.045176042479817588 -0.00089876971781634716 0.0059693754031684637 0.038609987092891651 -0.07937261023867706 -0.044749394533209724 -0.0053625058397077201 0.050386030341427801 0.0050731633594805628 0.063704398214725913
leaf_weight=0.63438314243549632 3.093745758578005 1.3942869495814747 4.5459884352442641 1.0785295252985627 2.9125854919337608 727.83644962683309 193.56158034828528 2.4652290574296378 3.8035261535802718 7.6522259843065816 68.961705899424473 10.582593664659735 21.176925364363999 0.4737545828228632
leaf_count=120 262 5454 1252 183 743 105209 879157 1007 849 98402 1151888 717 5872 89
internal_value=-5.53709e-06 -0.00152533 -0.0397727 -0.00390209 0.0225588 -0.0010443 0.00359396 0.0162827 -0.0261821 0.00164042 -0.00929648 0.0244977 0.0132098 -0.0635253
internal_weight=1050.17 738.402 9.17149 4.6255 3.54697 729.231 311.771 41.5958 6.74251 270.176 76.6139 34.8533 24.2707 4.27728
internal_count=2251204 112961 2298 1046 863 110663 2138243 8796 1945 2129447 1250290 6851 6134 938
is_linear=0
shrinkage=0.05


Tree=395
num_leaves=15
num_cat=0
split_feature=7 18 23 9 27 10 8 32 18 31 9 9 2 16
split_gain=1.72064 3.38183 3.36988 2.79665 1.99697 1.81633 1.74825 1.70616 1.62539 3.95014 3.30279 4.77185 4.11194 3.1986
threshold=11.792078018188478 1.7414799928665163 17.500000000000004 0.093861632049083724 8.1523737907409686 0.003960411762818695 93.500000000000014 7.2657792568206796 0.24638725072145465 1.2666260004043581 0.58136427402496349 0.25169883668422705 1.0361422300338747 3.113268375396729
decision_type=8 10 8 8 10 8 8 10 10 8 8 10 10 8
left_child=1 2 4 6 -1 -5 -2 -4 10 -10 11 -7 13 -12
right_child=3 -3 7 5 -6 8 -8 -9 9 -11 12 -13 -14 -15
leaf_value=-0.0050094237887385352 0.097429614446521068 -0.069272116144829698 -0.068685419998879796 0.10693493549995006 -0.092662325426165537 -0.0050094237887385352 -0.0050094237887385352 -0.0050094237887385352 0.0084305142048830498 -0.0023321774423564934 -0.0038952954659494058 0.019300830500531278 -0.0050094237887385352 0.0077592379655165968
leaf_weight=25.78181752202498 1.1931154435666091 2.3019196711245788 3.1441173840259213 0.40251200304255652 0.73771485179989227 9.1168108195536686 0.12530553483083462 0.49554577044347414 186.02435291574227 157.37820980518984 96.358456015034307 43.88254129018253 369.635965538976 151.33109464744345
leaf_count=2488 3918 45603 74437 5702 36 91497 8287 75175 792861 259895 252336 151079 99506 387466
internal_value=0.000475367 -0.0108565 -0.00639785 0.000837614 -0.00500942 0.000743004 0.0736123 -0.0532864 0.000700839 0.00349807 -0.000732164 0.011246 -0.00176053 0.00322528
internal_weight=1047.91 32.4611 30.1592 1015.45 26.5195 1014.13 1.31842 3.63966 1013.73 343.403 670.325 52.9994 617.326 247.69
internal_count=2250286 197739 152136 2052547 2524 2040342 12205 149612 2034640 1052756 981884 242576 739308 639802
is_linear=0
shrinkage=0.05


Tree=396
num_leaves=15
num_cat=0
split_feature=31 14 18 16 16 3 31 16 26 7 23 23 30 31
split_gain=3.73115 4.58494 4.55877 4.15736 4.46352 4.13492 3.75786 4.58383 4.52564 5.98352 3.61152 3.46538 3.81631 3.11304
threshold=-1.6694897413253782 inf 0.036599317565560348 4.2555875778198251 3.9607677459716801 1.0000000180025095e-35 -1.3984320759773252 3.5408543348312382 0.46410256624221807 48.533809661865241 9.5000000000000018 21.500000000000004 0.63714101910591137 -1.7665244340896604
decision_type=8 8 10 10 10 10 8 8 8 10 8 8 8 8
left_child=1 2 5 4 -4 -1 7 -2 9 -9 -10 -3 -13 -5
right_child=6 11 3 13 -6 -7 -8 8 10 -11 -12 12 -14 -15
leaf_value=-0.048197591869619971 -0.075795069360555842 0.074518754571543888 -0.001448482721817784 0.028250589750800637 -0.064491802139896623 0.067178284993827136 0.00027722010218844527 -0.072152418002137189 0.060620685386936872 0.063847975974049342 -0.065774424903894207 0.051551007477547643 -0.062477249230958869 -0.08818183801942199
leaf_weight=0.9208985768955581 3.5388008047353163 4.8135765224935705 32.441703312779794 15.277289248912012 3.07362909795902 4.9546779101257821 973.91109270585946 3.4769854635950703 2.8012428883494072 1.0538914102837504 0.70799875197858231 1.8590469861186951 1.2122429805155213 0.59650018688777784
leaf_count=279 23199 158 151678 123151 46037 18076 1749051 38768 23 1617 13218 2985 74054 8463
internal_value=0.000706678 0.0122954 0.00737345 0.00260321 -0.00690449 0.049095 -5.94374e-05 -0.0283759 -0.00750474 -0.0405184 0.0351201 0.0480414 0.00654388 0.0238753
internal_weight=1050.64 65.1496 57.2647 51.3891 35.5153 5.87558 985.49 11.5789 8.04012 4.53088 3.50924 7.88487 3.07129 15.8738
internal_count=2250757 424881 347684 329329 197715 18355 1825876 76825 53626 40385 13241 77197 77039 131614
is_linear=0
shrinkage=0.05


Tree=397
num_leaves=15
num_cat=0
split_feature=27 25 30 10 7 9 10 22 9 9 29 16 29 9
split_gain=1.99169 3.95446 4.2625 3.17344 2.51635 2.41178 2.31299 5.45073 3.69752 3.63335 3.32947 3.65556 3.57654 3.24268
threshold=2.9892170429229741 1.5000000000000002 0.12953549623489383 0.011111282743513586 4.2089245319366464 0.093861632049083724 0.018470021896064285 0.62419196963310253 0.39695686101913458 0.61588251590728771 0.097525939345359816 5.9348907470703134 0.69829478859901439 0.29855071008205419
decision_type=10 10 10 8 8 8 10 8 8 8 8 10 8 8
left_child=1 4 -3 -2 -1 -6 8 -8 -7 -10 -11 12 -12 -9
right_child=3 2 -4 -5 5 6 7 13 9 10 11 -13 -14 -15
leaf_value=-0.080759876848854426 0.067414268743193353 -0.064343627583696938 0.039784378923049479 0.0047941154915791253 0.10595576758435882 0.020465836688835115 -0.040696487799189586 -0.022320539696822517 -0.040696487799189586 0.034632694731492088 -0.040696487799189586 -0.040696487799189586 0.0002119948190222465 -0.00043776206085119638
leaf_weight=0.98088427093093633 2.0585412181941392 4.5829698631301277 1.2511056757329608 117.89027725337041 0.53039999552581374 22.063003795911559 10.016721434148424 15.793680468069743 4.3251336163026064 6.864586849210097 5.2967172887324763 4.587820137843436 755.17849710857479 95.19608915621879
leaf_count=11956 43391 17781 13548 115373 22145 490999 22417 1110 163392 219832 286883 12689 823044 5525
internal_value=-0.0001937 -0.000978435 -0.0420136 0.00586879 -0.000718451 -0.000633099 -0.000694595 -0.00713638 0.000281833 -0.000291845 -3.38588e-05 -0.000344907 -7.51833e-05 -0.00394459
internal_weight=1046.62 926.668 5.83408 119.949 920.834 919.853 919.322 121.006 798.316 776.253 771.928 765.063 760.475 110.99
internal_count=2250085 2091321 31329 158764 2059992 2048036 2025891 29052 1996839 1505840 1342448 1122616 1109927 6635
is_linear=0
shrinkage=0.05


Tree=398
num_leaves=15
num_cat=0
split_feature=23 31 3 31 31 18 16 18 2 30 18 26 18 26
split_gain=2.89827 4.18688 7.19032 3.6359 5.86838 4.77265 4.02954 7.1638 8.68302 5.38341 4.23087 3.71325 4.12593 3.63471
threshold=11.500000000000002 -1.7989253997802732 0.057563573122024543 0.16473867744207385 0.20836047828197482 0.031605953350663192 4.1510088443756112 0.44523048400878912 1.8220039606094363 0.0094841476529836672 0.68834188580513012 0.28869047760963445 0.25170846283435827 0.17914438992738727
decision_type=10 8 8 10 8 8 10 8 10 10 10 8 10 10
left_child=1 2 13 5 -5 -3 10 8 -8 -9 -7 -10 -13 -1
right_child=-2 3 -4 4 -6 6 7 9 11 -11 -12 12 -14 -15
leaf_value=-0.077311773431385622 0.003538647646655842 -0.061731877538314772 0.05253545279835125 -0.086286698147689633 -0.0038881719718530366 0.0090378629361386239 -0.063248780060576659 0.026856199703531702 -0.023859519215362397 -0.017792692549416601 -0.050803147249128593 -0.028197447699675044 0.044911769885092628 6.1950817964746271e-05
leaf_weight=5.6280727902630892 312.0036080214436 2.7846215833365493 1.8834389245942862 2.1705634169441046 481.61365226107392 168.92791778114821 9.6844323676499773 18.462671485584323 11.806953946003405 10.642807132037079 3.0063026521498548 2.9596989877122706 5.5460144575231425 2.0783328994148178
leaf_count=820 2136639 599 10715 1021 64726 19001 4003 2394 551 7738 899 84 175 85
internal_value=-0.000492569 -0.00222216 -0.0350413 -0.00178358 -0.00425786 0.00333579 0.00412003 -0.00714247 -0.0242894 0.0105297 0.00799153 -0.0057148 0.0194722 -0.0564449
internal_weight=1039.2 727.195 9.58984 717.606 483.784 233.821 231.037 59.1026 29.9971 29.1055 171.934 20.3127 8.50571 7.70641
internal_count=2249450 112811 11620 101191 65747 35444 34845 14945 4813 10132 19900 810 259 905
is_linear=0
shrinkage=0.05


Tree=399
num_leaves=15
num_cat=0
split_feature=30 7 18 31 22 31 4 31 4 16 18 4 8 31
split_gain=2.571 4.05447 5.98255 4.1099 3.56938 2.87715 5.80262 2.70846 2.86514 5.80525 4.8354 3.96381 3.89036 2.85296
threshold=-0.71000230312347401 12.763897418975832 1.7414799928665163 1.3906612396240237 0.19239407777786258 2.512404322624207 0.014331191778182985 1.6873462796211245 0.016927123069763187 3.113268375396729 1.127419710159302 0.00051006674766540538 1.5000000000000002 1.0000000180025095e-35
decision_type=10 8 8 10 10 8 8 8 8 8 8 10 8 10
left_child=7 2 4 -3 -2 -5 -7 8 10 -10 11 13 -13 -1
right_child=1 3 -4 5 -6 6 -8 -9 9 -11 -12 12 -14 -15
leaf_value=0.038230774634976081 -0.089842550563381363 0.00093005460079109746 -0.093862782666942146 -0.011567458247042472 -0.011567458247042472 -0.011567458247042472 0.039094500124297847 0.0016367928065495773 -0.0314927244848454 0.016465467994980856 -0.047932927777515462 -0.035580974975779674 0.033705978363454812 -0.088549027045075543
leaf_weight=0.68524616818756356 1.4652132204329671 501.67887292060391 2.5890367365642843 79.44133836026225 18.98968784628639 7.6668960798442347 8.5068701733498262 360.62699747683939 9.4951715744306924 18.811211692616432 2.3765543607537856 2.1580643696514299 33.091596157937261 1.2591202741778422
leaf_count=18 26383 1425451 47222 72592 112560 152 232 454198 14014 58599 6417 110 30188 1452
internal_value=0.000382846 -0.0016746 -0.0222543 -0.000880627 -0.0131906 -0.010381 0.00971743 0.00336138 0.012524 0.000378239 0.0212124 0.0256305 0.0294641 -0.0438685
internal_weight=1048.84 620.338 23.0439 597.294 20.4549 95.6151 16.1738 428.504 67.877 28.3064 39.5706 37.194 35.2497 1.94437
internal_count=2249588 1684592 186165 1498427 138943 72976 384 564996 110798 72613 38185 31768 30298 1470
is_linear=0
shrinkage=0.05


end of trees

feature_importances:
len_ratio=442
log_doc_tokens=359
q_margin=357
gap_top1=348
mix_zdiff=347
mix_lograt=324
mix_poolrank=304
cos2=293
mix_zsum=264
log_q_tokens=238
mix_logmin=234
z_cos2=226
rank_dense=206
rank_dense2=193
symbol_idf=157
z_cos=153
rank_lex=150
cos=149
numeric_literal_overlap=107
rrf_prior=97
symbol_coverage=96
bm25_norm=92
tc_loop_expected=86
const_jaccard=82
bm25=81
io_shape_compat=67
n_channels=57
out_literal_recall=39
symbol_hits=38
dup_cluster_size=13
parse_ok=1

parameters:
[boosting: gbdt]
[objective: lambdarank]
[metric: ndcg]
[tree_learner: serial]
[device_type: cpu]
[data_sample_strategy: bagging]
[data: ]
[valid: ]
[num_iterations: 400]
[learning_rate: 0.05]
[num_leaves: 15]
[num_threads: 0]
[seed: 0]
[deterministic: 1]
[force_col_wise: 0]
[force_row_wise: 1]
[histogram_pool_size: -1]
[max_depth: -1]
[min_data_in_leaf: 50]
[min_sum_hessian_in_leaf: 0.001]
[bagging_fraction: 0.9]
[pos_bagging_fraction: 1]
[neg_bagging_fraction: 1]
[bagging_freq: 1]
[bagging_seed: 7719]
[bagging_by_query: 0]
[feature_fraction: 0.8]
[feature_fraction_bynode: 1]
[feature_fraction_seed: 2437]
[extra_trees: 0]
[extra_seed: 11797]
[early_stopping_round: 0]
[early_stopping_min_delta: 0]
[first_metric_only: 0]
[max_delta_step: 0]
[lambda_l1: 0]
[lambda_l2: 0]
[linear_lambda: 0]
[min_gain_to_split: 0]
[drop_rate: 0.1]
[max_drop: 50]
[skip_drop: 0.5]
[xgboost_dart_mode: 0]
[uniform_drop: 0]
[drop_seed: 21238]
[top_rate: 0.2]
[other_rate: 0.1]
[min_data_per_group: 100]
[max_cat_threshold: 32]
[cat_l2: 10]
[cat_smooth: 10]
[max_cat_to_onehot: 4]
[top_k: 20]
[monotone_constraints: 1,0,0,0,0,0,0,1,0,0,0,0,0,0,0,0,0,0,0,0,0,0,1,0,0,0,0,0,0,0,0,0,0,0]
[monotone_constraints_method: basic]
[monotone_penalty: 0]
[feature_contri: ]
[forcedsplits_filename: ]
[refit_decay_rate: 0.9]
[cegb_tradeoff: 1]
[cegb_penalty_split: 0]
[cegb_penalty_feature_lazy: ]
[cegb_penalty_feature_coupled: ]
[path_smooth: 0]
[interaction_constraints: ]
[verbosity: -1]
[saved_feature_importance_type: 0]
[use_quantized_grad: 0]
[num_grad_quant_bins: 4]
[quant_train_renew_leaf: 0]
[stochastic_rounding: 1]
[linear_tree: 0]
[max_bin: 255]
[max_bin_by_feature: ]
[min_data_in_bin: 3]
[bin_construct_sample_cnt: 200000]
[data_random_seed: 38]
[is_enable_sparse: 1]
[enable_bundle: 1]
[use_missing: 1]
[zero_as_missing: 0]
[feature_pre_filter: 1]
[pre_partition: 0]
[two_round: 0]
[header: 0]
[label_column: ]
[weight_column: ]
[group_column: ]
[ignore_column: ]
[categorical_feature: ]
[forcedbins_filename: ]
[precise_float_parser: 0]
[parser_config_file: ]
[objective_seed: 8855]
[num_class: 1]
[is_unbalance: 0]
[scale_pos_weight: 1]
[sigmoid: 1]
[boost_from_average: 1]
[reg_sqrt: 0]
[alpha: 0.9]
[fair_c: 1]
[poisson_max_delta_step: 0.7]
[tweedie_variance_power: 1.5]
[lambdarank_truncation_level: 20]
[lambdarank_norm: 1]
[label_gain: ]
[lambdarank_position_bias_regularization: 0]
[eval_at: 10]
[multi_error_top_k: 1]
[auc_mu_weights: ]
[num_machines: 1]
[local_listen_port: 12400]
[time_out: 120]
[machine_list_filename: ]
[machines: ]
[gpu_platform_id: -1]
[gpu_device_id: -1]
[gpu_device_id_list: ]
[gpu_use_dp: 0]
[num_gpu: 1]

end of parameters

pandas_categorical:null
